id,title,description_snippet,source_name,published_at,query_player,primary_label,secondary_labels,confidence_score,confidence_note,detected_players,is_lotte_related,event_summary,key_players,lotte_stance,player_stance,game_ref,game_context
1,"고리원자력본부-롯데자이언츠, 지역상생 '사회공헌 협약' 체결",한국수력원자력 고리원자력본부가 부산 연고의 프로야구단 롯데자이언츠와 손잡고 지역사회를 위한 사회공헌 활동에 나섭니다. 고리원자력본부는 어제(29일) 오후 부산 동래구 사직야구장에서 롯데자이언츠와 '지역...,news.bbsi.co.kr,2026-04-30T12:40:00,,CLUB_OPERATION,,0.9,,,True,롯데자이언츠가 고리원자력본부와 사회공헌 협약을 체결했습니다.,,positive,,False,"롯데 vs 키움 (홈) 5-6 패 | 결승타: 오선진(11회) | 홈런: 안치홍2호, 임병욱1호, 박승욱1호 | 타자 키플레이어: 박승욱(롯데), 장두성(롯데), 레이예스(롯데) | 투수 키플레이어: 박진형(키움), 정철원(롯데), 유토(키움)"
2,모두가 자신의 마무리투수 문제와 싸우고 있다...지금 KBO리그는 '모자무...,"롯데 자이언츠 김원중도 마무리에서 내려왔다. 통산 164세이브, 구단 역사상 최초 개인 100세이브를 쌓은 롯데의 상징이지만, 오프시즌 교통사고 후유증으로 몸 만들기가 늦어졌다. 개막전 9회를 끝내지 못하고 내려온...",www.spochoo.com,2026-04-30T12:32:00,,PERFORMANCE_ANALYSIS,INJURY_ROSTER,0.9,,,True,김원중이 마무리투수에서 내려오며 롯데의 고민이 깊어졌습니다.,김원중,negative,,True,"롯데 vs 키움 (홈) 5-6 패 | 결승타: 오선진(11회) | 홈런: 안치홍2호, 임병욱1호, 박승욱1호 | 타자 키플레이어: 박승욱(롯데), 장두성(롯데), 레이예스(롯데) | 투수 키플레이어: 박진형(키움), 정철원(롯데), 유토(키움)"
3,[IS 피플] 다이렉트 홈 보살에 데뷔 첫 3안타까지…통통 튀는 '호랑이 리...,"지난 26일 광주 롯데 자이언츠전에서 데뷔 첫 1군 홈런을 때려낸 뒤 맞이한 창원 원정에서 공수 고른 활약으로 눈도장을 찍었다. 이범호 감독은 지난 28일 경기에 앞서 ""아무래도 (박재현이) 1번에서 활발하게 움직여...",isplus.com,2026-04-30T12:30:00,,MATCH_RELATED,PERFORMANCE_ANALYSIS,0.9,,,True,롯데가 키움과의 경기에서 아쉽게 패배했습니다.,박승욱,negative,,True,"롯데 vs 키움 (홈) 5-6 패 | 결승타: 오선진(11회) | 홈런: 안치홍2호, 임병욱1호, 박승욱1호 | 타자 키플레이어: 박승욱(롯데), 장두성(롯데), 레이예스(롯데) | 투수 키플레이어: 박진형(키움), 정철원(롯데), 유토(키움)"
4,"""제 기록 상관없다, 팀만 이기게 해달라"" 자신을 버리고 '득점권 타율 0...","롯데 자이언츠에서 프로 생활을 시작한 오태곤은 두 번의 트레이드를 통해 KT 위즈로, 다시 SK 와이번스로 이적했다. 2022년 우승을 경험한 오태곤은 시즌 종료 후 4년 최대 18억원에 FA 계약을 맺었다. 올 시즌은 계약 마지막...",www.starnewskorea.com,2026-04-30T12:17:00,,TRANSACTION_CONTRACT,,1.0,,,True,오태곤은 팀 승리를 위해 개인 기록을 포기하겠다고 밝혔습니다.,오태곤,neutral,,True,"롯데 vs 키움 (홈) 5-6 패 | 결승타: 오선진(11회) | 홈런: 안치홍2호, 임병욱1호, 박승욱1호 | 타자 키플레이어: 박승욱(롯데), 장두성(롯데), 레이예스(롯데) | 투수 키플레이어: 박진형(키움), 정철원(롯데), 유토(키움)"
5,"'류현진 이어 2위' 대만 특급, ERA 2.45에도 만족 모른다 ""더 좋아지려고...","시범경기까지 포함하면 왕옌청은 KT 위즈, 롯데 자이언츠를 제외한 나머지 팀들과 최소 한 차례씩 만났다. 그만큼 상대 타자들이 어느 정도 자신의 공을 파악했고 빈틈을 노릴 것이라는 걸 알고 있다. 왕옌청은...",www.xportsnews.com,2026-04-30T12:15:00,,ETC,,0.9,,,True,왕옌청이 롯데를 제외한 팀들과의 경기를 통해 발전을 다짐했습니다.,,neutral,,False,"롯데 vs 키움 (홈) 5-6 패 | 결승타: 오선진(11회) | 홈런: 안치홍2호, 임병욱1호, 박승욱1호 | 타자 키플레이어: 박승욱(롯데), 장두성(롯데), 레이예스(롯데) | 투수 키플레이어: 박진형(키움), 정철원(롯데), 유토(키움)"
6,"원투펀치 등판일인데, 승률이 5할도 안 된다고? '최하위' 롯데의 민낯, ...","그러나 롯데 자이언츠는 외국인 1, 2선발이 나오는 날도 승리가 보장되지 않는다. 선발투수의 탓이라고 보기도 어렵다. 롯데는 29일 부산 사직야구장에서 열린 키움 히어로즈와 2026 신한 SOL Bank KBO 리그 정규시즌...",www.xportsnews.com,2026-04-30T12:13:00,,MATCH_RELATED,PERFORMANCE_ANALYSIS,0.9,,,True,롯데는 외국인 선발 투수의 날에도 승리를 보장받지 못했습니다.,,negative,,True,"롯데 vs 키움 (홈) 5-6 패 | 결승타: 오선진(11회) | 홈런: 안치홍2호, 임병욱1호, 박승욱1호 | 타자 키플레이어: 박승욱(롯데), 장두성(롯데), 레이예스(롯데) | 투수 키플레이어: 박진형(키움), 정철원(롯데), 유토(키움)"
7,"""마차도가 빙의했나. 이런 유격수 얼마만인지 모르겠다""... 롯데 팬 소름...","이는 KBO 리그 10개 구단 모두가 바라는 이상향이자, 특히 롯데 자이언츠 팬들에게는 오랜 기간 닿을 수 없었던 신기루와도 같은 꿈이었다. 매년 유격수 때문에 힘들어했다. 신인드래프트때만 되면 유망한 내야수들은...",www.fnnews.com,2026-04-30T12:01:00,,ETC,,0.9,,,True,롯데 팬들은 유격수의 활약에 큰 기대를 걸고 있습니다.,,positive,,False,"롯데 vs 키움 (홈) 5-6 패 | 결승타: 오선진(11회) | 홈런: 안치홍2호, 임병욱1호, 박승욱1호 | 타자 키플레이어: 박승욱(롯데), 장두성(롯데), 레이예스(롯데) | 투수 키플레이어: 박진형(키움), 정철원(롯데), 유토(키움)"
8,"충북 프로야구 2군 창단 민간 추진위 ""올해 창단 목표""","지난해부터 퓨처스리그 2군 창단을 진행해온 민간 추진위는 ""청주 사직구장을 경기장으로 쓸 수 있고 수요도 많다""며 ""울산처럼 올해 창단을 목표로 활동할 것""이라고 말했습니다. 추진위는 프로야구 레전드인 김재박...",news.mbccb.co.kr,2026-04-30T11:58:00,,ETC,,0.9,,,False,충북에서 프로야구 2군 창단을 목표로 활동하고 있습니다.,,,,False,"롯데 vs 키움 (홈) 5-6 패 | 결승타: 오선진(11회) | 홈런: 안치홍2호, 임병욱1호, 박승욱1호 | 타자 키플레이어: 박승욱(롯데), 장두성(롯데), 레이예스(롯데) | 투수 키플레이어: 박진형(키움), 정철원(롯데), 유토(키움)"
9,"초대박! '215홈런' 거포가 한국에 온다...""KIA와 계약 체결"" 美 저명기자...","카스트로 지난 25일 롯데 자이언츠전에서 수비 도중 왼쪽 햄스트링 부상 1군 엔트리에서 말소됐다. 성적 역시 아쉬웠다. 23경기에서 타율 0.250(88타수 22안타) 2홈런 16타점, OPS 0.700에 그치며 기대에 미치지...",www.sportalkorea.com,2026-04-30T11:50:00,,INJURY_ROSTER,,1.0,,,True,카스트로가 부상으로 1군 엔트리에서 말소됐다.,카스트로,negative,,True,"롯데 vs 키움 (홈) 5-6 패 | 결승타: 오선진(11회) | 홈런: 안치홍2호, 임병욱1호, 박승욱1호 | 타자 키플레이어: 박승욱(롯데), 장두성(롯데), 레이예스(롯데) | 투수 키플레이어: 박진형(키움), 정철원(롯데), 유토(키움)"
10,"""아끼는 선수는 없고, 안 쓰는 선수만 있다""...롯데를 좀먹는 기용법",지금의 롯데 자이언츠는 결과보다 선택이 더 큰 질문을 남기고 있다. 롯데는 29일 부산 사직 야구장에서 열린 2026 신한 SOL KBO리그 정규시즌 키움 히어로즈와의 경기에서 연장 11회 접전 끝에 6-5로 굴복했다. 이 패배로...,www.mhnse.com,2026-04-30T11:45:00,,PERFORMANCE_ANALYSIS,,0.9,,,True,롯데의 기용법에 대한 의문이 커지고 있다.,박승욱,negative,,True,"롯데 vs 키움 (홈) 5-6 패 | 결승타: 오선진(11회) | 홈런: 안치홍2호, 임병욱1호, 박승욱1호 | 타자 키플레이어: 박승욱(롯데), 장두성(롯데), 레이예스(롯데) | 투수 키플레이어: 박진형(키움), 정철원(롯데), 유토(키움)"
11,"사직구장 멈춰 세운 오선진의 한 방! 키움, 끈질긴 롯데 추격 뿌리쳤다","사진=롯데 자이언츠 키움은 9안타 2홈런을 기록했고, 롯데는 12안타로 더 많은 안타를 생산했으나 마지막 득점 기회를 살리지 못했다. 키움은 경기 후반 동점을 허용했지만 연장 승부에서 결승점을 뽑아냈다. 키움은...",www.joongangenews.com,2026-04-30T11:22:00,,MATCH_RELATED,PERFORMANCE_ANALYSIS,0.9,,,True,키움이 연장전에서 롯데를 제압했다.,오선진;박승욱,negative,,True,"롯데 vs 키움 (홈) 5-6 패 | 결승타: 오선진(11회) | 홈런: 안치홍2호, 임병욱1호, 박승욱1호 | 타자 키플레이어: 박승욱(롯데), 장두성(롯데), 레이예스(롯데) | 투수 키플레이어: 박진형(키움), 정철원(롯데), 유토(키움)"
12,[오늘의 일정] 4월 30일 목요일 스포츠 경기,△프로야구= KIA-NC(창원) LG-kt(수원) SSG-한화(대전) 삼성-두산(잠실) 키움-롯데(부산·이상 18시30분) △프로농구= 4강 플레이오프 4차전 KCC-정관장(19시·부산사직체육관) △골프= KPGA 투어 제45회 GS칼텍스 매경오픈...,www.jeonmae.co.kr,2026-04-30T11:22:00,,MATCH_RELATED,,0.9,,,True,오늘 롯데는 키움과 경기를 치른다.,,neutral,,True,"롯데 vs 키움 (홈) 5-6 패 | 결승타: 오선진(11회) | 홈런: 안치홍2호, 임병욱1호, 박승욱1호 | 타자 키플레이어: 박승욱(롯데), 장두성(롯데), 레이예스(롯데) | 투수 키플레이어: 박진형(키움), 정철원(롯데), 유토(키움)"
13,"KIA, 카스트로 대체 선수 찾았다...""마이너 통산 215홈런 로드리게스와...","한편 카스트로는 지난 25일 광주 롯데 자이언츠전 도중 왼쪽 햄스트링 통증을 호소하며 교체됐고, 정밀 검진 결과 부분 손상 진단을 받았다. 시범경기에서 타율 2할3푼5리(34타수 8안타) 5타점 2득점을 기록한...",www.osen.co.kr,2026-04-30T11:21:00,,INJURY_ROSTER,,0.9,,,True,카스트로의 부상으로 KIA가 대체 선수를 찾고 있다.,카스트로,negative,,True,"롯데 vs 키움 (홈) 5-6 패 | 결승타: 오선진(11회) | 홈런: 안치홍2호, 임병욱1호, 박승욱1호 | 타자 키플레이어: 박승욱(롯데), 장두성(롯데), 레이예스(롯데) | 투수 키플레이어: 박진형(키움), 정철원(롯데), 유토(키움)"
14,"롯데칠성, '칠성사이다 제로 유자' 출시","롯데 자이언츠 소속 빅터 레이예스와 유튜버 쯔양이 출연한 '김밥편', '유자편' 두 편을 공개했다. 음식과 함께 즐기는 탄산음료 콘셉트를 통해 'K-소울 드링크' 이미지를 강조했다. 칠성사이다는 기존 제품과 제로...",www.cstimes.com,2026-04-30T11:16:00,,ETC,,1.0,,,False,롯데칠성이 새로운 음료를 출시했다.,레이예스,,,True,"롯데 vs 키움 (홈) 5-6 패 | 결승타: 오선진(11회) | 홈런: 안치홍2호, 임병욱1호, 박승욱1호 | 타자 키플레이어: 박승욱(롯데), 장두성(롯데), 레이예스(롯데) | 투수 키플레이어: 박진형(키움), 정철원(롯데), 유토(키움)"
15,"157km 에이스 내고도 졌다, 2024년 굴욕 되풀이…벌써 희미해지는 롯데의...",롯데 자이언츠가 2024년의 굴욕을 되풀이하게 됐다. 4월 일정 종료시점에서 10승의 고지도 밟지 못했다. 롯데는 29일 부산 사직구장에서 열린 2026 신한은행 SOL Bank KBO리그 키움 히어로즈와 팀 간 시즌 5차전 홈...,www.spotvnews.co.kr,2026-04-30T11:10:00,,PERFORMANCE_ANALYSIS,,0.9,,,True,롯데가 2024년의 굴욕을 반복하고 있다.,,negative,,True,"롯데 vs 키움 (홈) 5-6 패 | 결승타: 오선진(11회) | 홈런: 안치홍2호, 임병욱1호, 박승욱1호 | 타자 키플레이어: 박승욱(롯데), 장두성(롯데), 레이예스(롯데) | 투수 키플레이어: 박진형(키움), 정철원(롯데), 유토(키움)"
16,"KIA, 이 선수 때문에 계속 고민했는데…'1군 복귀→ERA 0.00' 정해영이 달...",마무리에 대한 부담감을 덜어낸 정해영은 25~26일 광주 롯데 자이언츠전에서 연투를 소화했다. 2경기 모두 1이닝을 무실점으로 막으며 자신감을 끌어올렸다. 29일 경기에서도 실점하지 않으면서 4경기 연속 무실점...,www.xportsnews.com,2026-04-30T11:06:00,,INJURY_ROSTER,,1.0,,,True,정해영이 연속 무실점으로 자신감을 얻었다.,정해영,positive,,True,"롯데 vs 키움 (홈) 5-6 패 | 결승타: 오선진(11회) | 홈런: 안치홍2호, 임병욱1호, 박승욱1호 | 타자 키플레이어: 박승욱(롯데), 장두성(롯데), 레이예스(롯데) | 투수 키플레이어: 박진형(키움), 정철원(롯데), 유토(키움)"
17,"롯데칠성음료, '칠성사이다 제로 유자' 출시…라인업 5종으로 확대","롯데칠성음료는 최근 프로야구 롯데 자이언츠의 빅터 레이예스 선수와 유튜버 쯔양이 출연하는 신규 광고를 선보였다. '김밥편', '유자편' 두 편으로 구성된 이번 광고는 칠성사이다의 청량감과 한식과의 어울림을 'K...",www.businesskorea.co.kr,2026-04-30T11:06:00,,ETC,,0.9,,,True,롯데칠성음료가 새로운 광고를 통해 제품 라인업을 확대했다.,빅터 레이예스,positive,,False,"롯데 vs 키움 (홈) 5-6 패 | 결승타: 오선진(11회) | 홈런: 안치홍2호, 임병욱1호, 박승욱1호 | 타자 키플레이어: 박승욱(롯데), 장두성(롯데), 레이예스(롯데) | 투수 키플레이어: 박진형(키움), 정철원(롯데), 유토(키움)"
18,‘친정’ 롯데에 비수 꽂은 ‘5년 만의 승’…박진형 “아직 할 수 있다...,"사진 | 롯데 자이언츠 2015년 처음 KBO리그 데뷔한 박진형은 지난해까지 롯데 유니폼을 입고 뛰었다. 그러나 2025시즌 종료 후 2차 드래프트에 풀렸고, 올해 키움에서 새로운 도전을 하고 있다. 사직구장에서 올린 승에...",www.sportsseoul.com,2026-04-30T10:56:00,,MATCH_RELATED,,0.9,,,True,박진형이 롯데를 상대로 승리를 거두며 여전한 기량을 과시했다.,박진형,negative,,True,"롯데 vs 키움 (홈) 5-6 패 | 결승타: 오선진(11회) | 홈런: 안치홍2호, 임병욱1호, 박승욱1호 | 타자 키플레이어: 박승욱(롯데), 장두성(롯데), 레이예스(롯데) | 투수 키플레이어: 박진형(키움), 정철원(롯데), 유토(키움)"
19,"'2군행' 손아섭 어쩌나, 이 타이틀도 위험해졌다…43세 최형우가 무섭게...",손아섭은 2007년 2차 4라운드 29순위로 롯데 자이언츠의 지명을 받고 데뷔했다. 2022시즌을 앞두고 두 번째 자유계약(FA) 자격을 획득해 NC 다이노스로 이적했다. 지난해 NC에서 마지막 시즌을 맞이했다. 시즌 도중이던...,www.spotvnews.co.kr,2026-04-30T10:55:00,,ETC,,0.9,,,True,손아섭의 2군행 가능성이 커지며 위기감이 감돈다.,,negative,,False,"롯데 vs 키움 (홈) 5-6 패 | 결승타: 오선진(11회) | 홈런: 안치홍2호, 임병욱1호, 박승욱1호 | 타자 키플레이어: 박승욱(롯데), 장두성(롯데), 레이예스(롯데) | 투수 키플레이어: 박진형(키움), 정철원(롯데), 유토(키움)"
20,"장준용 동래구청장 후보, ""교육·문화·스포츠 도시로 도약하겠다""","또 장 후보는 사직야구장 재건축과 연계해 온천·스포츠 인프라를 결합한 '웰니스 복합 도시' 구상도 내놓았다. 그는 ""스포츠 메디컬 센터를 유치하고 동네 온천 힐링센터를 조성해 산업과 관광의 결합으로 새로운 도시...",www.pressian.com,2026-04-30T10:46:00,,ETC,,0.9,,,False,장준용 후보가 스포츠 도시로의 발전 계획을 발표했다.,,,,False,"롯데 vs 키움 (홈) 5-6 패 | 결승타: 오선진(11회) | 홈런: 안치홍2호, 임병욱1호, 박승욱1호 | 타자 키플레이어: 박승욱(롯데), 장두성(롯데), 레이예스(롯데) | 투수 키플레이어: 박진형(키움), 정철원(롯데), 유토(키움)"
21,생후 2개월 딸 앞에서 QS 역투…‘국적 불문’ 아빠는 위대하다 “루시...,"그러나 부담이 컸는지 11일 수원 KT 위즈전(6이닝 5실점 3자책), 17일 잠실 KIA 타이거즈전(7이닝 5실점), 23일 사직 롯데 자이언츠전(4이닝 5실점)에서 연달아 부진하며 3연패에 빠졌다. 이날은 달랐다. 최고 구속 147km 직구...",www.osen.co.kr,2026-04-30T10:42:00,,PERFORMANCE_ANALYSIS,MATCH_RELATED,0.9,,,True,한 투수가 생후 2개월 딸을 위해 QS를 기록하며 감동을 주었다.,,positive,,False,"롯데 vs 키움 (홈) 5-6 패 | 결승타: 오선진(11회) | 홈런: 안치홍2호, 임병욱1호, 박승욱1호 | 타자 키플레이어: 박승욱(롯데), 장두성(롯데), 레이예스(롯데) | 투수 키플레이어: 박진형(키움), 정철원(롯데), 유토(키움)"
22,"롯데자이언츠, 키움 히어로즈에 5대 6으로 패배",부산MBC)프로야구 롯데자이언츠가 어제(29) 사직구장에서 열린 키움 히어로즈와의 경기에서 연장전 끝에 5대 6으로 졌습니다.1회 초 키움에 선취점을 내준 롯데는 2회 말 선두타자 윤동희의 안타를 시작으로 동점을...,busanmbc.co.kr,2026-04-30T10:42:00,,MATCH_RELATED,,0.9,,,True,롯데가 키움에 연장전 끝에 아쉽게 패배했다.,박승욱,negative,,True,"롯데 vs 키움 (홈) 5-6 패 | 결승타: 오선진(11회) | 홈런: 안치홍2호, 임병욱1호, 박승욱1호 | 타자 키플레이어: 박승욱(롯데), 장두성(롯데), 레이예스(롯데) | 투수 키플레이어: 박진형(키움), 정철원(롯데), 유토(키움)"
23,"KIA 정해영이 조용히 부활을 외친다…4G 연속 무실점, 152km 미쳤다, 성영...",그리고 25일 광주 롯데 자이언츠전서 1이닝 1피안타 2탈삼진 무실점으로 홀드를 따냈다. 특히 빅터 레이예스에게 151~152km 포심을 계속 집어넣어 눈길을 모았다. 26일 광주 롯데전서도 노진혁에게 150km을 찍었다. 4-4로 단...,www.mydaily.co.kr,2026-04-30T10:40:00,,PERFORMANCE_ANALYSIS,MATCH_RELATED,0.9,,,True,KIA의 정해영이 롯데를 상대로 뛰어난 투구를 선보였다.,,negative,,True,"롯데 vs 키움 (홈) 5-6 패 | 결승타: 오선진(11회) | 홈런: 안치홍2호, 임병욱1호, 박승욱1호 | 타자 키플레이어: 박승욱(롯데), 장두성(롯데), 레이예스(롯데) | 투수 키플레이어: 박진형(키움), 정철원(롯데), 유토(키움)"
24,"이정후, 30일 경기 악천후 취소… 내일 더블헤더","이정후의 샌프란시스코 자이언츠가 필라델피아 필리스 원정경기를 앞뒀으나 악천후로 인해 취소됐다. 이로 인해 내일(5월1일, 이하 한국시간) 더블헤더로 경기가 열리게 됐다. 샌프란시스코는 30일 미국 펜실베니아주...",sports.hankooki.com,2026-04-30T10:38:00,,ETC,,0.0,gpt_missing_index;excluded_mlb_giants,,False,이정후의 경기가 악천후로 취소되며 더블헤더로 변경되었다.,,,,False,"롯데 vs 키움 (홈) 5-6 패 | 결승타: 오선진(11회) | 홈런: 안치홍2호, 임병욱1호, 박승욱1호 | 타자 키플레이어: 박승욱(롯데), 장두성(롯데), 레이예스(롯데) | 투수 키플레이어: 박진형(키움), 정철원(롯데), 유토(키움)"
25,"부산팬들 앞에서 모자 벗은 박진형 ""롯데에 감사했던 마음으로 인사→키...",키움 히어로즈의 불펜 투수 박진형(32)이 자신이 2025시즌까지 뛰었던 친정팀 롯데 자이언츠 팬들을 향해 고개 숙여 인사하며 뭉클한 재회의 순간을 가졌다. 지난 3월 시범경기를 통해 방문했지만 정규시즌에서는...,www.starnewskorea.com,2026-04-30T10:11:00,,ETC,INTERVIEW,0.9,,,True,박진형이 롯데 팬들에게 감사 인사를 전했다.,박진형,positive,,True,"롯데 vs 키움 (홈) 5-6 패 | 결승타: 오선진(11회) | 홈런: 안치홍2호, 임병욱1호, 박승욱1호 | 타자 키플레이어: 박승욱(롯데), 장두성(롯데), 레이예스(롯데) | 투수 키플레이어: 박진형(키움), 정철원(롯데), 유토(키움)"
26,"KIA, 홈런 5방으로 9-4 역전승",지난 26일 광주 기아챔피언스필드에서 열린 2026 신한 SOL KBO리그 정규시즌 롯데 자이언츠와 경기에서 정해영이 투구하고 있다. 사진=KIA 타이거즈 제공. KIA 타이거즈가 연장 10회까지 가는 접전 끝에 대거 5점을...,www.gjdream.com,2026-04-30T10:04:00,,MATCH_RELATED,,0.9,,,True,KIA가 롯데를 상대로 역전승을 거두었다.,,negative,,True,"롯데 vs 키움 (홈) 5-6 패 | 결승타: 오선진(11회) | 홈런: 안치홍2호, 임병욱1호, 박승욱1호 | 타자 키플레이어: 박승욱(롯데), 장두성(롯데), 레이예스(롯데) | 투수 키플레이어: 박진형(키움), 정철원(롯데), 유토(키움)"
27,"[KBO] KIA, NC 꺾고 단독 5위 등극..KT 이틀 연속 끝내기 승리",부산 사직구장에서는 키움 히어로즈가 연장 11회 접전 끝에 롯데 자이언츠를 6-5로 눌렀다. 키움은 11승 16패로 9위를 지켰다. 잠실에서는 두산 베어스가 삼성 라이온즈에 4-0으로 완승을 거두고 전날 패배를...,www.hg-times.com,2026-04-30T10:02:00,,MATCH_RELATED,,0.9,,,True,키움이 롯데를 연장전에서 이겼다.,,negative,,True,"롯데 vs 키움 (홈) 5-6 패 | 결승타: 오선진(11회) | 홈런: 안치홍2호, 임병욱1호, 박승욱1호 | 타자 키플레이어: 박승욱(롯데), 장두성(롯데), 레이예스(롯데) | 투수 키플레이어: 박진형(키움), 정철원(롯데), 유토(키움)"
28,이정후-산체스 맞대결 또 미뤄졌다…SF-PHI전 우천 연기로 더블헤더 편...,이정후(샌프란시스코 자이언츠)와 크리스토퍼 산체스(필라델피아 필리스)와의 승부가 또 한 번 미뤄졌다. 샌프란시스코는 30일(한국시각) 시티즌스 뱅크파크에서 열리는 2026 메이저리그(MLB) 필라델피아와의 원정...,www.stoo.com,2026-04-30T09:50:00,,ETC,,0.0,gpt_missing_index;excluded_mlb_giants,,False,이정후와 산체스의 맞대결이 연기되었다.,,,,False,"롯데 vs 키움 (홈) 5-6 패 | 결승타: 오선진(11회) | 홈런: 안치홍2호, 임병욱1호, 박승욱1호 | 타자 키플레이어: 박승욱(롯데), 장두성(롯데), 레이예스(롯데) | 투수 키플레이어: 박진형(키움), 정철원(롯데), 유토(키움)"
29,"“청량함에 유자 더했다”…롯데칠성, ‘칠성사이다 제로 유자’ 라인업...",롯데칠성음료는 최근 롯데 자이언츠 소속 선수 ‘빅터 레이예스’와 유튜버 ‘쯔양’과 함께 칠성사이다 신규 광고를 공개했다. ‘김밥편’은 경기에서 아쉬운 결과를 얻은 레이예스가 허탈하게 식당을 찾아 김밥을...,www.kukinews.com,2026-04-30T09:46:00,,ETC,,0.9,,,True,롯데칠성이 새로운 광고를 공개했다.,빅터 레이예스,positive,,False,"롯데 vs 키움 (홈) 5-6 패 | 결승타: 오선진(11회) | 홈런: 안치홍2호, 임병욱1호, 박승욱1호 | 타자 키플레이어: 박승욱(롯데), 장두성(롯데), 레이예스(롯데) | 투수 키플레이어: 박진형(키움), 정철원(롯데), 유토(키움)"
30,'우리동네 야구대장' 직접 본다…첫 직관 경기 개최,리틀 자이언츠' 경기 녹화에는 시청자들이 객석에서 직접 참여한다. 이에 신청이 잇따르며 벌써 높은 관심이... 박용택의 서울 '리틀 트윈스'와 이대호의 부산 '리틀 자이언츠'는 현재 공동 선두를 달리고 있는 가운데...,www.news1.kr,2026-04-30T09:42:00,,MATCH_RELATED,,0.9,,,True,리틀 자이언츠의 첫 직관 경기가 개최됩니다.,,neutral,,False,"롯데 vs 키움 (홈) 5-6 패 | 결승타: 오선진(11회) | 홈런: 안치홍2호, 임병욱1호, 박승욱1호 | 타자 키플레이어: 박승욱(롯데), 장두성(롯데), 레이예스(롯데) | 투수 키플레이어: 박진형(키움), 정철원(롯데), 유토(키움)"
31,"'NPB 경력+마이너 215홈런' 베테랑 거포, KIA와 계약 체결…'햄스트링 부...",올 시즌을 앞두고 KIA 유니폼을 입은 카스트로는 지난 25일 광주 롯데 자이언츠전에서 수비를 소화하던 도중 왼쪽 햄스트링에 통증을 느껴 경기 도중 교체됐다. 25일 병원 진단에서 햄스트링 부분 손상 진단을...,www.xportsnews.com,2026-04-30T09:41:00,,TRANSACTION_CONTRACT,,1.0,,,True,KIA의 카스트로가 부상을 당했다.,,negative,,True,"롯데 vs 키움 (홈) 5-6 패 | 결승타: 오선진(11회) | 홈런: 안치홍2호, 임병욱1호, 박승욱1호 | 타자 키플레이어: 박승욱(롯데), 장두성(롯데), 레이예스(롯데) | 투수 키플레이어: 박진형(키움), 정철원(롯데), 유토(키움)"
32,‘우리동네 야구대장’ 첫 직관 경기…리틀 트윈스vs리틀 자이언츠 리턴...,"리틀 자이언츠’의 맞대결이 펼쳐진다. 특히 공동 선두를 달리고 있는 박용택의 ‘리틀 트윈스’와 이대호의 ‘리틀 자이언츠’는 지난 3회 방송에서 5:5 무승부라는 명승부를 연출한 바 있어, 이번 재대결을 향한...",enter.etoday.co.kr,2026-04-30T09:32:00,,MATCH_RELATED,,0.9,,,True,리틀 자이언츠와 리틀 트윈스의 재대결이 기대됩니다.,,neutral,,False,"롯데 vs 키움 (홈) 5-6 패 | 결승타: 오선진(11회) | 홈런: 안치홍2호, 임병욱1호, 박승욱1호 | 타자 키플레이어: 박승욱(롯데), 장두성(롯데), 레이예스(롯데) | 투수 키플레이어: 박진형(키움), 정철원(롯데), 유토(키움)"
33,"'우리동네 야구대장', 5월 7일 첫 직관 경기 개최… 박용택·이대호 재격...","리틀 자이언츠(이대호 감독)'로 구성됐다. 특히 공동 선두를 기록 중인 서울 '리틀 트윈스'와 부산 '리틀 자이언츠'는 지난 3회 방송 당시 무승부를 기록한 바 있어, 이번 재대결을 통해 승부가 가려질지 주목된다....",www.stardailynews.co.kr,2026-04-30T09:32:00,,MATCH_RELATED,,0.9,,,True,롯데 자이언츠가 리틀 트윈스와 재대결을 펼친다.,,neutral,,True,"롯데 vs 키움 (홈) 5-6 패 | 결승타: 오선진(11회) | 홈런: 안치홍2호, 임병욱1호, 박승욱1호 | 타자 키플레이어: 박승욱(롯데), 장두성(롯데), 레이예스(롯데) | 투수 키플레이어: 박진형(키움), 정철원(롯데), 유토(키움)"
34,"'롯데→키움' 2차 드래프트 이적…보란듯이 5년 만에 승리+홀드 ""저 잘하...","""저 잘하고 있습니다"" 키움 히어로즈 박진형은 지난 28일 부산 사직구장에서 열린 2026 신한은행 SOL Bank KBO리그 롯데 자이언츠와 팀 간 시즌 4차전 원정 맞대결에서 1이닝 무실점으로 퍼펙트 피칭을 펼쳤다. 사직구장은...",www.spotvnews.co.kr,2026-04-30T09:22:00,,TRANSACTION_CONTRACT,,1.0,,,True,박진형이 롯데와의 경기에서 퍼펙트 피칭을 기록했다.,박진형,negative,,True,"롯데 vs 키움 (홈) 5-6 패 | 결승타: 오선진(11회) | 홈런: 안치홍2호, 임병욱1호, 박승욱1호 | 타자 키플레이어: 박승욱(롯데), 장두성(롯데), 레이예스(롯데) | 투수 키플레이어: 박진형(키움), 정철원(롯데), 유토(키움)"
35,"동아대, 개교 80주년 기념 ‘롯데자이언츠와 함께하는 동아대데이’ 성...",부산 사직야구장서 교직원·학생·동문 등 5000여 명 단체 관람… 80주년 축하 열기 고조 동아대학교(총장 이해우)는 개교 80주년을 맞아 ‘롯데자이언츠와 함께하는 동아대데이(Dong-A Univ. Day)’ 행사를 성황리에...,www.dnews.co.kr,2026-04-30T09:22:00,,CLUB_OPERATION,,0.9,,,True,동아대가 롯데자이언츠와 함께 80주년 기념 행사를 개최했다.,,positive,,True,"롯데 vs 키움 (홈) 5-6 패 | 결승타: 오선진(11회) | 홈런: 안치홍2호, 임병욱1호, 박승욱1호 | 타자 키플레이어: 박승욱(롯데), 장두성(롯데), 레이예스(롯데) | 투수 키플레이어: 박진형(키움), 정철원(롯데), 유토(키움)"
36,"'멀티홈런' 김호령, '수비원툴' 아닌 '공수겸장'",2024년까지 프로 데뷔 후 10년 동안 통산 홈런이 20개에 불과했던 김호령은 작년 7월5일 롯데 자이언츠전에서 커리어 첫 멀티홈런을 터트린 데 이어 약 10개월 만에 또 한 번 한 경기 2홈런을 기록했다. 그저 수비만...,www.ohmynews.com,2026-04-30T09:16:00,,PERFORMANCE_ANALYSIS,,0.9,,,True,김호령이 다시 한 번 멀티홈런을 기록하며 주목받고 있다.,김호령,positive,,True,"롯데 vs 키움 (홈) 5-6 패 | 결승타: 오선진(11회) | 홈런: 안치홍2호, 임병욱1호, 박승욱1호 | 타자 키플레이어: 박승욱(롯데), 장두성(롯데), 레이예스(롯데) | 투수 키플레이어: 박진형(키움), 정철원(롯데), 유토(키움)"
37,"김혜성, 4경기 만에 안타 생산 재개…볼넷 더해 멀티 출루","연속 1점 차 석패를 당한 다저스는 시즌 20승 11패를 기록, 내셔널리그 서부지구 선두 자리를 유지했다. 한편 이날 이어 열릴 예정이었던 이정후의 소속팀 샌프란시스코 자이언츠의 경기는 악천후로 인해 하루 연기됐다.",www.newsis.com,2026-04-30T09:09:00,,ETC,,0.9,,,False,김혜성이 4경기 만에 안타를 기록하며 출루했다.,김혜성,,,True,"롯데 vs 키움 (홈) 5-6 패 | 결승타: 오선진(11회) | 홈런: 안치홍2호, 임병욱1호, 박승욱1호 | 타자 키플레이어: 박승욱(롯데), 장두성(롯데), 레이예스(롯데) | 투수 키플레이어: 박진형(키움), 정철원(롯데), 유토(키움)"
38,"[속보] ""KIA, 42홈런·장타율 0.615 도미니카 거포 계약"" 美 저명기자 보...","카스트로는 지난 25일 광주 롯데 자이언츠전 수비 과정에서 왼쪽 햄스트링이 부분 손상됐고, 병원 검진 결과 최소 6주는 쉬어야 한다는 소견이 나왔다. 이범호 KIA 감독 역시 28일 창원 NC 다이노스전에 앞서 ""대체...",www.spotvnews.co.kr,2026-04-30T09:06:00,,TRANSACTION_CONTRACT,,1.0,,,True,카스트로가 부상으로 최소 6주 결장할 예정이다.,카스트로,negative,,True,"롯데 vs 키움 (홈) 5-6 패 | 결승타: 오선진(11회) | 홈런: 안치홍2호, 임병욱1호, 박승욱1호 | 타자 키플레이어: 박승욱(롯데), 장두성(롯데), 레이예스(롯데) | 투수 키플레이어: 박진형(키움), 정철원(롯데), 유토(키움)"
39,"[속보] '日 NPB 경험' 마이너 215홈런 거포, KIA 온다! 美 저명기자 보도...",카스트로는 지난 25일 광주 롯데 자이언츠전에서 수비 도중 왼쪽 햄스트링 부상으로 이탈했다. 햄스트링이 재발이 잦은 부위인데다 카스트로의 성적도 23경기 타율 0.250(88타수 22안타) 2홈런 16타점 OPS 0.700으로...,www.starnewskorea.com,2026-04-30T09:02:00,,INJURY_ROSTER,,1.0,,,True,카스트로가 롯데전에서 부상으로 이탈했다.,카스트로,negative,,True,"롯데 vs 키움 (홈) 5-6 패 | 결승타: 오선진(11회) | 홈런: 안치홍2호, 임병욱1호, 박승욱1호 | 타자 키플레이어: 박승욱(롯데), 장두성(롯데), 레이예스(롯데) | 투수 키플레이어: 박진형(키움), 정철원(롯데), 유토(키움)"
40,"'우리동네 야구대장', 첫 직관 경기 확정…박용택VS이대호","리틀 자이언츠', 충청 '리틀 이글스', 광주 '리틀 타이거즈'가 경쟁을 펼친다. 첫 직관 경기 녹화는 오는 5월7일 서울·경기권 야구장에서 진행된다. 이날 '리틀 이글스 VS 리틀 타이거즈', '리틀 트윈스 VS 리틀 자이언츠...",www.slist.kr,2026-04-30T08:46:00,,MATCH_RELATED,,0.9,,,True,리틀 자이언츠가 첫 직관 경기를 진행한다.,,neutral,,True,"롯데 vs 키움 (홈) 5-6 패 | 결승타: 오선진(11회) | 홈런: 안치홍2호, 임병욱1호, 박승욱1호 | 타자 키플레이어: 박승욱(롯데), 장두성(롯데), 레이예스(롯데) | 투수 키플레이어: 박진형(키움), 정철원(롯데), 유토(키움)"
41,"우리동네 야구대장, ""이건 무조건 간다""…5월 첫 직관 경기 확정","이날 녹화에는 '리틀 이글스 VS 리틀 타이거즈', '리틀 트윈스 VS 리틀 자이언츠' 두 경기가 진행되며... 서울을 연고로 한 박용택 감독의 '리틀 트윈스'와 부산을 대표하는 이대호 감독의 '리틀 자이언츠'가 현재 공동 선두를...",www.topstarnews.net,2026-04-30T08:44:00,,ETC,,0.9,,,True,롯데 자이언츠가 리틀 자이언츠와의 경기를 앞두고 있다.,,neutral,,True,"롯데 vs 키움 (홈) 5-6 패 | 결승타: 오선진(11회) | 홈런: 안치홍2호, 임병욱1호, 박승욱1호 | 타자 키플레이어: 박승욱(롯데), 장두성(롯데), 레이예스(롯데) | 투수 키플레이어: 박진형(키움), 정철원(롯데), 유토(키움)"
42,"꿀맛휴식! 이정후 PHI전 악천후로 연기, 1일 더블헤더 실시",30일(이하 한국시각) 시티즌스뱅크파크에서 펼쳐질 예정이었던 샌프란시스코 자이언츠-필라델피아 필리스전이 비로 연기됐다. 이날 경기는 악천후 예보로 당초 예정시간보다 30분 앞당겨 치르기로 돼 있었다. 하지만...,www.sportschosun.com,2026-04-30T08:40:00,,ETC,,0.9,,,False,이정후의 필리스전이 악천후로 연기되었다.,이정후,,,False,"롯데 vs 키움 (홈) 5-6 패 | 결승타: 오선진(11회) | 홈런: 안치홍2호, 임병욱1호, 박승욱1호 | 타자 키플레이어: 박승욱(롯데), 장두성(롯데), 레이예스(롯데) | 투수 키플레이어: 박진형(키움), 정철원(롯데), 유토(키움)"
43,"3할 타율 복귀한 이정후, 좌완 산체스 맞춤형 7번 배치와 우천 취소",샌프란시스코 자이언츠의 이정후가 2026 메이저리그 정규시즌 필라델피아 필리스와의 원정 경기를 앞두고 파격적인 타순 조정을 맞이했으나 우천으로 경기가 취소되며 휴식을 갖게 됐다. 당초 샌프란시스코는 30일...,www.ftimes.kr,2026-04-30T08:38:00,,INJURY_ROSTER,,1.0,excluded_mlb_giants,,False,이정후가 좌완 산체스 맞춤형으로 7번 타순에 배치되었으나 취소되었다.,이정후,,,False,"롯데 vs 키움 (홈) 5-6 패 | 결승타: 오선진(11회) | 홈런: 안치홍2호, 임병욱1호, 박승욱1호 | 타자 키플레이어: 박승욱(롯데), 장두성(롯데), 레이예스(롯데) | 투수 키플레이어: 박진형(키움), 정철원(롯데), 유토(키움)"
44,[데스크 칼럼] KBO의 봄 가른 박성한의 타구...역사에 아로새긴 '연속 안...,"이는 1982년 프로야구 원년 멤버였던 김용희(당시 롯데 자이언츠)가 세운 18경기 연속 안타 기록을 44년 만에 경신한 것으로, 한국 야구사의 한 페이지를 새롭게 장식한 상징적인 사건이다. 이번 기록은 단순한 행운이...",www.youthdaily.co.kr,2026-04-30T08:36:00,,PERFORMANCE_ANALYSIS,,0.9,,,True,박성한이 44년 만에 연속 안타 기록을 경신했다.,박성한,positive,,True,"롯데 vs 키움 (홈) 5-6 패 | 결승타: 오선진(11회) | 홈런: 안치홍2호, 임병욱1호, 박승욱1호 | 타자 키플레이어: 박승욱(롯데), 장두성(롯데), 레이예스(롯데) | 투수 키플레이어: 박진형(키움), 정철원(롯데), 유토(키움)"
45,‘우리동네 야구대장’ 첫 직관 화제,리틀 자이언츠' 경기 녹화에는 시청자들이 객석에서 직접 참여한다. 이에 신청이 잇따르며 벌써부터 높은... 특히 박용택의 서울 '리틀 트윈스'와 이대호의 부산 '리틀 자이언츠'는 현재 공동 선두를 달리고 있는 가운데...,www.bntnews.co.kr,2026-04-30T08:36:00,,ETC,,0.9,,,True,리틀 자이언츠의 첫 직관 경기가 화제를 모으고 있다.,,neutral,,True,"롯데 vs 키움 (홈) 5-6 패 | 결승타: 오선진(11회) | 홈런: 안치홍2호, 임병욱1호, 박승욱1호 | 타자 키플레이어: 박승욱(롯데), 장두성(롯데), 레이예스(롯데) | 투수 키플레이어: 박진형(키움), 정철원(롯데), 유토(키움)"
46,[공식발표] '이정후 7번 중견수' SF-PHI전 우천 연기…더블헤더 편성,샌프란시스코 자이언츠 구단이 30일(한국시간) 시티즌스뱅크파크에서 열릴 예정이었던 2026 메이저리그 필라델피아 필리스와 경기가 우천으로 취소됐다고 발표했다. 이정후는 이날 7번 타자 중견수로 선발 출전할...,www.spotvnews.co.kr,2026-04-30T08:28:00,,ETC,,0.9,,,False,이정후가 7번 중견수로 출전 예정이었으나 경기가 취소되었다.,이정후,,,False,"롯데 vs 키움 (홈) 5-6 패 | 결승타: 오선진(11회) | 홈런: 안치홍2호, 임병욱1호, 박승욱1호 | 타자 키플레이어: 박승욱(롯데), 장두성(롯데), 레이예스(롯데) | 투수 키플레이어: 박진형(키움), 정철원(롯데), 유토(키움)"
47,"이정후, 타율 .480 대폭발 다 이유 있었네! “이제 미국서 나답게 뛴다”",'바람의 손자' 이정후(샌프란시스코 자이언츠 외야수)가 메이저리그에서 가장 뜨거운 타자로 떠올랐다. 시즌 초반 다소 주춤했던 샌프란시스코 타선 속에서 확실한 중심 역할을 해내고 있다. 30일(이하 한국시간) 미국...,www.osen.co.kr,2026-04-30T08:26:00,,PERFORMANCE_ANALYSIS,,0.9,,,False,이정후가 메이저리그에서 뛰어난 타율을 기록하고 있다.,이정후,,,False,"롯데 vs 키움 (홈) 5-6 패 | 결승타: 오선진(11회) | 홈런: 안치홍2호, 임병욱1호, 박승욱1호 | 타자 키플레이어: 박승욱(롯데), 장두성(롯데), 레이예스(롯데) | 투수 키플레이어: 박진형(키움), 정철원(롯데), 유토(키움)"
48,30일(한국시간) 이정후 경기 우천 순연...하루 뒤 더블헤더로 진행,30일(한국시간) 이정후의 소속팀 샌프란시스코 자이언츠의 경기가 비로 순연됐다. 자이언츠 구단은 이날 시티즌스뱅크파크에서 열릴 예정이었던 필라델피아 필리스와 워정경기가 악천후로 순연됐다고 전했다. 원래...,www.mk.co.kr,2026-04-30T08:20:00,,ETC,,0.9,,,False,이정후의 경기가 우천으로 순연되었다.,이정후,,,False,"롯데 vs 키움 (홈) 5-6 패 | 결승타: 오선진(11회) | 홈런: 안치홍2호, 임병욱1호, 박승욱1호 | 타자 키플레이어: 박승욱(롯데), 장두성(롯데), 레이예스(롯데) | 투수 키플레이어: 박진형(키움), 정철원(롯데), 유토(키움)"
49,"[2026 프로야구 삼진과 홈런 사이] 주말 대격돌…한화·롯데·KIA, 스윕 악...","롯데 자이언츠와 기아 타이거즈 두 팀도 각각 SSG 랜더스와 kt 위즈에 올시즌 첫 맞대결에서 '스윕 패' 당한 것을 설욕하려 하고 있고, NC 다이노스는 비로 취소된 경기 때문에 LG 트윈스에게 스윕패를 면하고 2연패...",www.newsian.co.kr,2026-04-30T08:16:00,,MATCH_RELATED,PERFORMANCE_ANALYSIS,0.9,,,True,롯데가 키움에 연장 접전 끝에 패배했다.,박승욱;장두성;레이예스,negative,,True,"롯데 vs 키움 (홈) 5-6 패 | 결승타: 오선진(11회) | 홈런: 안치홍2호, 임병욱1호, 박승욱1호 | 타자 키플레이어: 박승욱(롯데), 장두성(롯데), 레이예스(롯데) | 투수 키플레이어: 박진형(키움), 정철원(롯데), 유토(키움)"
50,"[오피셜] '4타수 무안타' 이정후, 중견수 출전 불발→PHI 2차전, 악천후...",이정후(샌프란시스코 자이언츠)가 하루 쉬어간다. 이정후는 30일(이하 한국시간) 미국 펜실베이니아주 필라델피아 시티즌스뱅크 파크에서 예정된 2026 메이저리그(MLB) 정규시즌 필라델피아 필리스와의 원정 경기에...,www.sportalkorea.com,2026-04-30T08:15:00,,ETC,,0.0,gpt_missing_index;excluded_mlb_giants,,False,이정후가 필라델피아전에서 출전하지 못했다.,,,,False,"롯데 vs 키움 (홈) 5-6 패 | 결승타: 오선진(11회) | 홈런: 안치홍2호, 임병욱1호, 박승욱1호 | 타자 키플레이어: 박승욱(롯데), 장두성(롯데), 레이예스(롯데) | 투수 키플레이어: 박진형(키움), 정철원(롯데), 유토(키움)"
51,홈런 치면 금리 뛴다…은행권 '야구적금' 열풍,"BNK부산은행은 롯데자이언츠 성적과 연계한 예적금을 출시했고, 광주은행은 KIA타이거즈 성적과 지역 활동을 반영한 금리 우대 상품을 선보였다. 이는 경기 결과뿐 아니라 홈구장 방문, 이벤트 참여 등 '팬 경험'이 금리로...",www.cstimes.com,2026-04-30T08:02:00,,CLUB_OPERATION,,0.9,,,True,롯데 성적 연계 예적금 상품이 출시되었다.,,positive,,False,"롯데 vs 키움 (홈) 5-6 패 | 결승타: 오선진(11회) | 홈런: 안치홍2호, 임병욱1호, 박승욱1호 | 타자 키플레이어: 박승욱(롯데), 장두성(롯데), 레이예스(롯데) | 투수 키플레이어: 박진형(키움), 정철원(롯데), 유토(키움)"
52,"3군서 좌절했던 현도훈 깨운 김현욱 코치 한마디 ""처음부터 다시 한번 ...","""정말 힘들었던 시절 저를 잡아주신 분이다."" 롯데 자이언츠 우완 투수 현도훈(33)이 프로 입성 9년 차에 거둔 감격적인 데뷔 첫 승의 공을 김현욱(56) 코치에게 돌렸다. 현도훈은 28일 2-2로 맞선 6회 등판해 2이닝 동안...",www.starnewskorea.com,2026-04-30T08:01:00,,PERFORMANCE_ANALYSIS,,0.9,,,True,현도훈이 첫 승을 거두며 김현욱 코치에게 감사했다.,현도훈,positive,,True,"롯데 vs 키움 (홈) 5-6 패 | 결승타: 오선진(11회) | 홈런: 안치홍2호, 임병욱1호, 박승욱1호 | 타자 키플레이어: 박승욱(롯데), 장두성(롯데), 레이예스(롯데) | 투수 키플레이어: 박진형(키움), 정철원(롯데), 유토(키움)"
53,"[오피셜] 이정후, 중견수 복귀 끝내 무산됐다…SF-필라델피아전 우천 연...","샌프란시스코 자이언츠와 필라델피아 필리스의 맞대결이 결국 연기되며 더블헤더로 재편됐다. 미국... 영향을 미칠 수 있는 만큼, 양 팀의 대응 방식에 관심이 집중되고 있다. 사진=연합뉴스 / 샌프란시스코 자이언츠",www.xportsnews.com,2026-04-30T08:00:00,,INJURY_ROSTER,,1.0,excluded_mlb_giants,,False,이정후의 복귀가 우천으로 무산되었다.,,,,False,"롯데 vs 키움 (홈) 5-6 패 | 결승타: 오선진(11회) | 홈런: 안치홍2호, 임병욱1호, 박승욱1호 | 타자 키플레이어: 박승욱(롯데), 장두성(롯데), 레이예스(롯데) | 투수 키플레이어: 박진형(키움), 정철원(롯데), 유토(키움)"
54,"‘ERA 2.96’ 올해에도 건재함 과시 중인 류현진, KBO 통산 120승 고지 도...",이후 18일 부산 롯데 자이언츠전에서도 7이닝 4피안타 3탈삼진 무실점으로 좋은 투구를 펼치며 시즌 2승을 챙겼다. 다만 직전 경기에서는 웃지 못했다. 24일 대전 NC 다이노스전에서 6.1이닝 10피안타 1피홈런...,www.mk.co.kr,2026-04-30T07:41:00,,PERFORMANCE_ANALYSIS,,0.9,,,True,류현진이 롯데전에서 좋은 투구를 선보였다.,,positive,,True,"롯데 vs 키움 (홈) 5-6 패 | 결승타: 오선진(11회) | 홈런: 안치홍2호, 임병욱1호, 박승욱1호 | 타자 키플레이어: 박승욱(롯데), 장두성(롯데), 레이예스(롯데) | 투수 키플레이어: 박진형(키움), 정철원(롯데), 유토(키움)"
55,"한화 또 사사구 11개, 또 자멸",키움 히어로즈는 연장 11회까지 가는 접전 끝에 롯데 자이언츠에 6-5로 승리했다. 두산 베어스는 좌완 선발 잭로그의 무실점 호투를 앞세워 삼성 라이온즈를 4-0으로 꺾었다. 잭로그는 6이닝 8삼진 호투를 펼치며...,www.newdaily.co.kr,2026-04-30T07:26:00,,MATCH_RELATED,,0.9,,,True,롯데가 키움에 연장전에서 아쉽게 패했다.,,negative,,True,"롯데 vs 키움 (홈) 5-6 패 | 결승타: 오선진(11회) | 홈런: 안치홍2호, 임병욱1호, 박승욱1호 | 타자 키플레이어: 박승욱(롯데), 장두성(롯데), 레이예스(롯데) | 투수 키플레이어: 박진형(키움), 정철원(롯데), 유토(키움)"
56,"‘롯데 정말 고맙습니다’ 초대형 트레이드 2년 만에 대박 예감, 벌써 3...",롯데 자이언츠에서 온 초대형 트레이드 이적생이 지난해 부진을 뒤로 하고 마침내 트레이드 성공신화를 예감케 하고 있다. 프로야구 두산 베어스는 지난 29일 서울 잠실구장에서 열린 2026 신한 SOL KBO리그 삼성...,www.osen.co.kr,2026-04-30T07:14:00,,TRANSACTION_CONTRACT,,1.0,,,True,롯데의 트레이드가 성공 신화를 예감케 하고 있다.,,positive,,False,"롯데 vs 키움 (홈) 5-6 패 | 결승타: 오선진(11회) | 홈런: 안치홍2호, 임병욱1호, 박승욱1호 | 타자 키플레이어: 박승욱(롯데), 장두성(롯데), 레이예스(롯데) | 투수 키플레이어: 박진형(키움), 정철원(롯데), 유토(키움)"
57,"'뜬공-삼진-땅볼-땅볼' 이정후, 충격 타순 변화→7번으로 내려갔다…'WB...",이정후(샌프란시스코 자이언츠)가 7번 타자-중견수로 선발 출전한다. 이정후는 30일(이하 한국시간) 미국 펜실베이니아주 필라델피아 시티즌스뱅크 파크에서 열리는 2026 메이저리그(MLB) 정규시즌 필라델피아...,www.sportalkorea.com,2026-04-30T07:10:00,,ETC,,0.0,gpt_missing_index;excluded_mlb_giants,,False,이정후가 7번 타자로 선발 출전한다.,,,,False,"롯데 vs 키움 (홈) 5-6 패 | 결승타: 오선진(11회) | 홈런: 안치홍2호, 임병욱1호, 박승욱1호 | 타자 키플레이어: 박승욱(롯데), 장두성(롯데), 레이예스(롯데) | 투수 키플레이어: 박진형(키움), 정철원(롯데), 유토(키움)"
58,[오늘의 주요일정·30일] '서부지법 난동범들' 상고심 선고,프로야구= KIA-NC(창원) LG-kt(수원) SSG-한화(대전) 삼성-두산(잠실) 키움-롯데(부산·이상 18시30분) ▲ 프로농구= 4강 플레이오프 4차전 KCC-정관장(19시·부산사직체육관) ▲ 골프= KPGA 투어 제45회 GS칼텍스 매경오픈...,www.safetimes.co.kr,2026-04-30T07:04:00,,ETC,,0.0,gpt_missing_index,,True,오늘 롯데는 키움과 경기를 치른다.,,neutral,,True,"롯데 vs 키움 (홈) 5-6 패 | 결승타: 오선진(11회) | 홈런: 안치홍2호, 임병욱1호, 박승욱1호 | 타자 키플레이어: 박승욱(롯데), 장두성(롯데), 레이예스(롯데) | 투수 키플레이어: 박진형(키움), 정철원(롯데), 유토(키움)"
59,한가운데 코스에 반응 조차 못했다…2군 폭격은 어디로? 한동희 부진에...,"롯데 자이언츠 한동희의 부진이 예사롭지 않다. 가장 중요한 순간 '해결사' 역할을 기대하며 타석에 들어섰지만, 스트라이크존 한 가운데로 형성되는 볼들에도 반응을 하지 못했다. 한동희는 지난 2018년 롯데의 1차...",www.spotvnews.co.kr,2026-04-30T07:02:00,,PERFORMANCE_ANALYSIS,,0.9,,,True,한동희의 부진이 계속되고 있다.,한동희,negative,,True,"롯데 vs 키움 (홈) 5-6 패 | 결승타: 오선진(11회) | 홈런: 안치홍2호, 임병욱1호, 박승욱1호 | 타자 키플레이어: 박승욱(롯데), 장두성(롯데), 레이예스(롯데) | 투수 키플레이어: 박진형(키움), 정철원(롯데), 유토(키움)"
60,이틀 연속 '3경기 연장' 진풍경…KBO 45년 역사상 최초,"롯데 자이언츠는 11회말 1사 2, 3루의 끝내기 기회를 잡았으나 후속 타자들이 침묵하며 아쉬운 패배를 당했다. 한편 잠실과 대전 경기는 정규 이닝 내에 승부가 갈렸다. 두산 베어스는 선발 잭로그의 6이닝 무실점...",www.nocutnews.co.kr,2026-04-30T07:01:00,,MATCH_RELATED,,0.9,,,True,롯데는 11회말 기회를 놓치고 패배했다.,,negative,,True,"롯데 vs 키움 (홈) 5-6 패 | 결승타: 오선진(11회) | 홈런: 안치홍2호, 임병욱1호, 박승욱1호 | 타자 키플레이어: 박승욱(롯데), 장두성(롯데), 레이예스(롯데) | 투수 키플레이어: 박진형(키움), 정철원(롯데), 유토(키움)"
61,고교야구 최강자 가린다…황금사자기 전국고교야구대회 내달 2일 개막,"지난해 준우승을 차지한 유신고는 2026 신인드래프트서 신재인(NC 다이노스·1라운드 2순위), 오재원(한화 이글스·1라운드 3순위), 이강민(KT 위즈·2라운드 16순위), 이준서(롯데 자이언츠·7라운드 64순위) 등 4명의...",sports.donga.com,2026-04-30T07:01:00,,ETC,,0.9,,,True,황금사자기 전국고교야구대회가 개막한다.,,neutral,,False,"롯데 vs 키움 (홈) 5-6 패 | 결승타: 오선진(11회) | 홈런: 안치홍2호, 임병욱1호, 박승욱1호 | 타자 키플레이어: 박승욱(롯데), 장두성(롯데), 레이예스(롯데) | 투수 키플레이어: 박진형(키움), 정철원(롯데), 유토(키움)"
62,"'부활했다며?' 김태형 감독, '퐁당 투구' 김원중 투구에 일희일비하다니...",롯데 자이언츠 마무리 투수 김원중은 올시즌 준비 부족으로 '퐁당 투구'를 하고 있다. 결국 보직에서 밀려났다. 그런데 28일 키움전에서 세이브를 올렸다. 임시 마무리 최준용이 9회에 2실점하자 급히 올라와 불을 껐다....,www.maniareport.com,2026-04-30T06:40:00,,PERFORMANCE_ANALYSIS,,0.9,,,True,김원중이 세이브를 기록했지만 불안한 투구를 보였다.,김원중,negative,,True,"롯데 vs 키움 (홈) 5-6 패 | 결승타: 오선진(11회) | 홈런: 안치홍2호, 임병욱1호, 박승욱1호 | 타자 키플레이어: 박승욱(롯데), 장두성(롯데), 레이예스(롯데) | 투수 키플레이어: 박진형(키움), 정철원(롯데), 유토(키움)"
63,"[게임노트] 2026년 4월 29일...'장성우 끝내기 2루타' kt, LG에 승리로 2...","키움 히어로즈는 절묘한 스퀴즈 번트로 연장 11회초에 결승점을 내 롯데 자이언츠를 따돌렸다. [잠실] 삼성 [0:4] 두산 / 관중 23,750(매진) [승]잭로그 [패]오러클린 잠실에선 두산 베어스가 좌완 선발 잭로그의...",www.thesportstimes.co.kr,2026-04-30T06:39:00,,MATCH_RELATED,,0.9,,,True,키움이 롯데를 연장전에서 이겼다.,,negative,,True,"롯데 vs 키움 (홈) 5-6 패 | 결승타: 오선진(11회) | 홈런: 안치홍2호, 임병욱1호, 박승욱1호 | 타자 키플레이어: 박승욱(롯데), 장두성(롯데), 레이예스(롯데) | 투수 키플레이어: 박진형(키움), 정철원(롯데), 유토(키움)"
64,◇오늘의 경기(30일),◆30일(목) △프로야구= KIA-NC(창원) LG-kt(수원) SSG-한화(대전) 삼성-두산(잠실) 키움-롯데(부산·이상 18시30분) △프로농구= 4강 플레이오프 4차전 KCC-정관장(19시·부산사직체육관) △골프= KPGA 투어 제45회 GS칼텍스...,www.yna.co.kr,2026-04-30T06:15:00,,MATCH_RELATED,,0.9,,,True,오늘의 프로야구 일정이 발표되었다.,,neutral,,True,"롯데 vs 키움 (홈) 5-6 패 | 결승타: 오선진(11회) | 홈런: 안치홍2호, 임병욱1호, 박승욱1호 | 타자 키플레이어: 박승욱(롯데), 장두성(롯데), 레이예스(롯데) | 투수 키플레이어: 박진형(키움), 정철원(롯데), 유토(키움)"
65,"""각 구단 리스트 최상단 선수"" KIA 최유력 대체 외국인 후보 좁혀졌다, ...","카스트로는 지난 25일 광주 롯데 자이언츠전 수비 과정에서 왼쪽 햄스트링이 부분 손상됐고, 병원 검진 결과 최소 6주는 쉬어야 한다는 소견을 들었다. 이범호 KIA 감독은 28일 창원 NC 다이노스전에 앞서 ""대체...",www.sportschosun.com,2026-04-30T06:03:00,,INJURY_ROSTER,,0.9,,,True,롯데 자이언츠의 카스트로가 부상으로 6주 결장.,,negative,,True,"롯데 vs 키움 (홈) 5-6 패 | 결승타: 오선진(11회) | 홈런: 안치홍2호, 임병욱1호, 박승욱1호 | 타자 키플레이어: 박승욱(롯데), 장두성(롯데), 레이예스(롯데) | 투수 키플레이어: 박진형(키움), 정철원(롯데), 유토(키움)"
66,"'마! 농구장에도 등장했다' KCC, 올해 PO부터 도입 효과 쏠쏠하네…소노...","부산 아이가.' 프로야구 대표적인 응원구호 '마!'는 부산 연고를 둔 롯데 자이언츠의 상징처럼 통한다. '임마'를 경상도 사투리로 짧고 강렬하게 외치는 단어로, 주로 상대 투수의 견제 시도를 야유하거나, 상대...",www.sportschosun.com,2026-04-30T06:03:00,,ETC,,0.9,,,True,롯데 자이언츠의 응원구호 '마!'가 농구장에도 등장.,,neutral,,True,"롯데 vs 키움 (홈) 5-6 패 | 결승타: 오선진(11회) | 홈런: 안치홍2호, 임병욱1호, 박승욱1호 | 타자 키플레이어: 박승욱(롯데), 장두성(롯데), 레이예스(롯데) | 투수 키플레이어: 박진형(키움), 정철원(롯데), 유토(키움)"
67,“다저스의 결정을 존중한다” 오타니가 계속 던지는 날 안 친다? 중요...,"지난 23일 샌프란시스코 자이언츠전서도 투수로는 6이닝 5피안타 7탈삼진 무실점했지만, 타자로는 4타수 무안타에 그쳤다. 아무래도 투수로 나가면 투수로서의 준비에 좀 더 집중할 수밖에 없다. 그렇다면 앞으로도...",www.mydaily.co.kr,2026-04-30T06:00:00,,ETC,,0.9,,,False,오타니가 투수로 집중하기 위해 타격을 줄일 가능성.,,,,True,"롯데 vs 키움 (홈) 5-6 패 | 결승타: 오선진(11회) | 홈런: 안치홍2호, 임병욱1호, 박승욱1호 | 타자 키플레이어: 박승욱(롯데), 장두성(롯데), 레이예스(롯데) | 투수 키플레이어: 박진형(키움), 정철원(롯데), 유토(키움)"
68,"5만 달러 계약→9일째 입국도 못했다, 키움 로젠버그 미스터리…대체 무...",키움 설종진 감독은 지난 29일 부산 사직구장에서 열린 ‘2026 신한은행 SOL Bank KBO리그’ 롯데 자이언츠와의 경기 전 인터뷰에서 “이번주 안에 좋은 소식이 있으면 또 선발진이 조정될 수 있다. 로젠버그 합류 날짜가...,www.osen.co.kr,2026-04-30T05:41:00,,TRANSACTION_CONTRACT,,1.0,,,True,키움의 로젠버그 합류 일정이 불확실.,,neutral,,True,"롯데 vs 키움 (홈) 5-6 패 | 결승타: 오선진(11회) | 홈런: 안치홍2호, 임병욱1호, 박승욱1호 | 타자 키플레이어: 박승욱(롯데), 장두성(롯데), 레이예스(롯데) | 투수 키플레이어: 박진형(키움), 정철원(롯데), 유토(키움)"
69,"'끝내기-끝내기-끝내기' LG, KBO리그 사상 최초 불명예 新 굴욕…이대로...","삼성 라이온즈가 2016년 6월 28~30일 사직 롯데 자이언츠전, 롯데 자이언츠가 2020년 6월 17~18일 고척 키움 히어로즈전과 6월 19일 수원 KT전 불명예를 당했다. 다만 3경기 모두 연장서 끝내기를 허용한 것은 LG가 KBO리그...",www.mydaily.co.kr,2026-04-30T05:41:00,,MATCH_RELATED,,0.9,,,True,LG가 KBO리그에서 불명예 기록을 세움.,,negative,,True,"롯데 vs 키움 (홈) 5-6 패 | 결승타: 오선진(11회) | 홈런: 안치홍2호, 임병욱1호, 박승욱1호 | 타자 키플레이어: 박승욱(롯데), 장두성(롯데), 레이예스(롯데) | 투수 키플레이어: 박진형(키움), 정철원(롯데), 유토(키움)"
70,"""ML 전체에서 가장 뜨거운 타자"" 이정후 기막힌 대반등에 홀딱 반했다, ...","이정후(샌프란시스코 자이언츠)의 뜨거운 타격감에 현지 반응들이 심상치 않다. 샌프란시스코 지역 라디오 채널 'KNBR'은 29일(이하 한국시각) '기세 오른 슈미트, 뜨겁게 타오르는 이정후 그리고 놀라울 정도로...",www.mydaily.co.kr,2026-04-30T05:09:00,,ETC,,0.9,,,False,이정후의 타격감이 샌프란시스코에서 주목받고 있음.,,,,True,"롯데 vs 키움 (홈) 5-6 패 | 결승타: 오선진(11회) | 홈런: 안치홍2호, 임병욱1호, 박승욱1호 | 타자 키플레이어: 박승욱(롯데), 장두성(롯데), 레이예스(롯데) | 투수 키플레이어: 박진형(키움), 정철원(롯데), 유토(키움)"
71,"캡틴의 헛스윙 하나에, 갑자기 '방화 예고' 투수가 정신을 차렸다...이걸...",키움 히어로즈는 29일 부산사직구장에서 열린 롯데 자이언츠와의 경기에서 연장 10회 접전 끝에 6대5로 신승했다. 전날 1점차 패배를 설욕했다. 9위 키움은 최하위 롯데와의 승차도 다시 2경기로 벌렸다. 하이라이트는...,www.sportschosun.com,2026-04-30T05:07:00,,MATCH_RELATED,,0.9,,,True,키움이 롯데를 상대로 연장전에서 승리.,,negative,,True,"롯데 vs 키움 (홈) 5-6 패 | 결승타: 오선진(11회) | 홈런: 안치홍2호, 임병욱1호, 박승욱1호 | 타자 키플레이어: 박승욱(롯데), 장두성(롯데), 레이예스(롯데) | 투수 키플레이어: 박진형(키움), 정철원(롯데), 유토(키움)"
72,"'김하성 동기' 임병욱 솔직 고백 ""이제 기회 많이 없을 것이라는 것 잘...","키움은 29일 부산 사직구장에서 열린 '2026 신한 SOL KBO리그' 롯데 자이언츠와의 원정 경기에서 연장 접전 끝에 6-5 승리를 거뒀다. 이날 승리의 일등 공신은 외야수 임병욱이었다. 0-2로 뒤지던 5회초, 임병욱은 상대 선발...",www.starnewskorea.com,2026-04-30T05:01:00,,MATCH_RELATED,,0.9,,,True,임병욱이 롯데와의 경기에서 중요한 역할을 함.,임병욱,negative,,True,"롯데 vs 키움 (홈) 5-6 패 | 결승타: 오선진(11회) | 홈런: 안치홍2호, 임병욱1호, 박승욱1호 | 타자 키플레이어: 박승욱(롯데), 장두성(롯데), 레이예스(롯데) | 투수 키플레이어: 박진형(키움), 정철원(롯데), 유토(키움)"
73,“아무 것도 안 하고 있었는데...” 사인 훔쳐서가 아니었다? 김혜성이...,샌프란시스코 자이언츠 에이스 로건 웹은 왜 김혜성에게 화를 냈을까? 김혜성이 그 내막을 공개했다.... 샌프란시스코 자이언츠와 원정경기 도중 있었던 일에 대해 말했다. 상황은 이렇다. 김혜성이 4회초 좌전 적시타로...,www.mk.co.kr,2026-04-30T05:01:00,,ETC,,0.9,,,False,김혜성이 샌프란시스코 자이언츠와의 경기에서 화를 낸 이유를 밝혔다.,김혜성,,,True,"롯데 vs 키움 (홈) 5-6 패 | 결승타: 오선진(11회) | 홈런: 안치홍2호, 임병욱1호, 박승욱1호 | 타자 키플레이어: 박승욱(롯데), 장두성(롯데), 레이예스(롯데) | 투수 키플레이어: 박진형(키움), 정철원(롯데), 유토(키움)"
74,"ERA 0.64 활약은 신기루였나…'최동원상' 받았던 18억 좌완, 이러다 韓 복...","하지만 두 번째 등판이었던 샌프란시스코 자이언츠전에서 2⅓이닝 4실점(4자책)으로 무너지면서, 하트가 한 차례 삐끗했다. 그래도 하트는 4월 일정이 시작된 후 보스턴 레드삭스(2⅓이닝), 피츠버그 파이리츠(1이닝)...",www.spotvnews.co.kr,2026-04-30T04:42:00,,ETC,,0.9,,,False,하트가 샌프란시스코 자이언츠전에서 부진한 성적을 기록했다.,하트,,,True,"롯데 vs 키움 (홈) 5-6 패 | 결승타: 오선진(11회) | 홈런: 안치홍2호, 임병욱1호, 박승욱1호 | 타자 키플레이어: 박승욱(롯데), 장두성(롯데), 레이예스(롯데) | 투수 키플레이어: 박진형(키움), 정철원(롯데), 유토(키움)"
75,"김도영 48홈런 페이스 미쳤다…우측으로 나와서 더 무섭다, MVP 레이스 가...",대신 이범호 감독은 지난 26일 광주 롯데 자이언츠전을 앞두고 중요한 얘기를 한 가지 해줬다. 당시 이범호 감독은 “오랜만에 저쪽(오른쪽)으로 좋은 타구를 만들었다. 밀어서 힘을 다 사용한다. 그래서 공이 생각보다...,www.mydaily.co.kr,2026-04-30T04:00:00,,PERFORMANCE_ANALYSIS,,0.9,,,True,김도영이 홈런 페이스를 이어가며 MVP 레이스에 도전하고 있다.,김도영,positive,,True,"롯데 vs 키움 (홈) 5-6 패 | 결승타: 오선진(11회) | 홈런: 안치홍2호, 임병욱1호, 박승욱1호 | 타자 키플레이어: 박승욱(롯데), 장두성(롯데), 레이예스(롯데) | 투수 키플레이어: 박진형(키움), 정철원(롯데), 유토(키움)"
76,투구 혁명 시작? 이제 투수-포수 아닌 벤치가 사인 낸다…ML에 부는 새 ...,"MLB닷컴은 29일(한국시각) '마이애미 말린스와 콜로라도 로키스는 올 시즌 더그아웃에서 투구 지시를 내리고 있으며, 뉴욕 메츠와 샌프란시스코 자이언츠는 최근 몇 달 간 이런 방안을 시험하거나 논의한 팀'이라고 밝혔다....",www.sportschosun.com,2026-04-30T03:00:00,,ETC,,0.9,,,False,MLB에서 벤치가 투구 지시를 내리는 새로운 방식이 논의되고 있다.,,,,False,"롯데 vs 키움 (홈) 5-6 패 | 결승타: 오선진(11회) | 홈런: 안치홍2호, 임병욱1호, 박승욱1호 | 타자 키플레이어: 박승욱(롯데), 장두성(롯데), 레이예스(롯데) | 투수 키플레이어: 박진형(키움), 정철원(롯데), 유토(키움)"
77,"초대형 트레이드 주인공, 1군 복귀전 1⅔이닝 무실점…연장 11회 혈투 패...",프로야구 롯데 자이언츠 정철원(27)이 1군 복귀전에서 깔끔한 무실점 투구를 해냈다. 정철원은 29일 부산 사직구장에서 열린 ‘2026 신한은행 SOL Bank KBO리그’ 키움 히어로즈와의 경기에 구원등판해 1⅔이닝 1피안타...,www.osen.co.kr,2026-04-30T02:21:00,,INJURY_ROSTER,,1.0,,,True,정철원이 1군 복귀전에서 무실점 투구를 기록했다.,정철원,positive,,True,"롯데 vs 키움 (홈) 5-6 패 | 결승타: 오선진(11회) | 홈런: 안치홍2호, 임병욱1호, 박승욱1호 | 타자 키플레이어: 박승욱(롯데), 장두성(롯데), 레이예스(롯데) | 투수 키플레이어: 박진형(키움), 정철원(롯데), 유토(키움)"
78,“프로야구가 밥 먹여주냐고?”…회장님 지원금 비웃는 ‘방망이 경제학...,"◆롯데의 반란, ‘지원금 60%’에서 ‘영업이익 165억’ 우량기업으로 재무 구조 변화의 가장 극적인 사례는 롯데 자이언츠다. 10년 전인 2015년, 롯데의 전체 매출에서 그룹 지원금이 차지하는 비중은 59.4%에 달했다....",www.segye.com,2026-04-30T02:06:00,,CLUB_OPERATION,,0.9,,,True,롯데 자이언츠가 재무 구조를 개선하며 우량기업으로 성장하고 있다.,,positive,,False,"롯데 vs 키움 (홈) 5-6 패 | 결승타: 오선진(11회) | 홈런: 안치홍2호, 임병욱1호, 박승욱1호 | 타자 키플레이어: 박승욱(롯데), 장두성(롯데), 레이예스(롯데) | 투수 키플레이어: 박진형(키움), 정철원(롯데), 유토(키움)"
79,"[속보] '3G 연속 무안타' 김혜성, 하필 이럴 때 사이영상 출신과 만나다...",직전 등판이었던 24일 샌프란시스코 자이언츠를 상대로 8이닝 1피안타 1볼넷 9탈삼진 무실점으로 승리 투수가 된 바 있다. 마이애미는 중견수 제이콥 마르시-지명타자 카일 스타워스-유격수 오토 로페즈-2루수...,www.osen.co.kr,2026-04-30T01:50:00,,ETC,,0.0,gpt_missing_index;excluded_mlb_giants,,False,김혜성이 사이영상 출신 투수와의 맞대결에서 어려움을 겪고 있다.,김혜성,,,True,"롯데 vs 키움 (홈) 5-6 패 | 결승타: 오선진(11회) | 홈런: 안치홍2호, 임병욱1호, 박승욱1호 | 타자 키플레이어: 박승욱(롯데), 장두성(롯데), 레이예스(롯데) | 투수 키플레이어: 박진형(키움), 정철원(롯데), 유토(키움)"
80,"한화에 군필 좌완까지 내줬는데…논란에 휩싸인 트레이드, 38세 안타왕 ...","손아섭은 지난주 사직 롯데 자이언츠전, 잠실 LG 트윈스전에서도 반등 계기를 만들지 못했다. 26일 LG전과 28일 잠실 삼성전에서 2경기 연속 선발에서 제외되는 수모까지 겪었다. 두 경기 모두 대타로 나섰으나 26일...",www.osen.co.kr,2026-04-30T01:43:00,,TRANSACTION_CONTRACT,,1.0,,,True,손아섭이 최근 경기에서 부진하며 논란이 일고 있다.,손아섭,negative,,True,"롯데 vs 키움 (홈) 5-6 패 | 결승타: 오선진(11회) | 홈런: 안치홍2호, 임병욱1호, 박승욱1호 | 타자 키플레이어: 박승욱(롯데), 장두성(롯데), 레이예스(롯데) | 투수 키플레이어: 박진형(키움), 정철원(롯데), 유토(키움)"
81,"'욕설한 러싱'에게 한마디도 못하고 이불킥! ""당황스러웠다""…직접 따질...","지난 샌프란시스코 자이언츠와의 시리즈에서는 외야수 이정후가 홈에서 아웃당하는 상황에서 부적절한 발언을 했다. 이 발언은 샌프란시스코 팬들의 반감을 샀고, 그 여파는 다른 팀에게도 번지고 있다. 매체는 '러싱은...",www.sportschosun.com,2026-04-30T01:33:00,,ETC,,0.0,gpt_missing_index;excluded_mlb_giants,,False,롯데가 키움에 패배하며 아쉬운 경기를 치렀다.,이정후,,,True,"롯데 vs 키움 (홈) 5-6 패 | 결승타: 오선진(11회) | 홈런: 안치홍2호, 임병욱1호, 박승욱1호 | 타자 키플레이어: 박승욱(롯데), 장두성(롯데), 레이예스(롯데) | 투수 키플레이어: 박진형(키움), 정철원(롯데), 유토(키움)"
82,"'아내를 숨겨라' 日 사사키, 시선 확 끄네…'여성의 밤' 남편 등장곡 리...","일본에선 요미우리 자이언츠, 뉴욕 양키스에서 맹활약했던 유명 타자 마쓰이 히데키(52)가 역시 부인을 한 번도 공개한 적이 없는 것으로 유명하다. 마쓰이는 2013년 故 나가시마 시게오 감독과 국민영예상을 동반 수상할...",www.xportsnews.com,2026-04-30T01:31:00,,ETC,,0.0,gpt_missing_index,,True,롯데가 키움에 패배하며 아쉬운 경기를 치렀다.,,negative,,True,"롯데 vs 키움 (홈) 5-6 패 | 결승타: 오선진(11회) | 홈런: 안치홍2호, 임병욱1호, 박승욱1호 | 타자 키플레이어: 박승욱(롯데), 장두성(롯데), 레이예스(롯데) | 투수 키플레이어: 박진형(키움), 정철원(롯데), 유토(키움)"
83,"친정팀 롯데 상대로 1834일 만에 승리, 2차 드래프트 이적생 “아직 할 ...",프로야구 키움 히어로즈 박진형(32)이 친정팀 롯데 자이언츠를 상대로 5년 만에 승리를 따냈다. 박진형은 29일 부산 사직구장에서 열린 ‘2026 신한은행 SOL Bank KBO리그’ 롯데와의 경기에 구원등판해 2이닝 1피안타 2볼넷...,www.osen.co.kr,2026-04-30T01:22:00,,TRANSACTION_CONTRACT,,1.0,,,True,박진형이 롯데를 상대로 5년 만에 승리를 거두었다.,박진형,negative,,True,"롯데 vs 키움 (홈) 5-6 패 | 결승타: 오선진(11회) | 홈런: 안치홍2호, 임병욱1호, 박승욱1호 | 타자 키플레이어: 박승욱(롯데), 장두성(롯데), 레이예스(롯데) | 투수 키플레이어: 박진형(키움), 정철원(롯데), 유토(키움)"
84,"'날 버린 팀에 비수 꽂은 투구 후 눈물 왈칵', 친정팀 다시 만난 키움 박...",29일 부산 사직야구장에서 KBO리그 롯데와 키움의 주중 3연전 두 번째 경기가 열렸다. 키움은 11회 연장 끝에 롯데에 승리하며 전날 패배를 설욕했다. 키움은 9회 마운드에 오른 박진형이 2이닝을 무실점으로 막아내며...,www.sportschosun.com,2026-04-30T01:12:00,,MATCH_RELATED,,0.9,,,True,키움이 롯데를 상대로 연장전에서 승리했다.,박진형,negative,,True,"롯데 vs 키움 (홈) 5-6 패 | 결승타: 오선진(11회) | 홈런: 안치홍2호, 임병욱1호, 박승욱1호 | 타자 키플레이어: 박승욱(롯데), 장두성(롯데), 레이예스(롯데) | 투수 키플레이어: 박진형(키움), 정철원(롯데), 유토(키움)"
85,"KBO 프로야구, 30일 경기 일정·선발 투수·중계→순위·예매 방법?","히어로즈-롯데 자이언츠(부산 사직야구장)에서 경기가 진행된다. 선발 투수는 삼성(최원태)-두산(최승용), LG(임찬규)-KT(보쉴리), SSG(김건우)-한화(류현진), KIA(올러)-NC(테일러), 키움(배동현)-롯데...",www.topstarnews.net,2026-04-30T00:58:00,,MATCH_RELATED,,0.9,,,True,롯데와 키움의 경기가 예정되어 있다.,,neutral,,True,"롯데 vs 키움 (홈) 5-6 패 | 결승타: 오선진(11회) | 홈런: 안치홍2호, 임병욱1호, 박승욱1호 | 타자 키플레이어: 박승욱(롯데), 장두성(롯데), 레이예스(롯데) | 투수 키플레이어: 박진형(키움), 정철원(롯데), 유토(키움)"
86,[오늘의 경기] 2026년 4월 30일,프로야구 KIA(올러)-NC(테일러·창원·SBS스포츠) LG(임찬규)-KT(보쉴리·수원·SPOTV2) SSG(김건우)-한화(류현진·대전·MBC스포츠+) 삼성(최원태)-두산(최승용·잠실·SPOTV2) 키움(배동현)-롯데(비슬리·사직·KBS N...,www.chosun.com,2026-04-30T00:45:00,,ETC,,0.0,gpt_missing_index,,True,롯데와 키움의 경기가 예정되어 있다.,,neutral,,True,"롯데 vs 키움 (홈) 5-6 패 | 결승타: 오선진(11회) | 홈런: 안치홍2호, 임병욱1호, 박승욱1호 | 타자 키플레이어: 박승욱(롯데), 장두성(롯데), 레이예스(롯데) | 투수 키플레이어: 박진형(키움), 정철원(롯데), 유토(키움)"
87,"어제 영웅이 오늘 역적이라니, 9년 만에 데뷔 첫 승→만루 악송구 실책...",프로야구 롯데 자이언츠 현도훈이 데뷔 첫 승리를 거둔 바로 다음 경기에서 치명적인 실책을 저지르며 연장 11회 혈투 패배의 빌미를 제공하고 말았다. 현도훈은 29일 부산 사직구장에서 열린 ‘2026 신한은행 SOL Bank...,www.osen.co.kr,2026-04-30T00:43:00,,PERFORMANCE_ANALYSIS,MATCH_RELATED,0.9,,,True,현도훈이 데뷔 첫 승 후 실책으로 패배를 초래했다.,현도훈,negative,,True,"롯데 vs 키움 (홈) 5-6 패 | 결승타: 오선진(11회) | 홈런: 안치홍2호, 임병욱1호, 박승욱1호 | 타자 키플레이어: 박승욱(롯데), 장두성(롯데), 레이예스(롯데) | 투수 키플레이어: 박진형(키움), 정철원(롯데), 유토(키움)"
88,"""데릭 지터가 떠올랐다"" 전민재 환상 수비쇼…패배 속 롯데 팬들 위로한...","롯데 자이언츠는 연장 11회 접전 끝에 키움 히어로즈에 5-6으로 아쉽게 패했지만, 전민재가 보여준 공수 활약은 사직구장을 찾은 팬들에게 큰 위안으로 남았다. 전민재는 29일 부산 사직구장에서 열린 2026 KBO리그 정규시즌...",www.ftimes.kr,2026-04-30T00:36:00,,MATCH_RELATED,INTERVIEW,0.9,,,True,전민재의 활약이 롯데 팬들에게 위안이 되었습니다.,전민재,negative,,True,"롯데 vs 키움 (홈) 5-6 패 | 결승타: 오선진(11회) | 홈런: 안치홍2호, 임병욱1호, 박승욱1호 | 타자 키플레이어: 박승욱(롯데), 장두성(롯데), 레이예스(롯데) | 투수 키플레이어: 박진형(키움), 정철원(롯데), 유토(키움)"
89,"'1선발 특혜' 아니었다. 외국인 에이스 '벌써 휴가' 내막은 → ""다른 투...",키움은 29일 부산 사직구장에서 열린 롯데 자이언츠전을 앞두고 알칸타라를 1군에서 말소했다. 단순 체력 안배 차원이다. 흔치 않은 운영이다. 7월 8월 혹서기나 올스타 브레이크 전후에 자주 볼 수 있는 광경이다. 키움은...,www.sportschosun.com,2026-04-30T00:33:00,,INJURY_ROSTER,,1.0,,,True,롯데 자이언츠가 키움과의 경기에서 패배했다.,,negative,,True,"롯데 vs 키움 (홈) 5-6 패 | 결승타: 오선진(11회) | 홈런: 안치홍2호, 임병욱1호, 박승욱1호 | 타자 키플레이어: 박승욱(롯데), 장두성(롯데), 레이예스(롯데) | 투수 키플레이어: 박진형(키움), 정철원(롯데), 유토(키움)"
90,"'비보' 모두가 사랑했던 '성실함의 대명사' 35세에 사망, 슬픔 속 애도 ...","총 8시즌 중 6시즌을 애리조나에서 보냈고, 뉴욕 자이언츠, 오클랜드 레이더스(현 라스베이거스 레이더스), 잭슨빌 재규어스 유니폼을 입기도 했다. 특히 2016년에는 15경기에 출전해 13경기를 선발로 뛰며 32개의 태클을...",www.starnewskorea.com,2026-04-30T00:31:00,,ETC,,0.0,gpt_missing_index,,True,슬픈 소식이 전해졌다.,,neutral,,False,"롯데 vs 키움 (홈) 5-6 패 | 결승타: 오선진(11회) | 홈런: 안치홍2호, 임병욱1호, 박승욱1호 | 타자 키플레이어: 박승욱(롯데), 장두성(롯데), 레이예스(롯데) | 투수 키플레이어: 박진형(키움), 정철원(롯데), 유토(키움)"
91,KBO 이틀 연속 연장 3경기 '사상 처음'…kt 끝내기 2연승·KIA 화력쇼,연장 11회초 스퀴즈 번트로 결승점을 뽑아내며 롯데 자이언츠를 6-5로 제압했다. 롯데는 11회말 끝내기 기회를 살리지 못하며 아쉬움을 삼켰다. 이날 잠실과 대전 경기는 연장 없이 마무리됐다. 두산 베어스는 선발...,www.m-i.kr,2026-04-30T00:18:00,,MATCH_RELATED,,0.9,,,True,롯데가 키움에게 연장전에서 패배했다.,안치홍;임병욱;박승욱,negative,,True,"롯데 vs 키움 (홈) 5-6 패 | 결승타: 오선진(11회) | 홈런: 안치홍2호, 임병욱1호, 박승욱1호 | 타자 키플레이어: 박승욱(롯데), 장두성(롯데), 레이예스(롯데) | 투수 키플레이어: 박진형(키움), 정철원(롯데), 유토(키움)"
92,4이닝 8실점 이후 다시 배터리로 호흡한 유강남-엘빈...절반의 성공 [IS...,26일 만에 배터리를 이룬 로드리게스-유강남(이상 롯데 자이언츠)가 나쁘지 않은 호흡을 보여줬다. 롯데 '1선발' 로드리게스는 29일 부산 사직구장에서 열린 2026 KBO리그 정규시즌 키움 히어로즈와의 홈 주중 3연전 2차전에...,isplus.com,2026-04-30T00:10:00,,PERFORMANCE_ANALYSIS,MATCH_RELATED,0.9,,,True,유강남과 로드리게스의 배터리가 나쁘지 않았다.,로드리게스;유강남,neutral,,True,"롯데 vs 키움 (홈) 5-6 패 | 결승타: 오선진(11회) | 홈런: 안치홍2호, 임병욱1호, 박승욱1호 | 타자 키플레이어: 박승욱(롯데), 장두성(롯데), 레이예스(롯데) | 투수 키플레이어: 박진형(키움), 정철원(롯데), 유토(키움)"
93,"우승 경쟁팀에 호구잡히면 치명타...충격적 연패 LG, 이러면 2연속 우승...","2024년 우승팀 KIA 타이거즈 역시 두산 베어스, SSG 랜더스, 롯데 자이언츠에 밀렸지만 근소한 차이였다. 그 나머지 팀들과의 상대 전적에서 압도적 우세를 보이며 1위를 차지했었다. 특히 내가 약한 상대가, 함께 우승...",www.sportschosun.com,2026-04-30T00:07:00,,ETC,,0.0,gpt_missing_index,,True,롯데가 우승 경쟁에서 어려움을 겪고 있다.,,negative,,False,"롯데 vs 키움 (홈) 5-6 패 | 결승타: 오선진(11회) | 홈런: 안치홍2호, 임병욱1호, 박승욱1호 | 타자 키플레이어: 박승욱(롯데), 장두성(롯데), 레이예스(롯데) | 투수 키플레이어: 박진형(키움), 정철원(롯데), 유토(키움)"
94,[2026 프로야구 일정] 4월 30일 구단별 선발투수와 생중계 채널,▲ 잠실종합운동장-  삼성 라이온즈 최원태 vs 두산 베어스 최승용 (SPOTV) ▲ 부산사직야구장 - 키움 히어로즈 배동현 VS 롯데 자이언츠 비슬리 (KBS N SPORT) ▲ 수원KT위즈파크 - LG 트윈스 임찬규 VS KT...,www.gukjenews.com,2026-04-30T00:06:00,,ETC,,0.0,gpt_missing_index,,True,롯데 자이언츠의 선발투수 정보가 공개되었다.,,neutral,,False,"롯데 vs 키움 (홈) 5-6 패 | 결승타: 오선진(11회) | 홈런: 안치홍2호, 임병욱1호, 박승욱1호 | 타자 키플레이어: 박승욱(롯데), 장두성(롯데), 레이예스(롯데) | 투수 키플레이어: 박진형(키움), 정철원(롯데), 유토(키움)"
95,"연장 혈투→롯데 격파, 설종진 감독 ""선수들 집중력 잃지 않아…오선진...","""오선진 공·수에서 좋은 모습"" 키움 히어로즈는 29일 부산 사직구장에서 열린 2026 신한은행 SOL Bank KBO리그 롯데 자이언츠와 팀 간 시즌 5차전 원정 맞대결에서 연장 11회 승부 끝에 6-5로 승리했다. 경기 초반부터...",www.spotvnews.co.kr,2026-04-30T00:06:00,,MATCH_RELATED,,0.9,,,True,키움이 롯데를 연장전에서 이겼다.,,negative,,True,"롯데 vs 키움 (홈) 5-6 패 | 결승타: 오선진(11회) | 홈런: 안치홍2호, 임병욱1호, 박승욱1호 | 타자 키플레이어: 박승욱(롯데), 장두성(롯데), 레이예스(롯데) | 투수 키플레이어: 박진형(키움), 정철원(롯데), 유토(키움)"
96,정규이닝까지 완벽했던 윤동희 1군 복귀전...연장 두 타석은 아쉽네 [IS...,11일 만에 1군 복귀전을 치른 윤동희(23·롯데 자이언츠)가 공격과 수비 모두 정갈한 플레이를 보여줬다. 윤동희는 29일 부산 사직구장에서 열린 2026 KBO리그 정규시즌 키움 히어로즈와의 홈 주중 3연전 2차전에 5번 타자...,isplus.com,2026-04-30T00:05:00,,INJURY_ROSTER,,1.0,,,True,윤동희가 1군 복귀전에서 좋은 모습을 보였다.,윤동희,positive,,True,"롯데 vs 키움 (홈) 5-6 패 | 결승타: 오선진(11회) | 홈런: 안치홍2호, 임병욱1호, 박승욱1호 | 타자 키플레이어: 박승욱(롯데), 장두성(롯데), 레이예스(롯데) | 투수 키플레이어: 박진형(키움), 정철원(롯데), 유토(키움)"
97,"'와' 박진형이 롯데 잡았다! 2021년 이후 무려 5년 만에 구원승 ""아직 할...",박진형은 29일 부산 사직구장에서 열린 롯데 자이언츠와의 원정 경기에 5-5로 맞선 9회말 6번째 투수로 등판해 2이닝 무실점 역투를 선보이며 구원승을 따냈다. 이는 롯데 소속이던 지난 2021년 4월 21일 사직 두산전 이후 약...,www.starnewskorea.com,2026-04-30T00:05:00,,MATCH_RELATED,,0.9,,,True,박진형이 롯데를 상대로 구원승을 거두었다.,박진형,negative,,True,"롯데 vs 키움 (홈) 5-6 패 | 결승타: 오선진(11회) | 홈런: 안치홍2호, 임병욱1호, 박승욱1호 | 타자 키플레이어: 박승욱(롯데), 장두성(롯데), 레이예스(롯데) | 투수 키플레이어: 박진형(키움), 정철원(롯데), 유토(키움)"
98,타이거즈 톱타자 고민 해결하나… 2년차 박재현의 급부상,지난 26일 광주 롯데 자이언츠 이후 3경기 연속 톱타자 낙점. 데뷔 시즌인 지난해 한 번까지 포함해 통산 다섯 번째다. 이범호 감독은 박재현 기용에 대해 “빠른 타자를 넣어서 좋은 분위기를 만들고 싶다”고 했다....,www.joongang.co.kr,2026-04-30T00:05:00,,INJURY_ROSTER,,1.0,,,True,박재현이 톱타자로 급부상하며 팀에 기여하고 있다.,박재현,neutral,,False,"롯데 vs 키움 (홈) 5-6 패 | 결승타: 오선진(11회) | 홈런: 안치홍2호, 임병욱1호, 박승욱1호 | 타자 키플레이어: 박승욱(롯데), 장두성(롯데), 레이예스(롯데) | 투수 키플레이어: 박진형(키움), 정철원(롯데), 유토(키움)"
99,"1834일 만에 승수 얻은 박진형이 키움·롯데팬에 전하는 메시지...""저 아...","롯데 자이언츠가 마지막으로 포스트시즌(PS)에 진출한 2017년, 당시 셋업맨이었던 박진형(32)이 키움 히어로즈 유니폼을 입고 사직구장으로 돌아와 의미 있는 기록을 새겼다. 박진형은 29일 부산 사직구장에서 열린 2026...",isplus.com,2026-04-30T00:03:00,,INTERVIEW,,0.9,,,True,박진형이 1834일 만에 승수를 기록하며 메시지를 전했다.,박진형,negative,,True,"롯데 vs 키움 (홈) 5-6 패 | 결승타: 오선진(11회) | 홈런: 안치홍2호, 임병욱1호, 박승욱1호 | 타자 키플레이어: 박승욱(롯데), 장두성(롯데), 레이예스(롯데) | 투수 키플레이어: 박진형(키움), 정철원(롯데), 유토(키움)"
100,"전민재, 데릭 지터 시그니처 수비 재연...연장 패전 롯데팬 유일한 위안...","전민재(27·롯데 자이언츠)의 경기력이 점점 좋아지고 있다. 전민재는 29일 부산 사직구장에서 열린 2026 KBO리그 정규시즌 키움 히어로즈와의 홈 주중 3연전 2차전에 7번 타자·유격수로 선발 출전, 공·수 모두 맹활약했다....",isplus.com,2026-04-30T00:01:00,,PERFORMANCE_ANALYSIS,MATCH_RELATED,0.9,,,True,전민재가 뛰어난 수비로 롯데 팬들에게 위안을 주었다.,전민재,neutral,,True,"롯데 vs 키움 (홈) 5-6 패 | 결승타: 오선진(11회) | 홈런: 안치홍2호, 임병욱1호, 박승욱1호 | 타자 키플레이어: 박승욱(롯데), 장두성(롯데), 레이예스(롯데) | 투수 키플레이어: 박진형(키움), 정철원(롯데), 유토(키움)"
101,역대 최초 이틀 연속 3경기 연장전…KT·KIA·키움 승리,"키움 히어로즈는 절묘한 스퀴즈 번트로 연장 11회초에 결승점을 내 롯데 자이언츠를 따돌렸습니다. 역대 하루에 3경기 연장전이 벌어진 사례는 2010년 4월 9일, 2016년 7월 9일, 그리고 2026년 4월 28일과 29일입니다....",news.sbs.co.kr,2026-04-29T23:59:00,,MATCH_RELATED,,0.9,,,True,키움이 롯데를 상대로 연장전에서 승리했다.,,negative,,True,"롯데 vs 키움 (홈) 5-6 패 | 결승타: 오선진(11회) | 홈런: 안치홍2호, 임병욱1호, 박승욱1호 | 타자 키플레이어: 박승욱(롯데), 장두성(롯데), 레이예스(롯데) | 투수 키플레이어: 박진형(키움), 정철원(롯데), 유토(키움)"
102,"한 이닝만 던지면 되는데, 한국계 3세 왜 5회 안 올라왔나…153km KKKK→우...","시즌 첫 등판 3월 28일 인천 KIA 타이거즈전 4이닝 9피안타 4사사구 4탈삼진 5실점 노 디시전을 기록했고, 4월 3일 부산 롯데 자이언츠전에서 7이닝 6피안타 4사사구 4탈삼진 2실점 퀄리티스타트 플러스(선발 7이닝...",www.mydaily.co.kr,2026-04-29T23:41:00,,PERFORMANCE_ANALYSIS,,0.9,,,True,한국계 3세 투수가 시즌 첫 등판에서 아쉬운 성적을 남겼다.,,negative,,True,"롯데 vs 키움 (홈) 5-6 패 | 결승타: 오선진(11회) | 홈런: 안치홍2호, 임병욱1호, 박승욱1호 | 타자 키플레이어: 박승욱(롯데), 장두성(롯데), 레이예스(롯데) | 투수 키플레이어: 박진형(키움), 정철원(롯데), 유토(키움)"
103,"‘연장 11회 짜릿한 스퀴즈 성공’ 키움, 롯데 6-5 제압 “팽팽한 연장...",프로야구 키움 히어로즈가 연장 11회까지 가는 혈투 끝에 승리를 거뒀다. 키움은 29일 부산 사직구장에서 열린 ‘2026 신한은행 SOL Bank KBO리그’ 롯데와의 경기에서 연장 11회까지 가는 혈투 끝에 6-5로 승리했다. 지난...,www.osen.co.kr,2026-04-29T23:41:00,,MATCH_RELATED,,0.9,,,True,키움이 연장 11회에서 롯데를 제압하며 승리했다.,,negative,,True,"롯데 vs 키움 (홈) 5-6 패 | 결승타: 오선진(11회) | 홈런: 안치홍2호, 임병욱1호, 박승욱1호 | 타자 키플레이어: 박승욱(롯데), 장두성(롯데), 레이예스(롯데) | 투수 키플레이어: 박진형(키움), 정철원(롯데), 유토(키움)"
104,"대타로 나와도 삼진, 한동희를 어찌할꼬 [부산 현장]",롯데 자이언츠 우타 거포 한동희가 타격 슬럼프에 빠졌다. 선발에서 빠지고 승부처에 대타로 나왔지만 삼진을 당하고 말았다. 김태형 롯데 감독은 29일 부산 사직구장에서 열린 키움 히어로즈와 경기에 한동희를...,www.sportschosun.com,2026-04-29T23:28:00,,PERFORMANCE_ANALYSIS,,0.9,,,True,한동희가 타격 슬럼프에 빠져 어려움을 겪고 있다.,한동희,negative,,True,"롯데 vs 키움 (홈) 5-6 패 | 결승타: 오선진(11회) | 홈런: 안치홍2호, 임병욱1호, 박승욱1호 | 타자 키플레이어: 박승욱(롯데), 장두성(롯데), 레이예스(롯데) | 투수 키플레이어: 박진형(키움), 정철원(롯데), 유토(키움)"
105,[SW포커스] 1승이 급한 롯데…결정적인 순간마다 고개 드는 수비 불안,"사진=롯데자이언츠 제공 연장 11회까지 가는 치열한 접전, 끝내 웃지 못했다. 프로야구 롯데는 29일 부산 사직구장에서 열린 키움과의 ‘2026 신한 SOL KBO리그’ 홈경기를 펼쳤다. 1선발 엘빈 로드리게스가 선발투수로 나선...",www.sportsworldi.com,2026-04-29T23:17:00,,MATCH_RELATED,CLUB_OPERATION,0.9,,,True,롯데가 연장 11회까지 가는 접전에서 패배했다.,박승욱,negative,,True,"롯데 vs 키움 (홈) 5-6 패 | 결승타: 오선진(11회) | 홈런: 안치홍2호, 임병욱1호, 박승욱1호 | 타자 키플레이어: 박승욱(롯데), 장두성(롯데), 레이예스(롯데) | 투수 키플레이어: 박진형(키움), 정철원(롯데), 유토(키움)"
106,"[IS 승장] '5할 승률 회복' 이범호 감독 ""박재현이 계속해서 좋은 모습,...",특히 김호령은 지난해 7월 5일 광주 롯데 자이언츠전 이후 298일 만에 멀티 홈런을 터뜨리며 강렬한 존재감을 과시했다. 선발 이의리는 5이닝 5피안타 3실점. 팀의 다섯 번째 투수로 마운드에 오른 정해영이 2이닝...,isplus.com,2026-04-29T23:10:00,,MATCH_RELATED,PERFORMANCE_ANALYSIS,0.9,,,True,이범호 감독이 박재현의 활약을 칭찬했습니다.,박재현,positive,,True,"롯데 vs 키움 (홈) 5-6 패 | 결승타: 오선진(11회) | 홈런: 안치홍2호, 임병욱1호, 박승욱1호 | 타자 키플레이어: 박승욱(롯데), 장두성(롯데), 레이예스(롯데) | 투수 키플레이어: 박진형(키움), 정철원(롯데), 유토(키움)"
107,오늘의 경기(4월 30일),△프로야구= KIA-NC(창원) LG-kt(수원) SSG-한화(대전) 삼성-두산(잠실) 키움-롯데(부산·이상 18시30분) △프로농구= 4강 플레이오프 4차전 KCC-정관장(19시·부산사직체육관) △골프= KPGA 투어 제45회 GS칼텍스 매경오픈...,www.idaegu.co.kr,2026-04-29T23:04:00,,MATCH_RELATED,,0.9,,,True,오늘 롯데는 키움과의 경기를 치른다.,,neutral,,True,"롯데 vs 키움 (홈) 5-6 패 | 결승타: 오선진(11회) | 홈런: 안치홍2호, 임병욱1호, 박승욱1호 | 타자 키플레이어: 박승욱(롯데), 장두성(롯데), 레이예스(롯데) | 투수 키플레이어: 박진형(키움), 정철원(롯데), 유토(키움)"
108,"[IS 스타] ""만회해 이기고 싶었다"" 298일 만에 멀티 홈런…NC 집어삼킨 김...",지난해 7월 5일 광주 롯데 자이언츠전에 이어 298일 만에 기록한 멀티 홈런이었다. 시즌 첫 6경기 0.167에 머물렀던 시즌 타율은 어느새 0.300(110타수 33안타)까지 끌어올렸다. 출루율(0.364)과 장타율(0.464)을 합한 OPS도 0....,isplus.com,2026-04-29T22:58:00,,PERFORMANCE_ANALYSIS,,0.9,,,True,김호령이 298일 만에 멀티 홈런을 기록했다.,김호령,positive,,True,"롯데 vs 키움 (홈) 5-6 패 | 결승타: 오선진(11회) | 홈런: 안치홍2호, 임병욱1호, 박승욱1호 | 타자 키플레이어: 박승욱(롯데), 장두성(롯데), 레이예스(롯데) | 투수 키플레이어: 박진형(키움), 정철원(롯데), 유토(키움)"
109,"KBO 프로야구, 29일 경기 결과→현재 팀 순위?","히어로즈-롯데 자이언츠(부산 사직야구장)에서 경기가 진행됐다. 경기 결과 삼성-두산 0:4, LG-KT 4:5, SSG-한화 6:1, KIA-NC 9:4, 키움-롯데 6:5로 경기가 종료됐다. 현재 팀 순위는 1위 KT(19승 8패), 공동 2위 LG(16승...",www.topstarnews.net,2026-04-29T22:56:00,,MATCH_RELATED,,0.9,,,True,롯데가 키움에 패하며 현재 팀 순위가 하락했다.,,negative,,True,"롯데 vs 키움 (홈) 5-6 패 | 결승타: 오선진(11회) | 홈런: 안치홍2호, 임병욱1호, 박승욱1호 | 타자 키플레이어: 박승욱(롯데), 장두성(롯데), 레이예스(롯데) | 투수 키플레이어: 박진형(키움), 정철원(롯데), 유토(키움)"
110,"[AI프리뷰] '오선진 연장 스퀴즈' 키움, 롯데 6-5로 꺾고 전날 패배 설욕",한지용 인턴기자= 프로야구 키움 히어로즈가 연장 11회 혈투 끝에 롯데 자이언츠를 꺾고 전날 패배를 설욕했다. 키움은 오선진의 스퀴즈 번트 작전으로 값진 승리를 챙겼다. 키움은 29일 부산 사직야구장에서 열린...,www.newspim.com,2026-04-29T22:54:00,,MATCH_RELATED,,0.9,,,True,키움이 연장전에서 롯데를 꺾고 승리했다.,,negative,,True,"롯데 vs 키움 (홈) 5-6 패 | 결승타: 오선진(11회) | 홈런: 안치홍2호, 임병욱1호, 박승욱1호 | 타자 키플레이어: 박승욱(롯데), 장두성(롯데), 레이예스(롯데) | 투수 키플레이어: 박진형(키움), 정철원(롯데), 유토(키움)"
111,역대 최초 이틀 연속 3경기 연장전…kt·KIA·키움 웃었다(종합),"키움 히어로즈는 절묘한 스퀴즈 번트로 연장 11회초에 결승점을 내 롯데 자이언츠를 따돌렸다. 역대 하루에 3경기 연장전이 벌어진 사례는 2010년 4월 9일, 2016년 7월 9일, 그리고 2026년 4월 28일과 29일이다. 이틀 연속...",www.yna.co.kr,2026-04-29T22:51:00,,MATCH_RELATED,,0.9,,,True,키움이 롯데를 연장전에서 이기며 승리했다.,,negative,,True,"롯데 vs 키움 (홈) 5-6 패 | 결승타: 오선진(11회) | 홈런: 안치홍2호, 임병욱1호, 박승욱1호 | 타자 키플레이어: 박승욱(롯데), 장두성(롯데), 레이예스(롯데) | 투수 키플레이어: 박진형(키움), 정철원(롯데), 유토(키움)"
112,"선두 KT, LG에 연이틀 연장 끝내기 승리…SSG 공동 2위 점프(종합)","키움 히어로즈는 부산 경기에서 연장 11회초 오선진의 스퀴즈 번트 안타로 결승점을 따내며 '최하위' 롯데 자이언츠를 6-5로 눌렀다. 키움은 5-3으로 앞선 8회말 김재웅이 박승욱에게 동점 투런포를 허용했지만, 연장...",www.news1.kr,2026-04-29T22:48:00,,MATCH_RELATED,,0.9,,,True,키움이 롯데를 연장전에서 꺾고 승리했다.,,negative,,True,"롯데 vs 키움 (홈) 5-6 패 | 결승타: 오선진(11회) | 홈런: 안치홍2호, 임병욱1호, 박승욱1호 | 타자 키플레이어: 박승욱(롯데), 장두성(롯데), 레이예스(롯데) | 투수 키플레이어: 박진형(키움), 정철원(롯데), 유토(키움)"
113,"'오선진 결승타' 키움, 연장 11회 혈투 끝에 롯데 6-5 제압",키움 히어로즈가 연장 접전 끝에 롯데 자이언츠를 꺾고 전날 패배를 설욕했다. 키움은 29일 부산 사직야구장에서 열린 2026 신한 SOL KBO리그 롯데와 원정 경기에서 6-5로 승리했다. 이로써 시리즈 균형을 맞춘 키움은 11승...,www.stoo.com,2026-04-29T22:46:00,,MATCH_RELATED,,0.9,,,True,롯데가 연장 접전 끝에 키움에게 패배했다.,박승욱,negative,,True,"롯데 vs 키움 (홈) 5-6 패 | 결승타: 오선진(11회) | 홈런: 안치홍2호, 임병욱1호, 박승욱1호 | 타자 키플레이어: 박승욱(롯데), 장두성(롯데), 레이예스(롯데) | 투수 키플레이어: 박진형(키움), 정철원(롯데), 유토(키움)"
114,"'홈런 5방' KIA, 연장 승부 끝에 NC 제압…KT, 이틀 연속 끝내기(종합)","치열한 최하위 경쟁이 벌어진 부산 사직구장에선 키움 히어로즈와 롯데 자이언츠가 1승 1패를 나눠가졌다. 전날(28일) 롯데에 일격을 당했던 키움은 이날 연장 11회 끝에 6-5 승리를 거두며 시즌 11승 16패를 기록, 9위...",www.newsis.com,2026-04-29T22:40:00,,MATCH_RELATED,,0.9,,,True,롯데가 키움과의 연장전에서 패배하며 시즌 10위에 머물렀다.,박승욱,negative,,True,"롯데 vs 키움 (홈) 5-6 패 | 결승타: 오선진(11회) | 홈런: 안치홍2호, 임병욱1호, 박승욱1호 | 타자 키플레이어: 박승욱(롯데), 장두성(롯데), 레이예스(롯데) | 투수 키플레이어: 박진형(키움), 정철원(롯데), 유토(키움)"
115,"와! 9위 키움, 10위 롯데와 대박 명승부 대혈전 승리! 1-0 → 1-2 → 3-2 →...",키움 히어로즈가 연장 혈투 끝에 롯데 자이언츠를 제압했다. 키움은 29일 부산 사직구장에서 열린 롯데와 경기에서 6대5로 승리했다. 11회초 오선진이 스퀴즈번트로 결승점을 만들었다. 키움 박진형은 1834일 만에...,www.sportschosun.com,2026-04-29T22:34:00,,MATCH_RELATED,,0.9,,,True,키움이 연장 혈투 끝에 롯데를 제압했다.,박승욱,negative,,True,"롯데 vs 키움 (홈) 5-6 패 | 결승타: 오선진(11회) | 홈런: 안치홍2호, 임병욱1호, 박승욱1호 | 타자 키플레이어: 박승욱(롯데), 장두성(롯데), 레이예스(롯데) | 투수 키플레이어: 박진형(키움), 정철원(롯데), 유토(키움)"
116,"롯데 2, 3루 통한의 무득점…'오선진 스퀴즈 성공' 11회 혈투, 키움이 웃...",키움 히어로즈가 롯데 자이언츠와 연장 승부 끝에 스퀴즈 번트로 승리했다. 키움은 29일 부산 사직구장에서 열린 2026 신한은행 SOL Bank KBO리그 롯데 자이언츠와 팀 간 시즌 5차전 원정 맞대결에서 6-5로 승리했다. # 롯데...,www.spotvnews.co.kr,2026-04-29T22:30:00,,MATCH_RELATED,,0.9,,,True,롯데가 연장전에서 키움에게 패하며 아쉬움을 남겼다.,박승욱,negative,,True,"롯데 vs 키움 (홈) 5-6 패 | 결승타: 오선진(11회) | 홈런: 안치홍2호, 임병욱1호, 박승욱1호 | 타자 키플레이어: 박승욱(롯데), 장두성(롯데), 레이예스(롯데) | 투수 키플레이어: 박진형(키움), 정철원(롯데), 유토(키움)"
117,"김원중 실점→전준우 1사 2·3루 삼진...롯데, 연장 11회 승부 끝에 키움...",10위 롯데 자이언츠가 9위 키움 히어로즈와의 승차를 좁히지 못했다. 롯데는 29일 부산 사직구장에서 열린 2026 KBO리그 정규시즌 키움 히어로즈와의 홈 주중 3연전 2차전에서 5-6으로 패했다. 전날 승리를 합작한 현도훈과...,isplus.com,2026-04-29T22:30:00,,MATCH_RELATED,,0.9,,,True,롯데가 키움과의 연장전에서 패배하며 승차를 좁히지 못했다.,박승욱,negative,,True,"롯데 vs 키움 (홈) 5-6 패 | 결승타: 오선진(11회) | 홈런: 안치홍2호, 임병욱1호, 박승욱1호 | 타자 키플레이어: 박승욱(롯데), 장두성(롯데), 레이예스(롯데) | 투수 키플레이어: 박진형(키움), 정철원(롯데), 유토(키움)"
118,"'오선진 11회 스퀴즈' 키움, '10위' 롯데와 연장 혈투 끝 6-5 제압! '임시...",'임시 선발' 오석주를 앞세운 키움 히어로즈가 혈투 끝에 '외국인선발' 엘빈 로드리게스를 앞세운 롯데 자이언츠를 꺾고 전날(28일) 패배를 설욕했다. 키움은 29일 부산 사직구장에서 열린 롯데와 '2026 신한 SOL KBO리그...,www.starnewskorea.com,2026-04-29T22:29:00,,MATCH_RELATED,,0.9,,,True,롯데가 연장전에서 키움에게 패하며 아쉬운 결과를 남겼다.,박승욱,negative,,True,"롯데 vs 키움 (홈) 5-6 패 | 결승타: 오선진(11회) | 홈런: 안치홍2호, 임병욱1호, 박승욱1호 | 타자 키플레이어: 박승욱(롯데), 장두성(롯데), 레이예스(롯데) | 투수 키플레이어: 박진형(키움), 정철원(롯데), 유토(키움)"
119,"설종진 '작전 야구' 빛났다...키움, 연장 11회 승부 끝에 6-5 신승→박진...",9위 키움 히어로즈가 10위 롯데 자이언츠와의 승차를 더 벌렸다. 키움은 29일 부산 사직구장에서 열린 2026 KBO리그 정규시즌 롯데 자이언츠와의 원정 주중 3연전 2차전에서 6-5로 승리했다. 연장 11회 초 작전 야구가...,isplus.com,2026-04-29T22:28:00,,MATCH_RELATED,,0.9,,,True,롯데가 키움과의 연장전에서 패배하며 10위에 머물렀다.,박승욱,negative,,True,"롯데 vs 키움 (홈) 5-6 패 | 결승타: 오선진(11회) | 홈런: 안치홍2호, 임병욱1호, 박승욱1호 | 타자 키플레이어: 박승욱(롯데), 장두성(롯데), 레이예스(롯데) | 투수 키플레이어: 박진형(키움), 정철원(롯데), 유토(키움)"
120,"연장 11회 스퀴즈 번트에 당했다, 롯데 탈꼴찌 도전 실패…키움, 1:0→1:...",프로야구 키움 히어로즈가 롯데 자이언츠의 치명적인 실책을 놓치지 않고 주중 3연전 1승 1패 균형을 맞췄다. 키움은 29일 부산 사직구장에서 열린 ‘2026 신한은행 SOL Bank KBO리그’ 롯데와의 경기에서 연장 11회까지 가는...,www.osen.co.kr,2026-04-29T22:27:00,,MATCH_RELATED,,0.9,,,True,롯데가 키움에게 연장전에서 패배하며 탈꼴찌 도전에 실패했다.,박승욱,negative,,True,"롯데 vs 키움 (홈) 5-6 패 | 결승타: 오선진(11회) | 홈런: 안치홍2호, 임병욱1호, 박승욱1호 | 타자 키플레이어: 박승욱(롯데), 장두성(롯데), 레이예스(롯데) | 투수 키플레이어: 박진형(키움), 정철원(롯데), 유토(키움)"
121,"김호령 멀티홈런 폭발… 승률 5할 KIA, NC 밀어내고 단독 5위","키움 히어로즈는 부산에서 롯데 자이언츠를 6-5로 이겼다. 연장 11회 초 선두타자 최주환의 2루타, 임병욱의 희생번트로 만든 1사 3루에서 오선진이 스퀴즈 번트로 결승점을 만들었다. 롯데는 11회 말 무사 1·2루 득점...",www.joongang.co.kr,2026-04-29T22:14:00,,MATCH_RELATED,,0.9,,,True,롯데가 키움에게 연장전에서 아쉽게 패했습니다.,박승욱,negative,,True,"롯데 vs 키움 (홈) 5-6 패 | 결승타: 오선진(11회) | 홈런: 안치홍2호, 임병욱1호, 박승욱1호 | 타자 키플레이어: 박승욱(롯데), 장두성(롯데), 레이예스(롯데) | 투수 키플레이어: 박진형(키움), 정철원(롯데), 유토(키움)"
122,인고의 세월 버틴 '늦깎이'들의 눈물,"[강민성/KT 내야수 : (부모님이) 옆에서 많이 응원해 주고 그랬는데, 좋은 시간이 온 것 같습니다. 좀 늦었지만, 앞으로라도 잘 해보겠다고 말씀드리고 싶어요.] (영상편집 : 황지영, 화면제공 : 롯데 자이언츠 kt wiz)",news.sbs.co.kr,2026-04-29T21:30:00,,ETC,,0.9,,,False,KT 내야수 강민성이 부모님의 응원에 감사의 마음을 전했습니다.,,,,False,"롯데 vs 키움 (홈) 5-6 패 | 결승타: 오선진(11회) | 홈런: 안치홍2호, 임병욱1호, 박승욱1호 | 타자 키플레이어: 박승욱(롯데), 장두성(롯데), 레이예스(롯데) | 투수 키플레이어: 박진형(키움), 정철원(롯데), 유토(키움)"
123,부산항 개항150주년 성우하이텍과 함께하는 2026 광안대교 국제 걷기축...,"출발지인 벡스코에서는 축제 시작을 알리는 롯데자이언츠 치어리더의 공연이 진행되며, 도착지인 국립부경대학교 대운동장에서는 온 가족이 함께 즐길 수 있는 공연과 경품 추첨 행사가 마련되어 있습니다....",www.kookje.co.kr,2026-04-29T20:38:00,,ETC,,0.9,,,True,롯데자이언츠 치어리더 공연으로 축제가 시작됩니다.,,neutral,,False,"롯데 vs 키움 (홈) 5-6 패 | 결승타: 오선진(11회) | 홈런: 안치홍2호, 임병욱1호, 박승욱1호 | 타자 키플레이어: 박승욱(롯데), 장두성(롯데), 레이예스(롯데) | 투수 키플레이어: 박진형(키움), 정철원(롯데), 유토(키움)"
124,"동아대, 부산 사직구장서 개교 80주년 ‘동아대데이’",동아대학교가 개교 80주년을 맞아 부산 사직야구장에서 재학생·교직원·동문 등 5000여 명이 참여한 가운데 ‘롯데자이언츠와 함께하는 동아대데이’(사진) 행사를 개최했다. 지난 22일과 28일 이틀간 진행된 행사는 1946년...,www.kookje.co.kr,2026-04-29T19:58:00,,MATCH_RELATED,INTERVIEW,0.9,,,True,동아대가 롯데자이언츠와 함께 개교 80주년 기념 행사를 개최했습니다.,,neutral,,False,"롯데 vs 키움 (홈) 5-6 패 | 결승타: 오선진(11회) | 홈런: 안치홍2호, 임병욱1호, 박승욱1호 | 타자 키플레이어: 박승욱(롯데), 장두성(롯데), 레이예스(롯데) | 투수 키플레이어: 박진형(키움), 정철원(롯데), 유토(키움)"
125,헐거워진 뒷문 프로야구 비상,"사직야구장에선 롯데 자이언츠와 키움 히어로즈의 하위권 경쟁이 치러졌다. 롯데는 8회 말까지 5-2로 우위를 점했다. 하지만 9회 말 최준용이 임병욱에게 볼넷, 박주홍에게 3루타, 트렌턴 브룩스에 안타를 맞고 2실점...",www.kookje.co.kr,2026-04-29T19:45:00,,MATCH_RELATED,,0.9,,,True,롯데가 8회까지 우세했으나 최종적으로 패배했습니다.,,negative,,True,"롯데 vs 키움 (홈) 5-6 패 | 결승타: 오선진(11회) | 홈런: 안치홍2호, 임병욱1호, 박승욱1호 | 타자 키플레이어: 박승욱(롯데), 장두성(롯데), 레이예스(롯데) | 투수 키플레이어: 박진형(키움), 정철원(롯데), 유토(키움)"
126,"동아대, 롯데자이언츠와 80주년 기념",동아대학교는 개교 80주년을 맞아 '롯데자이언츠와 함께하는 동아대데이(Dong-A Univ. Day)' 행사를 성황리에 개최했다고 29일 밝혔다. 부산 사직야구장에서 지난 22일과 28일 이틀에 걸쳐 진행된 이번 행사는 동아대의...,www.fnnews.com,2026-04-29T18:49:00,,ETC,,0.9,,,True,동아대학교가 롯데자이언츠와 함께 80주년 기념 행사를 성황리에 마쳤습니다.,,neutral,,False,"롯데 vs 키움 (홈) 5-6 패 | 결승타: 오선진(11회) | 홈런: 안치홍2호, 임병욱1호, 박승욱1호 | 타자 키플레이어: 박승욱(롯데), 장두성(롯데), 레이예스(롯데) | 투수 키플레이어: 박진형(키움), 정철원(롯데), 유토(키움)"
127,"장준용 동래구청장 후보 ""대한민국 교육 1번지 완성…명품 교육 도시 동...",도시 인프라 혁신 측면에서는 사직야구장 재건축 사업과 연계해 동래온천과 스포츠 인프라를 하나로 묶는 '웰니스 복합도시' 구축 사업을 본격적으로 추진한다. 사직구장 인근에 스포츠 메디컬 센터와 힐링센터를...,www.ikld.kr,2026-04-29T18:12:00,,ETC,,0.9,,,False,사직야구장 재건축 사업과 관련된 계획이 발표되었습니다.,,,,False,"롯데 vs 키움 (홈) 5-6 패 | 결승타: 오선진(11회) | 홈런: 안치홍2호, 임병욱1호, 박승욱1호 | 타자 키플레이어: 박승욱(롯데), 장두성(롯데), 레이예스(롯데) | 투수 키플레이어: 박진형(키움), 정철원(롯데), 유토(키움)"
128,'꼴찌 삼성의 최후통첩' 김효범 감독과 결별…'검증된 사령탑' 물색,"롯데 자이언츠(야구), 광주 상무(축구), 아산 우리은행(여자농구), 페퍼저축은행(여자배구)에 이어 4년 연속 꼴찌라는 역대급 부진의 반열에 올랐다. 삼성은 지난 8일 열린 LG전자 프로농구 정규리그 대구 한국가스공사와...",www.stnsports.co.kr,2026-04-29T18:11:00,,ETC,,0.9,,,True,삼성이 4년 연속 꼴찌로 부진한 상황입니다.,,negative,,False,"롯데 vs 키움 (홈) 5-6 패 | 결승타: 오선진(11회) | 홈런: 안치홍2호, 임병욱1호, 박승욱1호 | 타자 키플레이어: 박승욱(롯데), 장두성(롯데), 레이예스(롯데) | 투수 키플레이어: 박진형(키움), 정철원(롯데), 유토(키움)"
129,"키움, 알칸타라 휴식차 1군 말소…두산 3연전, 하영민-안우진-박준현 출...",키움 설종진 감독은 29일 부산 사직구장에서 열리는 ‘2026 신한은행 SOL Bank KBO리그’ 롯데 자이언츠와의 경기 전 인터뷰에서 “알칸타라는 계속 선발로 나가다가 4일 휴식 후 등판이 되기 때문에 한 번 쉬고 가자고 2주...,www.osen.co.kr,2026-04-29T17:52:00,,INJURY_ROSTER,,1.0,,,True,키움이 알칸타라를 휴식차 1군에서 말소했다.,알칸타라,neutral,,True,"롯데 vs 키움 (홈) 5-6 패 | 결승타: 오선진(11회) | 홈런: 안치홍2호, 임병욱1호, 박승욱1호 | 타자 키플레이어: 박승욱(롯데), 장두성(롯데), 레이예스(롯데) | 투수 키플레이어: 박진형(키움), 정철원(롯데), 유토(키움)"
130,"키움, 안우진 아끼고 또 아낀다! 추가 휴식→2일 두산전 선발 출격 ""급하...","설종진 감독은 29일 부산 사직구장에서 열리는 롯데 자이언츠와의 경기를 앞두고 취재진과 만나 향후 선발 로테이션 운영 계획을 밝혔다. 가장 눈길을 끈 대목은 역시 안우진의 등판 일정이다. 설 감독은 ""오는 주말...",www.starnewskorea.com,2026-04-29T17:39:00,,MATCH_RELATED,,0.9,,,True,키움이 안우진의 등판 일정을 조정했다.,안우진,neutral,,True,"롯데 vs 키움 (홈) 5-6 패 | 결승타: 오선진(11회) | 홈런: 안치홍2호, 임병욱1호, 박승욱1호 | 타자 키플레이어: 박승욱(롯데), 장두성(롯데), 레이예스(롯데) | 투수 키플레이어: 박진형(키움), 정철원(롯데), 유토(키움)"
131,"신인이 느긋하게 수비하네. 보이지 않는 에러, 감독은 왜 문제삼지 않았...","설 감독은 29일 부산 사직구장에서 열리는 롯데 자이언츠와 일전을 앞두고 전날 실점 장면을 돌아봤다. 키움은 2-1로 앞선 5회초 1사 2, 3루 위기에 몰렸다. 선발 알칸타라가 전준우에게 3루 땅볼을 유도했다. 날카로운...",www.sportschosun.com,2026-04-29T17:34:00,,MATCH_RELATED,,0.9,,,True,설 감독이 전날 실점 장면을 돌아봤다.,,neutral,,True,"롯데 vs 키움 (홈) 5-6 패 | 결승타: 오선진(11회) | 홈런: 안치홍2호, 임병욱1호, 박승욱1호 | 타자 키플레이어: 박승욱(롯데), 장두성(롯데), 레이예스(롯데) | 투수 키플레이어: 박진형(키움), 정철원(롯데), 유토(키움)"
132,8년의 기다림 이겨낸 현도훈…김태형 감독 극찬 “두려움 없어진 듯!”,사진=롯데자이언츠 제공 “두려움이 없어진 것 같다.” 모두가 봄에 꽃을 피우는 것은 아니다. 누군가는 시린 겨울을 견뎌낸 뒤에야 비로소 꽃망울을 터트리기도 한다. 숱한 고난을 이겨낸 만큼 향기가 더 진해진 것은...,www.sportsworldi.com,2026-04-29T17:33:00,,INTERVIEW,PERFORMANCE_ANALYSIS,0.9,,,True,현도훈이 극복한 고난에 대해 김태형 감독이 극찬했다.,현도훈,positive,,False,"롯데 vs 키움 (홈) 5-6 패 | 결승타: 오선진(11회) | 홈런: 안치홍2호, 임병욱1호, 박승욱1호 | 타자 키플레이어: 박승욱(롯데), 장두성(롯데), 레이예스(롯데) | 투수 키플레이어: 박진형(키움), 정철원(롯데), 유토(키움)"
133,"안우진 등판 일정 급변경→2일 두산전 출격, 설종진 감독 ""하영민 루틴...","""(안)우진이는 급하지 않느니"" 키움 히어로즈 설종진 감독은 29일 부산 사직구장에서 열리는 2026 신한은행 SOL Bank KBO리그 롯데 자이언츠와 팀 간 시즌 5차전 원정 맞대결에 앞서 선발 로테이션에 대해 이야기하는 시간을...",www.spotvnews.co.kr,2026-04-29T17:29:00,,MATCH_RELATED,,0.9,,,True,안우진의 등판 일정이 급변경되었다.,안우진,neutral,,True,"롯데 vs 키움 (홈) 5-6 패 | 결승타: 오선진(11회) | 홈런: 안치홍2호, 임병욱1호, 박승욱1호 | 타자 키플레이어: 박승욱(롯데), 장두성(롯데), 레이예스(롯데) | 투수 키플레이어: 박진형(키움), 정철원(롯데), 유토(키움)"
134,"두꺼운 키움 선발진…1선발 알칸타라, '휴식 차원' 엔트리 말소",키움은 29일 부산 사직구장에서 열리는 롯데 자이언츠와 2026 신한SOL KBO리그 원정 경기를 앞두고 알칸타라를 1군 엔트리에서 말소하고 내야수 양현종을 등록했다. 2020년 KBO리그 다승왕을 차지했던 알칸타라는 지난해...,www.news1.kr,2026-04-29T17:23:00,,INJURY_ROSTER,,1.0,,,True,키움이 알칸타라를 1군에서 말소하고 양현종을 등록했다.,알칸타라;양현종,neutral,,True,"롯데 vs 키움 (홈) 5-6 패 | 결승타: 오선진(11회) | 홈런: 안치홍2호, 임병욱1호, 박승욱1호 | 타자 키플레이어: 박승욱(롯데), 장두성(롯데), 레이예스(롯데) | 투수 키플레이어: 박진형(키움), 정철원(롯데), 유토(키움)"
135,"'이적 후 타율 0.114' 두산 손아섭, 엔트리 말소…롯데 윤동희 복귀","최하위 탈출을 노리는 롯데 자이언츠도 주축 선수들을 대거 다시 1군 엔트리에 올렸다. 시즌 초반 깊은 부진에 시달리며 지난 19일 2군으로 내려갔던 윤동희, 정철원, 김민성, 쿄야마 마사야가 열흘 만에 다시 전력으로...",www.newsis.com,2026-04-29T17:18:00,,INJURY_ROSTER,,1.0,,,True,롯데가 윤동희를 1군에 복귀시켰다.,윤동희,positive,,True,"롯데 vs 키움 (홈) 5-6 패 | 결승타: 오선진(11회) | 홈런: 안치홍2호, 임병욱1호, 박승욱1호 | 타자 키플레이어: 박승욱(롯데), 장두성(롯데), 레이예스(롯데) | 투수 키플레이어: 박진형(키움), 정철원(롯데), 유토(키움)"
136,"장준용 동래구청장 후보 ""교육 친화 공원 조성·웰니스 복합도시 구축""...","우선 대표공약으로 금강공원 재정비를 통해 '부산형 교육 친화 공원 조성'과 동래온천과 사직야구장 스포츠 인프라를 연결한 '웰니스 복합도시 구축'을 제시했다. 장 후보는 ""미래형 인공지능(AI) 과학교육센터와 숲속...",www.inews24.com,2026-04-29T17:07:00,,ETC,,0.0,gpt_missing_index,,True,장준용 후보가 교육 친화 공원 조성을 제안했다.,,neutral,,False,"롯데 vs 키움 (홈) 5-6 패 | 결승타: 오선진(11회) | 홈런: 안치홍2호, 임병욱1호, 박승욱1호 | 타자 키플레이어: 박승욱(롯데), 장두성(롯데), 레이예스(롯데) | 투수 키플레이어: 박진형(키움), 정철원(롯데), 유토(키움)"
137,"KBO, 시각장애인 야구팬 위한 '중계 음성 지원' 대전까지 확대‥총 4개 ...","사직, 광주 구장에서 운영해 온 'KBO 리그 시각장애인 현장 관람객 대상 중계 음성 지원 서비스'를 올해 대전 한화생명 볼파크까지 확대해 총 4개 구장에서 운영한다고 29일 밝혔다. 이번 서비스는 시각장애인의 야구장...",www.ablenews.co.kr,2026-04-29T17:00:00,,ETC,,0.0,gpt_missing_index,,True,KBO가 시각장애인 야구팬을 위한 중계 음성 지원 서비스를 확대합니다.,,neutral,,True,"롯데 vs 키움 (홈) 5-6 패 | 결승타: 오선진(11회) | 홈런: 안치홍2호, 임병욱1호, 박승욱1호 | 타자 키플레이어: 박승욱(롯데), 장두성(롯데), 레이예스(롯데) | 투수 키플레이어: 박진형(키움), 정철원(롯데), 유토(키움)"
138,"“필승조로 가야지” 김태형 감독 대만족! ‘데뷔 첫 승’ 현도훈, 롯데...",사진 | 롯데 자이언츠 [스포츠서울 | 사직=강윤식 기자] “지금은 필승조로 가야 한다.” 롯데 ‘특급 불펜’ 탄생 예감이다. 감격의 데뷔 첫 승을 적은 현도훈(33)이 주인공이다. 김태형(59) 감독도 당연히 대만족이다....,www.sportsseoul.com,2026-04-29T16:55:00,,PERFORMANCE_ANALYSIS,MATCH_RELATED,0.9,,,True,현도훈이 데뷔 첫 승을 기록하며 김태형 감독이 만족감을 표했습니다.,현도훈,positive,,True,"롯데 vs 키움 (홈) 5-6 패 | 결승타: 오선진(11회) | 홈런: 안치홍2호, 임병욱1호, 박승욱1호 | 타자 키플레이어: 박승욱(롯데), 장두성(롯데), 레이예스(롯데) | 투수 키플레이어: 박진형(키움), 정철원(롯데), 유토(키움)"
139,"흔들리니 슬라이더X5...김진욱 향한 김진욱 감독 당부 ""붙어야 한다"" [I...",김진욱은 지난 28일 부산 사직구장에서 열린 2028 KBO리그 정규시즌 키움 히어로즈와의 홈 주중 3연전 1차전에... 지난 시즌까지 '미완의 대기'였던 1라운더(2021 2차 신인 드래프트) 김진욱은 지난겨울 사비로 일본 야구...,isplus.com,2026-04-29T16:55:00,,ETC,,0.0,gpt_missing_index,,True,김진욱 감독이 김진욱에게 더 강한 모습을 요구했습니다.,김진욱,neutral,,True,"롯데 vs 키움 (홈) 5-6 패 | 결승타: 오선진(11회) | 홈런: 안치홍2호, 임병욱1호, 박승욱1호 | 타자 키플레이어: 박승욱(롯데), 장두성(롯데), 레이예스(롯데) | 투수 키플레이어: 박진형(키움), 정철원(롯데), 유토(키움)"
140,"‘정말 잘할 줄 알았는데…’ 한동희 OPS .580 부진, 어쩌면 좋나 “치지...",프로야구 롯데 자이언츠 한동희(27)가 1군 라인업에서 제외됐다. 롯데 김태형 감독은 29일 부산 사직구장에서 열리는 ‘2026 신한은행 SOL Bank KBO리그’ 키움 히어로즈와의 경기 전 인터뷰에서 “한동희는 지켜봐야...,www.osen.co.kr,2026-04-29T16:51:00,,ETC,INTERVIEW,0.9,,,True,한동희가 1군에서 제외되며 부진에 대한 우려가 커지고 있습니다.,한동희,negative,,True,"롯데 vs 키움 (홈) 5-6 패 | 결승타: 오선진(11회) | 홈런: 안치홍2호, 임병욱1호, 박승욱1호 | 타자 키플레이어: 박승욱(롯데), 장두성(롯데), 레이예스(롯데) | 투수 키플레이어: 박진형(키움), 정철원(롯데), 유토(키움)"
141,"'타격 부진' 한동희에 조언? 김태형 ""프로인데 무슨 이야기를 하나→최...",롯데 자이언츠 김태형(59) 감독이 최근 타격 부진을 겪고 있는 한동희(27)에 대해 냉정하면서도 원칙적인... 김태형 감독은 29일 부산 사직구장에서 열리는 '2026 신한 SOL KBO리그' 키움 히어로즈와의 홈 경기를 앞두고...,www.starnewskorea.com,2026-04-29T16:51:00,,INTERVIEW,,0.9,,,True,김태형 감독이 한동희의 타격 부진에 대해 원칙적인 조언을 했습니다.,한동희,negative,,True,"롯데 vs 키움 (홈) 5-6 패 | 결승타: 오선진(11회) | 홈런: 안치홍2호, 임병욱1호, 박승욱1호 | 타자 키플레이어: 박승욱(롯데), 장두성(롯데), 레이예스(롯데) | 투수 키플레이어: 박진형(키움), 정철원(롯데), 유토(키움)"
142,"""프로한테 뭔 얘길 하나"" → 김태형 감독, '라인업 제외' 한동희 침묵으...","""프로한테 무슨 이야길 하나."" 롯데 자이언츠 우타거포 한동희가 타격 부진 끝에 선발 명단에서 빠졌다.... 롯데는 타선 때문에 고민이 크다. 선발투수는 리그 정상급인 반면 공격력이 아쉽다. 25경기를 치른 29일 현재...",www.sportschosun.com,2026-04-29T16:50:00,,ETC,MATCH_RELATED,0.9,,,True,한동희가 타격 부진으로 선발 명단에서 제외되었습니다.,한동희,negative,,True,"롯데 vs 키움 (홈) 5-6 패 | 결승타: 오선진(11회) | 홈런: 안치홍2호, 임병욱1호, 박승욱1호 | 타자 키플레이어: 박승욱(롯데), 장두성(롯데), 레이예스(롯데) | 투수 키플레이어: 박진형(키움), 정철원(롯데), 유토(키움)"
143,"'최형우 8개 차 쫓아왔는데' 손아섭, 트레이드 보름 만에 1군 제외... 사...","이적 첫날 SSG 랜더스전에서 시즌 첫 안타를 홈런으로 장식하고 이튿날인 15일에도 안타를 때려 부활을 알리는 듯했다. 그러나 이후 18일 KIA전, 23일 롯데 자이언츠전에서 안타 1개씩을 추가했을 뿐이다. 시즌 성적은...",www.starnewskorea.com,2026-04-29T16:47:00,,TRANSACTION_CONTRACT,,1.0,,,True,손아섭이 트레이드 후 1군에서 제외되며 부진이 이어지고 있습니다.,손아섭,negative,,True,"롯데 vs 키움 (홈) 5-6 패 | 결승타: 오선진(11회) | 홈런: 안치홍2호, 임병욱1호, 박승욱1호 | 타자 키플레이어: 박승욱(롯데), 장두성(롯데), 레이예스(롯데) | 투수 키플레이어: 박진형(키움), 정철원(롯데), 유토(키움)"
144,"KBO, 시각장애인 현장 관람객 대상 중계 음성 지원 서비스 대전까지 확...","한국야구위원회(KBO)가 2023년부터 잠실, 사직, 광주 구장에서 운영해 온 'KBO리그 시각장애인 현장 관람객 대상 중계 음성 지원 서비스'를 올해 대전 한화생명 볼파크까지 확대한다. 본 서비스는 시각장애인의 야구장...",www.sportalkorea.com,2026-04-29T16:45:00,,ETC,,0.0,gpt_missing_index,,True,KBO가 시각장애인 야구팬을 위한 중계 음성 지원 서비스를 대전까지 확대합니다.,,neutral,,True,"롯데 vs 키움 (홈) 5-6 패 | 결승타: 오선진(11회) | 홈런: 안치홍2호, 임병욱1호, 박승욱1호 | 타자 키플레이어: 박승욱(롯데), 장두성(롯데), 레이예스(롯데) | 투수 키플레이어: 박진형(키움), 정철원(롯데), 유토(키움)"
145,장준용 동래구청장 후보 “명품 교육도시 완성” 7대 비전 발표,장 후보는 대표 공약으로 △금강공원 대대적인 재정비를 통한 '부산형 교육 친화 공원' 조성 △동래온천과 사직야구장 등 스포츠 인프라를 연계한 '웰니스 복합도시' 구축을 제시했다. 장 후보는 특히 금강공원 관련...,www.busan.com,2026-04-29T16:34:00,,ETC,,0.0,gpt_missing_index,,True,장준용 후보가 부산형 교육 친화 공원 조성을 발표했다.,,neutral,,False,"롯데 vs 키움 (홈) 5-6 패 | 결승타: 오선진(11회) | 홈런: 안치홍2호, 임병욱1호, 박승욱1호 | 타자 키플레이어: 박승욱(롯데), 장두성(롯데), 레이예스(롯데) | 투수 키플레이어: 박진형(키움), 정철원(롯데), 유토(키움)"
146,"현도훈 중용 예고한 김태형 감독...""결과에 대한 두려움이 없는 것 같다...","김태형 롯데 자이언츠 감독이 프로 입성 8년 만에 첫 승을 올린 현도훈(33)을 향해 기대감을 전했다.... 타선이 6회 말 3득점하며 그에게 승리 투수 요건을 안겼고, 롯데가 5-4로 승리하며 1승을 새겼다. 현도훈은 2018년...",isplus.com,2026-04-29T16:31:00,,PERFORMANCE_ANALYSIS,MATCH_RELATED,0.9,,,True,김태형 감독이 현도훈의 첫 승에 기대감을 표했다.,현도훈,positive,,True,"롯데 vs 키움 (홈) 5-6 패 | 결승타: 오선진(11회) | 홈런: 안치홍2호, 임병욱1호, 박승욱1호 | 타자 키플레이어: 박승욱(롯데), 장두성(롯데), 레이예스(롯데) | 투수 키플레이어: 박진형(키움), 정철원(롯데), 유토(키움)"
147,"‘타격 부진’ 한동희, 선발 제외 “방망이를 잘 쳐야 할 텐데…” 깊어...",사진 | 롯데 자이언츠 눈에 띄는 부분은 한동희 선발 제외다. ‘포스트 이대호’라 불리며 데뷔 초부터 기대를 한 몸에 받았다. 이번시즌을 앞두고 국군체육부대에서 군 복무를 마치고 전역했다. 2025시즌 부족했던...,www.sportsseoul.com,2026-04-29T16:28:00,,ETC,MATCH_RELATED,0.9,,,True,한동희가 타격 부진으로 선발에서 제외되었다.,한동희,negative,,False,"롯데 vs 키움 (홈) 5-6 패 | 결승타: 오선진(11회) | 홈런: 안치홍2호, 임병욱1호, 박승욱1호 | 타자 키플레이어: 박승욱(롯데), 장두성(롯데), 레이예스(롯데) | 투수 키플레이어: 박진형(키움), 정철원(롯데), 유토(키움)"
148,"9년 만에 감격의 첫 승, 현도훈 어떻게 봤나? 김태형 감독 극찬 ""필승조...","""필승조로 가야지"" 롯데 자이언츠 김태형 감독은 29일 부산 사직구장에서 열리는 2026 신한은행 SOL Bank... 현도훈은 2군에서 선발 로테이션을 소화하며 4경기 2승 1패 평균자책점 2.95로 상당히 좋은 성적을 남겼고, 이에...",www.spotvnews.co.kr,2026-04-29T16:27:00,,PERFORMANCE_ANALYSIS,MATCH_RELATED,0.9,,,True,현도훈의 첫 승에 김태형 감독이 극찬을 아끼지 않았다.,현도훈,positive,,True,"롯데 vs 키움 (홈) 5-6 패 | 결승타: 오선진(11회) | 홈런: 안치홍2호, 임병욱1호, 박승욱1호 | 타자 키플레이어: 박승욱(롯데), 장두성(롯데), 레이예스(롯데) | 투수 키플레이어: 박진형(키움), 정철원(롯데), 유토(키움)"
149,"""퓨처스 3홈런 무력시위"" 1군 돌아온 윤동희, 롯데 타격 반등 이끌 특급...","야구에서 타자의 타격 사이클은 롤러코스터와 같다. 끝없는 추락의 공포를 느끼다가도, 어느 순간 심리적인... 시즌 초반 1할대 타율의 깊은 늪에 빠지며 사직벌의 애를 태웠던 '국가대표 외야수' 윤동희가 퓨처스리그...",www.fnnews.com,2026-04-29T16:19:00,,PERFORMANCE_ANALYSIS,MATCH_RELATED,0.9,,,True,윤동희가 퓨처스리그에서 홈런을 기록하며 1군 복귀를 이끌었다.,윤동희,positive,,True,"롯데 vs 키움 (홈) 5-6 패 | 결승타: 오선진(11회) | 홈런: 안치홍2호, 임병욱1호, 박승욱1호 | 타자 키플레이어: 박승욱(롯데), 장두성(롯데), 레이예스(롯데) | 투수 키플레이어: 박진형(키움), 정철원(롯데), 유토(키움)"
150,"재선 노리는 장준용, 교육 1번지·제2체육센터 등 7대 비전 공개","장 구청장은 동래온천과 사직야구장을 연결하는 ‘웰니스 복합도시’를 제시하며 ""관광과 산업을 결합한 새로운 경쟁력을 확보하겠다""고 밝혔다. 스포츠 인재 양성과 스포츠 비즈니스 교육을 결합한 ‘글로벌 스포츠 교육...",www.etoday.co.kr,2026-04-29T16:16:00,,ETC,,0.0,gpt_missing_index,,True,장준용 구청장이 웰니스 복합도시 비전을 발표했다.,,neutral,,False,"롯데 vs 키움 (홈) 5-6 패 | 결승타: 오선진(11회) | 홈런: 안치홍2호, 임병욱1호, 박승욱1호 | 타자 키플레이어: 박승욱(롯데), 장두성(롯데), 레이예스(롯데) | 투수 키플레이어: 박진형(키움), 정철원(롯데), 유토(키움)"
151,"""타격감이 안 좋으니까""...롯데 한동희, 선발 라인업 제외...윤동희는 1...",한동희(27·롯데 자이언츠)가 선발 라인업에서 제외됐다. 롯데는 29일 부산 사직구장에서 열리는 2026 KBO리그 정규시즌 키움 히어로즈와의 홈 주중 3연전 2차전에 장두성(중견수) 빅터 레이예스(좌익수) 노진혁(1루수)...,isplus.com,2026-04-29T16:05:00,,INJURY_ROSTER,,0.9,,,True,한동희가 타격감 저조로 선발 라인업에서 제외되었다.,한동희,negative,,False,"롯데 vs 키움 (홈) 5-6 패 | 결승타: 오선진(11회) | 홈런: 안치홍2호, 임병욱1호, 박승욱1호 | 타자 키플레이어: 박승욱(롯데), 장두성(롯데), 레이예스(롯데) | 투수 키플레이어: 박진형(키움), 정철원(롯데), 유토(키움)"
152,‘충격’ 손아섭 1군에서 사라졌다! 트레이드→타율 0.111→2군행…강승...,"프로야구 두산 베어스는 29일 서울 잠실구장에서 열리는 2026 신한 SOL KBO리그 삼성 라이온즈와의 시즌... 선발 잭로그의 시즌 기록은 5경기 1승 3패 평균자책점 4.50으로, 최근 등판이었던 23일 사직 롯데...",www.osen.co.kr,2026-04-29T16:02:00,,TRANSACTION_CONTRACT,,1.0,,,True,손아섭이 1군에서 제외되며 2군으로 내려갔다.,손아섭,negative,,False,"롯데 vs 키움 (홈) 5-6 패 | 결승타: 오선진(11회) | 홈런: 안치홍2호, 임병욱1호, 박승욱1호 | 타자 키플레이어: 박승욱(롯데), 장두성(롯데), 레이예스(롯데) | 투수 키플레이어: 박진형(키움), 정철원(롯데), 유토(키움)"
153,"롯데 구한 김원중의 부활투, ‘종소리는 계속된다’",사직야구장을 익숙한 종소리가 뒤덮었다. 롯데 자이언츠가 승리를 앞둘 때면 듣던 마무리투수의 등장을 알리는 소리였다. 종소리를 들은 팬들의 반응은 엇갈렸다. 마무리투수의 등장에 신뢰의 환호와 최근 부진에 따른...,www.busan.com,2026-04-29T15:56:00,,PERFORMANCE_ANALYSIS,MATCH_RELATED,0.9,,,True,롯데가 김원중의 부활투로 팬들의 기대를 모았다.,김원중,positive,,True,"롯데 vs 키움 (홈) 5-6 패 | 결승타: 오선진(11회) | 홈런: 안치홍2호, 임병욱1호, 박승욱1호 | 타자 키플레이어: 박승욱(롯데), 장두성(롯데), 레이예스(롯데) | 투수 키플레이어: 박진형(키움), 정철원(롯데), 유토(키움)"
154,'8년 기다림 끝 첫 승' 현도훈· '정상 구위 복귀' 김원중...최하위 롯데...,"리그 최하위에 머문 롯데 자이언츠가 28일 부산 키움전 5-4 승리에서 마운드의 희망을 발견했다. 승리의... 이날 선발 김진욱은 컨디션 난조 속에서도 5이닝 2실점으로 버티며 호투를 이어갔고, 타격 부진에 시달리던...",www.maniareport.com,2026-04-29T15:51:00,,INJURY_ROSTER,,1.0,,,True,롯데가 키움전에서 승리하며 마운드의 희망을 발견했다.,김진욱,positive,,True,"롯데 vs 키움 (홈) 5-6 패 | 결승타: 오선진(11회) | 홈런: 안치홍2호, 임병욱1호, 박승욱1호 | 타자 키플레이어: 박승욱(롯데), 장두성(롯데), 레이예스(롯데) | 투수 키플레이어: 박진형(키움), 정철원(롯데), 유토(키움)"
155,‘2년전의 3배라니’ 7회 이후 역전승부만 15회…KBO리그 불펜 혼란의 시...,"선발투수 ERA(4.00)와 차이가 크고, 지난해 126경기를 치른 시점의 불펜 ERA(4.51)와 비교해도 확연히... KIA 타이거즈 정해영(25), 롯데 자이언츠 김원중(33)도 초반 극심한 부진으로 마무리 자리를 잠시 내려놓았다가...",sports.donga.com,2026-04-29T15:50:00,,PERFORMANCE_ANALYSIS,,0.9,,,True,KBO리그 불펜의 혼란 속에서 롯데의 김원중이 부진을 겪었다.,김원중,negative,,True,"롯데 vs 키움 (홈) 5-6 패 | 결승타: 오선진(11회) | 홈런: 안치홍2호, 임병욱1호, 박승욱1호 | 타자 키플레이어: 박승욱(롯데), 장두성(롯데), 레이예스(롯데) | 투수 키플레이어: 박진형(키움), 정철원(롯데), 유토(키움)"
156,"'한동희 전격 제외' 롯데, 키움전 라인업 공개→박승욱 3루·유강남 2G 연...","롯데 자이언츠가 키움 히어로즈와의 홈 3연전 2번째 경기를 앞두고 선발 라인업에 변화를 줬다. 최근 10경기에서 타율 0.162의 부진에 빠진 주전 내야수 한동희(27)가 전격적으로 선발에서 제외됐고, 유강남은 2경기 연속...",www.starnewskorea.com,2026-04-29T15:50:00,,MATCH_RELATED,TRANSACTION_CONTRACT,0.9,,,True,롯데가 한동희를 제외한 새로운 라인업을 발표했다.,한동희;박승욱,neutral,,True,"롯데 vs 키움 (홈) 5-6 패 | 결승타: 오선진(11회) | 홈런: 안치홍2호, 임병욱1호, 박승욱1호 | 타자 키플레이어: 박승욱(롯데), 장두성(롯데), 레이예스(롯데) | 투수 키플레이어: 박진형(키움), 정철원(롯데), 유토(키움)"
157,"'또 1군 대격변' 롯데, 윤동희·정철원·김민성·쿄야마·정현수 1군 콜...","프로야구 롯데 자이언츠가 김민성, 윤동희, 정철원, 쿄야마 마사야, 정현수를 1군에 콜업했다. 롯데는 29일 부산 사직구장에서 열리는 ‘2026 신한은행 SOL Bank KBO리그’ 키움 히어로즈와의 경기에 장두성(중견수)...",www.osen.co.kr,2026-04-29T15:49:00,,TRANSACTION_CONTRACT,,0.9,,,True,롯데가 1군에 여러 선수를 콜업하며 변화를 줬다.,김민성;윤동희;정철원,positive,,True,"롯데 vs 키움 (홈) 5-6 패 | 결승타: 오선진(11회) | 홈런: 안치홍2호, 임병욱1호, 박승욱1호 | 타자 키플레이어: 박승욱(롯데), 장두성(롯데), 레이예스(롯데) | 투수 키플레이어: 박진형(키움), 정철원(롯데), 유토(키움)"
158,"'퓨처스 폭격' 윤동희 1군 복귀, 쿄야마-정철원-김민성-정현수도 콜업…...","롯데 자이언츠가 엔트리에 큰 변화를 줬다. 무려 10명의 선수가 이동한다. 롯데는 29일 부산 사직구장에서... 2군에서 재정비를 하고 돌아온 선수들이 복귀하게 되면서, 선발 라인업에도 변화들이 생겼다. 이날 롯데는...",www.spotvnews.co.kr,2026-04-29T15:47:00,,INJURY_ROSTER,,1.0,,,True,롯데가 10명의 선수를 이동시키며 엔트리에 큰 변화를 줬다.,윤동희;정철원;김민성,positive,,True,"롯데 vs 키움 (홈) 5-6 패 | 결승타: 오선진(11회) | 홈런: 안치홍2호, 임병욱1호, 박승욱1호 | 타자 키플레이어: 박승욱(롯데), 장두성(롯데), 레이예스(롯데) | 투수 키플레이어: 박진형(키움), 정철원(롯데), 유토(키움)"
159,에이스마저 무너진 KIA…외인 용병들 부진에 고심,"믿었던 에이스, 경기 지배력 붕괴 KIA 타이거즈의 '1선발' 제임스 네일이 무너졌다. 네일은 28일... 카스트로는 25일 롯데 자이언츠와 경기에서 3회초 수비 도중 왼쪽 햄스트링 부상을 당했다. 짧게 송구된 볼을 받기...",www.jnilbo.com,2026-04-29T15:44:00,,INJURY_ROSTER,,1.0,,,True,KIA의 에이스가 부진하며 롯데와의 경기에도 영향을 미쳤다.,,neutral,,True,"롯데 vs 키움 (홈) 5-6 패 | 결승타: 오선진(11회) | 홈런: 안치홍2호, 임병욱1호, 박승욱1호 | 타자 키플레이어: 박승욱(롯데), 장두성(롯데), 레이예스(롯데) | 투수 키플레이어: 박진형(키움), 정철원(롯데), 유토(키움)"
160,연승 렛츠고! 롯데 한동희가 사라졌다 → 윤동희 김민성 정철원 쿄야마...,연승을 노리는 롯데 자이언츠가 1군 엔트리 대수술을 단행했다. 롯데는 29일 부산 사직구장에서 열리는 키움... (포수)-전민재(유격수))-박승욱(3루수)-이호준(2루수)으로 타선을 짰다. 선발투수는 로드리게스다.,www.sportschosun.com,2026-04-29T15:44:00,,INJURY_ROSTER,,1.0,,,True,롯데가 1군 엔트리를 대수술하며 연승을 노린다.,윤동희;김민성;정철원,positive,,True,"롯데 vs 키움 (홈) 5-6 패 | 결승타: 오선진(11회) | 홈런: 안치홍2호, 임병욱1호, 박승욱1호 | 타자 키플레이어: 박승욱(롯데), 장두성(롯데), 레이예스(롯데) | 투수 키플레이어: 박진형(키움), 정철원(롯데), 유토(키움)"
161,"탈꼴찌 노리는 롯데, 윤동희·정철원·정현수·쿄야마·김민성 모두 등...",롯데 자이언츠가 최하위 탈출을 위해 대대적인 엔트리 변동을 단행했다. 핵심 외야수 윤동희(23)의 1군... 신예 정현수를 비롯해 정철원과 쿄야마를 동시에 부름으로써 불펜진의 과부하를 막고 뒷문을 강화하겠다는 의지를...,www.starnewskorea.com,2026-04-29T15:42:00,,INJURY_ROSTER,,1.0,,,True,롯데가 최하위 탈출을 위해 엔트리 변동을 단행했다.,윤동희;정철원;정현수,neutral,,True,"롯데 vs 키움 (홈) 5-6 패 | 결승타: 오선진(11회) | 홈런: 안치홍2호, 임병욱1호, 박승욱1호 | 타자 키플레이어: 박승욱(롯데), 장두성(롯데), 레이예스(롯데) | 투수 키플레이어: 박진형(키움), 정철원(롯데), 유토(키움)"
162,"높기만 한 10승 고지…'마무리' 김원중, 롯데에 반등 카드 될까","프로야구 롯데 자이언츠가 시즌 초반 리그 최하위로 처졌다. 투타 모두 고전하며 졸전을 거듭되던 가운데, 작은 희망이 떠올랐다. 마무리 김원중이 자신의 자리를 되찾았다. 롯데는 지난 28일 부산 사직구장에서 열린...",www.newsis.com,2026-04-29T15:24:00,,PERFORMANCE_ANALYSIS,,0.9,,,True,마무리 김원중이 롯데의 반등 카드가 될 수 있을까.,김원중,neutral,,True,"롯데 vs 키움 (홈) 5-6 패 | 결승타: 오선진(11회) | 홈런: 안치홍2호, 임병욱1호, 박승욱1호 | 타자 키플레이어: 박승욱(롯데), 장두성(롯데), 레이예스(롯데) | 투수 키플레이어: 박진형(키움), 정철원(롯데), 유토(키움)"
163,"'재선 도전' 동래구청장의 공약키워드, 교육·문화·스포츠[6·3부산]","장 후보는 이날 부산시의회 브리핑룸에서 기자회견을 열고 ""동래구는 역사와 문화, 사직야구장과 동래온천 등 다양한 자산을 가진 도시""라며 ""이 자산들을 유기적으로 연결해 대한민국 명품 교육 도시이자 글로벌 문화...",www.newsis.com,2026-04-29T15:18:00,,ETC,,0.9,,,False,동래구청장이 교육·문화·스포츠 공약을 발표했다.,,,,False,"롯데 vs 키움 (홈) 5-6 패 | 결승타: 오선진(11회) | 홈런: 안치홍2호, 임병욱1호, 박승욱1호 | 타자 키플레이어: 박승욱(롯데), 장두성(롯데), 레이예스(롯데) | 투수 키플레이어: 박진형(키움), 정철원(롯데), 유토(키움)"
164,"'역시 고기도 먹어본 사람이...' 위기의 남자 김원중, 위기 속 빛났다. ...",28일 부산 사직야구장에서 열린 롯데와 키움의 주중 3연전 첫 번째 경기. 롯데는 키움을 상대로 5-4로 승리했다. 롯데는 홈에서 귀중한 승리를 거두며 2연패에서 탈출했다. 롯데 승리가 쉽지는 않았다. 롯데 선발 김진욱이...,www.sportschosun.com,2026-04-29T15:13:00,,MATCH_RELATED,PERFORMANCE_ANALYSIS,0.9,,,True,롯데가 키움과의 경기에서 승리하며 연패를 끊었습니다.,김원중,positive,,True,"롯데 vs 키움 (홈) 5-6 패 | 결승타: 오선진(11회) | 홈런: 안치홍2호, 임병욱1호, 박승욱1호 | 타자 키플레이어: 박승욱(롯데), 장두성(롯데), 레이예스(롯데) | 투수 키플레이어: 박진형(키움), 정철원(롯데), 유토(키움)"
165,"재선 도전 장준용 동래구청장 ""금강공원 재정비로 명품 동래 도약""",이와 함께 그는 동래온천과 사직야구장을 연계한 ‘웰니스 복합도시’ 조성을 내세우며 “산업과 관광의 결합으로 새로운 도시 경쟁력을 확보하겠다”고 했다. 또한 “지역 프로구단과 연계해 전문 스포츠 인력을...,www.kookje.co.kr,2026-04-29T15:11:00,,ETC,,0.9,,,False,장준용 동래구청장이 웰니스 복합도시 조성을 강조했다.,,,,False,"롯데 vs 키움 (홈) 5-6 패 | 결승타: 오선진(11회) | 홈런: 안치홍2호, 임병욱1호, 박승욱1호 | 타자 키플레이어: 박승욱(롯데), 장두성(롯데), 레이예스(롯데) | 투수 키플레이어: 박진형(키움), 정철원(롯데), 유토(키움)"
166,"장준용 동래구청장, 재선 도전…교육·문화·스포츠 '명품 도시' 비전","그는 동래가 역사와 문화, 자연 자원뿐 아니라 사직야구장과 동래온천 등 다양한 지역 자산을 갖춘 도시라고 강조했다. 장 후보는 ""이러한 자산을 유기적으로 연결해 동래를 '대한민국 명품 교육 도시'이자 '글로벌 문화...",www.news1.kr,2026-04-29T14:50:00,,ETC,,0.9,,,False,장준용 후보가 동래를 명품 도시로 만들겠다고 밝혔다.,,,,False,"롯데 vs 키움 (홈) 5-4 승 | 결승타: 이호준(6회) | 타자 키플레이어: 전민재(롯데), 박주홍(키움), 레이예스(롯데) | 투수 키플레이어: 김원중(롯데), 현도훈(롯데), 박정민(롯데)"
167,"김원중은 변명하지 않았다 → ""최선을 다해 준비한다는 것만 알아주셨으...",롯데 자이언츠 김원중은 변명하지 않았다. 결과로 보여줬다. 김원중은 28일 부산 사직구장에서 열린 키움... 병살타와 삼진으로 승리를 지켜냈다. 시즌 성적표는 11경기 8⅓이닝 1패 1홀드 1세이브 평균자책점 7.56. 시즌 초반...,www.sportschosun.com,2026-04-29T14:39:00,,PERFORMANCE_ANALYSIS,,0.9,,,True,김원중이 키움과의 경기에서 승리를 지켰다.,김원중,positive,,True,"롯데 vs 키움 (홈) 5-4 승 | 결승타: 이호준(6회) | 타자 키플레이어: 전민재(롯데), 박주홍(키움), 레이예스(롯데) | 투수 키플레이어: 김원중(롯데), 현도훈(롯데), 박정민(롯데)"
168,"'KBO 35승' 롯데 좌승사자, ML 콜업 하루 만에 AAA 강등…""한 타자도 상대...",KBO리그 롯데 자이언츠 출신 좌완 투수 찰리 반즈(30)가 단 하루 만에 다시 마이너리그로 내려가는 상황을... 그는 2022년부터 롯데 유니폼을 입고 지난해까지 4시즌 동안 꾸준히 선발 로테이션을 지킨 핵심 선발...,www.xportsnews.com,2026-04-29T14:32:00,,TRANSACTION_CONTRACT,,0.9,,,True,찰리 반즈가 하루 만에 마이너리그로 강등됐다.,찰리 반즈,negative,,True,"롯데 vs 키움 (홈) 5-4 승 | 결승타: 이호준(6회) | 타자 키플레이어: 전민재(롯데), 박주홍(키움), 레이예스(롯데) | 투수 키플레이어: 김원중(롯데), 현도훈(롯데), 박정민(롯데)"
169,"동아대, 개교 80주년 기념 ‘롯데 자이언츠와 함께하는 동아대데이’",동아대학교(총장 이해우)는 개교 80주년을 맞아 ‘롯데자이언츠와 함께하는 동아대데이(Dong-A Univ. Day)... 찾아 롯데 승리를 기원하는 열띤 응원전을 펼쳤다. 특히 본 행사가 열린 지난 28일에는 이 총장이 직접 마운드에...,www.busan.com,2026-04-29T14:32:00,,CLUB_OPERATION,,0.9,,,True,동아대 80주년 기념 롯데 자이언츠와 함께한 행사.,이호준;전민재,positive,,True,"롯데 vs 키움 (홈) 5-4 승 | 결승타: 이호준(6회) | 타자 키플레이어: 전민재(롯데), 박주홍(키움), 레이예스(롯데) | 투수 키플레이어: 김원중(롯데), 현도훈(롯데), 박정민(롯데)"
170,"[AI프리뷰] 28일 부산 롯데-키움전, 롯데 로드리게스 키움 천적 될까",사진은 독자 이해를 돕기 위해 생성형 AI로 제작한 로드리게스의 투구 분석표 (명령어 : 로드리게스의 투구 분석표를 사진과 함께 그래픽 제작해줘) [사진=롯데 자이언츠] [일러스트=CHAT GPT] ⚾ 종합 전망 선발...,www.newspim.com,2026-04-29T14:07:00,,MATCH_RELATED,PERFORMANCE_ANALYSIS,0.9,,,True,롯데 로드리게스가 키움의 천적이 될지 주목된다.,로드리게스,neutral,,True,"롯데 vs 키움 (홈) 5-4 승 | 결승타: 이호준(6회) | 타자 키플레이어: 전민재(롯데), 박주홍(키움), 레이예스(롯데) | 투수 키플레이어: 김원중(롯데), 현도훈(롯데), 박정민(롯데)"
171,"남의 불행은 나의 행복? KBO 트레이드, 봄에만 조용한 이유","2021년에는 당시 1위 팀 kt 위즈가 8위 롯데 자이언츠로부터 포수 김준태와 내야수 오윤석을... com/news/article/A2026040109350003963)• 왕옌청과 라클란 웰스, 선발 투수로 위력 뽐내지만... '아시아쿼터' 제도의...",www.hankookilbo.com,2026-04-29T14:01:00,,TRANSACTION_CONTRACT,,1.0,,,True,KBO 트레이드가 봄에 조용한 이유에 대한 분석.,,neutral,,True,"롯데 vs 키움 (홈) 5-4 승 | 결승타: 이호준(6회) | 타자 키플레이어: 전민재(롯데), 박주홍(키움), 레이예스(롯데) | 투수 키플레이어: 김원중(롯데), 현도훈(롯데), 박정민(롯데)"
172,200이닝 투수 다시 나타날까? 데스파이네 이후 6년 만에 이닝 괴물 탄생...,선발투수의 이닝 소화력은 여전히 중요한 능력으로 여겨진다. 불펜 과부하를 막거나 장기적 관점서 투수 운용에 숨통을 틔우기 때문이다. 2021년부터 5년간 리그 최다 808.1이닝을 소화한 박세웅(롯데 자이언츠)은...,sports.donga.com,2026-04-29T13:42:00,,PERFORMANCE_ANALYSIS,,0.9,,,True,"박세웅, 200이닝 투수의 부활 가능성에 대한 논의.",박세웅,neutral,,True,"롯데 vs 키움 (홈) 5-4 승 | 결승타: 이호준(6회) | 타자 키플레이어: 전민재(롯데), 박주홍(키움), 레이예스(롯데) | 투수 키플레이어: 김원중(롯데), 현도훈(롯데), 박정민(롯데)"
173,"""진짜 눈물 난다 눈물 나"" 롯데에 등장한 '미스터 제로' 데뷔 9년 만에 ...",롯데 자이언츠 현도훈이 데뷔 9년 만에 첫 승을 거뒀다. 현도훈은 올 시즌 아직까지 실점이 없다. '방어율... 현도훈은 2-2 동점 상황인 6회초 롯데 선발 김진욱에 이어 마운드에 올랐다. 팀의 두 번째 투수로 나온...,www.sportschosun.com,2026-04-29T13:30:00,,PERFORMANCE_ANALYSIS,,0.9,,,True,"현도훈, 데뷔 9년 만에 첫 승을 기록했다.",현도훈,positive,,True,"롯데 vs 키움 (홈) 5-4 승 | 결승타: 이호준(6회) | 타자 키플레이어: 전민재(롯데), 박주홍(키움), 레이예스(롯데) | 투수 키플레이어: 김원중(롯데), 현도훈(롯데), 박정민(롯데)"
174,재미? 질적 하락? 마무리가 다 왜 이래!,베테랑 마무리 김원중(롯데 자이언츠)과 김재윤(삼성 라이온즈)은 자존심을 구겼다. 지난 28일 세이브... 2볼넷 2실점 부진 속에 5-6 끝내기 패배(연장 10회)를 당했다. 시즌을 치를 수록 사령탑의 뒷문 걱정이 점점 커진다.,isplus.com,2026-04-29T13:16:00,,MATCH_RELATED,PERFORMANCE_ANALYSIS,0.9,,,True,"김원중, 부진으로 마무리 걱정이 커지고 있다.",김원중,negative,,True,"롯데 vs 키움 (홈) 5-4 승 | 결승타: 이호준(6회) | 타자 키플레이어: 전민재(롯데), 박주홍(키움), 레이예스(롯데) | 투수 키플레이어: 김원중(롯데), 현도훈(롯데), 박정민(롯데)"
175,"LG 웰스, 유독 돋보이는 두 가지 이유 [프로야구]",원정경기에 선발 등판해 6이닝 3피안타 2볼넷 8탈삼진 무실점으로 호투했다. 팀 순위 1위이자 팀 타율 1위(0.282)인 KT 강타선을 상대로도 흔들리지 않았다. 웰스는 지난 15일 롯데 자이언츠전 4회부터 18이닝 연속...,www.sportsq.co.kr,2026-04-29T12:48:00,,ETC,,0.9,,,False,"LG 웰스, 롯데전에서 뛰어난 투구를 선보였다.",,,,True,"롯데 vs 키움 (홈) 5-4 승 | 결승타: 이호준(6회) | 타자 키플레이어: 전민재(롯데), 박주홍(키움), 레이예스(롯데) | 투수 키플레이어: 김원중(롯데), 현도훈(롯데), 박정민(롯데)"
176,"KBO리그 경력직 외국인 타자 득세, LG 오스틴도 활약","롯데 자이언츠에서 3년째 뛰는 빅터 레이예스는 타율 0.350으로 8위에 자리했으며, LG 트윈스의 오스틴 딘은 타율 0.340으로 9위를 기록했다. 오스틴은 홈런 공동 3위(6개)와 타점 7위(20개)를 달리며 4년 차 시즌을...",www.joongangenews.com,2026-04-29T12:20:00,,ETC,,0.9,,,True,"빅터 레이예스, KBO리그에서 좋은 성적을 내고 있다.",빅터 레이예스,positive,,True,"롯데 vs 키움 (홈) 5-4 승 | 결승타: 이호준(6회) | 타자 키플레이어: 전민재(롯데), 박주홍(키움), 레이예스(롯데) | 투수 키플레이어: 김원중(롯데), 현도훈(롯데), 박정민(롯데)"
177,"""데뷔 8년 만 첫 승·통산 165세이브"" 롯데, 마운드에서 반등 동력 확보","28일 부산에서 열린 프로야구 롯데 자이언츠와 키움 히어로즈 경기에서 롯데 마운드가 의미 있는 수확을... 롯데는 최근 타선 부진 여파로 선발·불펜 모두에 부담이 커진 상황이었지만, 이날 경기에서 선발과 계투...",www.topstarnews.net,2026-04-29T12:12:00,,MATCH_RELATED,PERFORMANCE_ANALYSIS,0.9,,,True,롯데가 마운드에서 의미 있는 성과를 거두었습니다.,,positive,,True,"롯데 vs 키움 (홈) 5-4 승 | 결승타: 이호준(6회) | 타자 키플레이어: 전민재(롯데), 박주홍(키움), 레이예스(롯데) | 투수 키플레이어: 김원중(롯데), 현도훈(롯데), 박정민(롯데)"
178,"1루수 알바하던 카스트로, 햄스트링 부상으로 ‘6주 이탈’…KIA 대체 외...","광주 롯데 자이언츠전서 내야 송구를 받기 위해 다리를 찢다가 햄스트링을 다쳐 이탈했다. 카스트로는 올 시즌 23경기서 타율 0.250, 2홈런, 16타점, OPS(출루율+장타율) 0.700을 기록했다. 득점권 타율이 0.231로 크게...",sports.donga.com,2026-04-29T12:12:00,,INJURY_ROSTER,,1.0,,,True,카스트로가 햄스트링 부상으로 6주 이탈한다.,카스트로,negative,,True,"롯데 vs 키움 (홈) 5-4 승 | 결승타: 이호준(6회) | 타자 키플레이어: 전민재(롯데), 박주홍(키움), 레이예스(롯데) | 투수 키플레이어: 김원중(롯데), 현도훈(롯데), 박정민(롯데)"
179,현도훈 등장했고 김원중 돌아왔다…희망 발견한 롯데,"현도훈, 키움전 2이닝 무실점으로 데뷔 8년 만에 첫 승리 프로야구 롯데 자이언츠는 28일 부산 키움 히어로즈전에서 여러 희망을 발견했다. 컨디션이 좋지 않은 가운데서도 5이닝 2실점으로 버틴 선발 김진욱은 앞선...",www.yna.co.kr,2026-04-29T12:03:00,,MATCH_RELATED,PERFORMANCE_ANALYSIS,0.9,,,True,롯데가 희망을 발견하며 경기를 치렀습니다.,김원중;현도훈,positive,,True,"롯데 vs 키움 (홈) 5-4 승 | 결승타: 이호준(6회) | 타자 키플레이어: 전민재(롯데), 박주홍(키움), 레이예스(롯데) | 투수 키플레이어: 김원중(롯데), 현도훈(롯데), 박정민(롯데)"
180,"'QS 0회' 13억 외인 어쩌나…""계속 고민하고 있다"" 사령탑 한숨 깊어진다...","향후 선발 로테이션에서 핵심 역할을 할 것으로 기대한다""고 설명했다. 베니지아노는 시범경기 3경기 12⅓이닝 2승 1패 평균자책점 3.65를 올렸다. 특히 시범경기 마지막 등판이었던 3월 24일 문학 롯데 자이언츠전에...",www.xportsnews.com,2026-04-29T12:00:00,,ETC,,0.9,,,True,롯데의 선발 로테이션에 대한 고민이 깊어지고 있다.,,neutral,,True,"롯데 vs 키움 (홈) 5-4 승 | 결승타: 이호준(6회) | 타자 키플레이어: 전민재(롯데), 박주홍(키움), 레이예스(롯데) | 투수 키플레이어: 김원중(롯데), 현도훈(롯데), 박정민(롯데)"
181,"[떠먹는 스포츠] 9년만의 데뷔승 현도훈 ""하늘에 계신 엄마, 너무 늦어서...",프로야구 롯데 자이언츠의 투수 현도훈이 9년만에 프로데뷔 첫 승의 감격을 누렸습니다. 현도훈은 어제 사직구장에서 열린 키움 히어로즈와의 경기에서 구원으로 등판해 2이닝을 무실점으로 막아 팀의 5대 4 승리를...,www.yonhapnewstv.co.kr,2026-04-29T12:00:00,,MATCH_RELATED,INTERVIEW,0.9,,,True,현도훈이 9년 만에 프로 데뷔 첫 승을 기록했다.,현도훈,positive,,True,"롯데 vs 키움 (홈) 5-4 승 | 결승타: 이호준(6회) | 타자 키플레이어: 전민재(롯데), 박주홍(키움), 레이예스(롯데) | 투수 키플레이어: 김원중(롯데), 현도훈(롯데), 박정민(롯데)"
182,"[IS 피플] ""난 하루살이"" NC 안중열이 집필하는 1할 백업 포수의 '반전 ...",트레이드로 롯데 자이언츠 유니폼을 입었다. 이른 시기에 팀을 옮기며 적잖은 변화를 경험했다. 2022년... 선발 출전 횟수가 크게 줄어들면서 '백업 자원'의 역할이 확대됐다. 스스로를 '하루살이'에 빗대는 안중열도...,isplus.com,2026-04-29T11:43:00,,TRANSACTION_CONTRACT,,1.0,,,True,안중열이 롯데로 이적하며 새로운 도전을 시작했다.,안중열,neutral,,True,"롯데 vs 키움 (홈) 5-4 승 | 결승타: 이호준(6회) | 타자 키플레이어: 전민재(롯데), 박주홍(키움), 레이예스(롯데) | 투수 키플레이어: 김원중(롯데), 현도훈(롯데), 박정민(롯데)"
183,"KIA 카스트로 햄스트링 파열, 전력 이탈로 대체 선수 찾는다","카스트로는 지난 25일 롯데 자이언츠와 경기 중 수비하다 허벅지 통증을 호소해 교체됐으며, 지난 26일 엔트리에서 말소됐다. 그는 올 시즌 23경기에서 타율 0.250, 2홈런, 16타점을 기록했다.",www.joongangenews.com,2026-04-29T11:28:00,,INJURY_ROSTER,,1.0,,,True,카스트로가 부상으로 엔트리에서 말소되었다.,카스트로,negative,,True,"롯데 vs 키움 (홈) 5-4 승 | 결승타: 이호준(6회) | 타자 키플레이어: 전민재(롯데), 박주홍(키움), 레이예스(롯데) | 투수 키플레이어: 김원중(롯데), 현도훈(롯데), 박정민(롯데)"
184,프로야구 ‘9회 공포증’…자꾸 뚫리는 마무리에 한숨,"최근 6시즌 연속 두 자릿수 세이브를 올렸던 롯데 자이언츠 마무리 김원중은 올 시즌 10경기에서 1패 1홀드... 마무리 투수들의 난조로 올 시즌 KBO리그 불펜 투수들의 평균자책점은 4.77, 리그 평균자책점은 4.33을...",www.seoul.co.kr,2026-04-29T11:23:00,,PERFORMANCE_ANALYSIS,,0.9,,,True,롯데 마무리 투수의 난조가 계속되고 있다.,김원중,negative,,True,"롯데 vs 키움 (홈) 5-4 승 | 결승타: 이호준(6회) | 타자 키플레이어: 전민재(롯데), 박주홍(키움), 레이예스(롯데) | 투수 키플레이어: 김원중(롯데), 현도훈(롯데), 박정민(롯데)"
185,"한화, '리그 3위' 외인 타자 있어 든든하겠네…""반드시 쳐서 이기겠다는...",페라자는 28일 대전 한화생명 볼파크에서 열린 2026 신한 SOL KBO리그 SSG 랜더스와의 정규시즌 3차전에 2번타자 겸 우익수로 선발 출전해 5타수 2안타 1타점 1볼넷 1도루 1득점으로 활약했다. 18일 사직 롯데 자이언츠전부...,www.xportsnews.com,2026-04-29T11:19:00,,ETC,,0.9,,,False,롯데가 키움과의 경기에서 5-4로 승리했다.,전민재,,,True,"롯데 vs 키움 (홈) 5-4 승 | 결승타: 이호준(6회) | 타자 키플레이어: 전민재(롯데), 박주홍(키움), 레이예스(롯데) | 투수 키플레이어: 김원중(롯데), 현도훈(롯데), 박정민(롯데)"
186,최고 158.7km→리그 2위라니…스피드 2~3km 급증! 키움 7억팔에게 무슨 ...,KBO리그 롯데 자이언츠와 팀 간 시즌 4차전 원정 맞대결에 앞서 박준현에 대해 이야기하는 시간을 가졌다.... 데뷔전에서 선발승을 따낸 선수로 역사에 이름을 남겼다. 게다가 박준현은 전광판에 159km를 마크했는데...,www.spotvnews.co.kr,2026-04-29T11:16:00,,PERFORMANCE_ANALYSIS,MATCH_RELATED,0.9,,,True,박준현이 159km의 구속을 기록하며 주목받고 있다.,박준현,neutral,,True,"롯데 vs 키움 (홈) 5-4 승 | 결승타: 이호준(6회) | 타자 키플레이어: 전민재(롯데), 박주홍(키움), 레이예스(롯데) | 투수 키플레이어: 김원중(롯데), 현도훈(롯데), 박정민(롯데)"
187,동아대 개교 80주년 기념 '롯데자이언츠와 함께하는 동아대데이' 성황리...,"이번 행사엔 이 총장과 신정택 총동문회장을 비롯 재학생, 교직원, 동문 가족 등 총 5,000여명(22일 추가 관람 1,500여명, 28일 본 행사 3,500여명)이 사직야구장을 찾아 대규모 단체 관람, 롯데자이언츠 승리를 기원하는...",www.veritas-a.com,2026-04-29T11:08:00,,CLUB_OPERATION,ETC,0.9,,,True,"동아대와 함께한 행사에서 5,000명이 롯데를 응원했다.",,positive,,True,"롯데 vs 키움 (홈) 5-4 승 | 결승타: 이호준(6회) | 타자 키플레이어: 전민재(롯데), 박주홍(키움), 레이예스(롯데) | 투수 키플레이어: 김원중(롯데), 현도훈(롯데), 박정민(롯데)"
188,"'장두성 2타점 3루타' 롯데, 키움 추격 뿌리치고 5-4 짜릿한 승리","출처=롯데 자이언츠 키움 롯데전은 롯데가 2회말 유강남의 2루타와 전민재의 내야안타로 선취점을 올리며... 키움 롯데 경기에서 롯데는 안타 11개, 키움은 안타 7개를 기록했다. 승리투수는 2이닝 무피안타 무자책의...",www.joongangenews.com,2026-04-29T11:08:00,,MATCH_RELATED,PERFORMANCE_ANALYSIS,0.9,,,True,롯데가 키움을 상대로 5-4로 승리했다.,장두성;전민재,positive,,True,"롯데 vs 키움 (홈) 5-4 승 | 결승타: 이호준(6회) | 타자 키플레이어: 전민재(롯데), 박주홍(키움), 레이예스(롯데) | 투수 키플레이어: 김원중(롯데), 현도훈(롯데), 박정민(롯데)"
189,"번트 많이 대겠다고 하셨잖아요, 그런데...쌓이는 통한의 병살, 안치홍...",키움은 28일 부산사직구장에서 열린 롯데 자이언츠전에서 4대5로 석패했다. 2-5로 밀리던 9회 상대 마무리... 22일 NC 다이노스전도 3대0 승리는 했지만 4회 선취점이 나오기 전 무사 1루 찬스에서도 강공을 갔다 병살타였다....,www.sportschosun.com,2026-04-29T11:07:00,,MATCH_RELATED,PERFORMANCE_ANALYSIS,0.9,,,True,키움이 롯데에 아쉽게 패하며 병살타가 문제였다.,,negative,,True,"롯데 vs 키움 (홈) 5-4 승 | 결승타: 이호준(6회) | 타자 키플레이어: 전민재(롯데), 박주홍(키움), 레이예스(롯데) | 투수 키플레이어: 김원중(롯데), 현도훈(롯데), 박정민(롯데)"
190,"동아대, 개교 80주년 기념 '롯데자이언츠와 함께하는 동아대데이' 성료","이번 행사엔 이해우 총장과 신정택 총동문회장을 비롯 재학생, 교직원, 동문 가족 등 총 5000여명이 사직야구장을 찾아 단체 관람을 하고 롯데자이언츠 승리를 기원하는 열띤 응원전을 펼쳤다. 지난 28일 경기 시작...",www.fnnews.com,2026-04-29T11:05:00,,CLUB_OPERATION,ETC,0.9,,,True,동아대가 롯데와 함께하는 행사로 성황을 이뤘다.,,positive,,True,"롯데 vs 키움 (홈) 5-4 승 | 결승타: 이호준(6회) | 타자 키플레이어: 전민재(롯데), 박주홍(키움), 레이예스(롯데) | 투수 키플레이어: 김원중(롯데), 현도훈(롯데), 박정민(롯데)"
191,[큐레이션] 요나스 메카스와 야구를 위한 온전한 일주일이 필요해 | 예스...,"위수정이 롯데 자이언츠를, 임현이 기아 타이거스를, 한정현이 키움 히어로즈를 썼다. 『혹시, 야구... 야구가 없는 월요일 저녁, 혹은 선발투수가 1회부터 점수를 내주며 아웃 카운트는 하나도 잡지 못해 분통이 터질 때...",ch.yes24.com,2026-04-29T10:54:00,,ETC,,0.9,,,True,야구와 관련된 다양한 이야기가 소개되었다.,,neutral,,True,"롯데 vs 키움 (홈) 5-4 승 | 결승타: 이호준(6회) | 타자 키플레이어: 전민재(롯데), 박주홍(키움), 레이예스(롯데) | 투수 키플레이어: 김원중(롯데), 현도훈(롯데), 박정민(롯데)"
192,댁의 뒷문은 안녕하십니까… 마무리가 안 되는 마무리,롯데 자이언츠는 기존 마무리 김원중이 교통 사고 여파 등으로 구속이 떨어지자 물러났다. KIA 타이거즈는... 일정 간격으로 준비하는 선발투수와 달리 언제 나갈지 모른다. 특히 다른 불펜투수보다 등판 간격 조정이...,www.joongang.co.kr,2026-04-29T10:46:00,,INJURY_ROSTER,,0.9,,,True,롯데의 마무리 투수가 부진으로 교체되었다.,김원중,negative,,True,"롯데 vs 키움 (홈) 5-4 승 | 결승타: 이호준(6회) | 타자 키플레이어: 전민재(롯데), 박주홍(키움), 레이예스(롯데) | 투수 키플레이어: 김원중(롯데), 현도훈(롯데), 박정민(롯데)"
193,"WBC 차출이 원인?…'9회가 공포' KBO, 불펜 줄붕괴 재앙",최근 6시즌 연속 두 자릿수 세이브를 올린 롯데 자이언츠 마무리 김원중도 시즌 초반 제구 난조로 보직에서 물러났다가 28일 키움 히어로즈전에서 시즌 첫 세이브를 올렸다. 올 시즌 KBO리그 불펜 투수들의...,www.nocutnews.co.kr,2026-04-29T10:34:00,,PERFORMANCE_ANALYSIS,,0.9,,,True,롯데가 키움과의 경기에서 김원중의 세이브로 승리했다.,김원중,positive,,True,"롯데 vs 키움 (홈) 5-4 승 | 결승타: 이호준(6회) | 타자 키플레이어: 전민재(롯데), 박주홍(키움), 레이예스(롯데) | 투수 키플레이어: 김원중(롯데), 현도훈(롯데), 박정민(롯데)"
194,"잊지말자, 아직 5선발이다...5이닝 2실점도 충분, '사직 스쿠발'은 여전...",아직 5선발이다. 롯데 자이언츠 김진욱은 28일 부산 사직구장에서 열린 프로야구 정규시즌 키움 히어로즈와의 경기에 선발 등판해 5이닝 89구 4피안타 3볼넷 6탈삼진 2실점을 기록하고 마운드를 내려왔다. 승패 없이...,www.osen.co.kr,2026-04-29T10:21:00,,MATCH_RELATED,PERFORMANCE_ANALYSIS,0.9,,,True,김진욱이 5이닝 2실점으로 호투했다.,김진욱,positive,,True,"롯데 vs 키움 (홈) 5-4 승 | 결승타: 이호준(6회) | 타자 키플레이어: 전민재(롯데), 박주홍(키움), 레이예스(롯데) | 투수 키플레이어: 김원중(롯데), 현도훈(롯데), 박정민(롯데)"
195,"""타율 0.371 선두권"" 페라자…KBO 외국인 타자, 경력직이 앞선다","371로 외국인 타자 가운데 가장 높은 타율을 기록하며 리그 전체 타격 3위에 올라 있고, 롯데 자이언츠에서... 생산으로 롯데 타선을 이끌고 있다. 오스틴 딘은 타율 외에도 장타에서 강점을 보여 홈런 부문 공동 3위인...",www.topstarnews.net,2026-04-29T10:18:00,,ETC,PERFORMANCE_ANALYSIS,0.9,,,True,페라자가 롯데 타선을 이끌며 높은 타율을 기록하고 있다.,페라자,positive,,True,"롯데 vs 키움 (홈) 5-4 승 | 결승타: 이호준(6회) | 타자 키플레이어: 전민재(롯데), 박주홍(키움), 레이예스(롯데) | 투수 키플레이어: 김원중(롯데), 현도훈(롯데), 박정민(롯데)"
196,프로야구 외국인 타자 '경력직' 득세…새내기는 적응 중,"2024년 역대 KBO리그 한 시즌 최다 안타(202개) 기록을 작성하고 롯데 자이언츠에서 3년째 뛰는 안타 제조기... 오스틴은 홈런 공동 3위(6개), 타점 7위(20개)를 달리며 한국 4년 차 생활을 산뜻하게 출발했다. 3년 차 맷...",www.yna.co.kr,2026-04-29T10:09:00,,ETC,PERFORMANCE_ANALYSIS,0.9,,,True,오스틴이 롯데에서 뛰며 좋은 성적을 내고 있다.,오스틴,positive,,True,"롯데 vs 키움 (홈) 5-4 승 | 결승타: 이호준(6회) | 타자 키플레이어: 전민재(롯데), 박주홍(키움), 레이예스(롯데) | 투수 키플레이어: 김원중(롯데), 현도훈(롯데), 박정민(롯데)"
197,"'9회 점수 폭발'…KBO리그, 마무리 난조 속 한 점 승부 속출","선발 요원으로 영입한 투수를 뒷문으로 돌린 고육지책으로, 불안정한 끝내기 상황을 최소화하려는 의도가... 롯데 자이언츠 마무리 김원중도 시즌 출발이 매끄럽지 못했다. 최근 6시즌 연속 두 자릿수 세이브를 기록한...",www.topstarnews.net,2026-04-29T09:56:00,,TRANSACTION_CONTRACT,,1.0,,,True,롯데의 마무리 김원중이 시즌 초반 어려움을 겪고 있다.,김원중,negative,,True,"롯데 vs 키움 (홈) 5-4 승 | 결승타: 이호준(6회) | 타자 키플레이어: 전민재(롯데), 박주홍(키움), 레이예스(롯데) | 투수 키플레이어: 김원중(롯데), 현도훈(롯데), 박정민(롯데)"
198,"롯데자이언츠, 키움히어로즈에 5대 4 승리","부산MBC)프로야구 롯데자이언츠가 어제(28) 사직구장에서 열린 리그 9위 키움 히어로즈와의 경기에서 5대4로 승리했습니다.2회 말 전민재의 선취타로 앞서간 롯데는 6회 말 박승욱과 전민재의 연속 안타, 이호준과...",busanmbc.co.kr,2026-04-29T09:52:00,,MATCH_RELATED,,0.9,,,True,롯데가 키움과의 경기에서 5-4로 승리했다.,전민재,positive,,True,"롯데 vs 키움 (홈) 5-4 승 | 결승타: 이호준(6회) | 타자 키플레이어: 전민재(롯데), 박주홍(키움), 레이예스(롯데) | 투수 키플레이어: 김원중(롯데), 현도훈(롯데), 박정민(롯데)"
199,"日 독립리그→두산→롯데→프로 8년 만에 첫 승, 먼 길 돌아온 현도훈의...","올 시즌 롯데 자이언츠 마운드의 새 희망으로 떠오른 현도훈이 마침내 프로 데뷔 첫 승을 신고했다.... 롯데는 5선발과 롱릴리프를 오갈 수 있는 자원인 박진이 토미 존 수술로 이탈했고, 이민석도 1군과 2군을...",www.xportsnews.com,2026-04-29T09:50:00,,INJURY_ROSTER,,1.0,,,True,현도훈이 프로 데뷔 첫 승을 기록하며 롯데의 희망이 되었다.,현도훈,positive,,True,"롯데 vs 키움 (홈) 5-4 승 | 결승타: 이호준(6회) | 타자 키플레이어: 전민재(롯데), 박주홍(키움), 레이예스(롯데) | 투수 키플레이어: 김원중(롯데), 현도훈(롯데), 박정민(롯데)"
200,"[KBO] KT, LG에 짜릿한 끝내기 승리..단독 선두 질주","대전에서도 한화 이글스가 SSG 랜더스와 연장까지 가는 접전 끝에 7-6 끝내기 승리를 거뒀다. 한화는 11승 14패로 단독 7위에 올랐고, SSG는 15승 10패로 3위에 머물렀다. 부산에서는 롯데 자이언츠가 키움...",www.hg-times.com,2026-04-29T09:50:00,,MATCH_RELATED,,0.9,,,True,"[KBO] KT, LG에 짜릿한 끝내기 승리..단독 선두 질주 대전에서도 한화 이글스가 SSG 랜더스와 연장까지 가는 접전 끝에 7-6 끝내기",,neutral,,False,"롯데 vs 키움 (홈) 5-4 승 | 결승타: 이호준(6회) | 타자 키플레이어: 전민재(롯데), 박주홍(키움), 레이예스(롯데) | 투수 키플레이어: 김원중(롯데), 현도훈(롯데), 박정민(롯데)"
201,프로야구 너도나도 뒷문 비상…'9회가 무섭다',최근 6시즌 연속 두 자릿수 세이브를 올린 롯데 자이언츠 마무리 김원중도 시즌 초반 제구 난조로 마무리 보직에서 물러났다가 28일 키움 히어로즈전에서 시즌 첫 세이브를 달성했다. 올 시즌 KBO리그 불펜 투수들의...,www.yna.co.kr,2026-04-29T09:41:00,,PERFORMANCE_ANALYSIS,,0.9,,,True,롯데 김원중이 시즌 첫 세이브를 기록했다.,김원중,positive,,True,"롯데 vs 키움 (홈) 5-4 승 | 결승타: 이호준(6회) | 타자 키플레이어: 전민재(롯데), 박주홍(키움), 레이예스(롯데) | 투수 키플레이어: 김원중(롯데), 현도훈(롯데), 박정민(롯데)"
202,"최형우, 손아섭 보는 앞에서 '단 8개 차'로 좁혔다... 최다 안타 경쟁 '...","최형우는 지난 28일 서울 잠실구장에서 열린 두산과 경기에서 3번 지명타자로 선발 출장해 5타수 3안타... 그러나 이후 18일 KIA전, 23일 롯데 자이언츠전에서 안타 1개씩을 추가했을 뿐이다. 시즌 성적은 12경기에서...",www.starnewskorea.com,2026-04-29T09:40:00,,PERFORMANCE_ANALYSIS,,0.9,,,False,최형우가 안타 경쟁에서 롯데 선수들과 접전을 벌이고 있다.,,,,True,"롯데 vs 키움 (홈) 5-4 승 | 결승타: 이호준(6회) | 타자 키플레이어: 전민재(롯데), 박주홍(키움), 레이예스(롯데) | 투수 키플레이어: 김원중(롯데), 현도훈(롯데), 박정민(롯데)"
203,"[IS 창원] '김태형 5월 복귀 청사진'…이의리 휴식 카드 꺼낸 KIA, 선발 ...","롯데 자이언츠전까지 책임져야 한다. 휴식일이 하루 줄어드는 만큼 부담이 커질 수밖에 없다. 현재 구상대로라면 롯데전에는 김태형이 선발로 투입될 가능성이 크다. 이 감독은 ""(선발로) 7~8번 던지는 선수들은 한 번씩...",isplus.com,2026-04-29T09:28:00,,INJURY_ROSTER,,1.0,,,True,KIA가 롯데전에서 김태형을 선발로 투입할 가능성이 있다.,김태형,neutral,,True,"롯데 vs 키움 (홈) 5-4 승 | 결승타: 이호준(6회) | 타자 키플레이어: 전민재(롯데), 박주홍(키움), 레이예스(롯데) | 투수 키플레이어: 김원중(롯데), 현도훈(롯데), 박정민(롯데)"
204,"3G 장타 3개...무력시위 유강남, 관건은 투수 리드→로드리게스와 좋은...",롯데 자이언츠 포수 유강남(34)이 급격한 장타 생산 증가로 무력시위했다. 이제 1선발과 좋은 호흡을 보여줘야 한다. 유강남은 지난 28일 부산 사직구장에서 열린 2026 KBO리그 정규시즌 키움 히어로즈오의 홈 주중 3연전...,isplus.com,2026-04-29T09:26:00,,PERFORMANCE_ANALYSIS,INTERVIEW,0.9,,,True,유강남이 장타 생산 증가로 주목받고 있다.,유강남,positive,,True,"롯데 vs 키움 (홈) 5-4 승 | 결승타: 이호준(6회) | 타자 키플레이어: 전민재(롯데), 박주홍(키움), 레이예스(롯데) | 투수 키플레이어: 김원중(롯데), 현도훈(롯데), 박정민(롯데)"
205,"선두 타선도 얼어붙었다…LG 웰스, 18이닝 무실점 완벽투","28일 KT전 선발 등판해 6이닝 3피안타 8탈삼진 무실점 쾌투 웰스, 평균자책점 1.16으로 리그 전체 2위 도약... 그의 무실점 행진은 지난 15일 잠실 롯데 자이언츠전 3회초 손성빈에게 솔로 홈런을 허용한 이후 무려...",www.sisajournal.com,2026-04-29T09:26:00,,MATCH_RELATED,,0.9,,,True,LG 웰스가 롯데전 이후 무실점 행진을 이어가고 있다.,,negative,,True,"롯데 vs 키움 (홈) 5-4 승 | 결승타: 이호준(6회) | 타자 키플레이어: 전민재(롯데), 박주홍(키움), 레이예스(롯데) | 투수 키플레이어: 김원중(롯데), 현도훈(롯데), 박정민(롯데)"
206,"""신인 같지 않아"" 명장이 극찬했었는데…롯데 1R 유망주 현역 입대, 잠시...","""더 강해져서 돌아오겠습니다"" 롯데 자이언츠 관계자는 28일 ""김태현이 4월 27일자로 15사단(강원도 화천군)에... 김태현은 롯데가 '선발 자원'으로 생각하는 선수. 입대를 하지 않았더라도 지금 당장 1군에 자리는 없다....",www.spotvnews.co.kr,2026-04-29T09:20:00,,TRANSACTION_CONTRACT,,0.9,,,True,롯데 김태현이 군 입대하며 잠시 팀을 떠난다.,김태현,negative,,True,"롯데 vs 키움 (홈) 5-4 승 | 결승타: 이호준(6회) | 타자 키플레이어: 전민재(롯데), 박주홍(키움), 레이예스(롯데) | 투수 키플레이어: 김원중(롯데), 현도훈(롯데), 박정민(롯데)"
207,사직구장 3G 연속 멀티히트...홈 관중 앞에서 펄펄 나는 전민재 [IS 피플...,'이적생 복덩이' 전민재(27·롯데 자이언츠)가 반등 발판을 만들었다. 전민재는 지난 28일 부산 사직구장에서 열린 2026 KBO리그 정규시즌 키움 히어로즈와의 홈 주중 3연전 1차전에 8번 타자·유격수로 선발 출전해 4타수...,isplus.com,2026-04-29T09:01:00,,TRANSACTION_CONTRACT,,1.0,,,True,전민재가 홈에서 멀티히트를 기록하며 활약 중이다.,전민재,positive,,True,"롯데 vs 키움 (홈) 5-4 승 | 결승타: 이호준(6회) | 타자 키플레이어: 전민재(롯데), 박주홍(키움), 레이예스(롯데) | 투수 키플레이어: 김원중(롯데), 현도훈(롯데), 박정민(롯데)"
208,"돌아온 LG 킬러, '정규직' 꿈꿀 수 있나?…단기 계약 연장 가능성 UP [잠...","플렉센은 지난 28일 NC 다이노스와의 2026시즌 개막전에 선발등판, 4이닝 2피안타 1피홈런 5볼넷 1사구... 벤자민은 두산 합류 후 첫 등판이었던 지난 21일 사직 롯데 자이언츠전에서 4⅔이닝 3피안타 2볼넷 7탈삼진...",www.xportsnews.com,2026-04-29T08:39:00,,TRANSACTION_CONTRACT,,1.0,,,True,플렉센이 롯데전에서 좋은 성적을 거두었다.,,neutral,,True,"롯데 vs 키움 (홈) 5-4 승 | 결승타: 이호준(6회) | 타자 키플레이어: 전민재(롯데), 박주홍(키움), 레이예스(롯데) | 투수 키플레이어: 김원중(롯데), 현도훈(롯데), 박정민(롯데)"
209,[현장 포커스] 불펜 방화가 만든 11년 만에 5경기 전원 '1점 차 혈투',[사진=롯데 자이언츠] 2026.04.28 football1229@newspim.com ◆ 겨우 승리 지킨 롯데와 NC 롯데는 부산 키움전에서 5... 롯데 선발 김진욱이 5이닝 2실점으로 호투했다. 키움 선발 라울 알칸타라는 5회까지 2실점으로 버텼으나...,www.newspim.com,2026-04-29T08:23:00,,MATCH_RELATED,,0.9,,,True,롯데가 키움전에서 승리를 지켰다.,김진욱,positive,,True,"롯데 vs 키움 (홈) 5-4 승 | 결승타: 이호준(6회) | 타자 키플레이어: 전민재(롯데), 박주홍(키움), 레이예스(롯데) | 투수 키플레이어: 김원중(롯데), 현도훈(롯데), 박정민(롯데)"
210,"""유격수 고민? 전민재가 완전히 지웠다"" 6경기 0.380, 롯데 내야 멱살 쥐...","하지만 롯데 자이언츠의 내야는 전민재라는 든든한 사령관을 중심으로 아주 서서히 그 견고함을 더해가고... 리그 1위의 든든한 선발 마운드가 굳건히 버티고 있고, 캡틴 전준우의 방망이도 서서히 정타가 나오기...",www.fnnews.com,2026-04-29T08:01:00,,PERFORMANCE_ANALYSIS,,0.9,,,True,전민재가 롯데 내야의 안정성을 높이고 있다.,전민재,positive,,True,"롯데 vs 키움 (홈) 5-4 승 | 결승타: 이호준(6회) | 타자 키플레이어: 전민재(롯데), 박주홍(키움), 레이예스(롯데) | 투수 키플레이어: 김원중(롯데), 현도훈(롯데), 박정민(롯데)"
211,"'데뷔 8년 만에 첫 승'...이민석·홍민기·윤성빈 잇는 현도훈 ""그동안 ...","롯데 자이언츠 우완 투수 현도훈(33)이 프로 데뷔 8년 만에 첫 승을 거뒀다. 현도훈은 28일 부산 사직구장에서... 마무리 투수 최준용이 9회 초 흔들리며 2점을 내줬지만, 김원중이 등판해 실점을 막고 승리를 지켜냈다....",isplus.com,2026-04-29T07:49:00,,PERFORMANCE_ANALYSIS,,0.9,,,True,현도훈이 프로 데뷔 8년 만에 첫 승을 기록했다.,현도훈,positive,,True,"롯데 vs 키움 (홈) 5-4 승 | 결승타: 이호준(6회) | 타자 키플레이어: 전민재(롯데), 박주홍(키움), 레이예스(롯데) | 투수 키플레이어: 김원중(롯데), 현도훈(롯데), 박정민(롯데)"
212,‘18이닝 연속 무실점’ 이런 아시아쿼터가 있나!…연이은 쾌투로 LG 선...,웰스는 28일 수원 KT위즈파크에서 열린 2026 프로야구 KBO리그 정규시즌 KT위즈와의 원정경기에 LG의 선발투... 잠실 롯데 자이언츠전(7이닝 3피안타 1피홈런 3탈삼진 1실점)과 22일 잠실 한화 이글스전(8이닝 1피안타...,www.mk.co.kr,2026-04-29T07:41:00,,PERFORMANCE_ANALYSIS,,0.9,,,True,롯데의 투수들이 좋은 성적을 이어가고 있다.,,neutral,,True,"롯데 vs 키움 (홈) 5-4 승 | 결승타: 이호준(6회) | 타자 키플레이어: 전민재(롯데), 박주홍(키움), 레이예스(롯데) | 투수 키플레이어: 김원중(롯데), 현도훈(롯데), 박정민(롯데)"
213,"나승엽-고승민 어린이날 콜업…사경 헤매고 있는 롯데, 기다릴 여유 없...","""되면 바로 올려야지"" 롯데 자이언츠는 대만 타이난 1차 스프링캠프 중 너무나도 큰 날벼락을 맞았다. 고승민... 롯데의 엘빈 로드리게스-제레미 비슬리-박세웅-나균안-김진욱으로 이어지는 선발 평균자책점은 리그 1위에...",www.spotvnews.co.kr,2026-04-29T07:22:00,,CLUB_OPERATION,,0.9,,,True,롯데가 어린이날 콜업을 통해 팀을 강화할 계획이다.,,neutral,,True,"롯데 vs 키움 (홈) 5-4 승 | 결승타: 이호준(6회) | 타자 키플레이어: 전민재(롯데), 박주홍(키움), 레이예스(롯데) | 투수 키플레이어: 김원중(롯데), 현도훈(롯데), 박정민(롯데)"
214,"'김현수 더비', 김현수 결정적 '밀어내기 볼넷' kt의 승리","노시환의 밀어내기 볼넷을 기록하며 경기를 끝냈다. 롯데 자이언츠는 키움 히어로즈에 5-4로 승리했다. 롯데 장두성은 5타수 2안타 2타점 1득점, 전민재는 4타수 3안타 1타점 1득점으로 활약했다. 뉴데일리 최용재",www.newdaily.co.kr,2026-04-29T07:20:00,,MATCH_RELATED,PERFORMANCE_ANALYSIS,0.9,,,True,롯데가 키움에 5-4로 승리하며 장두성과 전민재가 활약했다.,장두성;전민재,positive,,True,"롯데 vs 키움 (홈) 5-4 승 | 결승타: 이호준(6회) | 타자 키플레이어: 전민재(롯데), 박주홍(키움), 레이예스(롯데) | 투수 키플레이어: 김원중(롯데), 현도훈(롯데), 박정민(롯데)"
215,"[게임노트] 2026년 4월 28일...5경기 모두 1점차 혈투, 3경기는 연장전…...","[사직] 키움 [4:5] 롯데 / 관중 19,704 [승]현도훈 [세]김원중 [패]알칸타라 최하위 롯데 자이언츠는 부산 사직구장에서 원정팀 키움 히어로즈에 5-4로 승리했다. 롯데는 1-2로 뒤진 5회말 공격 무사 1, 3루에서...",www.thesportstimes.co.kr,2026-04-29T07:06:00,,MATCH_RELATED,,0.9,,,True,롯데가 키움에 5-4로 승리했다.,,positive,,True,"롯데 vs 키움 (홈) 5-4 승 | 결승타: 이호준(6회) | 타자 키플레이어: 전민재(롯데), 박주홍(키움), 레이예스(롯데) | 투수 키플레이어: 김원중(롯데), 현도훈(롯데), 박정민(롯데)"
216,"""왜 이제야 나왔나"" 피 토하며 달리던 투혼의 장두성, 롯데의 척추가 꼿...",올 시즌 롯데 자이언츠 김태형 감독의 가장 큰 골칫거리 중 하나는 단연 중견수 자리였다. 타격 강화를 위해... 결국 그 자리를 물려받은 황성빈마저 부상으로 1군 엔트리에서 말소되며 롯데의 중견수 잔혹사는 끝이 보이지...,www.fnnews.com,2026-04-29T07:01:00,,INJURY_ROSTER,,1.0,,,True,롯데의 중견수 자리가 여전히 문제로 남아있다.,,negative,,True,"롯데 vs 키움 (홈) 5-4 승 | 결승타: 이호준(6회) | 타자 키플레이어: 전민재(롯데), 박주홍(키움), 레이예스(롯데) | 투수 키플레이어: 김원중(롯데), 현도훈(롯데), 박정민(롯데)"
217,"KBO리그 하루 5경기 모두 1점 차 진땀 승부, 10개 구단 체제 2번째 진기...","진땀나는 승리를 거뒀다. 이 경기 승리로 삼성은 지긋지긋했던 7연패에서 탈출했다. 삼성이 두산과 연장... 롯데 자이언츠는 사직 홈경기에서 키움 히어로즈의 추격을 5-4로 따돌렸고, NC 다이노스도 창원...",www.mediapen.com,2026-04-29T06:48:00,,MATCH_RELATED,,0.9,,,True,롯데가 키움과의 경기에서 5-4로 승리했다.,,positive,,True,"롯데 vs 키움 (홈) 5-4 승 | 결승타: 이호준(6회) | 타자 키플레이어: 전민재(롯데), 박주홍(키움), 레이예스(롯데) | 투수 키플레이어: 김원중(롯데), 현도훈(롯데), 박정민(롯데)"
218,全 구장 초접전 진기록…KBO 5경기 모두 '1점 차' 대혈투,한화 이글스는 대전 한화생명 볼파크에서 방문팀 3위 SSG 랜더스와 격돌해 연장 10회 접전 끝에 7-6으로 승리했다. 최하위 롯데 자이언츠는 부산 사직구장에서 원정팀 키움 히어로즈를 5-4로 꺾었다. 수원...,www.nocutnews.co.kr,2026-04-29T06:43:00,,MATCH_RELATED,,0.9,,,True,롯데가 키움과의 경기에서 5-4로 승리했다.,전민재;레이예스;김원중,positive,,True,"롯데 vs 키움 (홈) 5-4 승 | 결승타: 이호준(6회) | 타자 키플레이어: 전민재(롯데), 박주홍(키움), 레이예스(롯데) | 투수 키플레이어: 김원중(롯데), 현도훈(롯데), 박정민(롯데)"
219,"9회 다시 울린 종소리, 핑계 없이 준비한 클로저 컴백쇼…""교통사고 후...",“다른 팀은 봐주지 않으니까요.” 프로야구 롯데 자이언츠의 통산 최다 세이브 기록(165세이브) 보유자... 그리고 1일 창원 NC전 역시 4-4로 맞선 9회 올라왔지만 ⅓이닝 1피안타 3볼넷 1실점을 기록하고 끝내기 패배를...,www.osen.co.kr,2026-04-29T06:21:00,,MATCH_RELATED,,0.9,,,True,롯데의 클로저가 9회에 실점을 기록했습니다.,,negative,,True,"롯데 vs 키움 (홈) 5-4 승 | 결승타: 이호준(6회) | 타자 키플레이어: 전민재(롯데), 박주홍(키움), 레이예스(롯데) | 투수 키플레이어: 김원중(롯데), 현도훈(롯데), 박정민(롯데)"
220,"'14억 승부수' KIA 이렇게 안 풀리나, 전직 외국인도 부상이다…완전 교...",카스트로는 지난 25일 광주 롯데 자이언츠전에 1루수로 선발 출전했다가 포구하는 과정에서 다리를... 지난해 35홈런-85타점을 생산한 외국인 타자 패트릭 위즈덤과 과감히 결별을 결심했다. 홈런 수 자체는 많았지만...,www.sportschosun.com,2026-04-29T06:03:00,,INJURY_ROSTER,,1.0,,,True,롯데 자이언츠가 외국인 선수와 결별했습니다.,,negative,,True,"롯데 vs 키움 (홈) 5-4 승 | 결승타: 이호준(6회) | 타자 키플레이어: 전민재(롯데), 박주홍(키움), 레이예스(롯데) | 투수 키플레이어: 김원중(롯데), 현도훈(롯데), 박정민(롯데)"
221,"김서현은 결국 2군행…'고전 반복' 한화 불펜진, 재정비 들어가나","연장 접전 끝에 힘겨운 승리를 따냈다. 선발로 등판한 왕옌청이 5⅓이닝 2실점으로 선전한 가운데, 이어... 지난 1990년 5월5일 잠실에서 LG 트윈스 마운드가 롯데 자이언츠를 상대로 내줬던 기록(17개)을 무려 36년 만에 깬...",www.newsis.com,2026-04-29T06:00:00,,ETC,,0.9,,,False,롯데가 힘겨운 승리를 거두었습니다.,,,,True,"롯데 vs 키움 (홈) 5-4 승 | 결승타: 이호준(6회) | 타자 키플레이어: 전민재(롯데), 박주홍(키움), 레이예스(롯데) | 투수 키플레이어: 김원중(롯데), 현도훈(롯데), 박정민(롯데)"
222,"교통사고 여파, 마음고생도 없지 않았다…그래도 김원중은 막았다 ""9회...","""기분 좋은 종소리, 항상 들려드릴게요"" 롯데 자이언츠 김원중은 28일 부산 사직구장에서 열린 2026 신한은행 SOL Bank KBO리그 키움 히어로즈와 팀 간 시즌 4차전 홈 맞대결에서 5-4로 승리하며 연패를 끊어냈다. 김원중은...",www.spotvnews.co.kr,2026-04-29T05:34:00,,MATCH_RELATED,,0.9,,,True,김원중이 키움전에서 연패를 끊는 데 기여했다.,김원중,positive,,True,"롯데 vs 키움 (홈) 5-4 승 | 결승타: 이호준(6회) | 타자 키플레이어: 전민재(롯데), 박주홍(키움), 레이예스(롯데) | 투수 키플레이어: 김원중(롯데), 현도훈(롯데), 박정민(롯데)"
223,"""선발들 잘 던져준다→(징계 선수) 돌아오면 충분히 괜찮아"" 김태형, '완...",2026시즌 KBO 리그 최하위(10위)에 머물러 있는 롯데 자이언츠의 김태형(59) 감독이 반등을 향한 '희망 회로'를... 우천 취소 등 일정에 변수가 없다면 이들은 오는 5월 5일 수원에서 열리는 KT 위즈전부터 1군 엔트리에 전격...,www.starnewskorea.com,2026-04-29T05:21:00,,INJURY_ROSTER,,1.0,,,True,김태형 감독이 반등을 기대하고 있습니다.,,neutral,,True,"롯데 vs 키움 (홈) 5-4 승 | 결승타: 이호준(6회) | 타자 키플레이어: 전민재(롯데), 박주홍(키움), 레이예스(롯데) | 투수 키플레이어: 김원중(롯데), 현도훈(롯데), 박정민(롯데)"
224,"[IS 인터뷰] '홈런으로 KIA 구단 역사에 이름' 박재현 ""이젠 3루타를 한...","광주에서 열린 롯데 자이언츠와의 홈 경기에 리드오프로 선발 출전한 그는 1회 첫 타석에서 중월 홈런을 쏘아 올렸다. 데뷔 후 1군 통산 81경기, 137타석 만에 터진 첫 홈런이었다. 박재현은 본지와 인터뷰에서 ""한 번쯤은...",isplus.com,2026-04-29T04:36:00,,INTERVIEW,,0.9,,,True,박재현이 롯데와의 경기에서 첫 홈런을 기록했습니다.,박재현,neutral,,False,"롯데 vs 키움 (홈) 5-4 승 | 결승타: 이호준(6회) | 타자 키플레이어: 전민재(롯데), 박주홍(키움), 레이예스(롯데) | 투수 키플레이어: 김원중(롯데), 현도훈(롯데), 박정민(롯데)"
225,"'160㎞ 괴물' 안우진 피한 롯데, 배동현 만나서 '천만다행'?…방심은 금...",롯데 자이언츠 입장에서는 그야말로 '사지(死地)'에서 벗어난 기분일지도 모른다. 시속 160㎞ 강속구를... 하지만 안우진을 피했다고 해서 승리가 보장되는 것은 아니다. 롯데가 30일 마주할 투수는 안우진의 '그림자'에서...,www.sportschosun.com,2026-04-29T03:22:00,,MATCH_RELATED,PERFORMANCE_ANALYSIS,0.9,summary_failed:Request timed out.,,True,롯데가 안우진을 피하고 배동현과 맞붙어 승리할 수 있을까?,,neutral,,True,"롯데 vs 키움 (홈) 5-4 승 | 결승타: 이호준(6회) | 타자 키플레이어: 전민재(롯데), 박주홍(키움), 레이예스(롯데) | 투수 키플레이어: 김원중(롯데), 현도훈(롯데), 박정민(롯데)"
226,저 프레이밍으로 80억 벌었잖아요...멘붕 야기 '역프레이밍' ABS도 속인 ...,"롯데 자이언츠는 29일 부산사직구장에서 열린 키움 히어로즈전에서 5대4 진땀승을 거두며 가까스로 연패에서 탈출, 탈꼴찌에 대한 희망을 키우게 됐다. 이날 승리의 주역은 선발로 나서 5이닝을 2실점으로 막아준 선발...",www.sportschosun.com,2026-04-29T03:07:00,,MATCH_RELATED,PERFORMANCE_ANALYSIS,0.9,summary_failed:Request timed out.,,True,롯데가 키움과의 경기에서 5-4로 승리하며 연패를 탈출했다.,김원중,positive,,True,"롯데 vs 키움 (홈) 5-4 승 | 결승타: 이호준(6회) | 타자 키플레이어: 전민재(롯데), 박주홍(키움), 레이예스(롯데) | 투수 키플레이어: 김원중(롯데), 현도훈(롯데), 박정민(롯데)"
227,부진 늪 빠질라… 프로야구 ‘햄스트링 주의보’,"2년 연속 20홈런을 달성한 삼성 라이온즈 주전 3루수 김영웅은 지난 10일 도루 과정에서 부상을 입고 최대 4주... 허경민과 이주형(키움 히어로즈), 손호영(롯데 자이언츠), 서호철(NC 다이노스) 역시 이번 부상이 처음이...",www.kmib.co.kr,2026-04-29T01:16:00,,INJURY_ROSTER,,1.0,summary_failed:Request timed out.,,True,롯데의 손호영이 햄스트링 부상으로 주의가 필요하다.,손호영,negative,,True,"롯데 vs 키움 (홈) 5-4 승 | 결승타: 이호준(6회) | 타자 키플레이어: 전민재(롯데), 박주홍(키움), 레이예스(롯데) | 투수 키플레이어: 김원중(롯데), 현도훈(롯데), 박정민(롯데)"
228,"'돌고 돌아 입단 9년 만에 프로 첫 승' 현도훈 감격 ""힘든 시간 와이프 ...",롯데 자이언츠의 투수 현도훈이 마침내 기다리던 프로 데뷔 첫 승의 감격을 맛봤다. 2018년 육성선수로 프로... 5-4 승리를 견인하며 프로 데뷔 처음으로 첫 승리 투수가 됐다. 2-2로 맞선 6회초 현도훈이 등판했고 팀이 6회말...,www.starnewskorea.com,2026-04-29T01:01:00,,TRANSACTION_CONTRACT,,1.0,summary_failed:Request timed out.,,True,현도훈이 프로 데뷔 첫 승을 거두며 감격의 순간을 맞이했다.,현도훈,positive,,True,"롯데 vs 키움 (홈) 5-4 승 | 결승타: 이호준(6회) | 타자 키플레이어: 전민재(롯데), 박주홍(키움), 레이예스(롯데) | 투수 키플레이어: 김원중(롯데), 현도훈(롯데), 박정민(롯데)"
229,9등인데 1선발을 쉬게 해? → 갈 길 안 바쁜가. 국내 5선발 돌리는 키움...,설종진 키움 감독은 28일 부산 사직구장에서 열린 롯데 자이언츠와 경기를 앞두고 알칸타라를 1군에서 말소하겠다고 밝혔다. 특별한 부상이 아니다. 단순히 체력 안배 차원이다. 4월부터 체력 관리는 이례적이다. 매우...,www.sportschosun.com,2026-04-29T00:43:00,,INJURY_ROSTER,,1.0,summary_failed:Request timed out.,,True,키움이 체력 안배 차원에서 1선발을 쉬게 했다.,,neutral,,True,"롯데 vs 키움 (홈) 5-4 승 | 결승타: 이호준(6회) | 타자 키플레이어: 전민재(롯데), 박주홍(키움), 레이예스(롯데) | 투수 키플레이어: 김원중(롯데), 현도훈(롯데), 박정민(롯데)"
230,"""공 보고 맞히기에 급급한 느낌""…강정호, 뼈때리는 독설→롯데 두동희...","롯데 자이언츠의 타선을 이끌어야 할 '두 동희'가 깊은 침묵에 빠졌다. 4번 타자 한동희(27)와 차세대 간판... 대목은 롯데의 4번을 책임지는 한동희의 장타 실종이다. 올 시즌 한동희는 21경기에서 타율 2할4푼4리, 0홈런...",www.sportschosun.com,2026-04-29T00:32:00,,PERFORMANCE_ANALYSIS,,0.9,summary_failed:Request timed out.,,True,한동희가 타격 부진에 빠져 롯데의 타선에 어려움이 있다.,한동희,negative,,True,"롯데 vs 키움 (홈) 5-4 승 | 결승타: 이호준(6회) | 타자 키플레이어: 전민재(롯데), 박주홍(키움), 레이예스(롯데) | 투수 키플레이어: 김원중(롯데), 현도훈(롯데), 박정민(롯데)"
231,"'선발 체질' 장두성, 롯데 2연패 탈출 이끈 쐐기타→1년 전 키움전 활약...","장두성(27·롯데 자이언츠)에겐 키움 히어로즈가 그런 존재였다. 장두성은 28일 부산 사직구장에서 열린 2026... 2-2로 맞선 6회 말, 전민재의 2루타와 이호준의 적시타로 3-2로 앞선 상황에서 롯데가 승리에 다가서는 2타점...",isplus.com,2026-04-29T00:10:00,,MATCH_RELATED,PERFORMANCE_ANALYSIS,0.9,summary_failed:Request timed out.,,True,장두성이 키움전에서 중요한 2타점을 기록했다.,장두성,positive,,True,"롯데 vs 키움 (홈) 5-4 승 | 결승타: 이호준(6회) | 타자 키플레이어: 전민재(롯데), 박주홍(키움), 레이예스(롯데) | 투수 키플레이어: 김원중(롯데), 현도훈(롯데), 박정민(롯데)"
232,"이게 야구냐 불장난이냐, 1300만 관중 위한 완벽 전개? 재밌는 건 좋은데...","필승조, 마무리 투수들이 약속이나 한 듯 모두 쓰러지고 정말 '어느 팀 불펜이 더 약하냐' 경쟁을 보는... KIA 정해영, 롯데 자이언츠 김원중, 한화 이글스 김서현은 극도의 부진으로 마무리 자리를 내려놨다. 믿었던 KT...",www.sportschosun.com,2026-04-29T00:07:00,,PERFORMANCE_ANALYSIS,ETC,0.9,summary_failed:Request timed out.,,True,롯데의 마무리 투수 김원중이 부진을 겪고 있다.,김원중,negative,,True,"롯데 vs 키움 (홈) 5-4 승 | 결승타: 이호준(6회) | 타자 키플레이어: 전민재(롯데), 박주홍(키움), 레이예스(롯데) | 투수 키플레이어: 김원중(롯데), 현도훈(롯데), 박정민(롯데)"
233,"[경상일보 제23기 독자권익위원회 4월 월례회]""도시재생 10년 성과 점검...",최지만 선수는 2020년 월드시리즈 무대까지 출전하며 타자로서 의미있는 발자취를 남겼는데 부상으로 울산웨일즈에 입단하게 된 것으로 알려졌다. 울산에도 롯데 자이언츠구단이 일년에 몇 차례 경기를 가지고는 있었지만...,www.ksilbo.co.kr,2026-04-29T00:04:00,,INJURY_ROSTER,,1.0,,,True,최지만 선수가 부상으로 울산웨일즈에 입단했다.,최지만,negative,,False,"롯데 vs 키움 (홈) 5-4 승 | 결승타: 이호준(6회) | 타자 키플레이어: 전민재(롯데), 박주홍(키움), 레이예스(롯데) | 투수 키플레이어: 김원중(롯데), 현도훈(롯데), 박정민(롯데)"
234,"봄데가 그리운 부산, 추락이 두려운 대전",뱃속에서부터 응원한 롯데 자이언츠가 좀처럼 힘을 내지 못하고 있기 때문이다. 류 씨는 “그래도 봄엔... ‘우승 청부사’ 김태형 감독을 두고는 핵심 불펜 투수들을 너무 빈번하게 활용하고 있다고 비판한다. 한화...,www.joongang.co.kr,2026-04-29T00:02:00,,ETC,,0.9,,,True,롯데 자이언츠가 힘을 내지 못하고 있다.,,negative,,False,"롯데 vs 키움 (홈) 5-4 승 | 결승타: 이호준(6회) | 타자 키플레이어: 전민재(롯데), 박주홍(키움), 레이예스(롯데) | 투수 키플레이어: 김원중(롯데), 현도훈(롯데), 박정민(롯데)"
235,"‘김서현→네일 연속 격파’ 롯데 출신 13년 차 포수, “저는 하루살이...",투런 홈런을 터뜨렸다. 151km 직구를 받아쳐 좌측 담장을 넘긴 비거리 125m 아치였다. NC는 5-3으로 승리하며... 2014년 프로에 데뷔해 KT 위즈와 롯데 자이언츠를 거치며 13년 차 포수가 된 그는 “어릴 적부터 1군 경기에...,www.osen.co.kr,2026-04-29T00:02:00,,ETC,ETC,0.9,,,True,롯데 출신 포수가 투런 홈런을 기록했다.,,neutral,,False,"롯데 vs 키움 (홈) 5-4 승 | 결승타: 이호준(6회) | 타자 키플레이어: 전민재(롯데), 박주홍(키움), 레이예스(롯데) | 투수 키플레이어: 김원중(롯데), 현도훈(롯데), 박정민(롯데)"
236,"김성윤이 돌아오자 삼성 연패가 끝났다...연장 혈투 끝 7연패 탈출, 롯데...",또 다시 패배의 진창에 뒹굴 뻔한 삼성을 이날 부상에서 복귀한 김성윤이 구했다. 연장 10회초 1사 2루... 5경기가 모두 '1점 차'...한 점 승부의 날 사직에서는 꼴찌 롯데 자이언츠가 3년 연속 꼴찌 키움 히어로즈를 5대...,www.spochoo.com,2026-04-28T23:59:00,,INJURY_ROSTER,,1.0,,,True,김성윤의 복귀로 삼성의 연패가 끝났다.,김성윤,neutral,,True,"롯데 vs 키움 (홈) 5-4 승 | 결승타: 이호준(6회) | 타자 키플레이어: 전민재(롯데), 박주홍(키움), 레이예스(롯데) | 투수 키플레이어: 김원중(롯데), 현도훈(롯데), 박정민(롯데)"
237,프로야구 5경기 모두 '한 점 차' 대혈투…역대 두 번째(종합),10개 구단은 28일 전국 5개 구장에서 불펜 문제를 드러내며 혈투를 벌였다. KBO리그 10구단 체제에서 5경기... 최하위 롯데 자이언츠는 부산 사직구장에서 원정팀 키움 히어로즈에 5-4로 승리했다. 롯데는 1-2로 뒤진...,www.yna.co.kr,2026-04-28T23:02:00,,MATCH_RELATED,PERFORMANCE_ANALYSIS,0.9,,,True,롯데가 키움과의 경기에서 5-4로 승리했다.,,positive,,True,"롯데 vs 키움 (홈) 5-4 승 | 결승타: 이호준(6회) | 타자 키플레이어: 전민재(롯데), 박주홍(키움), 레이예스(롯데) | 투수 키플레이어: 김원중(롯데), 현도훈(롯데), 박정민(롯데)"
238,롯데 수호신 김원중이 돌아왔다…삼성은 7연패 탈출,프로야구 최하위 롯데 자이언츠의 수호신 김원중이 돌아왔다. 1점차 리드를 지키며 마무리로서의 귀환을... 롯데는 현도훈과 박정민이 8회까지 불펜진을 지켰다. 문제는 9회였다. 최준용이 난타를 맞고 2점을 내줬다....,www.joongang.co.kr,2026-04-28T23:02:00,,MATCH_RELATED,,0.9,,,True,김원중이 마무리로서의 귀환을 알렸다.,김원중,positive,,True,"롯데 vs 키움 (홈) 5-4 승 | 결승타: 이호준(6회) | 타자 키플레이어: 전민재(롯데), 박주홍(키움), 레이예스(롯데) | 투수 키플레이어: 김원중(롯데), 현도훈(롯데), 박정민(롯데)"
239,"삼성, 연장 혈투 끝 두산 꺾고 '7연패 탈출'…KT는 선두 수성(종합)",뼈아픈 패배를 당한 SSG는 시즌 10패(15승)째를 떠안았다. 2연패를 당한 SSG는 3위에 머물렀다. 7회까지 2-5로... 사직에서는 홈팀 롯데 자이언츠가 키움 히어로즈에 5-4 진땀승을 거뒀다. 2연패를 벗어난 최하위 롯데는...,www.news1.kr,2026-04-28T22:57:00,,MATCH_RELATED,,0.9,,,True,롯데가 키움과의 경기에서 5-4로 승리했다.,,positive,,True,"롯데 vs 키움 (홈) 5-4 승 | 결승타: 이호준(6회) | 타자 키플레이어: 전민재(롯데), 박주홍(키움), 레이예스(롯데) | 투수 키플레이어: 김원중(롯데), 현도훈(롯데), 박정민(롯데)"
240,"한화, 뒷문 흔들린 SSG에 끝내기 승리…'김원중 세이브' 롯데도 신승(종...","같은 시간 부산 사직구장에선 롯데 자이언츠가 키움 히어로즈를 5-4로 누르고 최하위 탈출을 향한 의지를... 홈런 선두 김도영은 시즌 9호포를 터트렸으나, 팀의 패배로 빛이 바랬다. 선취 득점은 KIA가 냈다. KIA는...",www.newsis.com,2026-04-28T22:56:00,,MATCH_RELATED,,0.9,,,True,롯데가 키움전에서 5-4로 승리하며 최하위 탈출을 노렸다.,,positive,,True,"롯데 vs 키움 (홈) 5-4 승 | 결승타: 이호준(6회) | 타자 키플레이어: 전민재(롯데), 박주홍(키움), 레이예스(롯데) | 투수 키플레이어: 김원중(롯데), 현도훈(롯데), 박정민(롯데)"
241,"'노시환 끝내기 밀어내기' 한화, 연장 10회 혈투 끝 SSG 제압",삼성은 선발 아리엘 후라도이 7이닝 무실점으로 호투했지만 불펜이 흔들리며 동점을 허용했다. 하지만 연장 10회초 김성윤이 결승타를 때려 승리를 가져왔다. 사직구장에선 롯데자이언츠가 키움히어로즈를 5-4로 꺾고...,www.edaily.co.kr,2026-04-28T22:56:00,,MATCH_RELATED,,0.9,,,True,롯데가 키움히어로즈를 5-4로 이겼습니다.,전민재;레이예스,positive,,True,"롯데 vs 키움 (홈) 5-4 승 | 결승타: 이호준(6회) | 타자 키플레이어: 전민재(롯데), 박주홍(키움), 레이예스(롯데) | 투수 키플레이어: 김원중(롯데), 현도훈(롯데), 박정민(롯데)"
242,"'강민성 끝내기 안타' KT, 연장 접전 끝에 LG에 극적 역전승…NC·한화·...","KT 선발투수 맷 사우어는 6이닝 6피안타(1피홈런) 5탈삼진 2사사구 2실점으로 호투했으나 승패 없이... 롯데 자이언츠도 키움 히어로즈와의 접전 끝에 승리를 쟁취했다. 최하위 롯데는 8승 1무 16패가 됐고, 키움은...",www.stoo.com,2026-04-28T22:52:00,,MATCH_RELATED,,0.9,,,True,롯데가 키움과의 접전에서 승리를 거두었습니다.,전민재;레이예스,positive,,True,"롯데 vs 키움 (홈) 5-4 승 | 결승타: 이호준(6회) | 타자 키플레이어: 전민재(롯데), 박주홍(키움), 레이예스(롯데) | 투수 키플레이어: 김원중(롯데), 현도훈(롯데), 박정민(롯데)"
243,"발이 느려진 베테랑, 경험 부족한 신인...내야 수비 디테일 차이→4연승...","키움은 28일 부산 사직구장에서 열린 2026 KBO리그 정규시즌 롯데 자이언츠와의 원정 주중 3연전 1차전에서 4... 시즌 초반 선발 유격수로 자주 나섰던 어준서는 부상으로 이탈한 상황이지만, 그렇다고 현재 내야진 구성이...",isplus.com,2026-04-28T21:48:00,,INJURY_ROSTER,,1.0,,,True,롯데의 내야 수비가 키움과의 경기에서 차이를 보였습니다.,,neutral,,True,"롯데 vs 키움 (홈) 5-4 승 | 결승타: 이호준(6회) | 타자 키플레이어: 전민재(롯데), 박주홍(키움), 레이예스(롯데) | 투수 키플레이어: 김원중(롯데), 현도훈(롯데), 박정민(롯데)"
244,"""9회 병살수비"" 롯데 자이언츠, 키움 제압하고 키놈 승차 1경기","부산 사직구장에서 4점씩을 주고받는 접전 끝에 최하위 롯데 자이언츠가 9위 키움 히어로즈를 상대로... 하위권에서 맞붙은 두 팀의 직접 대결이었던 만큼, 이날 패배로 키움도 순위 다툼에서 압박을 받게 됐다. 반면...",www.topstarnews.net,2026-04-28T21:40:00,,MATCH_RELATED,,0.9,,,True,롯데가 키움히어로즈를 제압하며 승차를 줄였습니다.,전민재;레이예스,positive,,True,"롯데 vs 키움 (홈) 5-4 승 | 결승타: 이호준(6회) | 타자 키플레이어: 전민재(롯데), 박주홍(키움), 레이예스(롯데) | 투수 키플레이어: 김원중(롯데), 현도훈(롯데), 박정민(롯데)"
245,"'1선발 충격 5실점' KIA 통한의 역전패, '불펜 8명 총력전' NC 2연승 [창원...","네일의 구위가 평소보다 좋진 않았지만, 화요일부터 불펜을 소진하기는 어려웠다. 지난 25일과 26일 광주 롯데 자이언츠전에 연이틀 등판해 3⅓이닝을 책임진 성영탁이 등판하기 어려운 상황. 네일의 투구 수도...",www.sportschosun.com,2026-04-28T21:30:00,,ETC,,0.9,,,False,롯데 자이언츠와의 경기에서 KIA가 역전패를 당했습니다.,,,,True,"롯데 vs 키움 (홈) 5-4 승 | 결승타: 이호준(6회) | 타자 키플레이어: 전민재(롯데), 박주홍(키움), 레이예스(롯데) | 투수 키플레이어: 김원중(롯데), 현도훈(롯데), 박정민(롯데)"
246,"'복덩이' LG 웰스, '타율 1위' KT 타선 상대로 6이닝 8K 무실점 쾌투","웰스는 15일 잠실 롯데 자이언츠전에서 3회 손성빈에 홈런을 맞은 이후 점수를 내주지 않았다. 올 시즌 팀... 애초 불펜 투수로 뛸 예정이었던 웰스는 손주영의 부상으로 선발 한 자리를 꿰찼고, 에이스로 불릴만한...",www.newsis.com,2026-04-28T20:42:00,,INJURY_ROSTER,,1.0,,,True,롯데 자이언츠전에서 웰스가 무실점으로 호투했습니다.,,neutral,,True,"롯데 vs 키움 (홈) 5-4 승 | 결승타: 이호준(6회) | 타자 키플레이어: 전민재(롯데), 박주홍(키움), 레이예스(롯데) | 투수 키플레이어: 김원중(롯데), 현도훈(롯데), 박정민(롯데)"
247,"KIA 카스트로, 햄스트링 파열 진단…""부상 대체 선수 물색""","카스트로는 25일 롯데 자이언츠와 경기 중 수비하다가 허벅지 통증을 호소해 교체됐고 26일 엔트리 말소됐습니다. 그는 올 시즌 23경기에서 타율 0.250, 2홈런, 16타점을 기록했습니다. (사진=연합뉴스)",news.sbs.co.kr,2026-04-28T20:29:00,,INJURY_ROSTER,,1.0,,,True,카스트로가 롯데와의 경기 중 부상을 당했습니다.,,negative,,True,"롯데 vs 키움 (홈) 5-4 승 | 결승타: 이호준(6회) | 타자 키플레이어: 전민재(롯데), 박주홍(키움), 레이예스(롯데) | 투수 키플레이어: 김원중(롯데), 현도훈(롯데), 박정민(롯데)"
248,"'비상 걸렸다' KIA, 카스트로 햄스트링 파열 진단에 대체 선수 물색","카스트로는 지난 25일 롯데 자이언츠와의 경기 도중 수비를 하다 허벅지 통증을 호소해 교체됐다. 이후 26일에는 엔트리 말소되며 전력을 이탈했다. 카스트로는 올 시즌 23경기에서 타율 0.250, 2홈런, 16타점을...",www.thesportstimes.co.kr,2026-04-28T20:27:00,,INJURY_ROSTER,,1.0,,,True,KIA가 카스트로의 부상으로 대체 선수 물색에 나섰습니다.,,negative,,True,"롯데 vs 키움 (홈) 5-4 승 | 결승타: 이호준(6회) | 타자 키플레이어: 전민재(롯데), 박주홍(키움), 레이예스(롯데) | 투수 키플레이어: 김원중(롯데), 현도훈(롯데), 박정민(롯데)"
249,"'햄스트링 부상' 카스트로, 6주 이상 이탈…KIA, 대체 외인 찾는다",앞서 카스트로는 지난 25일 광주 롯데 자이언츠전 3회초 수비 과정에서 왼쪽 햄스트링 통증을 느꼈다.... 카스트로는 올 시즌 23경기에서 타율 0.250 2홈런 16타점 15득점 OPS(출루율+장타율) 0.700을 기록 중이었다.,www.newsis.com,2026-04-28T20:24:00,,INJURY_ROSTER,,1.0,summary_failed:Request timed out.,,True,KIA 카스트로가 햄스트링 부상으로 6주 이탈한다.,카스트로,neutral,,True,"롯데 vs 키움 (홈) 5-4 승 | 결승타: 이호준(6회) | 타자 키플레이어: 전민재(롯데), 박주홍(키움), 레이예스(롯데) | 투수 키플레이어: 김원중(롯데), 현도훈(롯데), 박정민(롯데)"
250,6주 이탈 악재…KIA 카스트로 햄스트링 파열 진단,"이 부상은 롯데 자이언츠와 맞붙은 4월 25일 경기에서 발생했다. 카스트로는 수비 도중 왼쪽 허벅지 뒤쪽에... 카스트로는 정규시즌 23경기에 출전해 타율 0.250을 기록했고, 장타 생산에서는 2홈런과 16타점을 올리며...",www.topstarnews.net,2026-04-28T20:18:00,,INJURY_ROSTER,,1.0,summary_failed:Request timed out.,,True,KIA 카스트로가 햄스트링 파열로 6주 이탈 진단을 받았다.,카스트로,neutral,,True,"롯데 vs 키움 (홈) 5-4 승 | 결승타: 이호준(6회) | 타자 키플레이어: 전민재(롯데), 박주홍(키움), 레이예스(롯데) | 투수 키플레이어: 김원중(롯데), 현도훈(롯데), 박정민(롯데)"
251,"이래서 日 최고 거포구나, ML 홈런 단독 선두 등극→이대호까지 소환했...","이대호는 2016시즌 104경기에 출전해 74안타 14홈런 33득점 49타점 타율 0.253 OPS 0.740을 기록했다. 이후 KBO리그 롯데 자이언츠에 복귀했고, 2022년까지 현역 생활을 이어갔다. 'MLB.com'은 ""무라카미의 12번째 홈런은...",www.mydaily.co.kr,2026-04-28T19:41:00,,INJURY_ROSTER,,1.0,summary_failed:Request timed out.,,True,이대호가 MLB 홈런 단독 선두에 올랐다.,이대호,positive,,True,"롯데 vs 키움 (홈) 5-4 승 | 결승타: 이호준(6회) | 타자 키플레이어: 전민재(롯데), 박주홍(키움), 레이예스(롯데) | 투수 키플레이어: 김원중(롯데), 현도훈(롯데), 박정민(롯데)"
252,"KIA 대형 악재 발생…'햄스트링 부상' 카스트로, 6주 진단 ""대체 외인 영...","앞서 카스트로는 지난 25일 광주-KIA챔피언스필드에서 열린 2026 신한 SOL KBO리그 롯데 자이언츠와의... 카스트로는 23경기 88타수 22안타 타율 0.250, 2홈런, 16타점, 출루율 0.280, 장타율 0.420을 기록 중이다. 김도영에 이어 팀...",www.xportsnews.com,2026-04-28T19:38:00,,INJURY_ROSTER,,1.0,summary_failed:Request timed out.,,True,KIA 카스트로가 햄스트링 부상으로 6주 진단을 받았다.,카스트로,neutral,,True,"롯데 vs 키움 (홈) 5-4 승 | 결승타: 이호준(6회) | 타자 키플레이어: 전민재(롯데), 박주홍(키움), 레이예스(롯데) | 투수 키플레이어: 김원중(롯데), 현도훈(롯데), 박정민(롯데)"
253,"'홈런 선두' KIA 김도영, 괴력의 장외 투런포…시즌 9호 홈런",김도영은 멀티 홈런을 터트렸던 지난 24일 롯데 자이언츠전 이후 나흘 만에 다시 대포를 가동했다. 2026시즌 홈런 선두를 달리고 있는 김도영은 이날 투런포와 함께 2위 장성우(7홈런·KT 위즈)보다 한 발 더...,www.newsis.com,2026-04-28T19:24:00,,ETC,,0.9,summary_failed:Request timed out.,,False,KIA 김도영이 시즌 9호 홈런을 기록하며 홈런 선두를 유지했다.,김도영,,,True,"롯데 vs 키움 (홈) 5-4 승 | 결승타: 이호준(6회) | 타자 키플레이어: 전민재(롯데), 박주홍(키움), 레이예스(롯데) | 투수 키플레이어: 김원중(롯데), 현도훈(롯데), 박정민(롯데)"
254,"KIA, 카스트로 6주 이탈…대체 외인 물색","카스트로는 지난 25일 광주-기아챔피언스필드에서 열린 롯데 자이언츠와의 경기에서 1루수로 선발... 카스트로는 부상 전까지 23경기에서 타율 0.250, 2홈런, 16타점, OPS 0.700에 머물렀다. 자동 투구 판정 시스템(ABS)에...",www.namdonews.com,2026-04-28T18:46:00,,INJURY_ROSTER,,1.0,summary_failed:Request timed out.,,True,KIA 카스트로가 6주 이탈하며 대체 외인 물색에 나섰다.,카스트로,neutral,,True,"롯데 vs 키움 (홈) 5-4 승 | 결승타: 이호준(6회) | 타자 키플레이어: 전민재(롯데), 박주홍(키움), 레이예스(롯데) | 투수 키플레이어: 김원중(롯데), 현도훈(롯데), 박정민(롯데)"
255,"KIA 카스트로, 햄스트링 부상으로 최소 6주 이탈…대체 외국인 타자 영...",KIA 외국인 타자 카스트로가 햄스트링 부상으로 최소 6주간 전력에서 이탈한다. KIA는 대체할 선수를 영합하기로 했다. /사진=KIA 타이거즈 SNS 카스트로는 지난 25일 롯데 자이언츠와 광주 홈경기에서 1루 수비 도중...,www.mediapen.com,2026-04-28T18:24:00,,INJURY_ROSTER,,1.0,summary_failed:Request timed out.,,True,KIA 카스트로가 햄스트링 부상으로 최소 6주 이탈한다.,카스트로,neutral,,True,"롯데 vs 키움 (홈) 5-4 승 | 결승타: 이호준(6회) | 타자 키플레이어: 전민재(롯데), 박주홍(키움), 레이예스(롯데) | 투수 키플레이어: 김원중(롯데), 현도훈(롯데), 박정민(롯데)"
256,"KIA 카스트로, 햄스트링 부상으로 6주 이탈...대체 선수 영입 착수","카스트로는 지난 25일 광주 롯데 자이언츠전에서 1루수로 선발 출전했다가 수비 도중 햄스트링 부상을 당했습니다. 3루수 김도영이 땅볼 타구를 처리하는 과정에서 1루로 송구했고, 이를 잡으려던 카스트로가 다리를...",www.ikbc.co.kr,2026-04-28T17:59:00,,INJURY_ROSTER,,1.0,summary_failed:Request timed out.,,True,KIA 카스트로가 햄스트링 부상으로 6주 이탈하며 대체 선수 영입 착수.,카스트로,neutral,,True,"롯데 vs 키움 (홈) 5-4 승 | 결승타: 이호준(6회) | 타자 키플레이어: 전민재(롯데), 박주홍(키움), 레이예스(롯데) | 투수 키플레이어: 김원중(롯데), 현도훈(롯데), 박정민(롯데)"
257,"[IS 창원] 카스트로 결국 6주 이상 이탈, 심재학 단장 ""가장 빠르게 올 ...",KIA 타이거즈가 결국 부상 대체 외국인 타자 영입에 나선다. 심재학 KIA 단장은 28일 본지와 통화에서... KIA 외국인 타자 해럴드 카스트로(33)는 지난 25일 광주에서 열린 롯데 자이언츠와의 경기에서 3회 1루 수비 도중 왼쪽...,isplus.com,2026-04-28T17:50:00,,INJURY_ROSTER,,1.0,,,True,KIA 카스트로가 부상으로 6주 이상 이탈한다.,해럴드 카스트로,neutral,,True,"롯데 vs 키움 (홈) 5-4 승 | 결승타: 이호준(6회) | 타자 키플레이어: 전민재(롯데), 박주홍(키움), 레이예스(롯데) | 투수 키플레이어: 김원중(롯데), 현도훈(롯데), 박정민(롯데)"
258,KIA 카스트로 6주 부상…대체 자원 물색,KIA 타이거즈가 외국인 타자 해럴드 카스트로의 6주 부상으로 인해 대체 선수 물색에 나섰다. 28일 KIA... 카스트로는 지난 25일 광주-기아 챔피언스필드에서 열린 롯데 자이언츠와 경기에서 1루수로 출전했다. 3회초...,www.jnilbo.com,2026-04-28T17:45:00,,INJURY_ROSTER,,1.0,,,True,KIA 카스트로의 6주 부상으로 대체 선수 물색 중.,해럴드 카스트로,neutral,,True,"롯데 vs 키움 (홈) 5-4 승 | 결승타: 이호준(6회) | 타자 키플레이어: 전민재(롯데), 박주홍(키움), 레이예스(롯데) | 투수 키플레이어: 김원중(롯데), 현도훈(롯데), 박정민(롯데)"
259,"살아난 KIA와 NC, 여기서 갈린다…중위권 운명전",5연패로 침체된 분위기를 이어오던 KIA는 롯데 자이언츠와의 3연전에서 위닝시리즈를 챙기며 반등의... KIA는 중심 타선의 한 축인 해럴드 카스트로가 허벅지 부상으로 이탈한 상황이다. 타선 연결고리 역할을 해왔던...,www.mhnse.com,2026-04-28T17:42:00,,INJURY_ROSTER,,1.0,,,True,KIA가 롯데와의 3연전에서 반등의 기회를 잡았다.,해럴드 카스트로,negative,,True,"롯데 vs 키움 (홈) 5-4 승 | 결승타: 이호준(6회) | 타자 키플레이어: 전민재(롯데), 박주홍(키움), 레이예스(롯데) | 투수 키플레이어: 김원중(롯데), 현도훈(롯데), 박정민(롯데)"
260,"'와' 선발 넘치는 키움, 알칸타라 주 2회 등판 없다! 오석주-배동현-안우...",부상에서 복귀한 '에이스' 안우진(27)의 연착륙과 신예 박준현(19)의 깜짝 호투가 더해지며 선발 로테이션에... 설종진 키움 감독은 28일 부산 사직야구장에서 열리는 롯데 자이언츠와의 원정 경기를 앞두고 이번 주 선발...,www.starnewskorea.com,2026-04-28T17:40:00,,INJURY_ROSTER,,1.0,,,True,키움의 선발 로테이션이 강화되었다.,안우진;박준현,negative,,True,"롯데 vs 키움 (홈) 5-4 승 | 결승타: 이호준(6회) | 타자 키플레이어: 전민재(롯데), 박주홍(키움), 레이예스(롯데) | 투수 키플레이어: 김원중(롯데), 현도훈(롯데), 박정민(롯데)"
261,"롯데엔 낭보-두산엔 비보! ’160km’ 안우진, 사직에서 안 던진다…노동...",열리는 롯데 자이언츠와의 경기를 앞두고 선발진에 대한 계획을 전했다. 키움은 현재 선발진이 넘쳐난다. 리그 최강 에이스 안우진이 복귀하면서 선발진의 질과 양이 많아졌다. 외국인 투수 네이선 와일스가 부상으로...,www.osen.co.kr,2026-04-28T17:30:00,,INJURY_ROSTER,,1.0,,,True,키움의 안우진이 롯데와의 경기에서 등판하지 않는다.,안우진,negative,,True,"롯데 vs 키움 (홈) 5-4 승 | 결승타: 이호준(6회) | 타자 키플레이어: 전민재(롯데), 박주홍(키움), 레이예스(롯데) | 투수 키플레이어: 김원중(롯데), 현도훈(롯데), 박정민(롯데)"
262,롯데 안우진 피했다! 두산 딱 기다려 → 5월 1일 고척 두산전 선발 등판...,"롯데 자이언츠가 안우진을 피했다. 두산 베어스가 안우진을 상대한다. 설종진 키움 감독은 28일 부산... 와일스 부상 대체 외국인 로젠버그도 곧 합류한다. 키움은 선발진이 더욱 풍부해진다. 설 감독은 ""로젠버그가 올...",www.sportschosun.com,2026-04-28T17:30:00,,INJURY_ROSTER,,1.0,,,True,롯데가 안우진을 피하고 두산과의 경기에 대비한다.,안우진,positive,,True,"롯데 vs 키움 (홈) 5-4 승 | 결승타: 이호준(6회) | 타자 키플레이어: 전민재(롯데), 박주홍(키움), 레이예스(롯데) | 투수 키플레이어: 김원중(롯데), 현도훈(롯데), 박정민(롯데)"
263,"'천만다행' 아찔 사구 맞은 박수종 ""몸 상태 OK→기분 탓인지 조금 어지...","큰 부상이 아닌 것으로 드러났다. 천만다행으로 최악의 상황은 피했지만, 설종진(53) 키움 감독은 선수 보호 차원에서 하루 추가 휴식을 결정했다. 박수종은 28일 부산 사직야구장에서 열리는 롯데 자이언츠전을 앞두고...",www.starnewskorea.com,2026-04-28T17:29:00,,INJURY_ROSTER,,1.0,,,True,박수종이 큰 부상 없이 경기를 준비한다.,박수종,positive,,True,"롯데 vs 키움 (홈) 5-4 승 | 결승타: 이호준(6회) | 타자 키플레이어: 전민재(롯데), 박주홍(키움), 레이예스(롯데) | 투수 키플레이어: 김원중(롯데), 현도훈(롯데), 박정민(롯데)"
264,"이범호 KIA 감독 ""김태형 다음 주 1군 콜업""","카스트로는 26일 광주 롯데 자이언츠전을 앞두고 허벅지 부상으로 1군에서 말소됐다. 카스트로는 23경기에서 타율 0.250, 22안타, 2홈런, 16타점, OPS(출루율+장타율) 0.700을 기록했다. 허벅지 근육 손상 소견을 받아...",www.joongang.co.kr,2026-04-28T17:27:00,,INJURY_ROSTER,,1.0,,,True,KIA 감독이 김태형의 1군 콜업을 예고했다.,김태형,neutral,,True,"롯데 vs 키움 (홈) 5-4 승 | 결승타: 이호준(6회) | 타자 키플레이어: 전민재(롯데), 박주홍(키움), 레이예스(롯데) | 투수 키플레이어: 김원중(롯데), 현도훈(롯데), 박정민(롯데)"
265,"“6주 정도 쉬어야 할 것 같다” KIA, 카스트로 대체 선수 찾는다 [오!쎈...","프로야구 KIA 타이거즈가 외국인 타자 해럴드 카스트로의 부상 공백을 메울 대체 선수 물색에 나섰다. 카스트로는 지난 25일 광주 롯데 자이언츠전 도중 왼쪽 햄스트링 통증을 호소하며 교체됐고, 병원 정밀검진 결과...",www.osen.co.kr,2026-04-28T17:21:00,,INJURY_ROSTER,,1.0,,,True,KIA가 카스트로의 부상으로 대체 선수를 찾고 있다.,,neutral,,True,"롯데 vs 키움 (홈) 5-4 승 | 결승타: 이호준(6회) | 타자 키플레이어: 전민재(롯데), 박주홍(키움), 레이예스(롯데) | 투수 키플레이어: 김원중(롯데), 현도훈(롯데), 박정민(롯데)"
266,서로를 넘지 못하면 일어서지 못한다…9·10위 격차 벌어질 분수령,"이미 한 차례 흔들린 롯데 자이언츠가 시즌 1호 스윕승 중인 키움 히어로즈와 만났다. 롯데와 키움은 28일... 불펜에서도 차이가 존재한다. 키움은 비교적 안정적인 운영을 이어가고 있는 반면, 롯데는 최근 불펜...",www.mhnse.com,2026-04-28T17:05:00,,MATCH_RELATED,PERFORMANCE_ANALYSIS,0.9,,,True,롯데가 키움과의 경기에서 불펜 문제를 지적받았습니다.,,negative,,True,"롯데 vs 키움 (홈) 5-4 승 | 결승타: 이호준(6회) | 타자 키플레이어: 전민재(롯데), 박주홍(키움), 레이예스(롯데) | 투수 키플레이어: 김원중(롯데), 현도훈(롯데), 박정민(롯데)"
267,올해도 ‘햄스트링 주의보’…시즌 초반 순위 판도 흔든다,"허경민과 이주형(키움 히어로즈), 손호영(롯데 자이언츠), 서호철(NC 다이노스) 역시 이번 부상이 처음이 아니다. 현장도 긴장을 늦추지 못하고 있다. 김용일 LG 트윈스 수석트레이닝 코치는 “축구와 농구는 경기 내내...",www.kmib.co.kr,2026-04-28T17:02:00,,INJURY_ROSTER,,1.0,,,True,햄스트링 부상이 시즌 초반 순위에 영향을 미치고 있다.,손호영,negative,,True,"롯데 vs 키움 (홈) 5-4 승 | 결승타: 이호준(6회) | 타자 키플레이어: 전민재(롯데), 박주홍(키움), 레이예스(롯데) | 투수 키플레이어: 김원중(롯데), 현도훈(롯데), 박정민(롯데)"
268,"9개 구단 한 바퀴 돈 한화, KT·KIA·삼성전 9전 전패…'강약약강'","불펜 붕괴와 노시환의 부진 등이 맞물리면서 고전을 면치 못하는 한화다. 여기에 김경문 감독의 선수... 반면 한화보다 순위가 뒤처진 8위 두산베어스, 9위 키움히어로즈, 10위 롯데자이언츠는 우위를 점했다. 24경기...",www.daejonilbo.com,2026-04-28T16:55:00,,ETC,,0.9,,,False,한화가 고전하는 가운데 롯데는 10위에 머물고 있다.,,,,True,"롯데 vs 키움 (홈) 5-4 승 | 결승타: 이호준(6회) | 타자 키플레이어: 전민재(롯데), 박주홍(키움), 레이예스(롯데) | 투수 키플레이어: 김원중(롯데), 현도훈(롯데), 박정민(롯데)"
269,"김태형 롯데 감독 ""원래 옥수수 수염차가 이렇게 쓴가?"" [부산 현장]","""원래 옥수수 수염차가 이렇게 쓴가?"" 김태형 롯데 자이언츠 감독이 입맛이 쓰다며 현재 심신이 고달프다고... 그러나 불펜 평균자책점 6.44로 9등, 팀 타율 2할2푼7리로 9등이다. 선발이 잘 던져도 점수가 나지 않고 불펜이...",www.sportschosun.com,2026-04-28T16:39:00,,INTERVIEW,PERFORMANCE_ANALYSIS,0.9,,,True,김태형 감독이 팀의 불펜 문제를 언급했다.,,negative,,True,"롯데 vs 키움 (홈) 5-4 승 | 결승타: 이호준(6회) | 타자 키플레이어: 전민재(롯데), 박주홍(키움), 레이예스(롯데) | 투수 키플레이어: 김원중(롯데), 현도훈(롯데), 박정민(롯데)"
270,"롯데 도박 징계자, 5월 5일 돌아온다! 김태형 직접 밝혔다 ""면담 완료, ...",김태형(59) 롯데 자이언츠 감독이 도박 파문을 일으켜 징계를 받고 있는 인원들에 대해 직접 설명했다. 징계가 끝나는 즉시 1군에 콜업하겠다는 계획을 밝힌 것이다. 김태형 감독은 28일 부산 사직야구장에서 열리는...,www.starnewskorea.com,2026-04-28T16:23:00,,TRANSACTION_CONTRACT,,0.9,,,True,김태형 감독이 징계자의 복귀 계획을 밝혔다.,,positive,,True,"롯데 vs 키움 (홈) 5-4 승 | 결승타: 이호준(6회) | 타자 키플레이어: 전민재(롯데), 박주홍(키움), 레이예스(롯데) | 투수 키플레이어: 김원중(롯데), 현도훈(롯데), 박정민(롯데)"
271,선발은 리그 1위 수준인데…최하위 처진 롯데,롯데 자이언츠 선발투수들의 호투가 타선과 불펜 부진으로 빛이 바래고 있다. 선발투수 평균자책점이 리그 1위지만 팀 순위는 최하위에 처져 있다. 타선의 슬럼프는 길어지고 있고 불펜도 경기 막판을 지키지...,www.busan.com,2026-04-28T15:58:00,,PERFORMANCE_ANALYSIS,,0.9,,,True,롯데의 선발투수들이 좋은 성적에도 최하위에 있다.,,negative,,True,"롯데 vs 키움 (홈) 5-4 승 | 결승타: 이호준(6회) | 타자 키플레이어: 전민재(롯데), 박주홍(키움), 레이예스(롯데) | 투수 키플레이어: 김원중(롯데), 현도훈(롯데), 박정민(롯데)"
272,"“한승혁 올해도 좋은 성적, 김범수 앞으로 잘할 거라고 봤는데…” 윤...","역시 가장 걱정거리가 불펜이다. 팀 평균자책점 6.57로 리그 최하위다. 최근 일각에서 김경문 감독의 투수... 이밖에 키움 히어로즈, NC 다이노스, 롯데 자이언츠 출신 강리호도 자신의 유튜브 채널 ‘포볼왕 강윤구’를...",www.mydaily.co.kr,2026-04-28T15:12:00,,PERFORMANCE_ANALYSIS,,0.9,,,True,롯데의 불펜 평균자책점이 리그 최하위로 우려된다.,,negative,,True,"롯데 vs 키움 (홈) 5-4 승 | 결승타: 이호준(6회) | 타자 키플레이어: 전민재(롯데), 박주홍(키움), 레이예스(롯데) | 투수 키플레이어: 김원중(롯데), 현도훈(롯데), 박정민(롯데)"
273,"[AI프리뷰] 28일 부산 키움-롯데전, 김진욱 키움전 역투 재연할까","2026 KBO 리그 롯데 자이언츠 vs 키움 히어로즈 사직 경기 분석 (4월 28일) 4월 28일 오후 6시 30분, 부산... 최근 경기에서도 큰 점수 차보다는 접전 끝 패배가 많아, 세밀한 경기 운영과 마무리 능력 개선 여부가 시즌 향방을...",www.newspim.com,2026-04-28T14:59:00,,MATCH_RELATED,,0.9,,,True,롯데와 키움의 경기가 중요한 분수령이 될 것입니다.,,neutral,,True,"롯데 vs 키움 (홈) 5-4 승 | 결승타: 이호준(6회) | 타자 키플레이어: 전민재(롯데), 박주홍(키움), 레이예스(롯데) | 투수 키플레이어: 김원중(롯데), 현도훈(롯데), 박정민(롯데)"
274,"KIA의 새로운 클로저 성영탁 ""자신감 있게 던지겠다""",KBO리그 롯데 자이언츠와 경기에서 1.1이닝 1탈삼진 무실점으로 세이브를 따냈다. 26일에는 연장전 돌입 후 마운드에 올라 2이닝 1피안타 5탈삼진 무실점으로 버티며 팀을 패배에서 구했다. 25일 경기 종료 후 성영탁은...,www.jnilbo.com,2026-04-28T14:58:00,,MATCH_RELATED,,0.9,,,True,롯데와의 경기에서 성영탁이 좋은 성적을 냈습니다.,,negative,,True,"롯데 vs 키움 (홈) 5-4 승 | 결승타: 이호준(6회) | 타자 키플레이어: 전민재(롯데), 박주홍(키움), 레이예스(롯데) | 투수 키플레이어: 김원중(롯데), 현도훈(롯데), 박정민(롯데)"
275,"“마무리는 태어나서 처음” 키움 수호신 유토가 밝힌 변화와 목표, 그...","어깨 부상으로 출발이 늦은 안우진이 연착륙했고, 배동현이 눈부신 활약을 펼친 덕분에 키움은 선발진을... 다카쓰 신고 전 야쿠르트 감독(58·현 롯데 자이언츠 스페셜 어드바이저)이다. 18경기에 등판해 1승8세이브...",sports.donga.com,2026-04-28T14:01:00,,INJURY_ROSTER,,1.0,,,True,키움의 유토가 마무리 역할에 대한 목표를 밝혔다.,,neutral,,True,"롯데 vs 키움 (홈) 5-4 승 | 결승타: 이호준(6회) | 타자 키플레이어: 전민재(롯데), 박주홍(키움), 레이예스(롯데) | 투수 키플레이어: 김원중(롯데), 현도훈(롯데), 박정민(롯데)"
276,"병살이면 끝이었던 롯데, 병살이 아니면 끝이었던 KIA…9회 말 승부수 끝...",롯데 자이언츠와 KIA 타이거즈는 지난 26일 열린 2026 신한 SOL KBO리그 정규시즌 맞대결에서 연장 11회까지... 특히 불펜에서 희망을 확인했다. 지난해 45경기 등판하여 평균자책점 1.55의 성적을 기록한 성영탁이 차기...,www.mhnse.com,2026-04-28T13:55:00,,MATCH_RELATED,PERFORMANCE_ANALYSIS,0.9,,,True,롯데와 KIA의 경기는 연장 11회까지 이어졌다.,,neutral,,True,"롯데 vs 키움 (홈) 5-4 승 | 결승타: 이호준(6회) | 타자 키플레이어: 전민재(롯데), 박주홍(키움), 레이예스(롯데) | 투수 키플레이어: 김원중(롯데), 현도훈(롯데), 박정민(롯데)"
277,"'마무리가 불안하다' KBO 프로야구, 마무리 흔들려 골머리","불펜이 탄탄하면 팀이 끈끈해진다. 접전 상황에서 강해진다. 막판에 등판하는 불펜일수록 더 위력적인 게... 롯데 자이언츠의 김원중, 키움 히어로즈의 김재웅도 마무리 자리를 내놨다. 마무리 역할을 맡고 있는 NC...",www.imaeil.com,2026-04-28T13:18:00,,PERFORMANCE_ANALYSIS,,0.9,,,True,롯데의 마무리 불펜이 불안하다는 분석이 나왔다.,김원중,negative,,True,"롯데 vs 키움 (홈) 5-4 승 | 결승타: 이호준(6회) | 타자 키플레이어: 전민재(롯데), 박주홍(키움), 레이예스(롯데) | 투수 키플레이어: 김원중(롯데), 현도훈(롯데), 박정민(롯데)"
278,"52억 초대형 계약→2군행→선발 탈락…시련 속 강해진 17승 에이스, 투혼...",이영하는 21일 사직 롯데 자이언츠전 이후 닷새 만에 시즌 두 번째 승리를 챙겼다. 이영하는 경기 후 “정말... 2019년 17승 에이스로 이름을 날렸던 이영하는 선발과 불펜을 오가며 방황하다가 불펜으로 정착해 작년 11월...,www.osen.co.kr,2026-04-28T12:43:00,,TRANSACTION_CONTRACT,,1.0,,,True,이영하가 롯데 자이언츠전에서 시즌 두 번째 승리를 거두었다.,이영하,positive,,True,"롯데 vs 키움 (홈) 5-4 승 | 결승타: 이호준(6회) | 타자 키플레이어: 전민재(롯데), 박주홍(키움), 레이예스(롯데) | 투수 키플레이어: 김원중(롯데), 현도훈(롯데), 박정민(롯데)"
279,"'충격의 7연패 추락' 삼성, 오늘 두산전서 에이스 후라도 출격",다만 같은 기간 팀 타율과 팀 평균자책점이 삼성보다 좋지 않은 KIA 타이거즈와 롯데 자이언츠도 승수를... 패배가 더 늘어나면 언제든 하위권으로 떨어질 수 있다. 하루빨리 연패를 끊고 분위기를 바꿔야 하는 상황...,www.news1.kr,2026-04-28T11:42:00,,MATCH_RELATED,PERFORMANCE_ANALYSIS,0.9,,,True,롯데는 연패를 끊어야 하는 상황에 처해 있다.,,negative,,True,"롯데 vs 키움 (홈) 5-4 승 | 결승타: 이호준(6회) | 타자 키플레이어: 전민재(롯데), 박주홍(키움), 레이예스(롯데) | 투수 키플레이어: 김원중(롯데), 현도훈(롯데), 박정민(롯데)"
280,"'투타 영웅' 뜬 KIA, 중위권 안착 넘어 상위권 넘본다",특히 지난 4월 24일 롯데 자이언츠를 상대로 보여준 아담 올러의 완봉 역투는 팀 분위기를 완전히... 상위권 도약을 위한 과제…불펜 안정과 병살타 억제 중위권을 넘어 상위권으로 치고 나가기 위해서는 해결해야 할...,view.asiae.co.kr,2026-04-28T11:41:00,,PERFORMANCE_ANALYSIS,MATCH_RELATED,0.9,,,True,KIA가 롯데를 상대로 완봉승을 거두며 분위기를 바꿨다.,,negative,,True,"롯데 vs 키움 (홈) 5-4 승 | 결승타: 이호준(6회) | 타자 키플레이어: 전민재(롯데), 박주홍(키움), 레이예스(롯데) | 투수 키플레이어: 김원중(롯데), 현도훈(롯데), 박정민(롯데)"
281,"꼴찌라고 주저 앉을 것인가…'선발진 덕분에' 최악은 아닌 롯데, 더 독해...",롯데 자이언츠는 다시 한 번 꼴찌로 내려앉았다. 점점 격차도 벌어지고 있다. 여기서 더 주저 앉으면... 함께 롯데가 유이하다. 결국 불펜진과 야수진에서 더 독하게 달라붙어야 한다. 불펜진은 공 하나하나에 심혈을...,www.osen.co.kr,2026-04-28T11:21:00,,PERFORMANCE_ANALYSIS,CLUB_OPERATION,0.9,,,True,롯데가 꼴찌에 머물고 있지만 선발진 덕분에 희망을 보인다.,,neutral,,True,"롯데 vs 키움 (홈) 5-4 승 | 결승타: 이호준(6회) | 타자 키플레이어: 전민재(롯데), 박주홍(키움), 레이예스(롯데) | 투수 키플레이어: 김원중(롯데), 현도훈(롯데), 박정민(롯데)"
282,"반즈는 빅리그, 벨라스케즈는 DFA…잔인하게 갈린 운명","롯데 자이언츠 출신 외국인 투수들의 희비가 엇갈린다. 미국 현지 매체 '마퀴 스포츠 네트워크'의 테일러... 시즌 종료 시점 WAR 역시 -0.31로 마이너스를 기록했고, 불펜 전환 이전에는 -0.60을 기록 중이었다. 당연히...",www.mhnse.com,2026-04-28T11:12:00,,TRANSACTION_CONTRACT,,1.0,,,True,롯데 출신 외국인 투수들의 운명이 엇갈리고 있다.,,negative,,True,"롯데 vs 키움 (홈) 5-4 승 | 결승타: 이호준(6회) | 타자 키플레이어: 전민재(롯데), 박주홍(키움), 레이예스(롯데) | 투수 키플레이어: 김원중(롯데), 현도훈(롯데), 박정민(롯데)"
283,"""최고령 148㎞ 좌완"" 고효준, 울산에서 KBO 복귀 준비",연합뉴스 보도에 따르면 2002년 롯데 자이언츠에서 프로 생활을 시작한 고효준은 여러 팀을 거쳐 KBO리그를 대표하는 좌완 불펜 투수로 활약해 왔다. 마지막 소속팀이었던 두산 베어스에서 지난해 코치직 제안을 받았으나...,www.topstarnews.net,2026-04-28T11:08:00,,INJURY_ROSTER,,1.0,,,True,고효준이 KBO 복귀를 준비하며 기대를 모은다.,고효준,positive,,True,"롯데 vs 키움 (홈) 5-4 승 | 결승타: 이호준(6회) | 타자 키플레이어: 전민재(롯데), 박주홍(키움), 레이예스(롯데) | 투수 키플레이어: 김원중(롯데), 현도훈(롯데), 박정민(롯데)"
284,"43세 울산 고효준 ""KBO리그에서 베테랑이 어떤 건지 보여줄 것""","지난 2002년 롯데 자이언츠에서 데뷔한 고효준은 여러 팀을 거치며 KBO리그를 대표하는 베테랑 좌완 불펜 투수다. 마지막 팀 두산 베어스에서 지난해 코치직을 제안받았지만, 그는 거절하고 프로야구 시민구단 울산에...",www.yna.co.kr,2026-04-28T10:58:00,,ETC,ETC,0.9,,,True,고효준이 KBO리그에서 베테랑의 존재감을 보여줄 예정이다.,고효준,positive,,True,"롯데 vs 키움 (홈) 5-4 승 | 결승타: 이호준(6회) | 타자 키플레이어: 전민재(롯데), 박주홍(키움), 레이예스(롯데) | 투수 키플레이어: 김원중(롯데), 현도훈(롯데), 박정민(롯데)"
285,"""성영탁 보고 자극받았나""... 함평 보약 먹고 150km 쾅! 정해영 부활에 ...",정해영의 화려한 부활과 성영탁의 굳건한 마무리 안착에 힘입어 KIA는 지난 롯데 자이언츠와의 주말 3연전을 2승 1무로 장식하며 다시금 강력한 상승 기류를 탔다. 한때 연패의 수렁에 빠지며 흔들렸던 불펜진이...,www.fnnews.com,2026-04-28T10:36:00,,MATCH_RELATED,PERFORMANCE_ANALYSIS,0.9,,,True,정해영의 부활로 KIA가 롯데와의 시리즈에서 승리했다.,정해영,negative,,True,"롯데 vs 키움 (홈) 5-4 승 | 결승타: 이호준(6회) | 타자 키플레이어: 전민재(롯데), 박주홍(키움), 레이예스(롯데) | 투수 키플레이어: 김원중(롯데), 현도훈(롯데), 박정민(롯데)"
286,"""제발 자제했으면 좋겠습니다""…KBO리그에 내린 '허슬 경계령'→아찔한...",팀 타선의 핵심이자 내야의 새로운 대안이었던 해럴드 카스트로가 어이없는 부상으로 이탈했기 때문이다. 사건은 지난 25일 광주 롯데 자이언츠전에서 터졌다. 3회초 김도영의 러닝스로를 잡기 위해 1루수 카스트로는...,www.sportschosun.com,2026-04-28T10:11:00,,INJURY_ROSTER,,1.0,,,True,해럴드 카스트로가 부상으로 이탈해 롯데에 타격이 크다.,해럴드 카스트로,negative,,True,"롯데 vs 키움 (홈) 5-4 승 | 결승타: 이호준(6회) | 타자 키플레이어: 전민재(롯데), 박주홍(키움), 레이예스(롯데) | 투수 키플레이어: 김원중(롯데), 현도훈(롯데), 박정민(롯데)"
287,"정철원은 2군에, 전민재는 타격 슬럼프…날아다니는 김민석 하나만으로...","2024년 11월 22일, 두산 베어스와 롯데 자이언츠가 트레이드를 단행했다. 정철원과 전민재가 롯데로 향하고... 반면 2025시즌을 망치고 절치부심한 김민석은 2026시즌 두산의 핵심 자원으로 급부상했다. 21경기에서 0.308...",www.mydaily.co.kr,2026-04-28T10:10:00,,INJURY_ROSTER,,1.0,,,True,정철원은 2군으로 내려가고 전민재는 슬럼프에 빠졌다.,정철원;전민재,negative,,True,"롯데 vs 키움 (홈) 5-4 승 | 결승타: 이호준(6회) | 타자 키플레이어: 전민재(롯데), 박주홍(키움), 레이예스(롯데) | 투수 키플레이어: 김원중(롯데), 현도훈(롯데), 박정민(롯데)"
288,"[프로야구] '타율보다 생산력' 김도영, 2년 만에 MVP 재탈환 도전...변수...",김도영은 지난 24~26일 광주 기아챔피언스필드에서 열린 롯데 자이언츠와의 정규시즌 주말 3연전에서 두... 광주 롯데전에서 결승 2타점 2루타를 친 후 세리머니를 하고 있다. [사진=KIA 타이거즈] ◆ 햄스트링 부상...,www.newspim.com,2026-04-28T08:57:00,,INJURY_ROSTER,,1.0,,,True,김도영이 MVP 재탈환을 노리며 롯데와의 경기에서 활약했다.,김도영,negative,,True,"롯데 vs 키움 (홈) 5-4 승 | 결승타: 이호준(6회) | 타자 키플레이어: 전민재(롯데), 박주홍(키움), 레이예스(롯데) | 투수 키플레이어: 김원중(롯데), 현도훈(롯데), 박정민(롯데)"
289,지금 KBO 최강팀은 키움! 최근 6승 1패 당당 '1위'→6경기 '단 8실점' 놀...,"10위 롯데 자이언츠와는 2경기 차로 벌렸고, 공동 7위 한화 이글스, 두산 베어스와도 불과 0.5게임 차다.... 외국인 2선발 와일스 등 투수들의 줄부상으로 지난주 대체 선발이 3명이나 나섰다는 점에서 더욱 놀라운...",www.starnewskorea.com,2026-04-28T08:53:00,,INJURY_ROSTER,,1.0,,,True,롯데가 키움과의 경기에서 5-4로 승리했다.,전민재;이호준,positive,,True,"롯데 vs 키움 (홈) 5-4 승 | 결승타: 이호준(6회) | 타자 키플레이어: 전민재(롯데), 박주홍(키움), 레이예스(롯데) | 투수 키플레이어: 김원중(롯데), 현도훈(롯데), 박정민(롯데)"
290,"'한화 후회하겠네' KIA 불펜에 큰 힘 되는 'ERA 1.42' 베테랑 이태양…""간...","이태양은 지난 2일 1군 엔트리에 등록된 이후 줄곧 불펜투수로 마운드에 올랐다. 10경기 12⅔이닝 1승 3홀드 평균자책점 1.42로 순항을 이어가는 중이다. 지난 25~26일 광주 롯데 자이언츠전에서는 연투를 소화했지만, 2경기...",www.xportsnews.com,2026-04-28T08:34:00,,INJURY_ROSTER,,1.0,,,True,KIA의 이태양이 롯데전에서 좋은 성적을 이어가고 있다.,,negative,,True,"롯데 vs 키움 (홈) 5-4 승 | 결승타: 이호준(6회) | 타자 키플레이어: 전민재(롯데), 박주홍(키움), 레이예스(롯데) | 투수 키플레이어: 김원중(롯데), 현도훈(롯데), 박정민(롯데)"
291,"“컨택은 나쁘지 않다, 장타가 안 나오는 이유는” 롯데 한동희 아직 0홈...",“장타가 안 나오는 이유는…” 롯데 자이언츠 김태형 감독은 오른손 타자 한동희(27)를 꾸준히 4번타자로... 김태형 감독은 지난 KIA와의 3연전 내내 “투수들이 선발이고 불펜이고 전부 150km이 넘어간다”라고 했다....,www.mydaily.co.kr,2026-04-28T08:31:00,,ETC,PERFORMANCE_ANALYSIS,0.9,,,True,한동희가 장타 부족에 대한 고민을 털어놓았다.,한동희,neutral,,True,"롯데 vs 키움 (홈) 5-4 승 | 결승타: 이호준(6회) | 타자 키플레이어: 전민재(롯데), 박주홍(키움), 레이예스(롯데) | 투수 키플레이어: 김원중(롯데), 현도훈(롯데), 박정민(롯데)"
292,"‘봄데 효과도 없다?’ 벼랑 끝 거인, 키움전 싹쓸이만이 살길",상승세를 이어가려는 키움 히어로즈와 반등의 기회를 잡아야 하는 롯데 자이언츠와 28일부터 부산... 반대로 키움은 탄탄해진 불펜을 믿고 알칸타라가 최대한 긴 이닝을 버텨준다면 더 높은 곳으로 향한 발판을 마련할...,www.dailian.co.kr,2026-04-28T08:30:00,,MATCH_RELATED,PERFORMANCE_ANALYSIS,0.9,,,True,롯데는 키움과의 경기에서 반등의 기회를 잡아야 한다.,,neutral,,True,"롯데 vs 키움 (홈) 5-4 승 | 결승타: 이호준(6회) | 타자 키플레이어: 전민재(롯데), 박주홍(키움), 레이예스(롯데) | 투수 키플레이어: 김원중(롯데), 현도훈(롯데), 박정민(롯데)"
293,"역시 기록은 무의미한가...퓨처스리그 평정한 한동희·이재원, 아직 추...","2025시즌 퓨처스리그를 평정했던 한동희(27·롯데 자이언츠) 이재원(27·LG 트윈스)이 1군 연착륙에 어려움을... 시범경기에서 옆구리 부상을 당해 잠시 공백기를 가졌지만, 큰 부상은 아니었다. 하지만 1군에서의 성적은...",isplus.com,2026-04-28T08:25:00,,INJURY_ROSTER,,1.0,,,True,한동희와 이재원이 1군에서 어려움을 겪고 있다.,한동희,negative,,True,"롯데 vs 키움 (홈) 5-4 승 | 결승타: 이호준(6회) | 타자 키플레이어: 전민재(롯데), 박주홍(키움), 레이예스(롯데) | 투수 키플레이어: 김원중(롯데), 현도훈(롯데), 박정민(롯데)"
294,"[2026 프로야구 삼진과 홈런 사이] LG, kt에 당한 개막 2연패 설욕할까 ...","kt는 팀의 주포 안현민과 허경민, 원상현, 류현민 등 팀의 주축 선수들이 줄줄이 부상을 당해 빠졌는데... 25) 사직구장 키움 히어로즈 알칸타라(2승2패,2.56)대 롯데 자이언츠 김진욱(2승1패, 2.59)",www.newsian.co.kr,2026-04-28T07:44:00,,INJURY_ROSTER,,1.0,,,True,롯데는 키움과의 경기에서 승리를 거두었다.,,positive,,True,"롯데 vs 키움 (홈) 5-4 승 | 결승타: 이호준(6회) | 타자 키플레이어: 전민재(롯데), 박주홍(키움), 레이예스(롯데) | 투수 키플레이어: 김원중(롯데), 현도훈(롯데), 박정민(롯데)"
295,"4년 동안 소식도 없었던 롯데 1R 투수…또 149km 쾅→2G 무실점, 멈췄던...","너무나 강렬한 인상을 남겼지만, 최근 그 어떠한 이야기도 들려오지 않았던 이승헌(롯데 자이언츠)이... 부상에 대해서는 굳이 말을 하지 않았다. 앞으로 나아갈 일만 남았기 때문이다. 이승헌은 건초염과 헤드샷...",www.spotvnews.co.kr,2026-04-28T07:22:00,,INJURY_ROSTER,,1.0,,,True,이승헌이 부상에서 회복하며 좋은 모습을 보이고 있다.,이승헌,positive,,True,"롯데 vs 키움 (홈) 5-4 승 | 결승타: 이호준(6회) | 타자 키플레이어: 전민재(롯데), 박주홍(키움), 레이예스(롯데) | 투수 키플레이어: 김원중(롯데), 현도훈(롯데), 박정민(롯데)"
296,개막 한 달 지났는데 겨우 7번 이긴 롯데…머나먼 10승 고지,프로야구 롯데 자이언츠가 개막 한 달이 지났어도 끝없는 부진에 빠졌다. 최하위 추락으로 자존심을... 롯데는 지난 12일 키움전 0-2 패배부터 최근 12경기에서 겨우 2승(1무9패)만 수확했다. 김태형 감독 부임 후 첫...,www.news1.kr,2026-04-28T06:14:00,,PERFORMANCE_ANALYSIS,,0.9,,,True,롯데는 개막 한 달이 지났지만 부진을 겪고 있다.,,negative,,True,"롯데 vs 키움 (홈) 5-4 승 | 결승타: 이호준(6회) | 타자 키플레이어: 전민재(롯데), 박주홍(키움), 레이예스(롯데) | 투수 키플레이어: 김원중(롯데), 현도훈(롯데), 박정민(롯데)"
297,“1점차에 던질 줄 몰랐다” KIA 코치도 놀랐다…성영탁 2~3년 마무리한...,"또한, 불펜투수가 압도적 스피드를 가진 게 아닌데 구종을 추가해 본인의 투구밸런스로 던질 수 있다면... 25일 광주 롯데 자이언츠전서 1⅓이닝 1탈삼진 무실점으로 세이브를 따냈다. 이때 체인지업으로 재미를 봤다. 26일...",www.mydaily.co.kr,2026-04-28T06:10:00,,MATCH_RELATED,PERFORMANCE_ANALYSIS,0.9,,,True,성영탁이 롯데전에서 좋은 투구를 보여주었습니다.,,negative,,True,"롯데 vs 키움 (홈) 5-4 승 | 결승타: 이호준(6회) | 타자 키플레이어: 전민재(롯데), 박주홍(키움), 레이예스(롯데) | 투수 키플레이어: 김원중(롯데), 현도훈(롯데), 박정민(롯데)"
298,'한화 심각해? 롯데 불펜도 못지 않아'…선발 잘 버텨도 계속 무너진다,김태형 감독이 이끄는 롯데 자이언츠가 좀처럼 반등의 계기를 마련하지 못하고 있다. 선발투수들의... 롯데는 최준용이 계속된 1사 만루에서 한준수를 병살타로 병살타로 솎아 내고 끝내기 패배는 막았다. 연장 11회...,www.xportsnews.com,2026-04-28T05:45:00,,PERFORMANCE_ANALYSIS,,0.9,,,True,롯데 불펜이 계속해서 무너지고 있다.,최준용,negative,,True,"롯데 vs 키움 (홈) 5-4 승 | 결승타: 이호준(6회) | 타자 키플레이어: 전민재(롯데), 박주홍(키움), 레이예스(롯데) | 투수 키플레이어: 김원중(롯데), 현도훈(롯데), 박정민(롯데)"
299,‘톱3’에 국내파 셋…KBO리그 초반 홈런왕 경쟁 이끄는 김도영·장성우...,"햄스트링 부상으로 5월에야 뒤늦게 출발했던 지난 시즌의 아쉬움을 지우기에 부족함이 없다. 최근... (32·롯데 자이언츠), 다즈 카메론(29·두산 베어스) 등 6명이 5개의 아치를 그렸다. 또 지난 시즌 외국인타자...",sports.donga.com,2026-04-28T05:06:00,,INJURY_ROSTER,,1.0,,,True,김도영과 장성우가 홈런왕 경쟁을 이끌고 있다.,김도영,neutral,,True,"롯데 vs 키움 (홈) 5-4 승 | 결승타: 이호준(6회) | 타자 키플레이어: 전민재(롯데), 박주홍(키움), 레이예스(롯데) | 투수 키플레이어: 김원중(롯데), 현도훈(롯데), 박정민(롯데)"
300,'롯데 집안싸움' 韓 35승 좌승사자가 이겼다…벨라스케즈 밀어내고 ML 콜...,"시기는 달랐지만 롯데 자이언츠에서 한솥밥을 먹었던 선수들의 희비가 제대로 교차됐다. 롯데 팬들에겐... 지난 19일 반즈는 불펜 투수로 ⅓이닝 1피안타 무실점을 기록했으나, 23일 경기에선 선발로 5이닝을 던지는 동안...",www.spotvnews.co.kr,2026-04-28T04:40:00,,ETC,,0.9,,,True,롯데 자이언츠의 선수들이 희비가 교차하고 있다.,,neutral,,True,"롯데 vs 키움 (홈) 5-4 승 | 결승타: 이호준(6회) | 타자 키플레이어: 전민재(롯데), 박주홍(키움), 레이예스(롯데) | 투수 키플레이어: 김원중(롯데), 현도훈(롯데), 박정민(롯데)"
301,"‘개막 한 달’ KIA, 버티는 힘 확인…남은 건 완성도","KIA 타이거즈 선수단이 지난 25일 열린 롯데 자이언츠와의 홈 경기에서 승리한 후 하이파이브 하고 있다.... 불펜 평균자책점은 5.23으로 리그 7위, 팀 평균자책점도 4.50까지 밀렸다. 블론세이브(5개)도 리그 최다다....",www.kjdaily.com,2026-04-28T03:16:00,,MATCH_RELATED,PERFORMANCE_ANALYSIS,0.9,,,True,KIA가 롯데를 상대로 승리하며 불펜 문제를 드러냈다.,,negative,,True,"롯데 vs 키움 (홈) 5-4 승 | 결승타: 이호준(6회) | 타자 키플레이어: 전민재(롯데), 박주홍(키움), 레이예스(롯데) | 투수 키플레이어: 김원중(롯데), 현도훈(롯데), 박정민(롯데)"
302,"KBO 출신 투수, 한꺼번에 3명이나…벨라스케즈-앤더슨-수아레즈 27일 전...",좌완 라일리 마틴은 팔꿈치 염증으로 15일 부상자 명단에 올렸다. 벨라스케즈는 지난 시즌 도중 10승 투수 터커 데이비슨 대신 롯데 자이언츠 유니폼을 입었다. 벨라스케즈는 11경기(7선발) 등판해 1승 4패...,www.xportsnews.com,2026-04-28T01:33:00,,INJURY_ROSTER,,1.0,,,True,롯데의 벨라스케즈가 부상자 명단에 올랐다.,벨라스케즈,negative,,True,"롯데 vs 키움 (홈) 5-4 승 | 결승타: 이호준(6회) | 타자 키플레이어: 전민재(롯데), 박주홍(키움), 레이예스(롯데) | 투수 키플레이어: 김원중(롯데), 현도훈(롯데), 박정민(롯데)"
303,"""박찬호 보고 있나?"" 80억 빈자리 지워버린 '역대급 괴물' 출현…KIA 역사...","박재현은 26일 광주 기아챔피언스필드에서 열린 롯데 자이언츠전에서 1번 타자 겸 좌익수로 선발 출전해... 오선우의 부진과 윤도현의 부상 이탈로 생긴 외야 공백을 메우기 위해 투입됐던 그는, 이제 1번 타자...",www.sportschosun.com,2026-04-28T00:32:00,,INJURY_ROSTER,,1.0,,,True,박재현이 롯데전에서 좋은 활약을 보였다.,박재현,positive,,True,"롯데 vs 키움 (홈) 5-4 승 | 결승타: 이호준(6회) | 타자 키플레이어: 전민재(롯데), 박주홍(키움), 레이예스(롯데) | 투수 키플레이어: 김원중(롯데), 현도훈(롯데), 박정민(롯데)"
304,"롯데, 키움에도 밀리면...왜 하필 이런 대진이 '진짜 마지막 기회일 수...",롯데 자이언츠는 지난주 악몽의 한 주를 보냈다. 주중 두산 베어스전 2경기를 패하며 5연패에 빠졌다. 두산... 패배보다 더 충격이 큰 무승부였다. 그런 가운데 올시즌 최하위 유력 후보로 지목된 키움 히어로즈가 힘을...,www.sportschosun.com,2026-04-28T00:07:00,,MATCH_RELATED,PERFORMANCE_ANALYSIS,0.9,,,True,롯데가 키움과의 경기에서 중요한 기회를 맞이했다.,,neutral,,True,"롯데 vs 키움 (홈) 5-4 승 | 결승타: 이호준(6회) | 타자 키플레이어: 전민재(롯데), 박주홍(키움), 레이예스(롯데) | 투수 키플레이어: 김원중(롯데), 현도훈(롯데), 박정민(롯데)"
305,"최준용 블론세이브보다 한태양 실책이 더 치명적...롯데, 2024 후반기 악...","롯데 자이언츠는 지난 26일 광주 KIA 타이거즈전에서 승리를 눈앞에 두고 놓쳤다. 5-4, 1점 앞선 채 9회 말... 현재 롯데 선발진은 10개 구단에서 가장 안정감이 있다. 불펜 운영에 변수가 많은 점은 감당해야 할 숙제다....",isplus.com,2026-04-28T00:07:00,,PERFORMANCE_ANALYSIS,,0.9,,,True,롯데가 KIA와의 경기에서 아쉬운 패배를 경험했다.,전민재;김원중,negative,,True,"롯데 vs 키움 (홈) 5-4 승 | 결승타: 이호준(6회) | 타자 키플레이어: 전민재(롯데), 박주홍(키움), 레이예스(롯데) | 투수 키플레이어: 김원중(롯데), 현도훈(롯데), 박정민(롯데)"
306,"“내일 당장 계약 가능하다. 전화는 항상 켜져 있다” 43세 고효준, 끝나...","세광고 출신 고효준은 지난 2002년 롯데 자이언츠에서 프로에 데뷔한 뒤 SK 와이번스, KIA 타이거즈, LG 트윈스, SSG 랜더스, 두산 베어스를 거치며 KBO리그를 대표하는 베테랑 좌완 불펜 투수로 활약해왔다. 지난해까지 통산...",www.osen.co.kr,2026-04-28T00:06:00,,TRANSACTION_CONTRACT,,1.0,,,True,고효준이 롯데와의 계약 가능성을 언급했다.,고효준,neutral,,True,"롯데 vs 키움 (홈) 5-4 승 | 결승타: 이호준(6회) | 타자 키플레이어: 전민재(롯데), 박주홍(키움), 레이예스(롯데) | 투수 키플레이어: 김원중(롯데), 현도훈(롯데), 박정민(롯데)"
307,SSG 노린다… ‘KBO 리그 1위’… kt 지킨다,"5게임차 앞선 kt, 경쟁 패권 각오 선발진·불펜 원활… 팀 타율 등 ‘최상위’ (왼쪽부터)SSG 최민준, kt 맷... kt를 상대로 위닝시리즈를 가져간 SSG는 한화 이글스, 롯데 자이언츠와의 연전에서 선두권 도약을 노린다....",www.kyeongin.com,2026-04-27T20:14:00,,ETC,,0.9,,,False,SSG가 롯데와의 연전에서 선두권 도약을 노린다.,전준우,,,True,"롯데 vs HT (원정) 5-5 무 | 홈런: 박재현1호, 노진혁4호, 전준우2호, 오선우2호 | 타자 키플레이어: 고종욱(HT), 오선우(HT), 전준우(롯데) | 투수 키플레이어: 성영탁(HT), 현도훈(롯데), 나균안(롯데)"
308,[프로야구 주간전망]국내 선발진에 달린 KIA 상위권 도약,"주중 KT 원정 3연전에서 모두 패하며 흐름이 꺾였으나, 주말 롯데 자이언츠와의 홈 3연전에서는 2승 1무를... 시즌 전 김태형과의 5선발 경쟁에서 밀려 불펜 자원으로 시즌을 시작한 황동하는 김태형이 부진으로 2군에...",www.namdonews.com,2026-04-27T18:42:00,,MATCH_RELATED,,0.9,,,True,KIA가 롯데와의 홈 3연전에서 좋은 성적을 기대하고 있다.,전준우,neutral,,True,"롯데 vs HT (원정) 5-5 무 | 홈런: 박재현1호, 노진혁4호, 전준우2호, 오선우2호 | 타자 키플레이어: 고종욱(HT), 오선우(HT), 전준우(롯데) | 투수 키플레이어: 성영탁(HT), 현도훈(롯데), 나균안(롯데)"
309,[주간 SSG 랜더스] 5연승 질주 뒤 쉼표…한화·롯데 6연전,"선발진이 경기 초반 흐름을 안정적으로 끌고 가고, 불펜이 리드를 지키는 구조가 맞아떨어지면서 연승의... 이어 주말에는 인천SSG랜더스필드로 돌아와 롯데 자이언츠와 홈 3연전을 갖는다. 이번 주 6경기는 SSG의 5월 초...",www.incheonin.com,2026-04-27T17:44:00,,MATCH_RELATED,,0.9,,,True,SSG가 롯데와의 홈 3연전을 앞두고 있다.,전준우,neutral,,True,"롯데 vs HT (원정) 5-5 무 | 홈런: 박재현1호, 노진혁4호, 전준우2호, 오선우2호 | 타자 키플레이어: 고종욱(HT), 오선우(HT), 전준우(롯데) | 투수 키플레이어: 성영탁(HT), 현도훈(롯데), 나균안(롯데)"
310,"'결승포 헌납' 한화 김서현, 결국 2군행…'부진' SSG 김재환도 1군 제외","마무리 투수 자리에서 내려온 김서현은 19일 사직 롯데 자이언츠전, 21일과 23일 잠실 LG 트윈스전에서... 한화는 3-5로 패배했고, ⅓이닝 2실점을 기록한 김서현은 패전의 멍에를 썼다. 결국 한화는 좀처럼 부진을...",www.newsis.com,2026-04-27T17:35:00,,INJURY_ROSTER,,0.9,,,True,한화의 김서현이 부진으로 2군으로 내려갔다.,,neutral,,True,"롯데 vs HT (원정) 5-5 무 | 홈런: 박재현1호, 노진혁4호, 전준우2호, 오선우2호 | 타자 키플레이어: 고종욱(HT), 오선우(HT), 전준우(롯데) | 투수 키플레이어: 성영탁(HT), 현도훈(롯데), 나균안(롯데)"
311,"상승세 SSG, 이번주 한화·롯데 상대… 선두 추격 나선다","이글스, 롯데 자이언츠와의 연전에서 선두권 도약을 노린다. 현재 SSG는 15승9패, 승률 0.625로 리그 3위에... 게다가 최근 불펜 부진에 특정 선수 위주의 기용을 둘러싸고 팬들의 반발이 이어지는 등 팀 안팎...",www.kyeongin.com,2026-04-27T17:18:00,,MATCH_RELATED,,0.9,,,True,SSG가 롯데와의 연전에서 선두 추격을 노린다.,전준우,neutral,,True,"롯데 vs HT (원정) 5-5 무 | 홈런: 박재현1호, 노진혁4호, 전준우2호, 오선우2호 | 타자 키플레이어: 고종욱(HT), 오선우(HT), 전준우(롯데) | 투수 키플레이어: 성영탁(HT), 현도훈(롯데), 나균안(롯데)"
312,정해영 밀어낸 성영탁... '10라운드' KIA 수호신의 탄생,타이거즈 불펜의 중심이 최근 완전히 바뀌었다. 시즌 초반만 해도 붙박이 마무리 정해영의 2군행으로 생긴... 가장 최근 등판인 지난 주말 롯데 자이언츠와의 3연전에서는 25일 1⅓이닝을 완벽히 지우며 1점 차 승리(4...,www.ohmynews.com,2026-04-27T17:06:00,,PERFORMANCE_ANALYSIS,MATCH_RELATED,0.9,,,True,KIA의 성영탁이 롯데와의 경기에서 좋은 성과를 냈다.,,neutral,,True,"롯데 vs HT (원정) 5-5 무 | 홈런: 박재현1호, 노진혁4호, 전준우2호, 오선우2호 | 타자 키플레이어: 고종욱(HT), 오선우(HT), 전준우(롯데) | 투수 키플레이어: 성영탁(HT), 현도훈(롯데), 나균안(롯데)"
313,"김서현 활용법, 한화의 심각한 고민 [프로야구]","19일 롯데 자이언츠전에서는 9-1로 앞선 9회, 21일 LG(엘지) 트윈스전에서는 0-5로 뒤진 4회, 23일 LG전에서는 0... [사진=한화 이글스 제공] 한화 불펜 사정이 여유롭지 않은 것도 고민을 더한다. 한화 불펜 평균자책점은 6....",www.sportsq.co.kr,2026-04-27T17:02:00,,ETC,,0.9,,,True,한화의 불펜 문제로 롯데와의 경기가 어려워질 전망이다.,,neutral,,True,"롯데 vs HT (원정) 5-5 무 | 홈런: 박재현1호, 노진혁4호, 전준우2호, 오선우2호 | 타자 키플레이어: 고종욱(HT), 오선우(HT), 전준우(롯데) | 투수 키플레이어: 성영탁(HT), 현도훈(롯데), 나균안(롯데)"
314,"[프로야구 주간전망] KT, LG와 수원서 선두 쟁탈전…누구 방망이가 더 뜨...","김민혁은 올 시즌 개막에 앞서 진행된 일본 오키나와서의 스프링캠프 도중 오른쪽 어깨에 부상을 당해... 3위 SSG(15승9패)는 이번 주 대전서 한화와 주중 3연전을, 인천서 롯데 자이언츠와 주말 3연전을 각각 진행한다.",www.joongboo.com,2026-04-27T16:32:00,,INJURY_ROSTER,,1.0,,,True,롯데는 이번 주 한화와의 3연전을 앞두고 있다.,전준우,neutral,,True,"롯데 vs HT (원정) 5-5 무 | 홈런: 박재현1호, 노진혁4호, 전준우2호, 오선우2호 | 타자 키플레이어: 고종욱(HT), 오선우(HT), 전준우(롯데) | 투수 키플레이어: 성영탁(HT), 현도훈(롯데), 나균안(롯데)"
315,"안우진 복귀→박준현 데뷔...1년 전 가장 약했던 키움 선발진, 이제 6선...",불펜진도 강속구 투수 가나쿠보 유토를 클로저로 내세운 뒤 빠른 속도로 안정을 찾아가고 있다. 키움은 28일부터 공격력 침체로 최하위로 떨어진 롯데 자이언츠와 주중 3연전을 치른다.,isplus.com,2026-04-27T15:53:00,,INJURY_ROSTER,,1.0,,,True,키움은 롯데와의 3연전을 통해 반등을 노린다.,,negative,,True,"롯데 vs HT (원정) 5-5 무 | 홈런: 박재현1호, 노진혁4호, 전준우2호, 오선우2호 | 타자 키플레이어: 고종욱(HT), 오선우(HT), 전준우(롯데) | 투수 키플레이어: 성영탁(HT), 현도훈(롯데), 나균안(롯데)"
316,"공·수 무너진 KIA, 뚜렷한 과제 안고 반등 도전",지난주 KT 위즈에게 스윕을 당한 후 롯데 자이언츠를 상대로 3연승을 할 뻔 했으나 26일 경기에서 9회말에... 맞는 불펜 운영 또한 필수 요소로 꼽힌다. 방망이도 식지 않고 지속적인 맹타를 이어가야 한다. 지난주...,www.jnilbo.com,2026-04-27T15:52:00,,PERFORMANCE_ANALYSIS,,0.9,,,True,KIA는 롯데와의 경기를 통해 반등을 시도할 예정이다.,,negative,,True,"롯데 vs HT (원정) 5-5 무 | 홈런: 박재현1호, 노진혁4호, 전준우2호, 오선우2호 | 타자 키플레이어: 고종욱(HT), 오선우(HT), 전준우(롯데) | 투수 키플레이어: 성영탁(HT), 현도훈(롯데), 나균안(롯데)"
317,프로야구 상위권 격돌과 하위권 탈출 경쟁,다만 LG는 요니 치리노스와 유영찬 등 핵심 투수들의 부상 이탈이라는 변수를 안고 있다. 수원에서의 선두권 다툼과 별개로 부산에서는 리그 9위 키움 히어로즈와 10위 롯데 자이언츠가 최하위 탈출을 위한 3연전을...,mdtoday.co.kr,2026-04-27T15:46:00,,INJURY_ROSTER,,1.0,,,True,롯데는 키움과의 3연전을 통해 최하위 탈출을 노린다.,,neutral,,True,"롯데 vs HT (원정) 5-5 무 | 홈런: 박재현1호, 노진혁4호, 전준우2호, 오선우2호 | 타자 키플레이어: 고종욱(HT), 오선우(HT), 전준우(롯데) | 투수 키플레이어: 성영탁(HT), 현도훈(롯데), 나균안(롯데)"
318,"""너무 잘하려다보니 쫓겼다"" 엉덩이 빠져도 투런홈런, 오선우 개막 시련...",지난 26일 롯데 자이언츠와의 광주경기에서 7번타자 겸 1루수로 선발출전했다. 이범호 감독은 해럴드 카스트르의 햄스트링 부상으로 이탈하자 곧바로 오선우를 불렀다. 두 번째 타석까지는 침묵했다. 그러나 2-5로 뒤진...,www.osen.co.kr,2026-04-27T15:41:00,,INJURY_ROSTER,,1.0,,,True,오선우가 롯데와의 경기에서 중요한 역할을 맡았다.,오선우,positive,,True,"롯데 vs HT (원정) 5-5 무 | 홈런: 박재현1호, 노진혁4호, 전준우2호, 오선우2호 | 타자 키플레이어: 고종욱(HT), 오선우(HT), 전준우(롯데) | 투수 키플레이어: 성영탁(HT), 현도훈(롯데), 나균안(롯데)"
319,[MONEY] 단순 입출금은 옛말…진화하는 모임통장,"급부상했다. ◆‘편의성’의 인뱅 vs ‘금리·혜택’의 시중은행 그간 모임통장 시장은 카카오톡이라는... BNK부산은행의 ‘모임통장’은 지역 연고 구단인 롯데자이언츠의 성적과 연계한 우대금리를 제공하거나, 지역...",www.segyebiz.com,2026-04-27T15:26:00,,INJURY_ROSTER,,1.0,,,True,롯데 자이언츠 성적과 연계된 금융 상품이 주목받고 있다.,,neutral,,False,"롯데 vs HT (원정) 5-5 무 | 홈런: 박재현1호, 노진혁4호, 전준우2호, 오선우2호 | 타자 키플레이어: 고종욱(HT), 오선우(HT), 전준우(롯데) | 투수 키플레이어: 성영탁(HT), 현도훈(롯데), 나균안(롯데)"
320,‘햄스트링 부상’ 카스트로 이탈…오선우에게 돌아온 2번째 주전 도약...,공격력 위주로 타선을 재구성했지만 카스트로가 25일 광주 롯데 자이언츠전서 1루 수비 도중 왼쪽 햄스트링이 부분 손상돼 이탈했다. 또 한 번의 타선 조정이 불가피해졌다. 오선우가 먼저 기회를 잡는다. 그는 26일...,sports.donga.com,2026-04-27T15:11:00,,INJURY_ROSTER,,1.0,,,True,카스트로의 부상으로 오선우가 주전 기회를 얻었다.,오선우,positive,,True,"롯데 vs HT (원정) 5-5 무 | 홈런: 박재현1호, 노진혁4호, 전준우2호, 오선우2호 | 타자 키플레이어: 고종욱(HT), 오선우(HT), 전준우(롯데) | 투수 키플레이어: 성영탁(HT), 현도훈(롯데), 나균안(롯데)"
321,"대체 외인 전력 쏠쏠…삼성 오러클린·두산 벤자민·한화 쿠싱, 나란히...",그는 21일 사직 롯데 자이언츠전(4.2이닝 무실점)서 첫 등판에 나선 뒤 26일 잠실 LG전에서 홈 데뷔전을... 그러나 팀 사정에 따라 불펜 투수로 보직을 바꾼 뒤엔 제 몫을 해내기 시작했다. 6경기에 불펜투수로 나서...,sports.donga.com,2026-04-27T14:16:00,,MATCH_RELATED,PERFORMANCE_ANALYSIS,0.9,,,True,롯데와의 경기에서 외인 투수가 좋은 성적을 거두었습니다.,,negative,,True,"롯데 vs HT (원정) 5-5 무 | 홈런: 박재현1호, 노진혁4호, 전준우2호, 오선우2호 | 타자 키플레이어: 고종욱(HT), 오선우(HT), 전준우(롯데) | 투수 키플레이어: 성영탁(HT), 현도훈(롯데), 나균안(롯데)"
322,"한화이글스, 이대로 우승은커녕 가을야구도 어렵다!","한편, 롯데자이언츠는 시범경기의 기세는 온데간데없이 하염없는 추락으로 최하위까지 떨어지는 최악의... 당연히 승리보다는 패배가 익숙해져 가는 그림이다. 다행인 것은, 윌켈 에르난데스가 점점 나아지는 모습을...",www.dtnews24.com,2026-04-27T12:54:00,,PERFORMANCE_ANALYSIS,,0.9,,,True,롯데가 최하위로 추락하며 우승 가능성이 낮아졌다.,윌켈 에르난데스,negative,,True,"롯데 vs HT (원정) 5-5 무 | 홈런: 박재현1호, 노진혁4호, 전준우2호, 오선우2호 | 타자 키플레이어: 고종욱(HT), 오선우(HT), 전준우(롯데) | 투수 키플레이어: 성영탁(HT), 현도훈(롯데), 나균안(롯데)"
323,"'롯데 흑역사' 벨라스케즈, '오타니 땅볼+김혜성 삼진' 1경기 뛰고 방출...","미국 메이저리그(MLB) 시카고 컵스에서 KBO리그 롯데 자이언츠 출신 두 투수의 희비가 극명하게 엇갈렸다. 우완 빈스 벨라스케즈는 지명할당(DFA) 통보를 받으며 로스터에서 밀려난 반면, 같은 롯데 출신 좌완 찰리 반즈는...",www.xportsnews.com,2026-04-27T12:39:00,,TRANSACTION_CONTRACT,,1.0,,,True,벨라스케즈가 롯데에서 방출되며 아쉬운 소식이 전해졌다.,빈스 벨라스케즈,negative,,True,"롯데 vs HT (원정) 5-5 무 | 홈런: 박재현1호, 노진혁4호, 전준우2호, 오선우2호 | 타자 키플레이어: 고종욱(HT), 오선우(HT), 전준우(롯데) | 투수 키플레이어: 성영탁(HT), 현도훈(롯데), 나균안(롯데)"
324,"""10⅓이닝 2실점"" 키움 필승조, 5승 1패 반등 이끌었다","그러나 지난주 5승을 보태며 시즌 성적을 10승 15패, 승률 0.400으로 끌어올렸고, 롯데 자이언츠를 밀어내고... 이어 지난 4일 LG 트윈스전에서도 4-1 리드를 지키지 못하고 8회초 4실점, 9회초 1실점을 허용해 4-6 패배를 당하며...",www.topstarnews.net,2026-04-27T12:30:00,,MATCH_RELATED,,0.9,,,True,롯데가 키움에게 패배하며 시즌 성적이 좋지 않다.,,negative,,True,"롯데 vs HT (원정) 5-5 무 | 홈런: 박재현1호, 노진혁4호, 전준우2호, 오선우2호 | 타자 키플레이어: 고종욱(HT), 오선우(HT), 전준우(롯데) | 투수 키플레이어: 성영탁(HT), 현도훈(롯데), 나균안(롯데)"
325,"KIA가 바라던 마무리, 바로 이런 선수였다…'10라운더' 우완의 5탈삼진 ...","성영탁은 26일 광주-기아 챔피언스필드에서 열린 2026 신한 SOL KBO리그 롯데 자이언츠와의 주말 3연전 마지막... 비록 KIA가 연장 내내 득점에 실패해 승리로 연결되진 않았지만, 패배를 막아낸 데는 성영탁의 활약이...",www.sportalkorea.com,2026-04-27T11:30:00,,MATCH_RELATED,,0.9,,,True,KIA의 성영탁이 롯데와의 경기에서 5탈삼진을 기록했다.,성영탁,negative,,True,"롯데 vs HT (원정) 5-5 무 | 홈런: 박재현1호, 노진혁4호, 전준우2호, 오선우2호 | 타자 키플레이어: 고종욱(HT), 오선우(HT), 전준우(롯데) | 투수 키플레이어: 성영탁(HT), 현도훈(롯데), 나균안(롯데)"
326,'리그 꼴찌' 한화 불펜…이해할 수 없는 김경문의 기용,"9위 롯데 자이언츠(4.60)와도 확연한 격차가 나는 압도적 꼴찌다. 선발 마운드(평균자책점 4.10·7위)는 그나마... 인한 패배에 대해 ""납득할 수 없다""는 반응이다. 김경문 감독의 믿음의 야구가 특정 선수에 대한 믿음에...",www.sisajournal.com,2026-04-27T11:03:00,,PERFORMANCE_ANALYSIS,,0.9,,,True,롯데가 한화와의 경기에서 불펜 문제로 어려움을 겪고 있다.,,negative,,True,"롯데 vs HT (원정) 5-5 무 | 홈런: 박재현1호, 노진혁4호, 전준우2호, 오선우2호 | 타자 키플레이어: 고종욱(HT), 오선우(HT), 전준우(롯데) | 투수 키플레이어: 성영탁(HT), 현도훈(롯데), 나균안(롯데)"
327,"[KBO] 키움, 삼성 3연전 '스윕'..KT 선두 탈환","LG는 이날 패배로 16승 8패, KT에 선두를 내주고 2위로 내려앉았다. 대전 한화생명볼파크에서는 NC 다이노스가 한화 이글스를 5-3으로 제압했으며, 광주-기아 챔피언스필드에서는 롯데 자이언츠와 KIA 타이거즈가 5...",www.hg-times.com,2026-04-27T10:12:00,,MATCH_RELATED,,0.9,,,True,롯데가 KIA와의 경기에서 무승부로 경기를 마쳤다.,,neutral,,True,"롯데 vs HT (원정) 5-5 무 | 홈런: 박재현1호, 노진혁4호, 전준우2호, 오선우2호 | 타자 키플레이어: 고종욱(HT), 오선우(HT), 전준우(롯데) | 투수 키플레이어: 성영탁(HT), 현도훈(롯데), 나균안(롯데)"
328,"[게임노트] 2026년 4월 26일...키움, 삼성과의 주말 3연전 모두 승리…k...","NC는 대전에서 한화를 누르고 전날 패배를 설욕했고, KIA와 롯데는 무승부로 경기를 마무리 지었다.... [광주] 롯데 [5:5] KIA / 관중 20,500(매진) [무]현도훈 [무]성영탁 광주에서는 KIA 타이거즈와 롯데 자이언츠가 5...",www.thesportstimes.co.kr,2026-04-27T07:26:00,,MATCH_RELATED,,0.9,,,True,롯데가 KIA와의 경기에서 5-5 무승부로 마무리되었다.,,neutral,,True,"롯데 vs HT (원정) 5-5 무 | 홈런: 박재현1호, 노진혁4호, 전준우2호, 오선우2호 | 타자 키플레이어: 고종욱(HT), 오선우(HT), 전준우(롯데) | 투수 키플레이어: 성영탁(HT), 현도훈(롯데), 나균안(롯데)"
329,김서현 충격의 '7사사구' 패전→3G 연속 무실점→그래서 7회 동점 때 올...,"이 스코어가 끝까지 이어지며 한화는 3-5로 패배, 김서현은 패전투수가 됐다. 이날 게임을 포함해 김서현은... 19일 사직 롯데 자이언츠전에는 9-1로 앞서던 9회 올라와 세 타자를 모두 아웃으로 돌려세웠다. 21일 잠실 LG...",www.xportsnews.com,2026-04-27T06:00:00,,MATCH_RELATED,PERFORMANCE_ANALYSIS,0.9,,,True,김서현이 패전투수가 된 롯데와의 경기에서 3-5로 패배.,김서현,negative,,True,"롯데 vs HT (원정) 5-5 무 | 홈런: 박재현1호, 노진혁4호, 전준우2호, 오선우2호 | 타자 키플레이어: 고종욱(HT), 오선우(HT), 전준우(롯데) | 투수 키플레이어: 성영탁(HT), 현도훈(롯데), 나균안(롯데)"
330,"결승 투런포 허용하다니…또 무너진 한화 김서현, 시련 언제 끝나나","중요한 순간 마운드에 올랐지만, NC 타선에 혼쭐이 나며 팀 패배를 막지 못했다. 시작은 나쁘지 않았다.... 안중열이 1군 경기에서 홈런을 친 것은 2024년 9월 27일 부산 롯데 자이언츠전 이후 576일 만이다. 김경문...",www.mk.co.kr,2026-04-27T00:15:00,,ETC,,0.9,,,False,김서현이 중요한 순간에 무너져 팀 패배를 막지 못했다.,김서현,,,True,"롯데 vs HT (원정) 5-5 무 | 홈런: 박재현1호, 노진혁4호, 전준우2호, 오선우2호 | 타자 키플레이어: 고종욱(HT), 오선우(HT), 전준우(롯데) | 투수 키플레이어: 성영탁(HT), 현도훈(롯데), 나균안(롯데)"
331,"'고바야시 완벽투' 울산웨일즈, KIA에 9대0 완승",울산웨일즈는 전날 0대6 패배를 하루 만에 완벽하게 되갚았다. 이날 승리로 울산웨일즈는 퓨처스리그 남부리그 2위를 유지했다. 선두 롯데자이언츠도 kt wiz를 상대로 승리를 거두며 격차는 0.5경기 차로 유지되고 있다....,www.ksilbo.co.kr,2026-04-27T00:04:00,,MATCH_RELATED,,0.9,,,True,울산웨일즈가 KIA를 상대로 완승하며 롯데와의 격차를 유지했다.,,neutral,,False,"롯데 vs HT (원정) 5-5 무 | 홈런: 박재현1호, 노진혁4호, 전준우2호, 오선우2호 | 타자 키플레이어: 고종욱(HT), 오선우(HT), 전준우(롯데) | 투수 키플레이어: 성영탁(HT), 현도훈(롯데), 나균안(롯데)"
332,'해설 비판+응원가 패싱' 한화 '미련의 야구'에 등 돌리는 사람들…김경...,"27일 롯데 자이언츠전 이후 무려 576일 만의 홈런이 NC에 우위를 안겼고, 결국 김서현은 곧바로 마운드를 내려갔다. 한화는 이후 정우주와 조동욱, 잭 쿠싱을 줄줄이 투입해 추가 실점을 막았으나 경기는 그대로 패배로...",www.sportalkorea.com,2026-04-26T21:00:00,,MATCH_RELATED,,0.9,,,True,한화가 롯데와의 경기에서 패배하며 팬들의 비판을 받았다.,김서현,negative,,True,"롯데 vs HT (원정) 5-5 무 | 홈런: 박재현1호, 노진혁4호, 전준우2호, 오선우2호 | 타자 키플레이어: 고종욱(HT), 오선우(HT), 전준우(롯데) | 투수 키플레이어: 성영탁(HT), 현도훈(롯데), 나균안(롯데)"
333,"'박준현 데뷔전 선발승' 키움, 삼성과 3연전 스윕…KT는 선두 탈환","반면 삼성은 루키 장찬희가 시즌 첫 선발 등판에서 3이닝 3피안타 1실점을 기록, 시즌 첫 패배(2승)를... 광주에서는 롯데 자이언츠와 KIA 타이거즈가 연장 혈투 끝에 5-5로 승부를 가리지 못했다. KIA(12승1무12패)는...",www.news1.kr,2026-04-26T19:42:00,,MATCH_RELATED,,0.9,,,True,롯데와 KIA의 경기가 연장전 끝에 무승부로 끝났다.,,neutral,,True,"롯데 vs HT (원정) 5-5 무 | 홈런: 박재현1호, 노진혁4호, 전준우2호, 오선우2호 | 타자 키플레이어: 고종욱(HT), 오선우(HT), 전준우(롯데) | 투수 키플레이어: 성영탁(HT), 현도훈(롯데), 나균안(롯데)"
334,"[AI상보] KIA, 홈에서 롯데와 5-5로 비겨...롯데 나균안 시즌 첫 승 또 놓...",이웅희 기자·한지용 인턴기자 = 프로야구 KIA가 패배 직전까지 몰렸지만 끝내 승부를 원점으로 돌리며... KIA는 26일 광주 기아챔피언스필드에서 열린 2026 신한 SOL KBO리그 정규시즌 롯데 자이언츠와의 홈경기에서...,www.newspim.com,2026-04-26T18:53:00,,MATCH_RELATED,,0.9,,,True,KIA가 롯데와의 경기에서 무승부를 기록하며 패배를 면했다.,,neutral,,True,"롯데 vs HT (원정) 5-5 무 | 홈런: 박재현1호, 노진혁4호, 전준우2호, 오선우2호 | 타자 키플레이어: 고종욱(HT), 오선우(HT), 전준우(롯데) | 투수 키플레이어: 성영탁(HT), 현도훈(롯데), 나균안(롯데)"
335,"'박준현 데뷔전 승리' 키움, 삼성 상대 시즌 첫 스윕…KT, 단독 선두 탈...","첫 패배(2승)를 떠안았다. 이날 경기 전에는 키움에서 전성기를 구가했고, 지난 시즌 삼성에서 뛴 후 현역... 광주-기아 챔피언스필드에서는 롯데 자이언츠와 KIA 타이거즈가 5-5로 비겼다. 두 팀 모두 시즌 첫...",www.newsis.com,2026-04-26T18:10:00,,MATCH_RELATED,,0.9,,,True,롯데와 KIA의 경기가 5-5로 비기며 시즌 첫 무승부가 나왔다.,,neutral,,True,"롯데 vs HT (원정) 5-5 무 | 홈런: 박재현1호, 노진혁4호, 전준우2호, 오선우2호 | 타자 키플레이어: 고종욱(HT), 오선우(HT), 전준우(롯데) | 투수 키플레이어: 성영탁(HT), 현도훈(롯데), 나균안(롯데)"
336,전준우 맹타에도…롯데 KIA와 연장 혈투 끝 무승부,"프로야구 롯데 자이언츠가 26일 베테랑의 홈런포 2방에도 불구하고 KIA 타이거즈와 무승부를 기록했다. 9위... 11회 1사 1, 2루 위기에 몰렸으나 후속타자를 범타 처리하며 팀의 패배를 막았다. 롯데는 이날 붙박이...",www.busan.com,2026-04-26T17:54:00,,MATCH_RELATED,,0.9,,,True,전준우의 홈런에도 불구하고 롯데가 KIA와 무승부를 기록했다.,전준우,neutral,,True,"롯데 vs HT (원정) 5-5 무 | 홈런: 박재현1호, 노진혁4호, 전준우2호, 오선우2호 | 타자 키플레이어: 고종욱(HT), 오선우(HT), 전준우(롯데) | 투수 키플레이어: 성영탁(HT), 현도훈(롯데), 나균안(롯데)"
337,"'슈퍼 루키' 박준현 5이닝 무실점 호투 … 키움 3연승 질주, 삼성 7연패...","kt는 17승(8패)째를 수확, 이날 패배한 LG 트윈스(16승 8패)를 2위로 끌어내리고 선두로 올라섰다. SSG는 5연승... KIA 타이거즈와 롯데 자이언츠는 연장 11회 승부 끝에 5-5 무승부를 거뒀다. 뉴데일리 최용재",www.newdaily.co.kr,2026-04-26T17:52:00,,MATCH_RELATED,,0.9,,,True,롯데가 KIA와의 경기에서 5-5 무승부를 기록했다.,전준우;오선우,neutral,,True,"롯데 vs HT (원정) 5-5 무 | 홈런: 박재현1호, 노진혁4호, 전준우2호, 오선우2호 | 타자 키플레이어: 고종욱(HT), 오선우(HT), 전준우(롯데) | 투수 키플레이어: 성영탁(HT), 현도훈(롯데), 나균안(롯데)"
338,"두산, 연장 가서 또 이겼다…박준순 10회말 끝내기 적시타 작렬 ‘3연패...",크리스 플렉센의 부상 대체 외국인투수로 영입된 벤자민은 이날 경기가 21일 사직 롯데 자이언츠전(4.2이닝... LG는 올 시즌 첫 연장 승부에서 패배를 떠안았다. 두산 선발 벤자민은 7이닝 10안타 1볼넷 5탈삼진 3실점...,sports.donga.com,2026-04-26T17:42:00,,INJURY_ROSTER,,1.0,,,True,롯데가 KIA와의 경기에서 연장 무승부를 기록했다.,전준우,neutral,,True,"롯데 vs HT (원정) 5-5 무 | 홈런: 박재현1호, 노진혁4호, 전준우2호, 오선우2호 | 타자 키플레이어: 고종욱(HT), 오선우(HT), 전준우(롯데) | 투수 키플레이어: 성영탁(HT), 현도훈(롯데), 나균안(롯데)"
339,"5:2→5:4→5:5 연장혈투 무승부...롯데 2이닝 마무리 초강수 실패, KIA 한...",KIA 타이거즈와 롯데 자이언츠가 승부를 내지 못했다. 두 팀은 26일 광주-기아 챔피언스필드에서 주말시리즈 3차전을 벌였으나 5-5 연장 11회 무승부를 기록했다. 롯데가 5-2로 승기를 잡는 듯 했으나 KIA 오선우가 7회 4-5로...,www.osen.co.kr,2026-04-26T17:40:00,,MATCH_RELATED,,0.9,,,True,롯데가 KIA와의 연장전에서 5-5 무승부를 기록했다.,전준우,neutral,,True,"롯데 vs HT (원정) 5-5 무 | 홈런: 박재현1호, 노진혁4호, 전준우2호, 오선우2호 | 타자 키플레이어: 고종욱(HT), 오선우(HT), 전준우(롯데) | 투수 키플레이어: 성영탁(HT), 현도훈(롯데), 나균안(롯데)"
340,"오랜만에 위닝시리즈다!…‘대타 안중열 결승 투런포’ NC, 한화에 전날...",이로써 전날(25일) 1-8 패배를 설욕함과 동시에 3연전 위닝시리즈를 따낸 NC는 11승 13패를 기록했다. 반면... 안중열이 1군 경기에서 홈런을 친 것은 2024년 9월 27일 부산 롯데 자이언츠전 이후 576일 만이다. 갈 길이...,www.mk.co.kr,2026-04-26T16:52:00,,ETC,,0.9,,,False,NC가 롯데와의 경기에서 위닝 시리즈를 달성했다.,,,,False,"롯데 vs HT (원정) 5-5 무 | 홈런: 박재현1호, 노진혁4호, 전준우2호, 오선우2호 | 타자 키플레이어: 고종욱(HT), 오선우(HT), 전준우(롯데) | 투수 키플레이어: 성영탁(HT), 현도훈(롯데), 나균안(롯데)"
341,'롯데 혈압 오른다' ML 컴백하더니 김혜성 삼진잡고 150km 건재 증명…韓...,지난 시즌 중반 터커 데이비슨의 대체 외국인선수로 롯데 자이언츠에 합류한 벨라스케즈는 11경기 35이닝 1승 4패 평균자책점 8.23으로 실망스러운 성적을 남겼고 롯데도 상위권을 달리다 12연패를 당하면서 걷잡을 수...,www.spotvnews.co.kr,2026-04-26T16:04:00,,PERFORMANCE_ANALYSIS,,0.9,,,True,롯데의 벨라스케즈가 메이저리그에서 좋은 성적을 거두었다.,벨라스케즈,negative,,False,"롯데 vs HT (원정) 5-5 무 | 홈런: 박재현1호, 노진혁4호, 전준우2호, 오선우2호 | 타자 키플레이어: 고종욱(HT), 오선우(HT), 전준우(롯데) | 투수 키플레이어: 성영탁(HT), 현도훈(롯데), 나균안(롯데)"
342,롯데 나락 빠트린 그 외인 맞아? 3년 만에 ML 복귀→다저스 2⅓이닝 완벽...,지난해 롯데 자이언츠를 나락으로 빠트린 외국인투수가 메이저리그 복귀를 넘어 막강 LA 다저스 타선을 무실점 봉쇄했다. 빈스 벨라스케즈(시카고 컵스)는 26일(이하 한국시간) 미국 캘리포니아주 로스앤젤레스...,www.osen.co.kr,2026-04-26T14:23:00,,INJURY_ROSTER,,1.0,,,True,롯데의 벨라스케즈가 메이저리그에서 무실점 투구를 했다.,벨라스케즈,negative,,False,"롯데 vs HT (원정) 3-4 패 | 결승타: 김도영(5회) | 홈런: 유강남2호 | 타자 키플레이어: 김도영(HT), 김선빈(HT), 박재현(HT) | 투수 키플레이어: 성영탁(HT), 정해영(HT), 박정민(롯데)"
343,"KIA, 카스트로 허벅지 손상으로 이탈…오선우 1군 콜업",카스트로는 지난 25일 광주-기아챔피언스필드에서 열린 '2026 신한 SOL Bank KBO리그' 롯데 자이언츠와의 경기에서 5번 타자 겸 1루수로 선발 출전했다. 첫 타석에서 삼진으로 물러난 그는 3회초 수비 과정에서 3루수...,www.namdonews.com,2026-04-26T14:22:00,,INJURY_ROSTER,,0.9,,,True,KIA의 카스트로가 부상으로 이탈했다.,카스트로,neutral,,False,"롯데 vs HT (원정) 3-4 패 | 결승타: 김도영(5회) | 홈런: 유강남2호 | 타자 키플레이어: 김도영(HT), 김선빈(HT), 박재현(HT) | 투수 키플레이어: 성영탁(HT), 정해영(HT), 박정민(롯데)"
344,"KIA 카스트로, 햄스트링 부분 손상 이탈",KIA는 26일 광주-기아 챔피언스 필드에서 열리는 롯데 자이언츠와의 경기를 앞두고 카스트로를 1군 엔트리에서 말소하고 오선우를 콜업했다. 1루수 자원 공백을 메우기 위한 결정이다. 카스트로는 전날 롯데전에서 5번...,www.jndn.com,2026-04-26T13:14:00,,INJURY_ROSTER,,1.0,,,True,KIA가 카스트로를 1군에서 말소하고 오선우를 콜업했다.,카스트로;오선우,neutral,,False,"롯데 vs HT (원정) 3-4 패 | 결승타: 김도영(5회) | 홈런: 유강남2호 | 타자 키플레이어: 김도영(HT), 김선빈(HT), 박재현(HT) | 투수 키플레이어: 성영탁(HT), 정해영(HT), 박정민(롯데)"
345,"김혜성, 2안타 1득점 1타점 활약...빅이닝 시작 이끌며 대승 기여","이날 승리로 전날 패배 설욕하며 18승 9패 기록했다. 컵스는 17승 10패. 김혜성은 상대 선발 콜린 레이를... 지난해 KBO리그 롯데자이언츠에서 뛰기도 했던 벨라스케스는 이날 컵스의 세 번째 투수로 등판, 마지막 아웃...",www.mk.co.kr,2026-04-26T12:09:00,,PERFORMANCE_ANALYSIS,,0.9,,,False,김혜성이 2안타 1득점 1타점으로 대승에 기여했다.,김혜성,,,True,"롯데 vs HT (원정) 3-4 패 | 결승타: 김도영(5회) | 홈런: 유강남2호 | 타자 키플레이어: 김도영(HT), 김선빈(HT), 박재현(HT) | 투수 키플레이어: 성영탁(HT), 정해영(HT), 박정민(롯데)"
346,"'또 햄스트링' KIA 대형 악재 터졌다, 대체 외국인도 함께 준비한다…""일...","KIA는 26일 광주 롯데 자이언츠전에 앞서 카스트로를 1군 엔트리에서 말소하고, 오선우를 콜업했다. 오선우는 1루수 보강 차원의 결정이다. 카스트로는 전날 롯데전에 5번타자 1루수로 선발 출전했다가 3회 수비 과정에서...",www.sportschosun.com,2026-04-26T11:52:00,,INJURY_ROSTER,,1.0,,,True,KIA가 카스트로를 말소하고 오선우를 콜업했다.,,neutral,,False,"롯데 vs HT (원정) 3-4 패 | 결승타: 김도영(5회) | 홈런: 유강남2호 | 타자 키플레이어: 김도영(HT), 김선빈(HT), 박재현(HT) | 투수 키플레이어: 성영탁(HT), 정해영(HT), 박정민(롯데)"
347,"‘공포의 8번’ 김혜성 미쳤다, 안타-안타-득점-타점 폭발! 3G 연속 멀티...",지난해 롯데 자이언츠에서 뛰었던 빈스 벨라스케즈를 만나 3구 헛스윙 삼진을 당했다. 2안타를 추가한... 내셔널리그 서부지구 2위 다저스는 컵스를 12-4로 꺾고 전날 패배를 설욕했다. 시즌 18승 9패. 선발 사사키...,www.osen.co.kr,2026-04-26T11:49:00,,PERFORMANCE_ANALYSIS,,0.9,,,False,김혜성이 3경기 연속 멀티히트로 활약 중이다.,김혜성,,,True,"롯데 vs HT (원정) 3-4 패 | 결승타: 김도영(5회) | 홈런: 유강남2호 | 타자 키플레이어: 김도영(HT), 김선빈(HT), 박재현(HT) | 투수 키플레이어: 성영탁(HT), 정해영(HT), 박정민(롯데)"
348,"6연패의 '잔루 라이온즈' 삼성, '데뷔 첫 선발인데' 무거워진 막내의 어...","타점과 득점 모두 롯데 자이언츠(11타점·13득점)에 이은 리그 9위다. 삼성 타선은 이 6경기에서 주자 있는... 선발이 조기에 무너진 날엔 속절없이 패배했고, 선발이 호투한 날엔 불펜이나 타선이 부진했다. 지난 22일 대구...",isplus.com,2026-04-26T08:42:00,,PERFORMANCE_ANALYSIS,,0.9,,,True,삼성이 6연패에 빠지며 부진한 모습을 보이고 있다.,,negative,,False,"롯데 vs HT (원정) 3-4 패 | 결승타: 김도영(5회) | 홈런: 유강남2호 | 타자 키플레이어: 김도영(HT), 김선빈(HT), 박재현(HT) | 투수 키플레이어: 성영탁(HT), 정해영(HT), 박정민(롯데)"
349,"롯데, 이대론 끝이다!…'혁명' 수준의 특단 조치 없인 답 없어","롯데 자이언츠는 시즌 전 일본 출신 코치들을 야심차게 영입했다. 카네무라 사토루, 히사무라 히로시, 다카쓰... 전력을 강화하든, 뭔가 해야 한다. 어쩌다 하는 1승에 열광할 시기는 지났다. 패배주의가 엄습하고 있다.",www.maniareport.com,2026-04-26T07:56:00,,TRANSACTION_CONTRACT,,1.0,,,True,롯데가 혁신적인 조치가 필요하다는 목소리가 높아지고 있다.,,negative,,False,"롯데 vs HT (원정) 3-4 패 | 결승타: 김도영(5회) | 홈런: 유강남2호 | 타자 키플레이어: 김도영(HT), 김선빈(HT), 박재현(HT) | 투수 키플레이어: 성영탁(HT), 정해영(HT), 박정민(롯데)"
350,"잠실 라이벌에 스윕패, 4연패, 꼴찌 싸움 추락 위기...암울한 두산, LG 킬...","25일 LG와의 첫 경기에서 대등한 싸움을 하고도 찬스마다 타선이 침묵해 아쉬운 패배를 당하더니, 25일은... 벤자민은 21일 롯데 자이언츠전 두산 유니폼을 입고 데뷔전을 치렀는데 4⅔이닝 무실점 역투로 '구관이 명관...",www.sportschosun.com,2026-04-26T05:07:00,,MATCH_RELATED,,0.9,,,True,두산이 LG와의 경기에서 아쉬운 패배를 기록했다.,,negative,,False,"롯데 vs HT (원정) 3-4 패 | 결승타: 김도영(5회) | 홈런: 유강남2호 | 타자 키플레이어: 김도영(HT), 김선빈(HT), 박재현(HT) | 투수 키플레이어: 성영탁(HT), 정해영(HT), 박정민(롯데)"
351,"롯데 황당하겠네, 한국서 대실패했는데…ERA 8.23 난타당한 그 투수, 7개...",지난해 KBO리그 롯데 자이언츠에서 대실패했던 투수 빈스 벨라스케즈(33)가 메이저리그에 복귀했다. 한국에서 평균자책점 8점대(8.23)로 뭇매를 맞고 떠났지만 1년도 안 지나 전격 콜업됐다. 시카고 컵스는 지난 25일...,www.osen.co.kr,2026-04-26T01:23:00,,INJURY_ROSTER,,1.0,,,True,벨라스케즈가 한국에서의 실패 후 메이저리그에 복귀했다.,벨라스케즈,neutral,,False,"롯데 vs HT (원정) 3-4 패 | 결승타: 김도영(5회) | 홈런: 유강남2호 | 타자 키플레이어: 김도영(HT), 김선빈(HT), 박재현(HT) | 투수 키플레이어: 성영탁(HT), 정해영(HT), 박정민(롯데)"
352,"""스윙 속도 느려"" 윤동희 3G 연속 홈런 대폭발, 1군 콜업 정조준...'149km...","프로야구 롯데 자이언츠 윤동희가 2군을 폭격하고 있다. 하지만 김태형 감독이 주문한 과제를 얼마나 잘 이행하고 올라올 지가 관건이다. 윤동희는 25일 익산구장에서 열린 ‘2026 퓨처스리그’ KT 위즈와의 경기, 1번...",www.osen.co.kr,2026-04-26T00:44:00,,ETC,PERFORMANCE_ANALYSIS,0.9,,,True,윤동희가 2군에서 홈런을 폭발시키며 1군 콜업을 노리고 있다.,윤동희,positive,,False,"롯데 vs HT (원정) 3-4 패 | 결승타: 김도영(5회) | 홈런: 유강남2호 | 타자 키플레이어: 김도영(HT), 김선빈(HT), 박재현(HT) | 투수 키플레이어: 성영탁(HT), 정해영(HT), 박정민(롯데)"
353,"이럴수가! 롯데 망치고 간 그 선수, 다저스 꺾은 파죽의 10연승 팀 합류...",지난해 롯데 자이언츠에서 대체 외국인 선수로 합류해 처참한 실패를 맛봤던 빈스 벨라스케스가 메이저리그 마운드에 오를 전망이다. 미국 매체 'MLB 트레이드 루머스'는 25일(이하 한국시간) 시카고 컵스가...,www.sportalkorea.com,2026-04-25T22:04:00,,TRANSACTION_CONTRACT,,0.9,,,True,롯데 자이언츠의 빈스 벨라스케스가 메이저리그 진출 전망.,빈스 벨라스케스,negative,,True,"롯데 vs HT (원정) 3-4 패 | 결승타: 김도영(5회) | 홈런: 유강남2호 | 타자 키플레이어: 김도영(HT), 김선빈(HT), 박재현(HT) | 투수 키플레이어: 성영탁(HT), 정해영(HT), 박정민(롯데)"
354,박세웅과 롯데가 좌절했던 그 순간…레이예스가 아닌 박해민·김호령이...,"박세웅과 롯데 자이언츠가 좌절했던 그 순간. 25일 광주 KIA챔피언스필드. 롯데 자이언츠 박세웅과 KIA... 이날 패배가 수비로 갈린 것은 아니지만, 롯데로선 많은 생각을 하게 한 순간이었다. 박세웅의 경우 14경기 연속...",www.mydaily.co.kr,2026-04-25T22:00:00,,MATCH_RELATED,PERFORMANCE_ANALYSIS,0.9,,,True,박세웅과 롯데가 KIA에 패배하며 많은 생각을 하게 했다.,박세웅,negative,,True,"롯데 vs HT (원정) 3-4 패 | 결승타: 김도영(5회) | 홈런: 유강남2호 | 타자 키플레이어: 김도영(HT), 김선빈(HT), 박재현(HT) | 투수 키플레이어: 성영탁(HT), 정해영(HT), 박정민(롯데)"
355,"SSG, KT 잡고 5연승 …'9회 역전극' LG, 두산 꺾고 선두 복귀(종합)",전날 패배를 설욕한 한화는 시즌 10승(13패) 고지를 밟으며 NC와 함께 공동 6위가 됐다. 이와 함께 개막... 광주에서는 홈팀 KIA 타이거즈가 롯데 자이언츠를 4-3으로 제압했다. 5연패 후 2연승을 달린 KIA는 시즌 전적...,www.news1.kr,2026-04-25T20:19:00,,INJURY_ROSTER,,1.0,,,True,KIA가 롯데를 4-3으로 제압하며 2연승을 기록했다.,,negative,,True,"롯데 vs HT (원정) 3-4 패 | 결승타: 김도영(5회) | 홈런: 유강남2호 | 타자 키플레이어: 김도영(HT), 김선빈(HT), 박재현(HT) | 투수 키플레이어: 성영탁(HT), 정해영(HT), 박정민(롯데)"
356,"'양현종 2200K' KIA, 롯데에 4-3 역전승…키움에 잡힌 삼성, 6연패 수렁(...","롯데 자이언츠의 토종 선발 박세웅은 개인 연패 탈출 기회를 또다시 다음으로 미뤘다. KIA는 25일 광주... 타선에선 박찬호가 두산 이적 홈에서 첫 홈런(시즌 2호)을 터트렸으나, 팀의 패배로 빛이 바랬다. 최근 3경기...",www.newsis.com,2026-04-25T20:16:00,,TRANSACTION_CONTRACT,,1.0,,,True,박세웅이 연패 탈출 기회를 놓치며 롯데가 패배했다.,박세웅,negative,,True,"롯데 vs HT (원정) 3-4 패 | 결승타: 김도영(5회) | 홈런: 유강남2호 | 타자 키플레이어: 김도영(HT), 김선빈(HT), 박재현(HT) | 투수 키플레이어: 성영탁(HT), 정해영(HT), 박정민(롯데)"
357,마무리 내놓고 헌신 택한 정해영의 진심… 1.1이닝 퍼펙트 성영탁과 만...,KIA는 25일 광주-기아 챔피언스필드에서 열린 2026 신한 SOL KBO리그 롯데 자이언츠와의 주말 3연전 두 번째... 지난 주중 KT와의 3연전에서 뼈아픈 불펜 싸움 패배를 경험했던 KIA는 이날 완전히 달라진 마운드 운용을...,www.fnnews.com,2026-04-25T20:15:00,,MATCH_RELATED,,0.9,,,True,정해영이 헌신적인 투구로 롯데의 패배를 막지 못했다.,정해영,negative,,True,"롯데 vs HT (원정) 3-4 패 | 결승타: 김도영(5회) | 홈런: 유강남2호 | 타자 키플레이어: 김도영(HT), 김선빈(HT), 박재현(HT) | 투수 키플레이어: 성영탁(HT), 정해영(HT), 박정민(롯데)"
358,한화 야구가 2시간26분 만에 끝났다고? 에르난데스 7이닝 대호투+강백호...,이로써 한화는 전날 패배를 딛고 NC와 3연전 전적을 1승 1패로 만들었다. 그러면서 10승(13패) 고지를 밟은... 한화 선발투수가 7이닝 이상을 소화한 건 지난 18일 사직 롯데 자이언츠전에서 류현진이 7이닝 무실점을...,www.xportsnews.com,2026-04-25T19:28:00,,ETC,,0.9,,,False,한화가 롯데와의 경기에서 류현진의 호투를 언급했다.,,,,True,"롯데 vs HT (원정) 3-4 패 | 결승타: 김도영(5회) | 홈런: 유강남2호 | 타자 키플레이어: 김도영(HT), 김선빈(HT), 박재현(HT) | 투수 키플레이어: 성영탁(HT), 정해영(HT), 박정민(롯데)"
359,"'트레이드' 손아섭, 오늘(25일) LG와 잠실 라이벌전 'DH' 선발 출격, 사령...",이 패배로 두산은 지난 23일 사직 롯데 자이언츠전에 이어 2연패에 빠졌다. 두산은 9승 1무 13패를 마크하며 리그 공동 7위에 자리했다. 손아섭은 전날 2번 타자 겸 좌익수로 선발 출장해 3타수 무안타 1타점을...,www.starnewskorea.com,2026-04-25T12:32:00,,TRANSACTION_CONTRACT,,1.0,,,True,손아섭이 LG와의 경기에서 선발로 출전했다.,손아섭,neutral,,True,"롯데 vs HT (원정) 0-4 패 | 결승타: 김도영(7회) | 홈런: 김도영7호, 김도영8호 | 타자 키플레이어: 김도영(HT), 고종욱(HT), 박재현(HT) | 투수 키플레이어: 올러(HT), 비슬리(롯데), 이영재(롯데)"
360,"‘안타-안타-홈런-볼넷-2루타’ 육성선수→5년 만에 1군 데뷔→2군행, K...","박상준은 24일 상동구장에서 열린 2026 퓨처스리그 롯데 자이언츠와 경기에 3번 지명타자로 출장해 5타수... 패배 직전에 박상준이 2사 만루에서 우측 선상 2타점 2루타를 때려, 11-11 극적인 동점을 만들었다. 연장전...",www.osen.co.kr,2026-04-25T10:11:00,,MATCH_RELATED,PERFORMANCE_ANALYSIS,0.9,,,True,박상준이 극적인 2타점 2루타로 경기를 이끌었다.,박상준,neutral,,True,"롯데 vs HT (원정) 0-4 패 | 결승타: 김도영(7회) | 홈런: 김도영7호, 김도영8호 | 타자 키플레이어: 김도영(HT), 고종욱(HT), 박재현(HT) | 투수 키플레이어: 올러(HT), 비슬리(롯데), 이영재(롯데)"
361,[굿모닝위즈·23] 오늘은 방망이 쉽니다,"지난 8일 롯데 자이언츠 김진욱에게 당한 것과 흡사하다. 당시 팀 안타가 3개였는데, 이날도 안타 3개가... 팀 패배는 아쉽지만 우리나라 젊은 좌완투수들이 성장하고 있다는 건 반가운 일이다. 개막 후 선발 등판한 네...",www.kyeongin.com,2026-04-25T07:56:00,,ETC,,0.9,,,False,롯데가 HT에 0-4로 패배하며 아쉬운 경기를 치렀다.,,,,True,"롯데 vs HT (원정) 0-4 패 | 결승타: 김도영(7회) | 홈런: 김도영7호, 김도영8호 | 타자 키플레이어: 김도영(HT), 고종욱(HT), 박재현(HT) | 투수 키플레이어: 올러(HT), 비슬리(롯데), 이영재(롯데)"
362,"류현진 '100구' 역투에도, 한화는 졌다",이날 패배로 한화는 홈 10연패 수렁에 빠졌다. 한화는 류현진이 100구 역투를 펼쳤지만 6⅓이닝 동안 안타... KIA 타이거즈는 김도영의 연타석 대포와 애덤 올러의 완봉 역투에 힘입어 롯데 자이언츠를 4-0으로...,www.newdaily.co.kr,2026-04-25T07:26:00,,MATCH_RELATED,,0.9,,,True,롯데가 HT에 0-4로 패배하며 연패를 이어갔다.,김도영,negative,,True,"롯데 vs HT (원정) 0-4 패 | 결승타: 김도영(7회) | 홈런: 김도영7호, 김도영8호 | 타자 키플레이어: 김도영(HT), 고종욱(HT), 박재현(HT) | 투수 키플레이어: 올러(HT), 비슬리(롯데), 이영재(롯데)"
363,"[게임노트] 2026년 4월 24일...'문보경 3안타 3타점' LG, 두산 누르고 선...","78로 잘 던졌던 보쉴리는 이날엔 5이닝 동안 안타 8개와 볼넷 3개를 내주고 4실점 해 첫 패배를 당했다.... 힘입어 롯데 자이언츠를 4-0으로 눌렀다. 5위 KIA는 11승 12패로 승률 5할 복귀를 눈앞에 뒀고, 롯데는 7승...",www.thesportstimes.co.kr,2026-04-25T07:21:00,,INJURY_ROSTER,,1.0,,,True,롯데가 HT에 0-4로 패배하며 힘든 경기를 보냈다.,,negative,,True,"롯데 vs HT (원정) 0-4 패 | 결승타: 김도영(7회) | 홈런: 김도영7호, 김도영8호 | 타자 키플레이어: 김도영(HT), 고종욱(HT), 박재현(HT) | 투수 키플레이어: 올러(HT), 비슬리(롯데), 이영재(롯데)"
364,'충격 날벼락' LG 유영찬 수술받은 팔꿈치 또 부상이라니→오늘(25일) 병...,"이로써 LG는 지난 23일 잠실 한화 이글스전 패배를 딛고, 15승 7패를 마크하며 리그 단독 2위 자리를 유지했다. 반면 두산은 23일 사직 롯데 자이언츠전에 이어 2연패에 빠졌다. 두산의 성적은 9승 1무 13패가 됐다. 이날...",www.starnewskorea.com,2026-04-25T06:01:00,,INJURY_ROSTER,,1.0,,,True,롯데가 HT에 0-4로 패배하며 두산의 연패를 도왔다.,,negative,,True,"롯데 vs HT (원정) 0-4 패 | 결승타: 김도영(7회) | 홈런: 김도영7호, 김도영8호 | 타자 키플레이어: 김도영(HT), 고종욱(HT), 박재현(HT) | 투수 키플레이어: 올러(HT), 비슬리(롯데), 이영재(롯데)"
365,"'이럴수가' 트레이드 손아섭 '충격 타율 1할대' 하락이라니 ""냉정하게 아...","이 패배로 두산은 지난 23일 사직 롯데 자이언츠전에 이어 2연패에 빠졌다. 두산은 9승 1무 13패를 마크하며 리그 공동 7위에 자리했다. 손아섭은 이날 2번 타자 겸 좌익수로 선발 출장, 3타수 무안타 1타점에 그쳤다....",www.starnewskorea.com,2026-04-25T05:07:00,,TRANSACTION_CONTRACT,,1.0,,,True,롯데가 HT에 0-4로 패배하며 손아섭의 부진이 아쉬웠다.,손아섭,negative,,True,"롯데 vs HT (원정) 0-4 패 | 결승타: 김도영(7회) | 홈런: 김도영7호, 김도영8호 | 타자 키플레이어: 김도영(HT), 고종욱(HT), 박재현(HT) | 투수 키플레이어: 올러(HT), 비슬리(롯데), 이영재(롯데)"
366,"'아!' LG 유영찬 9회말 부상 OUT 악재→염갈량도 웃지 못했다, 승리 소감...","이로써 LG는 전날(23일) 잠실 한화 이글스전 패배를 딛고, 15승 7패를 마크하며 리그 단독 2위 자리를 유지했다. 반면 두산은 전날 사직 롯데 자이언츠전에 이어 2연패에 빠졌다. 두산은 9승 1무 13패를 기록했다. 리그...",www.starnewskorea.com,2026-04-25T02:13:00,,INJURY_ROSTER,,1.0,,,True,롯데가 HT에 0-4로 패배하며 두산의 연패를 이어갔다.,,negative,,True,"롯데 vs HT (원정) 0-4 패 | 결승타: 김도영(7회) | 홈런: 김도영7호, 김도영8호 | 타자 키플레이어: 김도영(HT), 고종욱(HT), 박재현(HT) | 투수 키플레이어: 올러(HT), 비슬리(롯데), 이영재(롯데)"
367,"""왕과 같은 대우인데 납득 안 가"" 감독 쓴소리 통하지 않았나…'안타-2루...",13일 롯데 자이언츠전 선발 등판해 7이닝 3실점으로 승리투수가 된 것. 7이닝 동안 10피안타를 맞았으나... 한편 이날 삼성은 4-6으로 패했다. 5연패다. 이승현은 물론 삼성에도 너무나 뼈아픈 패배다.,www.mydaily.co.kr,2026-04-25T01:03:00,,MATCH_RELATED,PERFORMANCE_ANALYSIS,0.9,,,True,롯데가 HT에 0-4로 패배하며 아쉬운 경기를 치렀다.,,negative,,True,"롯데 vs HT (원정) 0-4 패 | 결승타: 김도영(7회) | 홈런: 김도영7호, 김도영8호 | 타자 키플레이어: 김도영(HT), 고종욱(HT), 박재현(HT) | 투수 키플레이어: 올러(HT), 비슬리(롯데), 이영재(롯데)"
368,'KKKKKKKKKKK→ERA 0.81' KIA 외인 투수가 해냈다!…롯데 타선 꽁꽁 묶고...,"올러는 24일 광주-KIA챔피언스필드에서 열린 2026 신한 SOL KBO리그 롯데 자이언츠와의 정규시즌 1차전에... KIA는 18~19일 잠실 두산 베어스전, 21~23일 수원 KT 위즈전에서 패배하며 5연패 수렁에 빠졌다. 반전의 계기가...",www.xportsnews.com,2026-04-25T00:26:00,,MATCH_RELATED,PERFORMANCE_ANALYSIS,0.9,,,True,롯데가 HT에 0-4로 패배하며 KIA의 투수에게 묶였다.,올러,negative,,True,"롯데 vs HT (원정) 0-4 패 | 결승타: 김도영(7회) | 홈런: 김도영7호, 김도영8호 | 타자 키플레이어: 김도영(HT), 고종욱(HT), 박재현(HT) | 투수 키플레이어: 올러(HT), 비슬리(롯데), 이영재(롯데)"
369,"피안타율 0.382, WHIP 2.45…휘청거리는 김원중, 최하위 추락 롯데 [IS 냉...","오른손 투수 김원준(33·롯데 자이언츠)이 다시 한번 불안감을 노출했다. 롯데는 24일 광주... 전날 두산 베어스를 꺾고 5연패에서 탈출했던 롯데는 다시 패배를 기록하며 리그 최하위(7승 15패, 승률 0.318)로...",isplus.com,2026-04-25T00:02:00,,PERFORMANCE_ANALYSIS,MATCH_RELATED,0.9,,,True,롯데가 김원중의 불안한 투구로 최하위로 추락했다.,김원중,negative,,True,"롯데 vs HT (원정) 0-4 패 | 결승타: 김도영(7회) | 홈런: 김도영7호, 김도영8호 | 타자 키플레이어: 김도영(HT), 고종욱(HT), 박재현(HT) | 투수 키플레이어: 올러(HT), 비슬리(롯데), 이영재(롯데)"
370,'무려 승률 0.857' 영양가 만점 홈런…김도영이 때리면 KIA는 웃는다 [IS...,KIA는 24일 광주-기아챔피언스필드에서 열린 롯데 자이언츠와의 홈 경기를 4-0으로 승리했다. 이로써 8연승... 연장 패배가 없었다면 '김도영 홈런=7전 전승'이라는 기록도 가능했다. 지난 14일 광주 키움...,isplus.com,2026-04-25T00:01:00,,MATCH_RELATED,PERFORMANCE_ANALYSIS,0.9,,,True,김도영의 홈런으로 KIA가 롯데를 제압했다.,김도영,negative,,True,"롯데 vs HT (원정) 0-4 패 | 결승타: 김도영(7회) | 홈런: 김도영7호, 김도영8호 | 타자 키플레이어: 김도영(HT), 고종욱(HT), 박재현(HT) | 투수 키플레이어: 올러(HT), 비슬리(롯데), 이영재(롯데)"
371,‘전날 2-1→2-8 역전패 후유증인가’ 삼성 키움에 4-6 덜미…5연패 수렁,그렇게 삼성은 뼈아픈 패배와 마주하게 됐다. 선발투수 좌완 이승현(2.2이닝 6피안타 2사사구 1탈삼진... 타이거즈가 롯데 자이언츠를 4-0으로 꺾었다. 이날 결과로 5연패에서 벗어난 KIA는 11승 12패를 기록했다....,www.mk.co.kr,2026-04-24T22:41:00,,MATCH_RELATED,PERFORMANCE_ANALYSIS,0.9,,,True,삼성이 롯데에게 패배하며 5연패에 빠졌다.,,neutral,,True,"롯데 vs HT (원정) 0-4 패 | 결승타: 김도영(7회) | 홈런: 김도영7호, 김도영8호 | 타자 키플레이어: 김도영(HT), 고종욱(HT), 박재현(HT) | 투수 키플레이어: 올러(HT), 비슬리(롯데), 이영재(롯데)"
372,"문보경 9회 2타점 쐐기타…LG, 첫 잠실 라이벌전서 두산 제압(종합)",KIA 타이거즈는 광주 안방에서 김도영의 연타석 대포와 애덤 올러의 완봉 역투에 힘입어 롯데 자이언츠를... 78로 잘 던졌던 보쉴리는 이날엔 5이닝 동안 안타 8개와 볼넷 3개를 내주고 4실점 해 첫 패배를 당했다. SSG...,www.yna.co.kr,2026-04-24T22:28:00,,MATCH_RELATED,PERFORMANCE_ANALYSIS,0.9,,,True,KIA가 롯데를 상대로 완봉승을 거두었다.,김도영,negative,,True,"롯데 vs HT (원정) 0-4 패 | 결승타: 김도영(7회) | 홈런: 김도영7호, 김도영8호 | 타자 키플레이어: 김도영(HT), 고종욱(HT), 박재현(HT) | 투수 키플레이어: 올러(HT), 비슬리(롯데), 이영재(롯데)"
373,"'올러 완봉승·김도영 연타석포' KIA, 5연패 탈출…SSG, KT 꺾고 4연승(종...",KIA는 24일 광주-기아 챔피언스필드에서 열린 2026 신한 쏠 KBO리그 롯데 자이언츠와의 경기에서 4-0으로... 번째 패배(1승)를 떠안았다. SSG 랜더스는 인천 SSG랜더스에서 펼쳐진 KT 위즈와의 경기에서 좌완 영건 김건우의...,www.newsis.com,2026-04-24T22:23:00,,MATCH_RELATED,PERFORMANCE_ANALYSIS,0.9,,,True,KIA가 롯데를 꺾고 5연패에서 탈출했다.,김도영,negative,,True,"롯데 vs HT (원정) 0-4 패 | 결승타: 김도영(7회) | 홈런: 김도영7호, 김도영8호 | 타자 키플레이어: 김도영(HT), 고종욱(HT), 박재현(HT) | 투수 키플레이어: 올러(HT), 비슬리(롯데), 이영재(롯데)"
374,"안우진·배동현 이어 던진 키움, 삼성 꺾고 최하위 탈출","키움은 8승15패를 기록, 롯데 자이언츠(7승15패)를 제치고 10위에서 9위로 올라섰다. 5연패에 빠진 삼성은... 삼성에서는 류지혁과 김도환이 홈런포를 쏘아 올렸지만 팀 패배로 빛이 바랬다. 이승현은 2.2이닝 6피안타...",www.stoo.com,2026-04-24T22:04:00,,MATCH_RELATED,PERFORMANCE_ANALYSIS,0.9,,,True,키움이 롯데를 제치고 최하위에서 탈출했다.,,negative,,True,"롯데 vs HT (원정) 0-4 패 | 결승타: 김도영(7회) | 홈런: 김도영7호, 김도영8호 | 타자 키플레이어: 김도영(HT), 고종욱(HT), 박재현(HT) | 투수 키플레이어: 올러(HT), 비슬리(롯데), 이영재(롯데)"
375,"'김광현 앞 후계자의 인생투' 김건우 첫 7이닝 무실점-3승 달성 ""무조건...",4일 롯데 자이언츠전 1⅓이닝 만에 4실점하고 강판됐지만 이후 빠르게 안정을 찾았다. 이날은 올 시즌 리그... 보쉴리가 5이닝 동안 91구를 던지펴 8피안타(1피홈런) 4사사구 6탈삼진 4실점하며 4연승 뒤 시즌 첫 패배를...,www.starnewskorea.com,2026-04-24T22:01:00,,PERFORMANCE_ANALYSIS,MATCH_RELATED,0.9,,,True,김건우가 롯데를 상대로 무실점 투구를 했다.,김건우,negative,,True,"롯데 vs HT (원정) 0-4 패 | 결승타: 김도영(7회) | 홈런: 김도영7호, 김도영8호 | 타자 키플레이어: 김도영(HT), 고종욱(HT), 박재현(HT) | 투수 키플레이어: 올러(HT), 비슬리(롯데), 이영재(롯데)"
376,'패패패패패' 삼성 13안타 치고 지다니…안우진 '160.3km' 2026년 리그 최...,"같은 날 롯데 자이언츠(7승 15패)가 패배, 키움은 한 계단 상승한 9위가 됐다. 5연패에 빠진 삼성은 12승 1무 9패로 4위를 유지했다. ▲선발 라인업 키움 : 박주홍(우익수)-트렌턴 브룩스(좌익수)-안치홍(2루수)-임지열...",www.mydaily.co.kr,2026-04-24T21:59:00,,MATCH_RELATED,,0.9,,,True,롯데가 패배하며 키움에게 순위에서 밀렸다.,,negative,,True,"롯데 vs HT (원정) 0-4 패 | 결승타: 김도영(7회) | 홈런: 김도영7호, 김도영8호 | 타자 키플레이어: 김도영(HT), 고종욱(HT), 박재현(HT) | 투수 키플레이어: 올러(HT), 비슬리(롯데), 이영재(롯데)"
377,"'홈 쇄도' 햄스트링 통증 손호영 말소, 검진결과 미세 손상 ""회복기간 1...",롯데 자이언츠 내야수 손호영이 햄스트링 부상으로 잠시 쉬어간다. 롯데는 24일 광주-기아 챔피언스필드에서 열리는 2026 프로야구 KIA 타이거즈와의 경기에서 앞서 손호영을 1군 엔트리에서 말소했다.  전날 두산...,www.osen.co.kr,2026-04-24T17:27:00,,INJURY_ROSTER,,1.0,,,True,롯데 손호영이 햄스트링 부상으로 1군 엔트리에서 말소됐다.,손호영,negative,,True,"롯데 vs HT (원정) 0-4 패 | 결승타: 김도영(7회) | 홈런: 김도영7호, 김도영8호 | 타자 키플레이어: 김도영(HT), 고종욱(HT), 박재현(HT) | 투수 키플레이어: 올러(HT), 비슬리(롯데), 이영재(롯데)"
378,"'1루수 파격 기용' KIA 왜 카스트로인가, 라인업 대폭 변화…""좋은 컨디...","""1루수 좋은 컨디션인 선수가 없다."" 이범호 KIA 타이거즈 감독이 24일 광주 롯데 자이언츠전에 앞서 선발 라인업에 변화를 줬다. 주전 좌익수로 기용하던 외국인 타자 해럴드 카스트로를 1루수로 배치했다. 크게 2가지...",www.sportschosun.com,2026-04-24T16:28:00,,ETC,,0.9,,,False,KIA가 롯데전에서 카스트로를 1루수로 기용하는 변화를 줬다.,카스트로,,,True,"롯데 vs HT (원정) 0-4 패 | 결승타: 김도영(7회) | 홈런: 김도영7호, 김도영8호 | 타자 키플레이어: 김도영(HT), 고종욱(HT), 박재현(HT) | 투수 키플레이어: 올러(HT), 비슬리(롯데), 이영재(롯데)"
379,"""나랑 참 안 맞네"" 김태형도 안타깝던 日 고교 출신 33세 노망주, '패패...",롯데 자이언츠 노망주 현도훈(33)이 2년 만의 1군 무대에서 안정적인 활약으로 팀 연패를 끊어냈다. 현도훈은 23일 부산 사직야구장에서 열린 2026 신한 SOL KBO리그 정규시즌 두산 베어스와 홈경기에서 7회초 등판해 1이닝...,www.starnewskorea.com,2026-04-24T09:18:00,,PERFORMANCE_ANALYSIS,MATCH_RELATED,0.9,,,True,롯데 현도훈이 1군 복귀 후 안정적인 활약으로 팀 연패를 끊었다.,현도훈,positive,,True,"롯데 vs 두산 (홈) 6-1 승 | 결승타: 전민재(2회) | 홈런: 카메론5호 | 타자 키플레이어: 전민재(롯데), 신윤후(롯데), 손성빈(롯데) | 투수 키플레이어: 로드리게스(롯데), 현도훈(롯데), 박정민(롯데)"
380,"‘KIA 이렇게 급락한다고?’ 8연승 충격, 더 충격인 5연패...5할 승률은 ...",5경기다. 잠실-수원 원정 6연전을 1승 5패로 마친 KIA는 광주로 내려가 24일부터 롯데 자이언츠를 상대로 주말 3연전을 치른다. 첫날 아담 올러가 선발 등판하는 가운데 홈팬들 앞에서 연패를 끊을 수 있을지 지켜볼 일이다.,www.osen.co.kr,2026-04-24T05:32:00,,MATCH_RELATED,,0.9,,,True,KIA가 롯데와의 주말 3연전에서 연패를 끊을 수 있을지 주목된다.,,neutral,,True,"롯데 vs 두산 (홈) 6-1 승 | 결승타: 전민재(2회) | 홈런: 카메론5호 | 타자 키플레이어: 전민재(롯데), 신윤후(롯데), 손성빈(롯데) | 투수 키플레이어: 로드리게스(롯데), 현도훈(롯데), 박정민(롯데)"
381,"'부상 병동' 삼성, 또 전력 이탈…이재현, 허리 염증으로 엔트리 말소",같은 날 롯데 자이언츠는 전날 두산 베어스전에 불펜 등판해 ⅓이닝 2피안타 2사사구 4실점으로 무너진 이민석을 2군으로 내려보냈다. 그리고 우완 구승민을 콜업했다. 연패에 빠진 NC 다이노스는 내야수 오영수와...,www.newsis.com,2026-04-23T18:04:00,,INJURY_ROSTER,,1.0,,,True,롯데가 이민석을 2군으로 내려보내고 구승민을 콜업했다.,이민석;구승민,negative,,True,"롯데 vs 두산 (홈) 6-1 승 | 결승타: 전민재(2회) | 홈런: 카메론5호 | 타자 키플레이어: 전민재(롯데), 신윤후(롯데), 손성빈(롯데) | 투수 키플레이어: 로드리게스(롯데), 현도훈(롯데), 박정민(롯데)"
382,"마무리 내려놔도 계속 실점, 불안한 김원중, 그런데 감독은 ""계속 써야...",롯데 자이언츠 김원중 얘기다. 롯데는 22일 부산사직구장에서 열린 두산 베어스와의 경기에서 1대9로 대패하며 5연패 늪에 빠졌다. 주중 두산 3연전 첫 두 경기를 모두 패했다. 그 과정 김원중의 부진한 모습이 있었다....,www.sportschosun.com,2026-04-23T17:07:00,,PERFORMANCE_ANALYSIS,MATCH_RELATED,0.9,,,True,롯데 김원중이 부진한 모습으로 팀의 연패에 기여했다.,김원중,negative,,True,"롯데 vs 두산 (홈) 6-1 승 | 결승타: 전민재(2회) | 홈런: 카메론5호 | 타자 키플레이어: 전민재(롯데), 신윤후(롯데), 손성빈(롯데) | 투수 키플레이어: 로드리게스(롯데), 현도훈(롯데), 박정민(롯데)"
383,"153km 뿌린 롯데 강속구 유망주, 왜 1경기 만에 2군 갔나...베테랑 불펜...","중간에서 써보려 한다."" 롯데 자이언츠 김태형 감독이 베테랑 불펜 구승민을 콜업했다. 강속구 투수 이민석은 다시 2군에서 조정의 시간을 거친다. 롯데는 23일 부산사직구장에서 두산 베어스와 주중 3연전 마지막...",www.sportschosun.com,2026-04-23T16:19:00,,TRANSACTION_CONTRACT,,0.9,,,True,롯데가 강속구 유망주 이민석을 2군으로 내려보냈다.,이민석,negative,,True,"롯데 vs 두산 (홈) 6-1 승 | 결승타: 전민재(2회) | 홈런: 카메론5호 | 타자 키플레이어: 전민재(롯데), 신윤후(롯데), 손성빈(롯데) | 투수 키플레이어: 로드리게스(롯데), 현도훈(롯데), 박정민(롯데)"
384,"전체 1순위 박준현, 베일 벗는다…26일 아버지 소속팀 삼성 상대로 1군 ...","19일 롯데 자이언츠 퓨처스팀과 맞대결서는 선발투수로 나서 데뷔 첫 5이닝(3실점)을 투구했다. 시범경기서는 3.1이닝 동안 6볼넷을 허용했지만, 퓨처스리그서는 14.1이닝서 2볼넷을 내주는 데 그쳤다. 제구가 안정되자...",sports.donga.com,2026-04-22T16:58:00,,ETC,,0.9,,,True,롯데의 전체 1순위 박준현이 1군 데뷔를 앞두고 있다.,박준현,positive,,False,"롯데 vs 두산 (홈) 1-9 패 | 결승타: 정수빈(2회) | 홈런: 정수빈2호 | 타자 키플레이어: 정수빈(두산), 전민재(롯데), 양의지(두산) | 투수 키플레이어: 곽빈(두산), 최이준(롯데), 김정우(두산)"
385,"‘이번엔 레이예스 우익수’, 4연패 탈출 나서는 롯데",4연패에 빠진 프로야구 롯데 자이언츠가 22일 두산 베어스전에서 또 다시 라인업을 변경했다. 롯데는 22일 부산 사직야구장에서 열리는 두산과의 시즌 2차전에서 레이예스 우익수 카드를 꺼내들었다. 롯데는 한태양...,www.busan.com,2026-04-22T16:16:00,,ETC,,0.0,gpt_missing_index,,True,롯데가 두산과의 경기에서 라인업을 변경하며 4연패 탈출을 노린다.,한태양,neutral,,True,"롯데 vs 두산 (홈) 1-9 패 | 결승타: 정수빈(2회) | 홈런: 정수빈2호 | 타자 키플레이어: 정수빈(두산), 전민재(롯데), 양의지(두산) | 투수 키플레이어: 곽빈(두산), 최이준(롯데), 김정우(두산)"
386,김태형의 승부수도 무용지물…총체적 난국 빠진 롯데,프로야구 롯데 자이언츠가 9위(6승 13패)에 머물며 기나긴 부진의 터널에서 빠져오지 못하고 있다. 최하위 키움 히어로즈와 0.5게임 차이로 10위 추락도 시간 문제가 됐다. 개막 19경기만에 3차례나 연패에 빠졌고 타선을...,www.busan.com,2026-04-22T15:56:00,,ETC,,0.0,gpt_missing_index,,True,롯데가 9위에 머물며 부진을 겪고 있다.,,negative,,True,"롯데 vs 두산 (홈) 1-9 패 | 결승타: 정수빈(2회) | 홈런: 정수빈2호 | 타자 키플레이어: 정수빈(두산), 전민재(롯데), 양의지(두산) | 투수 키플레이어: 곽빈(두산), 최이준(롯데), 김정우(두산)"
387,"KBO 올 수 있다는 믿음에, 소속팀도 없이 버텼다...벤자민 택한 두산, 초...","벤자민은 21일 부산 사직구장에서 열린 롯데 자이언츠와의 경기에 선발로 등판, 4⅔이닝 무실점 역투를 펼치며 팀의 6대2 승리에 공헌했다. 아웃 카운트 1개만 더 잡으면 승리 요건까지 갖출 수 있었지만, 원래 제한...",www.sportschosun.com,2026-04-22T04:07:00,,ETC,,0.0,gpt_missing_index,,True,두산의 벤자민이 롯데를 상대로 무실점 투구로 승리에 기여했다.,벤자민,negative,,True,"롯데 vs 두산 (홈) 2-6 패 | 결승타: 정수빈(3회) | 홈런: 정수빈1호 | 타자 키플레이어: 정수빈(두산), 노진혁(롯데), 박준순(두산) | 투수 키플레이어: 벤자민(두산), 김택연(두산), 나균안(롯데)"
388,"‘3억 한계인가’ 벌써 교체설 도는 위기의 아시아쿼터, 韓 명장 냉정 진...","타케다 쇼타(SSG 랜더스), 쿄야마 마사야(롯데 자이언츠)는 2군으로 내려간 상황이고, 지난해 일본프로야구 세이부 라이온스에서 뛴 타무라 이치로(두산 베어스)는 평균자책점이 11.74까지 치솟았다. 미야지 유라(삼성...",www.osen.co.kr,2026-04-21T17:29:00,,ETC,,0.0,gpt_missing_index,,True,롯데의 아시아쿼터 선수들이 2군으로 내려가며 위기를 겪고 있다.,쿄야마 마사야,negative,,True,"롯데 vs 두산 (홈) 2-6 패 | 결승타: 정수빈(3회) | 홈런: 정수빈1호 | 타자 키플레이어: 정수빈(두산), 노진혁(롯데), 박준순(두산) | 투수 키플레이어: 벤자민(두산), 김택연(두산), 나균안(롯데)"
389,"""2군에서 워낙 좋다고 했는데, 자기 공 아예 못 던지네""…허무했던 롯데...","롯데 자이언츠 좌완 투수 박세진은 단 1경기, 두 타자만 상대하고 다시 2군으로 내려갔다. 롯데는 야구가 없던 20일, 좌완 투수 박세진을 1군 엔트리에서 말소했다. 박세진은 올해 2군에서 5경기 2승 1홀드 평균자책점 1....",www.osen.co.kr,2026-04-21T16:50:00,,INJURY_ROSTER,,1.0,,,True,롯데의 박세진이 1군에서 단 1경기만 소화하고 2군으로 내려갔다.,박세진,negative,,True,"롯데 vs 두산 (홈) 2-6 패 | 결승타: 정수빈(3회) | 홈런: 정수빈1호 | 타자 키플레이어: 정수빈(두산), 노진혁(롯데), 박준순(두산) | 투수 키플레이어: 벤자민(두산), 김택연(두산), 나균안(롯데)"
390,"키움 외국인 투수 와일스, 어꺠 부상으로 6주 이상 이탈...'전체 1순위' ...","19일 롯데 자이언츠 퓨처스팀전에서는 5이닝을 소화했다. 원래 설 감독은 박준현을 1군에 부르더라도, 가급적 불펜 투수로 투입해 1군 경험을 쌓게 하려 했다. 하지만 팀 상황이 그렇지 않다. 설 감독은 ""원래 박준현은...",isplus.com,2026-04-21T16:50:00,,INJURY_ROSTER,,1.0,,,True,롯데가 키움 외국인 투수의 부상으로 어려움을 겪고 있다.,,negative,,True,"롯데 vs 두산 (홈) 2-6 패 | 결승타: 정수빈(3회) | 홈런: 정수빈1호 | 타자 키플레이어: 정수빈(두산), 노진혁(롯데), 박준순(두산) | 투수 키플레이어: 벤자민(두산), 김택연(두산), 나균안(롯데)"
391,"1군 첫 등판 아웃 하나 못잡고 강판, 충격 2군행...박세웅 동생에게 무슨...","""2군에서는 좋다는데, 자기 공을 못 던지니..."" 롯데 자이언츠는 21일 부산사직구장에서 열리는 두산 베어스전을 앞두고 투수 이민석과 이영재를 콜업했다. 경기가 없던 20일 좌완 박세진을 말소했고, 이날은 추가로...",www.sportschosun.com,2026-04-21T16:29:00,,INJURY_ROSTER,,1.0,,,True,롯데가 1군 첫 등판에서 아웃을 잡지 못하고 강판된 투수를 2군으로 보냈다.,이민석;이영재,negative,,True,"롯데 vs 두산 (홈) 2-6 패 | 결승타: 정수빈(3회) | 홈런: 정수빈1호 | 타자 키플레이어: 정수빈(두산), 노진혁(롯데), 박준순(두산) | 투수 키플레이어: 벤자민(두산), 김택연(두산), 나균안(롯데)"
392,"‘패패패’ 롯데 라인업 또 수정, 손호영 우익수 출장-한태양-전민재 키...",3연패에 빠진 롯데 자이언츠가 또 새로운 라인업으로 경기를 맞이한다. 김태형 감독이 이끄는 롯데 자이언츠는 21일 부산 사직구장에서 열리는 프로야구 정규시즌 두산 베어스와의 시즌 첫 맞대결에 나설 선발...,www.osen.co.kr,2026-04-21T15:54:00,,ETC,,0.0,gpt_missing_index,,True,롯데가 3연패 중 새로운 라인업으로 두산과의 경기에 나선다.,손호영;전민재,neutral,,True,"롯데 vs 두산 (홈) 2-6 패 | 결승타: 정수빈(3회) | 홈런: 정수빈1호 | 타자 키플레이어: 정수빈(두산), 노진혁(롯데), 박준순(두산) | 투수 키플레이어: 벤자민(두산), 김택연(두산), 나균안(롯데)"
393,"'타율 0.063' 이재원, 1군 말소인데…당일 퓨처스서 3안타 '무력시위'","이외에도 한화 이글스 최유빈, KT 위즈 오서진·안치영, 롯데 자이언츠 박세진, KIA 타이거즈 김기훈, 두산 베어스 박신지, 키움 히어로즈 염승원이 각각 2군행 통보를 받았다.",www.nocutnews.co.kr,2026-04-20T18:12:00,,INJURY_ROSTER,,1.0,,,True,이재원이 2군으로 내려갔지만 퓨처스에서 3안타를 기록했다.,이재원,neutral,,True,"롯데 vs 한화 (홈) 1-9 패 | 홈런: 문현빈4호 | 타자 키플레이어: 문현빈(한화), 강백호(한화), 최재훈(한화) | 투수 키플레이어: 에르난데스(한화), 김종수(한화), 김서현(한화)"
394,이재원 싸울 준비하러 퓨처스리그 간다…9명 1군 엔트리 제외,"이재원과 함께 투수 박세진(29·롯데 자이언츠), 박신지(27·두산 베어스), 김기훈(26·KIA 타이거즈)과 내야수 최유빈(24·한화 이글스), 오선진(21·KT 위즈), 염승원(20·키움 히어로즈), 허윤(19·NC 다이노스)과 외야수...",sports.donga.com,2026-04-20T17:54:00,,INJURY_ROSTER,,1.0,,,True,이재원이 2군으로 내려가며 1군 엔트리에서 제외되었다.,이재원,neutral,,True,"롯데 vs 한화 (홈) 1-9 패 | 홈런: 문현빈4호 | 타자 키플레이어: 문현빈(한화), 강백호(한화), 최재훈(한화) | 투수 키플레이어: 에르난데스(한화), 김종수(한화), 김서현(한화)"
395,"'타율 0.063' LG 이재원, 줄어든 입지에 2군행","이밖에 KT 내야수 오서진과 외야수 안치영, 롯데 자이언츠 투수 박세진, 한화 이글스 내야수 최유빈, KIA 타이거즈 투수 김기훈, 두산 베어스 투수 박신지, 키움 히어로즈 내야수 염승원도 1군 엔트리에서 말소됐다.",www.news1.kr,2026-04-20T17:14:00,,INJURY_ROSTER,,1.0,,,True,이재원이 1군 엔트리에서 말소되며 2군으로 내려갔다.,이재원,neutral,,True,"롯데 vs 한화 (홈) 1-9 패 | 홈런: 문현빈4호 | 타자 키플레이어: 문현빈(한화), 강백호(한화), 최재훈(한화) | 투수 키플레이어: 에르난데스(한화), 김종수(한화), 김서현(한화)"
396,"'타율 0.063' LG 이재원, 1군 엔트리 말소…NC는 임정호 콜업","한화 이글스는 내야수 최유빈을, KT 위즈는 외야수 안치영과 내야수 오서진을, 롯데 자이언츠는 좌완 박세진을 2군으로 내려보냈다. KIA 타이거즈는 좌완 불펜 김기훈을, 두산 베어스는 우완 박신지를, 그리고 키움...",www.newsis.com,2026-04-20T17:10:00,,INJURY_ROSTER,,1.0,,,True,이재원이 1군 엔트리에서 말소되며 2군으로 내려갔다.,이재원,neutral,,True,"롯데 vs 한화 (홈) 1-9 패 | 홈런: 문현빈4호 | 타자 키플레이어: 문현빈(한화), 강백호(한화), 최재훈(한화) | 투수 키플레이어: 에르난데스(한화), 김종수(한화), 김서현(한화)"
397,"[유통가 레이더] 배민, 장애인의날 맞아 시각 장애인 배려... 메뉴 사진...","스타벅스 코리아(대표이사 손정현)가 5월 1일부터 3일까지, 총 3일간 인천SSG랜더스필드에서 열리는 SSG랜더스 대 롯데자이언츠 3연전을 '2026 스타벅스 데이'로 진행한다. 스타벅스는 SSG랜더스와 해마다 함께 특별한...",www.greened.kr,2026-04-19T16:19:00,,ETC,,0.0,gpt_missing_index,,True,롯데 자이언츠는 SSG랜더스와의 3연전을 준비 중이다.,,neutral,,False,"롯데 vs 한화 (홈) 1-9 패 | 홈런: 문현빈4호 | 타자 키플레이어: 문현빈(한화), 강백호(한화), 최재훈(한화) | 투수 키플레이어: 에르난데스(한화), 김종수(한화), 김서현(한화)"
398,"'147㎞ 투구 직격' SSG 고명준, 왼손 척골 골절…1군 엔트리 제외","최근 침체에 빠진 롯데 자이언츠는 1군 엔트리에 대폭 변화를 줬다. 분위기 쇄신 차원이다. 롯데는 이날 투수 정철원과 쿄야마 마사야, 외야수 윤동희, 내야수 김민성을 2군으로 내려보냈다. 대신 투수 박세진과...",www.news1.kr,2026-04-19T13:24:00,,INJURY_ROSTER,,1.0,,,True,롯데가 1군 엔트리를 대폭 변경하며 분위기 쇄신을 시도했다.,정철원;쿄야마 마사야,neutral,,True,"롯데 vs 한화 (홈) 0-5 패 | 결승타: 페라자(3회) | 타자 키플레이어: 페라자(한화), 강백호(한화), 문현빈(한화) | 투수 키플레이어: 류현진(한화), 현도훈(롯데), 조동욱(한화)"
399,"""1군에서 쓸수가 없어"" 김태형 감독 인내심 폭발…'윤동희 → 정철원' 1...","""맞던 안 맞던 집중해서 던져야지, 어제 그 모습은 뭐야?"" 김태형 롯데 자이언츠 감독이 단단히 뿔이 났다. 롯데는 19일 부산 사직구장에서 열리는 한화 이글스전을 앞두고 대규모 엔트리 교체를 단행했다. 투수 정철원...",www.sportschosun.com,2026-04-19T12:21:00,,INJURY_ROSTER,,1.0,,,True,김태형 감독이 선수들의 집중력을 문제 삼으며 엔트리 교체를 단행했다.,김태형,negative,,True,"롯데 vs 한화 (홈) 0-5 패 | 결승타: 페라자(3회) | 타자 키플레이어: 페라자(한화), 강백호(한화), 문현빈(한화) | 투수 키플레이어: 류현진(한화), 현도훈(롯데), 조동욱(한화)"
400,"'충격의 엔트리 교체' 칼 뽑아든 김태형 감독 강력 메시지 ""어제 같은 모...",롯데 자이언츠 김태형 감독이 큰 결단을 내렸다. 1군 엔트리에 큰 변화를 줬다. 단순히 성적 부진으로 2군행을 택한 것은 아니다. 그 안에 담긴 메시지도 있었다. 김태형 감독은 19일 부산 사직구장에서 열리는 2026...,www.spotvnews.co.kr,2026-04-19T12:19:00,,INJURY_ROSTER,,1.0,,,True,김태형 감독이 엔트리 교체를 통해 강력한 메시지를 전달했다.,김태형,negative,,True,"롯데 vs 한화 (홈) 0-5 패 | 결승타: 페라자(3회) | 타자 키플레이어: 페라자(한화), 강백호(한화), 문현빈(한화) | 투수 키플레이어: 류현진(한화), 현도훈(롯데), 조동욱(한화)"
401,[속보] 윤동희-정철원-쿄야마-김민성 충격 말소…'2연패' 김태형 감독 인...,"롯데 자이언츠가 엔트리에 큰 변화를 줬다. 윤동희를 비롯해 정철원, 쿄야마 마사야, 김민성이 말소됐다. 롯데는 19일 부산 사직구장에서 열리는 2026 신한은행 SOL Bank KBO리그 한화 이글스와 팀 간 시즌 2차전 홈...",www.spotvnews.co.kr,2026-04-19T11:07:00,,INJURY_ROSTER,,1.0,,,True,롯데가 윤동희 등 4명을 말소하며 엔트리 변화를 줬다.,윤동희;정철원;쿄야마,negative,,True,"롯데 vs 한화 (홈) 0-5 패 | 결승타: 페라자(3회) | 타자 키플레이어: 페라자(한화), 강백호(한화), 문현빈(한화) | 투수 키플레이어: 류현진(한화), 현도훈(롯데), 조동욱(한화)"
402,"돌격대장 또 결장? ""계속 체크할 뿐"" 속상한 사령탑…""대주자는 어렵다...","18일 부산 사직구장에서 만난 김태형 롯데 자이언츠 감독은 허벅지 내전근 통증으로 휴식중인 황성빈의 상태에 대해 ""경기 후반에는 한번쯤 대타로 나갈 수 있을 것""이라고 했다. 이어 ""뛰는 것도 100%까진 아닌데, 나갈 수...",www.sportschosun.com,2026-04-18T15:18:00,,INJURY_ROSTER,,1.0,,,True,김태형 감독이 황성빈의 대타 출전 가능성을 언급했다.,황성빈,neutral,,True,"롯데 vs 한화 (홈) 0-5 패 | 결승타: 페라자(3회) | 타자 키플레이어: 페라자(한화), 강백호(한화), 문현빈(한화) | 투수 키플레이어: 류현진(한화), 현도훈(롯데), 조동욱(한화)"
403,"손아섭 내주고 데려왔는데…1G 만에 2군행, 김경문 감독 ""매력 많았다, ...",한화 이글스는 17일 부산 사직구장에서 열릴 예정이었던 2026 신한은행 SOL Bank KBO리그 롯데 자이언츠와 팀 간 시즌 1차전 원정 맞대결에 앞서 엔트리에 변화를 줬다. 투수 권민규를 등록하고 이교훈을 말소했다. 한화는...,www.spotvnews.co.kr,2026-04-18T07:26:00,,INJURY_ROSTER,,1.0,,,True,한화가 엔트리 변화를 주며 롯데와의 경기를 준비했다.,,neutral,,True,"롯데 vs 한화 (홈) 0-5 패 | 결승타: 페라자(3회) | 타자 키플레이어: 페라자(한화), 강백호(한화), 문현빈(한화) | 투수 키플레이어: 류현진(한화), 현도훈(롯데), 조동욱(한화)"
404,"한화, 손아섭과 트레이드 이교훈 말소…'패패패패패패' 위기 속 17일 롯...",김경문 감독이 이끄는 한화는 17일 부산 사직야구장에서 2026 신한 SOL KBO리그 롯데 자이언츠와 정규시즌 1차전을 치른다. 한화는 6승10패(0.375)로 롯데와 공동 7위에 머무르고 있다. 10~12일 대전 KIA 타이거즈전에 이어...,www.xportsnews.com,2026-04-17T17:00:00,,INJURY_ROSTER,,1.0,,,True,한화가 손아섭과 트레이드하며 위기 속에 롯데와 맞붙는다.,손아섭,negative,,False,"롯데 vs LG (원정) 4-7 패 | 결승타: 문성주(6회) | 홈런: 레이예스5호 | 타자 키플레이어: 레이예스(롯데), 문성주(LG), 윤동희(롯데) | 투수 키플레이어: 치리노스(LG), 우강훈(LG), 정철원(롯데)"
405,"""믿고 던졌다"" 골글 2루수-WBC 영웅도 얼어붙은 바깥쪽 루킹 삼진 뒷이야...",롯데 자이언츠 2002년생 듀오 김진욱(24)-손성빈(24)이 강한 신뢰를 바탕으로 우승팀 LG 트윈스 상대 영봉승을 합작했다. 롯데는 15일 서울 잠실야구장에서 열린 2026 신한 SOL KBO 리그 정규시즌 방문경기에서 LG 트윈스에 2...,www.starnewskorea.com,2026-04-16T07:21:00,,ETC,,0.0,gpt_missing_index,,True,롯데가 LG를 상대로 영봉승을 거두며 좋은 성과를 냈다.,김진욱;손성빈,positive,,True,"롯데 vs LG (원정) 2-0 승 | 결승타: 손성빈(3회) | 홈런: 손성빈1호 | 타자 키플레이어: 장두성(롯데), 박해민(LG), 한태양(롯데) | 투수 키플레이어: 김진욱(롯데), 웰스(LG), 박정민(롯데)"
406,"'배재준·이우찬 불펜 연쇄 이탈' LG 가슴 철렁…함덕주, 허리 근육통으...",LG는 15일 서울 잠실야구장에서 열린 2026 신한 SOL Bank KBO리그 정규시즌 롯데 자이언츠와 홈경기에서 0-2로 패했다. 선발투수로 나선 라클란 웰스가 7이닝(78구) 3피안타(1피홈런) 무사사구 3탈삼진 1실점으로 완벽에 가까운...,www.xportsnews.com,2026-04-16T00:55:00,,ETC,,0.0,gpt_missing_index,,True,LG가 롯데에게 패하며 불펜에 문제가 생겼다.,,positive,,True,"롯데 vs LG (원정) 2-0 승 | 결승타: 손성빈(3회) | 홈런: 손성빈1호 | 타자 키플레이어: 장두성(롯데), 박해민(LG), 한태양(롯데) | 투수 키플레이어: 김진욱(롯데), 웰스(LG), 박정민(롯데)"
407,"'4G 7득점 무기력' 롯데, 타선 확 바꿨다…'레이예스-손호영' 상위타선→...",다시 한번 연패 흐름에 빠진 롯데 자이언츠가 타선에 큰 변동을 줬다. 롯데는 15일 서울 잠실야구장에서 2026 신한 SOL Bank KBO 리그 정규시즌 LG 트윈스와 원정경기를 치른다. 2026시즌 초반 천당과 지옥을 오가고 있는...,www.xportsnews.com,2026-04-15T17:32:00,,MATCH_RELATED,PERFORMANCE_ANALYSIS,0.9,,,True,롯데가 타선에 큰 변화를 주며 연패 탈출을 노린다.,레이예스;손호영,neutral,,True,"롯데 vs LG (원정) 2-0 승 | 결승타: 손성빈(3회) | 홈런: 손성빈1호 | 타자 키플레이어: 장두성(롯데), 박해민(LG), 한태양(롯데) | 투수 키플레이어: 김진욱(롯데), 웰스(LG), 박정민(롯데)"
408,"갈길 바쁜 롯데, 황성빈 ‘오른쪽 내전근’ 불편…김태형 감독 “2~3일 ...","사진 | 롯데 자이언츠 [스포츠서울 | 잠실=강윤식 기자] 갈길 바쁜 롯데가 악재를 만났다. 황성빈(29)이 오른쪽 내전근에 불편함을 느낀다. 큰 부상은 아니다. 3일 정도 휴식하면 괜찮아지겠지만, 연패에 빠진 팀 상황을...",www.sportsseoul.com,2026-04-15T17:26:00,,INJURY_ROSTER,,1.0,,,True,롯데가 황성빈의 부상으로 어려움을 겪고 있다.,황성빈,negative,,True,"롯데 vs LG (원정) 2-0 승 | 결승타: 손성빈(3회) | 홈런: 손성빈1호 | 타자 키플레이어: 장두성(롯데), 박해민(LG), 한태양(롯데) | 투수 키플레이어: 김진욱(롯데), 웰스(LG), 박정민(롯데)"
409,'대타 소멸' 손호영 대수비 속사정 → 황성빈이 아팠다 [잠실 현장],"롯데 자이언츠 외야수 황성빈이 내전근 부상 때문에 잠시 휴식을 취한다. 전날 경기 막판 대수비 교체도 이 탓이었다. 김태형 롯데 감독은 15일 잠실 LG전에 앞서 ""황성빈이 휴식이 필요하다""고 밝혔다. 이날 롯데는 1군...",www.sportschosun.com,2026-04-15T17:24:00,,INJURY_ROSTER,,1.0,,,True,황성빈이 부상으로 휴식을 취하며 대수비 교체가 있었다.,황성빈,negative,,True,"롯데 vs LG (원정) 2-0 승 | 결승타: 손성빈(3회) | 홈런: 손성빈1호 | 타자 키플레이어: 장두성(롯데), 박해민(LG), 한태양(롯데) | 투수 키플레이어: 김진욱(롯데), 웰스(LG), 박정민(롯데)"
410,"[핌in잠실] 롯데 황성빈, 허벅지 부상 호소... 손호영이 중견수로 선발...",[사진 = 롯데 자이언츠] 2026.04.15 wcn05002@newspim.com 연패 탈출이 절실한 롯데는 타선 구성에도 과감한 변화를 줬다. 이날 라인업은 레이예스(좌익수)-손호영(중견수)-노진혁(1루수)-한동희(3루수)-전준우(지명타자)...,www.newspim.com,2026-04-15T17:07:00,,INJURY_ROSTER,,1.0,,,True,황성빈의 부상으로 손호영이 중견수로 선발 출전한다.,황성빈;손호영,neutral,,True,"롯데 vs LG (원정) 2-0 승 | 결승타: 손성빈(3회) | 홈런: 손성빈1호 | 타자 키플레이어: 장두성(롯데), 박해민(LG), 한태양(롯데) | 투수 키플레이어: 김진욱(롯데), 웰스(LG), 박정민(롯데)"
411,"송지만 LG 주루코치, 발가락 골절로 말소…“김용의 코치가 공백 메울 ...","염경엽 LG 감독(58)은 15일 잠실 롯데 자이언츠전을 앞두고 이날 송 코치를 말소한 이유를 밝혔다. 염 감독은 “송 코치는 무엇이든 정말 열심히 하는 사람이다. 운동도 꾸준히 하는데, 턱걸이를 하다 봉과 함께 떨어져...",sports.donga.com,2026-04-15T16:53:00,,INJURY_ROSTER,,1.0,,,True,송 코치가 부상으로 말소되며 김용의 코치가 공백을 메운다.,,neutral,,True,"롯데 vs LG (원정) 2-0 승 | 결승타: 손성빈(3회) | 홈런: 손성빈1호 | 타자 키플레이어: 장두성(롯데), 박해민(LG), 한태양(롯데) | 투수 키플레이어: 김진욱(롯데), 웰스(LG), 박정민(롯데)"
412,SON 어게인! 롯데 손성빈 6경기 연속 선발 마스크 → 친구 김진욱과 다시...,"롯데 자이언츠 손성빈이 6경기 연속 선발 마스크를 쓴다. 입단동기 김진욱과 배터리 호흡을 다시 맞춘다. 롯데는 15일 잠실에서 LG와 주중 3연전 두 번째 경기를 치른다. 롯데는 2연패, LG는 8연승 중이다. 롯데는...",www.sportschosun.com,2026-04-15T16:40:00,,TRANSACTION_CONTRACT,,1.0,,,True,손성빈이 6경기 연속 선발 마스크를 쓰며 김진욱과 배터리 호흡을 맞춘다.,손성빈;김진욱,positive,,True,"롯데 vs LG (원정) 2-0 승 | 결승타: 손성빈(3회) | 홈런: 손성빈1호 | 타자 키플레이어: 장두성(롯데), 박해민(LG), 한태양(롯데) | 투수 키플레이어: 김진욱(롯데), 웰스(LG), 박정민(롯데)"
413,"손아섭, 두산 이적 첫 경기 홈런 폭발…LG는 롯데 잡고 8연승","‘디펜딩 챔피언’ 엘지(LG) 트윈스는 이날 잠실 안방에서 롯데 자이언츠를 2-1로 꺾으며, 8연승을 질주했다. LG는 1-1 동점이던 8회말 터진 오스틴 딘의 결승 홈런에 힘입어 연승을 지켜냈다. 선발 송승기는 비록 승리를...",www.hani.co.kr,2026-04-14T21:54:00,,TRANSACTION_CONTRACT,,1.0,,,True,롯데가 LG에 패하며 LG는 8연승을 기록했다.,손성빈,negative,,True,"롯데 vs LG (원정) 1-2 패 | 결승타: 오스틴(8회) | 홈런: 오스틴5호 | 타자 키플레이어: 오스틴(LG), 노진혁(롯데), 문보경(LG) | 투수 키플레이어: 송승기(LG), 유영찬(LG), 나균안(롯데)"
414,"1m97 괴물, 올해는 필승조 기대했는데…160㎞ 직구+포크 실종 → 다시 흔...","롯데 자이언츠가 '1m97 거인' 윤성빈을 1군에서 말소했다. 2차 드래프트로 보강한 최충연도 함께다. 대신 투수 현도훈과 박준우를 1군에 콜업했다. 14일 잠실구장에서 만난 김태형 롯데 감독은 ""엔트리 변화라기보단, (윤)...",www.sportschosun.com,2026-04-14T18:05:00,,INJURY_ROSTER,,1.0,,,True,윤성빈이 1군에서 말소되고 최충연이 콜업되었다.,윤성빈,negative,,True,"롯데 vs LG (원정) 1-2 패 | 결승타: 오스틴(8회) | 홈런: 오스틴5호 | 타자 키플레이어: 오스틴(LG), 노진혁(롯데), 문보경(LG) | 투수 키플레이어: 송승기(LG), 유영찬(LG), 나균안(롯데)"
415,"필승조로 쓰겠다 했는데…롯데 160km 파이어볼러 왜 말소됐나? ""나갈 일...","""나갈 일이 별로 없을 것 같더라"" 롯데 자이언츠 김태형 감독은 14일 서울 잠실구장에서 열리는 2026 신한은행 SOL Bank KBO리그 LG 트윈스와 팀 간 시즌 1차전 원정 맞대결을 앞두고 윤성빈을 말소하게 된 배경을 밝혔다....",www.spotvnews.co.kr,2026-04-14T17:58:00,,INJURY_ROSTER,,1.0,,,True,윤성빈이 말소된 이유는 출전 기회가 적기 때문이다.,윤성빈,negative,,True,"롯데 vs LG (원정) 1-2 패 | 결승타: 오스틴(8회) | 홈런: 오스틴5호 | 타자 키플레이어: 오스틴(LG), 노진혁(롯데), 문보경(LG) | 투수 키플레이어: 송승기(LG), 유영찬(LG), 나균안(롯데)"
416,“안 좋았다” 윤성빈 2군 보낸 김태형 롯데 감독의 냉철한 평가,안 좋았어요.” 김태형 롯데 자이언츠 감독(59)은 14일 잠실 LG 트윈스전을 앞두고 전날(13일) 1군 엔트리서 말소한 윤성빈(27)의 현재 기량을 냉철히 평가했다. 김 감독은 “지금 상황에는 (경기에) 나갈 일이 별로 없을...,sports.donga.com,2026-04-14T17:48:00,,INJURY_ROSTER,,1.0,,,True,김태형 감독이 윤성빈의 기량을 냉철히 평가하며 2군으로 보냈다.,윤성빈,negative,,True,"롯데 vs LG (원정) 1-2 패 | 결승타: 오스틴(8회) | 홈런: 오스틴5호 | 타자 키플레이어: 오스틴(LG), 노진혁(롯데), 문보경(LG) | 투수 키플레이어: 송승기(LG), 유영찬(LG), 나균안(롯데)"
417,"김태형 감독 ""안 내린다는데 혼자 걱정"" 160km 우완 향해 믿음 줬는데…...",올 시즌 롯데 자이언츠 불펜진에서 중요한 역할을 맡을 것으로 기대받은 윤성빈. 하지만 1군에서의 시간은 길지 못했다. 롯데는 14일 서울 잠실 야구장에서 LG 트윈스와 2026 신한 SOL Bank KBO 리그 정규시즌 원정경기를...,www.xportsnews.com,2026-04-14T17:38:00,,ETC,INJURY_ROSTER,0.9,,,True,롯데가 LG에 패하며 윤성빈의 1군 기회가 줄어들었다.,윤성빈,negative,,True,"롯데 vs LG (원정) 1-2 패 | 결승타: 오스틴(8회) | 홈런: 오스틴5호 | 타자 키플레이어: 오스틴(LG), 노진혁(롯데), 문보경(LG) | 투수 키플레이어: 송승기(LG), 유영찬(LG), 나균안(롯데)"
418,"""7연승 중이지만 과부하 1도 없어"" 문보경도 수비 출전 임박, LG 앞으로...","염 감독은 주중 3연전 첫날인 14일 잠실야구장에서 열리는 2026 KBO리그 롯데 자이언츠전을 앞두고 취재진과 만난 자리에서 ""우리 팀이 7연승을 하고 있지만 투수에는 단 1도 과부하가 없다. 마무리 유영찬이 조금 과부하가...",www.spochoo.com,2026-04-14T16:54:00,,MATCH_RELATED,INTERVIEW,0.9,,,True,"롯데가 LG에 패했지만, 염 감독은 투수 과부하가 없다고 밝혔다.",문보경,negative,,True,"롯데 vs LG (원정) 1-2 패 | 결승타: 오스틴(8회) | 홈런: 오스틴5호 | 타자 키플레이어: 오스틴(LG), 노진혁(롯데), 문보경(LG) | 투수 키플레이어: 송승기(LG), 유영찬(LG), 나균안(롯데)"
419,"'7연승' 염경엽에 비결 묻자 ""코치진 및 고참들 덕분→천성호·우강훈 새...","염 감독은 14일 서울 송파구에 위치한 잠실 야구장에서 열리는 롯데 자이언츠전을 앞두고 긴 연승에 대한 비결을 묻자 ""7연승이라는 결과물은 전적으로 우리 코치진과 고참 선수들이 지난 3년 동안 강조해 온 팀 컬러를...",www.starnewskorea.com,2026-04-14T16:44:00,,MATCH_RELATED,INTERVIEW,0.9,,,True,염경엽 감독은 7연승의 비결을 코치진과 고참 선수들 덕분이라고 말했다.,,negative,,True,"롯데 vs LG (원정) 1-2 패 | 결승타: 오스틴(8회) | 홈런: 오스틴5호 | 타자 키플레이어: 오스틴(LG), 노진혁(롯데), 문보경(LG) | 투수 키플레이어: 송승기(LG), 유영찬(LG), 나균안(롯데)"
420,"노진혁 대신 김민성이 먼저 나간다…손성빈 5G 연속 선발, 롯데 현도훈...","롯데 자이언츠가 LG 트윈스와 엘롯라시코 라이벌 맞대결을 갖는다. 손성빈이 5경기 연속 선발로 마스크를 끼며, 김민성이 먼저 1루 미트를 끼고 그라운드를 밟는다. 롯데는 14일 서울 잠실구장에서 열리는 2026...",www.spotvnews.co.kr,2026-04-14T16:35:00,,MATCH_RELATED,,0.9,,,True,롯데가 LG와의 경기에서 손성빈을 선발로 기용한다.,손성빈;김민성,neutral,,True,"롯데 vs LG (원정) 1-2 패 | 결승타: 오스틴(8회) | 홈런: 오스틴5호 | 타자 키플레이어: 오스틴(LG), 노진혁(롯데), 문보경(LG) | 투수 키플레이어: 송승기(LG), 유영찬(LG), 나균안(롯데)"
421,"롯데 '좌승사자'였던 반즈, 컵스 콜업 받고 메이저리그 복귀","롯데 자이언츠에서 외국인 에이스로 활약했던 찰리 반즈가 시카고 컵스 유니폼을 입고 메이저리그로 복귀했다. 시카고 컵스 구단은 13일(현지시간) 공식 계정을 통해 ""헌터 하비가 심두근 염증으로 15일짜리 부상자...",www.mediapen.com,2026-04-14T07:04:00,,INJURY_ROSTER,,1.0,,,True,찰리 반즈가 컵스에 콜업되어 메이저리그에 복귀했다.,찰리 반즈,positive,,False,"롯데 vs LG (원정) 1-2 패 | 결승타: 오스틴(8회) | 홈런: 오스틴5호 | 타자 키플레이어: 오스틴(LG), 노진혁(롯데), 문보경(LG) | 투수 키플레이어: 송승기(LG), 유영찬(LG), 나균안(롯데)"
422,"'어깨 부상' 벼랑 끝에서 오타니 폼 따라했더니, 무려 '154km' 구속 급상...",최이준(롯데 자이언츠)은 지난 7일 부산 사직야구장에서 열린 KT 위즈와 2026 신한 SOL Bank KBO 리그 정규시즌 홈경기에서 1-5로 뒤지던 8회 마운드에 올랐다. 이날 게임은 최이준이 617일 만에 1군 경기에 나선 날이다. 첫 타자...,www.xportsnews.com,2026-04-14T06:00:00,,INJURY_ROSTER,,1.0,,,True,최이준이 617일 만에 1군 경기에 나서며 구속을 높였다.,최이준,positive,,True,"롯데 vs LG (원정) 1-2 패 | 결승타: 오스틴(8회) | 홈런: 오스틴5호 | 타자 키플레이어: 오스틴(LG), 노진혁(롯데), 문보경(LG) | 투수 키플레이어: 송승기(LG), 유영찬(LG), 나균안(롯데)"
423,"[오피셜] 인내심 한계? 한화 칼 뽑았다…'대충격' 노시환 전격 2군행, 롯...","이날 노시환을 비롯해 롯데 자이언츠 윤성빈과 최충연, SSG 랜더스 김민준, KT 위즈 문용익도 2군으로 말소됐다. 롯데 윤성빈은 지난해 인상적인 모습을 보이면서 올해는 필승조 역할을 맡을 예정이었으나, 시범경기...",www.spotvnews.co.kr,2026-04-13T18:00:00,,INJURY_ROSTER,,1.0,,,True,윤성빈이 2군으로 말소되며 롯데의 필승조 계획에 차질이 생겼다.,윤성빈,negative,,False,"롯데 vs 키움 (원정) 0-2 패 | 결승타: 이주형(1회) | 홈런: 이주형1호 | 타자 키플레이어: 이주형(키움), 안치홍(키움), 노진혁(롯데) | 투수 키플레이어: 배동현(키움), 김재웅(키움), 박세웅(롯데)"
424,전직 '사직벌 좌승사자' 빅리그 콜업 '大역전 드라마'…5년 만에 빅리그...,롯데 자이언츠 팬들에게 '좌승사자'로 사랑받았던 찰리 반즈(31·시카고 컵스)가 마침내 꿈에 그리던 메이저리그 마운드로 복귀한다. 실력으로 증명한 '역전 드라마'다. 미국 현지 매체 'SB 네이션'은 13일(한국시각)...,www.sportschosun.com,2026-04-13T16:50:00,,INJURY_ROSTER,,1.0,,,True,찰리 반즈가 5년 만에 빅리그에 복귀하는 드라마를 썼다.,찰리 반즈,positive,,False,"롯데 vs 키움 (원정) 0-2 패 | 결승타: 이주형(1회) | 홈런: 이주형1호 | 타자 키플레이어: 이주형(키움), 안치홍(키움), 노진혁(롯데) | 투수 키플레이어: 배동현(키움), 김재웅(키움), 박세웅(롯데)"
425,"""시속 157km 회복""…키움 안우진, 롯데전 1이닝·최대 30구 테스트",2026년 4월 12일 서울 고척 스카이돔에서는 키움 히어로즈 우완 투수 안우진이 롯데 자이언츠를 상대로 955일 만에 1군 마운드에 오른다. 안우진은 이날 2026 신한 SOL KBO리그 정규시즌 홈 경기에서 선발 투수로 나서 1이닝을...,www.topstarnews.net,2026-04-12T12:28:00,,MATCH_RELATED,PERFORMANCE_ANALYSIS,0.9,,,True,안우진이 롯데전에서 1이닝을 소화하며 복귀했다.,안우진,neutral,,True,"롯데 vs 키움 (원정) 3-1 승 | 결승타: 한동희(10회) | 타자 키플레이어: 장두성(롯데), 레이예스(롯데), 박승욱(롯데) | 투수 키플레이어: 와일스(키움), 비슬리(롯데), 박정민(롯데)"
426,"""안우진, 앞으로 160km까지 던질 겁니다"" 955일 만에 돌아온 슈퍼 에이스...","키움은 12일 고척스카이돔에서 열리는 2026 KBO리그 롯데 자이언츠와의 주말 3연전 마지막 경기에 안우진을 1군 등록과 함께 선발로 기용했다. 취재진과 만난 설종진 감독은 ""오늘 합류한 안우진과 인사를 나눴다. 몸...",www.spochoo.com,2026-04-12T12:25:00,,INJURY_ROSTER,,1.0,,,True,안우진이 955일 만에 1군에 복귀하며 선발로 나섰다.,안우진,neutral,,True,"롯데 vs 키움 (원정) 3-1 승 | 결승타: 한동희(10회) | 타자 키플레이어: 장두성(롯데), 레이예스(롯데), 박승욱(롯데) | 투수 키플레이어: 와일스(키움), 비슬리(롯데), 박정민(롯데)"
427,"안우진, 전격 1군 등록! → 어준서 2군행, 김지석 데뷔 첫 선발 3루수 [고...",키움은 12일 고척 스카이돔에서 열리는 롯데 자이언츠와 경기에 앞서 안우진을 콜업했다. 안우진은 선발 등판한다. 키움은 안우진 염승원을 콜업하고 어준서를 2군으로 내려보냈다. 키움은 이주형(중견수)-최주환(3루수)...,www.sportschosun.com,2026-04-12T11:22:00,,INJURY_ROSTER,,1.0,,,True,안우진이 1군에 등록되며 어준서가 2군으로 내려갔다.,안우진;어준서,neutral,,True,"롯데 vs 키움 (원정) 3-1 승 | 결승타: 한동희(10회) | 타자 키플레이어: 장두성(롯데), 레이예스(롯데), 박승욱(롯데) | 투수 키플레이어: 와일스(키움), 비슬리(롯데), 박정민(롯데)"
428,"김태진, 오른쪽 발목 부상→1군 말소…왜 대체 선수 콜업 없을까 [오!쎈...",설종진 감독은 11일 서울 고척스카이돔에서 열린 ‘2026 신한은행 SOL Bank KBO리그’ 롯데 자이언츠와의 경기 전 인터뷰에서 “김태진은 오늘 검진을 받았는데 부상이 발견돼서 엔트리에서 제외했다”고 밝혔다. 키움은...,www.osen.co.kr,2026-04-11T15:31:00,,INJURY_ROSTER,,1.0,,,True,김태진이 발목 부상으로 1군에서 말소되었다.,김태진,negative,,True,"롯데 vs 키움 (원정) 3-1 승 | 결승타: 한동희(10회) | 타자 키플레이어: 장두성(롯데), 레이예스(롯데), 박승욱(롯데) | 투수 키플레이어: 와일스(키움), 비슬리(롯데), 박정민(롯데)"
429,"‘포수 교체→11년 만에 2G 연속 도미넌트스타트’ 롯데, 3G 연속 유강남...",프로야구 롯데 자이언츠 유강남(34)이 3경기 연속 선발 라인업에서 제외됐다. 롯데는 11일 서울 고척스카이돔에서 열린 ‘2026 신한은행 SOL Bank KBO리그’ 키움 히어로즈와의 경기에 황성빈(중견수) 빅터 레이예스...,www.osen.co.kr,2026-04-11T15:02:00,,MATCH_RELATED,,0.9,,,True,유강남이 3경기 연속 선발 라인업에서 제외되었다.,유강남,neutral,,True,"롯데 vs 키움 (원정) 3-1 승 | 결승타: 한동희(10회) | 타자 키플레이어: 장두성(롯데), 레이예스(롯데), 박승욱(롯데) | 투수 키플레이어: 와일스(키움), 비슬리(롯데), 박정민(롯데)"
430,"가뜩이나 부족한 살림에 또 부상이라니…김태진 발목 부상 말소, 안우진...","키움은 11일 서울 고척스카이돔에서 열리는 2026 신한은행 SOL Bank KBO리그 롯데 자이언츠와 팀 간 시즌 2차전 홈 맞대결에 앞서 김태진을 1군에서 말소했다. 김태진이 말소된 이유는 부상 때문이다. 키움 관계자는 ""김태진이...",www.spotvnews.co.kr,2026-04-11T14:54:00,,INJURY_ROSTER,,1.0,,,True,김태진이 부상으로 1군에서 말소되며 팀에 타격을 주었다.,김태진,negative,,True,"롯데 vs 키움 (원정) 3-1 승 | 결승타: 노진혁(1회) | 홈런: 최주환1호, 레이예스4호 | 타자 키플레이어: 황성빈(롯데), 레이예스(롯데), 박주홍(키움) | 투수 키플레이어: 로드리게스(롯데), 최준용(롯데), 박정훈(키움)"
431,"'0점 재조정' 원종현 콜업→키움 불펜 리모델링…""필승조는 박정훈-김성...","키움 설종진 감독은 10일 서울 고척스카이돔에서 열리는 롯데 자이언츠와의 홈 경기를 앞두고 취재진과 만나, 9일 1군 엔트리 변동의 배경과 향후 불펜 운용 계획을 소상히 밝혔다. 키움은 9일 우완 전준표를 1군 엔트리에서...",www.sportschosun.com,2026-04-10T16:44:00,,INJURY_ROSTER,,1.0,,,True,키움이 불펜 리모델링을 위해 원종현을 콜업했다.,원종현,neutral,,True,"롯데 vs 키움 (원정) 3-1 승 | 결승타: 노진혁(1회) | 홈런: 최주환1호, 레이예스4호 | 타자 키플레이어: 황성빈(롯데), 레이예스(롯데), 박주홍(키움) | 투수 키플레이어: 로드리게스(롯데), 최준용(롯데), 박정훈(키움)"
432,"‘7연패 탈출’ 롯데, 노진혁 선발 라인업 복귀…황성빈·레이예스 테이...",프로야구 롯데 자이언츠 노진혁(37)이 선발 라인업에 복귀했다. 롯데는 10일 서울 고척스카이돔에서 열린 ‘2026 신한은행 SOL Bank KBO리그’ 키움 히어로즈와의 경기에 황성빈(중견수) 빅터 레이예스(좌익수) 노진혁...,www.osen.co.kr,2026-04-10T16:29:00,,INJURY_ROSTER,,1.0,,,True,노진혁이 선발 라인업에 복귀하며 7연패를 탈출했다.,노진혁,positive,,True,"롯데 vs 키움 (원정) 3-1 승 | 결승타: 노진혁(1회) | 홈런: 최주환1호, 레이예스4호 | 타자 키플레이어: 황성빈(롯데), 레이예스(롯데), 박주홍(키움) | 투수 키플레이어: 로드리게스(롯데), 최준용(롯데), 박정훈(키움)"
433,'모자 휘날리며' 154km 강속구 쾅! 1년 쉬다 온 투수 맞나...김태형 감독...,7연패에 빠진 롯데 자이언츠. 그래도 마운드에서 희망을 찾았다. 김태형 롯데 감독은 8일 부산 사직야구장에서 열리는 KT 위즈와 2026 신한 SOL Bank KBO 리그 정규시즌 홈경기를 앞두고 우완 최이준에 대해 언급했다....,www.xportsnews.com,2026-04-08T16:33:00,,PERFORMANCE_ANALYSIS,MATCH_RELATED,0.9,,,True,롯데가 KT를 상대로 6-1로 승리하며 희망을 찾았다.,최이준;손성빈;김진욱,positive,,True,"롯데 vs KT (홈) 6-1 승 | 결승타: 손성빈(4회) | 홈런: 힐리어드3호, 김민성1호 | 타자 키플레이어: 손성빈(롯데), 레이예스(롯데), 힐리어드(KT) | 투수 키플레이어: 김진욱(롯데), 주권(KT), 최준용(롯데)"
434,롯데에 있을 때 그렇게 못하더니…대반전 일으키나? 컵스 선발진 초토화...,"롯데 자이언츠 팬들에게는 '금지어'가 된 빈스 벨라스케즈가 메이저리그의 부름을 받을 수 있을까. 시카고 컵스의 마운드에 부상자들이 쏟아지고 있고, 기회가 벨라스케즈에게 갈 수도 있다는 전망이 나왔다. 미국...",www.spotvnews.co.kr,2026-04-08T15:43:00,,INJURY_ROSTER,,1.0,,,True,빈스 벨라스케즈가 컵스에서 기회를 잡을 가능성이 있다.,빈스 벨라스케즈,neutral,,True,"롯데 vs KT (홈) 6-1 승 | 결승타: 손성빈(4회) | 홈런: 힐리어드3호, 김민성1호 | 타자 키플레이어: 손성빈(롯데), 레이예스(롯데), 힐리어드(KT) | 투수 키플레이어: 김진욱(롯데), 주권(KT), 최준용(롯데)"
435,'패패패패패패' 답 안 보이는 롯데…고승민-나승엽 복귀 전까지 도무지...,"롯데 자이언츠가 또 졌다. 무려 7연패다. 아무리 시즌 초반이라고 하지만, 시즌 막판 순위권 싸움에 엄청난 영향을 미칠 수 있는 수치다. 롯데는 7일 부산 사직구장에서 열린 2026 신한은행 SOL Bank KBO리그 KT 위즈와 팀 간...",www.spotvnews.co.kr,2026-04-08T06:40:00,,INJURY_ROSTER,,1.0,,,True,롯데가 KT에 3-7로 패하며 7연패에 빠졌다.,노진혁,negative,,True,"롯데 vs KT (홈) 3-7 패 | 결승타: 장성우(3회) | 타자 키플레이어: 안현민(KT), 노진혁(롯데), 장성우(KT) | 투수 키플레이어: 고영표(KT), 김민수(KT), 스기모토(KT)"
436,"사구 여파로 말소된 KT 허경민, 열흘 채우면 콜업…“라이브 배팅 소화...",이강철 KT 위즈 감독(60)은 7일 사직 롯데 자이언츠전을 앞두고 허경민의 복귀 일정을 밝혔다. 이 감독은 “(허)경민이가 지금 부상자 명단(IL)에 등재돼 있지만 열흘 뒤면 복귀할 수 있을 것”이라고 전했다. 이어 “두산...,sports.donga.com,2026-04-07T18:02:00,,INJURY_ROSTER,,1.0,,,True,KT 허경민이 열흘 후 복귀할 예정이다.,허경민,neutral,,True,"롯데 vs KT (홈) 3-7 패 | 결승타: 장성우(3회) | 타자 키플레이어: 안현민(KT), 노진혁(롯데), 장성우(KT) | 투수 키플레이어: 고영표(KT), 김민수(KT), 스기모토(KT)"
437,"삼성 김성윤·두산 박치국, 옆구리·전완근 부상으로 엔트리 말소","휴식을 취한 뒤 투구 훈련을 진행할 예정""이라고 말했다. 한편 이날 한화 이글스는 우완 이상규와 외야수 이원석을 1군 엔트리에 등록했다. 롯데 자이언츠는 우완 최이준을, 키움 히어로즈는 신인 김지석을 콜업했다.",www.newsis.com,2026-04-07T17:40:00,,INJURY_ROSTER,,1.0,,,True,롯데가 최이준을 콜업하며 전력을 보강했다.,최이준,positive,,True,"롯데 vs KT (홈) 3-7 패 | 결승타: 장성우(3회) | 타자 키플레이어: 안현민(KT), 노진혁(롯데), 장성우(KT) | 투수 키플레이어: 고영표(KT), 김민수(KT), 스기모토(KT)"
438,'노-동-동 클린업' 롯데 6연패 탈출 이끌 라인업일까...신동건 말소-최이...,6연패 수렁을 벗어나지 못하고 있는 롯데 자이언츠가 다시 한 번 타순을 변화해서 벼랑 끝을 탈출할 수 있을까. 김태형 감독이 이끄는 롯데 자이언츠는 7일 부산 사직구장에서 열리는 프로야구 정규시즌 KT 위즈와의...,www.osen.co.kr,2026-04-07T15:59:00,,INJURY_ROSTER,,1.0,,,True,롯데가 타순을 변경해 6연패 탈출을 노린다.,신동건;최이준,neutral,,True,"롯데 vs KT (홈) 3-7 패 | 결승타: 장성우(3회) | 타자 키플레이어: 안현민(KT), 노진혁(롯데), 장성우(KT) | 투수 키플레이어: 고영표(KT), 김민수(KT), 스기모토(KT)"
439,전력 외에서 '홈런 1위'... '역주행' 노진혁이 롯데 구할까?,▲  시즌 초반 홈런 부문 공동 선두인 롯데 노진혁 ⓒ 롯데자이언츠 불과 한 달 전까지만 해도 롯데 자이언츠 내야수 노진혁(37)의 이름은 김태형 감독의 2026시즌 개막 1군 구상에 없었다. 2년 연속 1군 스프링캠프...,www.ohmynews.com,2026-04-06T17:31:00,,PERFORMANCE_ANALYSIS,,0.9,,,True,노진혁이 시즌 초반 홈런 공동 선두로 주목받고 있다.,노진혁,positive,,True,"롯데 vs SSG (홈) 3-4 패 | 결승타: 고명준(9회) | 홈런: 윤동희3호 | 타자 키플레이어: 최정(SSG), 정준재(SSG), 한유섬(SSG) | 투수 키플레이어: 조병현(SSG), 김민(SSG), 정철원(롯데)"
440,"‘불펜 궤멸 4연패’ 롯데, ‘2차 드래프트 이적’ 최충연 전격 콜업…...",불펜진이 궤멸 당하면서 4연패 수렁에 빠진 롯데 자이언츠가 투수진 엔트리를 바꿨다. 김태형 감독이 이끄는 롯데는 4일 부산 사직구장에서 열리는 프로야구 정규시즌 SSG 랜더스와의 경기를 앞두고 1군 엔트리를...,www.osen.co.kr,2026-04-04T15:01:00,,INJURY_ROSTER,,1.0,,,True,롯데가 불펜진을 보강하며 4연패 탈출을 시도한다.,최충연,neutral,,True,"롯데 vs SSG (홈) 6-7 패 | 결승타: 에레디아(7회) | 홈런: 유강남1호, 노진혁3호 | 타자 키플레이어: 한동희(롯데), 고명준(SSG), 황성빈(롯데) | 투수 키플레이어: 조병현(SSG), 노경은(SSG), 이로운(SSG)"
441,"'前 삼성' 아픈손가락, 롯데서 첫 1군 콜업…'4G 연속 무실점' 정현수도...",롯데 자이언츠가 엔트리에 변화를 줬다. 2군에서 좋은 모습을 보이고 있던 최충연과 정현수가 올 시즌 처음으로 1군의 부름을 받았다. 롯데는 4일 부산 사직구장에서 열리는 2026 신한은행 SOL Bank KBO리그 SSG 랜더스와...,www.spotvnews.co.kr,2026-04-04T14:24:00,,INJURY_ROSTER,,1.0,,,True,롯데가 최충연과 정현수를 1군에 콜업했다.,최충연;정현수,neutral,,True,"롯데 vs SSG (홈) 2-17 패 | 결승타: 최정(1회) | 홈런: 최지훈2호, 에레디아3호, 고명준3호 | 타자 키플레이어: 박성한(SSG), 최지훈(SSG), 고명준(SSG) | 투수 키플레이어: 화이트(SSG)"
442,"""한동희 이제는 그러면 안 된다"" → 김태형 감독, '유망주 배려'는 끝. ...","""이제 어린 선수가 아니다."" 김태형 롯데 자이언츠 감독이 한동희가 이제는 어엿한 중심 선수 역할을 해줘야 한다고 강조했다. 김 감독은 3일 부산 사직구장에서 열리는 SSG 랜더스전에 앞서 한동희가 '적응'을 말할...",www.sportschosun.com,2026-04-03T16:38:00,,INTERVIEW,,0.9,,,True,김태형 감독이 한동희의 중심 선수 역할을 강조했다.,한동희,neutral,,True,"롯데 vs SSG (홈) 2-17 패 | 결승타: 최정(1회) | 홈런: 최지훈2호, 에레디아3호, 고명준3호 | 타자 키플레이어: 박성한(SSG), 최지훈(SSG), 고명준(SSG) | 투수 키플레이어: 화이트(SSG)"
443,"3G 연속 충격의 역전패, 롯데 지원군 불렀다…'1R 특급유망주' 신동건 전...","롯데 자이언츠가 지난해 신인드래프트 1라운더 특급유망주 신동건을 전격 콜업했다. 최근 세 경기 연속 불펜이 크게 흔들리자, 신동건을 중간으로 써 보겠다는 생각이다. 롯데는 3일 부산 사직구장에서 열리는 2026...",www.spotvnews.co.kr,2026-04-03T15:54:00,,TRANSACTION_CONTRACT,MATCH_RELATED,0.9,,,True,롯데가 신동건을 1군에 콜업하며 불펜을 강화했다.,신동건,neutral,,True,"롯데 vs SSG (홈) 2-17 패 | 결승타: 최정(1회) | 홈런: 최지훈2호, 에레디아3호, 고명준3호 | 타자 키플레이어: 박성한(SSG), 최지훈(SSG), 고명준(SSG) | 투수 키플레이어: 화이트(SSG)"
444,"'2연승→3연패' 롯데 엔트리 변경 단행, '2.7억 특급루키' 1군 콜업...라...",투수들이 흔들리며 연패에 빠진 롯데 자이언츠. 이번에는 루키 투수를 콜업했다. 롯데는 3일 부산 사직야구장에서 SSG 랜더스와 2026 신한 SOL Bank KBO 리그 정규시즌 홈 개막전을 치른다. 이날 롯데는 빅터 레이예스...,www.xportsnews.com,2026-04-03T15:47:00,,INJURY_ROSTER,,1.0,,,True,롯데가 루키 투수를 콜업하며 엔트리를 변경했다.,,neutral,,True,"롯데 vs SSG (홈) 2-17 패 | 결승타: 최정(1회) | 홈런: 최지훈2호, 에레디아3호, 고명준3호 | 타자 키플레이어: 박성한(SSG), 최지훈(SSG), 고명준(SSG) | 투수 키플레이어: 화이트(SSG)"
445,"롯데 지원군 또 왔다! 1라운더 신동건 전격 콜업 → ""변화구 좋고 경기...",롯데 자이언츠가 1라운드 신인투수 신동건을 콜업했다. 롯데는 3일 부산 사직구장에서 열리는 SSG 랜더스전을 앞두고 신동건을 1군 등록했다. 김강현이 2군으로 내려갔다. 김태형 롯데 감독은 2일 창원 NC전이 시작하기...,www.sportschosun.com,2026-04-03T15:37:00,,INJURY_ROSTER,,1.0,,,True,롯데가 신동건을 1군에 등록하며 변화를 줬다.,신동건,neutral,,True,"롯데 vs SSG (홈) 2-17 패 | 결승타: 최정(1회) | 홈런: 최지훈2호, 에레디아3호, 고명준3호 | 타자 키플레이어: 박성한(SSG), 최지훈(SSG), 고명준(SSG) | 투수 키플레이어: 화이트(SSG)"
446,"노진혁 장타율 1.063...롯데 자이언츠, 이제 3루수가 누구야 [IS 포커스]",그가 롯데 자이언츠 주전 1루수 경쟁을 구도에 파장을 일으키고 있는 건 분명하다. 노진혁은 지난 2일 창원NC파크에서 열린 2026 KBO리그 정규시즌 NC 다이노스와의 원정 주중 3연전 3차전에 2번 타자·1루수로 선발...,isplus.com,2026-04-03T11:38:00,,PERFORMANCE_ANALYSIS,MATCH_RELATED,0.9,,,True,노진혁이 롯데의 주전 1루수 경쟁에 영향을 미치고 있다.,노진혁,neutral,,True,"롯데 vs NC (원정) 4-8 패 | 결승타: 박건우(5회) | 홈런: 노진혁2호 | 타자 키플레이어: 박건우(NC), 노진혁(롯데), 박민우(NC) | 투수 키플레이어: 김진욱(롯데), 배재환(NC), 원종해(NC)"
447,"삼성에 이런 날이…""믿고 볼 수 있는 불펜이라 느끼실 듯"" 박진만 감독...",최지광은 2024년 8월 23일 대구 롯데 자이언츠전 이후 587일 만에 승리투수가 됐다. 2회까지 1-1로 맞선 뒤 어느 팀도 앞서나가지 못했다. 8회 희비가 엇갈렸다. 삼성이 '약속의 8회'와 함께 승리에 다가섰다. 8회말 두산...,www.spotvnews.co.kr,2026-04-03T00:06:00,,MATCH_RELATED,ETC,0.9,,,False,삼성이 롯데를 상대로 승리하며 불펜이 믿음을 주었다.,,,,True,"롯데 vs NC (원정) 4-8 패 | 결승타: 박건우(5회) | 홈런: 노진혁2호 | 타자 키플레이어: 박건우(NC), 노진혁(롯데), 박민우(NC) | 투수 키플레이어: 김진욱(롯데), 배재환(NC), 원종해(NC)"
448,"한동희 복귀 디데이...시선 모으는 롯데 선발 라인업, 누가 빠지고 누가...",옆구리 부상으로 개막 엔트리에 포함되지 않았던 롯데 자이언츠 프랜차이즈 선수 한동희(27)가 2일 복귀전을 치른 전망이다. 2연패에 빠진 롯데가 어떤 선발 라인업을 꺼내들지 시선이 모인다. 한동희는 지난 13일...,isplus.com,2026-04-02T10:48:00,,INJURY_ROSTER,,1.0,,,True,한동희가 복귀하며 롯데의 선발 라인업에 변화가 예상된다.,한동희,neutral,,True,"롯데 vs NC (원정) 4-5 패 | 결승타: 김휘집(9회) | 홈런: 윤동희2호, 박민우1호, 레이예스3호, 신재인1호 | 타자 키플레이어: 박민우(NC), 신재인(NC), 김휘집(NC) | 투수 키플레이어: 박정민(롯데), 류진욱(NC), 신민혁(NC)"
449,[Who Is ?] 김택진 엔씨 대표이사 사장,어렸을 때 롯데자이언츠의 최동원 선수를 존경했다고 한다. NC다이노스가 2020년 한국프로야구 정규리그에서 우승하자 눈물을 글썽이기도 했다. 2018년 1월 게임소프트웨어 전문가 가운데 처음으로 한국공학한림원...,www.businesspost.co.kr,2026-04-02T07:24:00,,ETC,,0.9,,,False,김택진 대표가 롯데 최동원 선수를 존경했다고 전해졌다.,,,,True,"롯데 vs NC (원정) 4-5 패 | 결승타: 김휘집(9회) | 홈런: 윤동희2호, 박민우1호, 레이예스3호, 신재인1호 | 타자 키플레이어: 박민우(NC), 신재인(NC), 김휘집(NC) | 투수 키플레이어: 박정민(롯데), 류진욱(NC), 신민혁(NC)"
450,"'2루타-볼넷-2루타' 50억 1루수 심상치 않다, 노진혁 맹타…이러면 '2군...","프로야구 롯데 자이언츠 내야수 노진혁(37)의 감각이 심상치 않다, 롯데는 지난달 31일 창원NC파크에서 열린 NC 다이노스와의 경기에서 2-9로 완패를 당했다. 3회 빅이닝 4실점으로 경기 흐름이 완전히 넘어갔고 만회하지...",www.osen.co.kr,2026-04-01T10:16:00,,PERFORMANCE_ANALYSIS,MATCH_RELATED,0.9,,,True,롯데가 NC에 2-9로 패하며 부진한 모습을 보였다.,노진혁,negative,,True,"롯데 vs NC (원정) 2-9 패 | 결승타: 김휘집(3회) | 타자 키플레이어: 노진혁(롯데), 김형준(NC), 김휘집(NC) | 투수 키플레이어: 토다(NC), 이준혁(NC), 김영규(NC)"
451,"“회복까지 3개월”…‘개막전 불발’ 롯데 박찬형, 손바닥 골절로 수술...",사진 | 롯데 자이언츠 부상으로 전력을 이탈한 롯데 박찬형(22)이 결국 수술대에 오른다. 롯데 관계자는 24일 “재검진 결과 오른쪽 손바닥 유구골 피로 골절이 확인됐다”며 “25일 수술 받을 예정”이라고 밝혔다....,www.sportsseoul.com,2026-03-24T13:34:00,,INJURY_ROSTER,,1.0,,,True,박찬형이 손바닥 골절로 수술을 받게 되었다.,박찬형,negative,,False,롯데 vs SSG (원정) 5-2 승
452,시범경기 1위 가보자고! 롯데 “지금처럼만 하면 크게 쳐지지 않을 것 ...,사진 | 롯데 자이언츠 [스포츠서울 | 문학=이소영 기자] “정규시즌이 두 경기 남았으면…지금도 잘하고 있다.” 시범경기 1위 확정을 눈앞에 둔 롯데 김태형(59) 감독은 정규시즌을 바라봤다. 그는 “지금 하던 대로만...,www.sportsseoul.com,2026-03-23T13:01:00,,MATCH_RELATED,CLUB_OPERATION,0.9,,,True,롯데가 시범경기에서 1위를 확정할 가능성이 높다.,,positive,,True,롯데 vs 한화 (홈) 10-6 승
453,"'아웃인 줄 알았는데...' 오지환 글러브 맞고 튀어나온 공, 머쓱한 유강...","프로야구 롯데 자이언츠와 LG 트윈스의 시범경기에서는 승부 못지않게 웃음을 자아낸 장면도 나왔다. 모두가 잡을 거로 생각했던 순간, 유격수 오지환의 예상치 못한 실책과 이를 지켜본 1루수 오스틴 딘의 넉살이 묘한...",www.sportschosun.com,2026-03-15T07:46:00,,MATCH_RELATED,INTERVIEW,0.9,,,True,롯데와 LG의 시범경기에서 웃음을 자아낸 장면이 있었다.,,positive,,True,롯데 vs LG (홈) 5-3 승
454,"'이글스 레전드' 김태균, 日 한신 우승시킨 롯데 용병에 주목.. ""우승 기...","전 야구선수 김태균이 롯데 자이언츠의 새 용병투수 제레미 비슬리에 주목했다. 9일 김태균의 유튜브 채널엔 ""10개 구단 외국인 선수 중 보석을 발견했다""라는 제목의 영상이 업로드 됐다. 메이저리그 애리조나...",www.tvreport.co.kr,2026-03-09T18:27:00,,ETC,INTERVIEW,0.9,,,True,김태균이 롯데의 새 용병투수 비슬리에 주목했다.,제레미 비슬리,positive,,False,해당 날짜 경기 없음
455,"""마차도가 빙의했나, 이런 유격수 도대체 얼마만인가""... 롯데 팬 소름 ...","이는 KBO 리그 10개 구단 모두가 바라는 이상향이자, 특히 롯데 자이언츠 팬들에게는 오랜 기간 닿을 수 없었던 신기루와도 같은 꿈이었다. 매년 유격수 때문에 힘들어했다. 신인드래프트때만 되면 유망한 내야수들은...",www.fnnews.com,2026-04-30T12:01:00,,PERFORMANCE_ANALYSIS,INTERVIEW,0.9,,,True,롯데 팬들이 유격수 문제 해결의 희망을 느끼고 있다.,,positive,,True,"롯데 vs 키움 (홈) 5-6 패 | 결승타: 오선진(11회) | 홈런: 안치홍2호, 임병욱1호, 박승욱1호 | 타자 키플레이어: 박승욱(롯데), 장두성(롯데), 레이예스(롯데) | 투수 키플레이어: 박진형(키움), 정철원(롯데), 유토(키움)"
456,"'김혜성으로는 부족하니' 다저스, 현금 주고 트리플A 타율 9푼 유틸리티...",피츠제럴드는 2019년 신인드래프트 4라운드 전체 116순위로 샌프란시스코 자이언츠의 지명을 받아 프로에 데뷔했다. 그리고 2023년 빅리그에 입성했다. 데뷔 첫 해는 많은 기회를 받지 못했지만 이듬해인 2024년엔...,www.mydaily.co.kr,2026-04-29T22:00:00,,ETC,,0.9,,,False,롯데가 키움에 5-6으로 아쉽게 패했다.,박승욱,,,True,"롯데 vs 키움 (홈) 5-6 패 | 결승타: 오선진(11회) | 홈런: 안치홍2호, 임병욱1호, 박승욱1호 | 타자 키플레이어: 박승욱(롯데), 장두성(롯데), 레이예스(롯데) | 투수 키플레이어: 박진형(키움), 정철원(롯데), 유토(키움)"
457,"""ML서 가장 핫한 타자, 올스타도…"" 이정후 얼마나 잘치면 美 이렇게까...","""어쩌면 메이저리그 전체를 통틀어 가장 핫한 타자일지도 모른다"" 샌프란시스코 자이언츠에서 뛰고 있는 '바람의 손자' 이정후(28)를 향한 현지 매체들의 시선이 180도 달라지고 있다. 이정후는 한때 1할대 타율로...",www.spotvnews.co.kr,2026-04-29T20:47:00,,ETC,,0.9,,,False,이정후가 메이저리그에서 주목받고 있다.,이정후,,,True,"롯데 vs 키움 (홈) 5-6 패 | 결승타: 오선진(11회) | 홈런: 안치홍2호, 임병욱1호, 박승욱1호 | 타자 키플레이어: 박승욱(롯데), 장두성(롯데), 레이예스(롯데) | 투수 키플레이어: 박진형(키움), 정철원(롯데), 유토(키움)"
458,"'도대체 인간 맞나' 오타니 또 113년만의 대기록 세웠다 ""기록상 최초""","4월 1일 클리블랜드 가디언스전에서 6이닝 무실점, 4월 9일 토론토 블루제이스전에서 6이닝 1실점(비자책), 4월 16일 뉴욕 메츠전에서 6이닝 1실점, 4월 23일 샌프란시스코 자이언츠전에서 6이닝 무실점 그리고...",www.sportschosun.com,2026-04-29T20:42:00,,ETC,,0.9,,,False,오타니가 대기록을 세우며 주목받고 있다.,,,,True,"롯데 vs 키움 (홈) 5-6 패 | 결승타: 오선진(11회) | 홈런: 안치홍2호, 임병욱1호, 박승욱1호 | 타자 키플레이어: 박승욱(롯데), 장두성(롯데), 레이예스(롯데) | 투수 키플레이어: 박진형(키움), 정철원(롯데), 유토(키움)"
459,"'우리동네 야구대장', 첫 번째 직관 이벤트 개최…신청 방법?","출신 구단과의 인연을 이어 박용택은 리틀 트윈스(서울), 이대호는 리틀 자이언츠(부산), 김태균은 리틀... 오는 5월 7일(목) 오전 11시 리틀 이글스와 리틀 타이거즈의 1경기, 오후 3시 리틀 트윈스와 리틀 자이언츠의...",www.topstarnews.net,2026-04-29T19:44:00,,ETC,,0.9,,,False,리틀 야구대회가 개최된다.,,,,True,"롯데 vs 키움 (홈) 5-6 패 | 결승타: 오선진(11회) | 홈런: 안치홍2호, 임병욱1호, 박승욱1호 | 타자 키플레이어: 박승욱(롯데), 장두성(롯데), 레이예스(롯데) | 투수 키플레이어: 박진형(키움), 정철원(롯데), 유토(키움)"
460,"'1일천하'지만 오타니 어쨌든 놀랍다, '0.28→0.60' ERA 1위 등극! 104번째...",지난 23일 샌프란시스코 자이언츠전 이후 올시즌 처음으로 닷새를 쉬고 마운드에 올랐다. 그리고 타석에는 서지 않았다. 선발등판하는 날 라인업에서 제외된 것은 지난 16일 뉴욕 메츠전에 이어 시즌 두 번째. 데이브...,www.sportschosun.com,2026-04-29T16:33:00,,ETC,,0.9,,,False,오타니가 ERA 1위에 등극했다.,오타니,,,True,"롯데 vs 키움 (홈) 5-6 패 | 결승타: 오선진(11회) | 홈런: 안치홍2호, 임병욱1호, 박승욱1호 | 타자 키플레이어: 박승욱(롯데), 장두성(롯데), 레이예스(롯데) | 투수 키플레이어: 박진형(키움), 정철원(롯데), 유토(키움)"
461,"'3할' 이정후, 무엇이 달라졌나 [MLB]",이정후(28·샌프란시스코 자이언츠)의 방망이가 달아오르고 있다. 이정후는 29일(한국시간) 미국 펜실베이니아주 필라델피아 시티즌스뱅크파크에서 열린 2026 미국프로야구 메이저리그(MLB) 필라델피아 필리스...,www.sportsq.co.kr,2026-04-29T16:24:00,,ETC,,0.9,,,False,이정후의 타격이 상승세를 보이고 있다.,이정후,,,True,"롯데 vs 키움 (홈) 5-6 패 | 결승타: 오선진(11회) | 홈런: 안치홍2호, 임병욱1호, 박승욱1호 | 타자 키플레이어: 박승욱(롯데), 장두성(롯데), 레이예스(롯데) | 투수 키플레이어: 박진형(키움), 정철원(롯데), 유토(키움)"
462,"이정후의 ‘불방망이’, 4경기 만에 ‘멀티히트’ 쉼표",AP뉴시스 이정후(샌프란시스코 자이언츠)의 ‘불방망이’가 4경기 만에 쉼표를 찍었다. 이정후는 29일(한국시간) 미국 펜실베이니아주 필라델피아 시티즌스 뱅크 파크에서 열린 플라델피아 필리스와 2026...,www.munhwa.com,2026-04-29T16:00:00,,ETC,,0.9,,,False,이정후가 4경기 만에 멀티히트를 기록했다.,이정후,,,True,"롯데 vs 키움 (홈) 5-6 패 | 결승타: 오선진(11회) | 홈런: 안치홍2호, 임병욱1호, 박승욱1호 | 타자 키플레이어: 박승욱(롯데), 장두성(롯데), 레이예스(롯데) | 투수 키플레이어: 박진형(키움), 정철원(롯데), 유토(키움)"
463,"무안타 침묵한 샌프란시스코 이정후, 타율 3할대 유지…멀티 히트는 3연...",샌프란시스코 자이언츠 이정후(28)가 무안타로 침묵했다. 이정후는 29일(한국시간) 시티즌스 뱅크 파크서 열린 2026 메이저리그(MLB) 필라델피아 필리스와 원정경기에 리드오프 우익수로 선발출전해 4타수 무안타...,sports.donga.com,2026-04-29T15:47:00,,ETC,,,gpt_missing_index;excluded_mlb_giants,,False,이정후가 무안타로 침묵했지만 타율은 유지하고 있다.,이정후,,,True,"롯데 vs 키움 (홈) 5-6 패 | 결승타: 오선진(11회) | 홈런: 안치홍2호, 임병욱1호, 박승욱1호 | 타자 키플레이어: 박승욱(롯데), 장두성(롯데), 레이예스(롯데) | 투수 키플레이어: 박진형(키움), 정철원(롯데), 유토(키움)"
464,ML 역사상 최초 '아들 단장-아빠 감독' 어떻게 탄생했나…감독 거절했던...,"솔직히 나는 선수들을 신뢰한다. 선수들을 믿는다. 선수들을 좋아한다. 하지만 더 나은 야구를 하고 싶다""고 밝혔다 감독 교체 효과일까. 필라델피아는 샌프란시스코 자이언츠를 7-0으로 꺾었다.",www.mydaily.co.kr,2026-04-29T15:41:00,,ETC,,,gpt_missing_index;excluded_mlb_giants,,False,필라델피아가 샌프란시스코를 꺾었다.,,,,True,"롯데 vs 키움 (홈) 5-6 패 | 결승타: 오선진(11회) | 홈런: 안치홍2호, 임병욱1호, 박승욱1호 | 타자 키플레이어: 박승욱(롯데), 장두성(롯데), 레이예스(롯데) | 투수 키플레이어: 박진형(키움), 정철원(롯데), 유토(키움)"
465,"상승세 타던 이정후, 잠시 숨고르기… 필라델피아전 무안타",AFP=연합뉴스 매일일보 = 성승환 기자  |  최근 뜨거운 타격감으로 상승세를 타던 이정후(샌프란시스코 자이언츠)가 이번엔 침묵했다. 이정후는 29일(한국시간) 미국 펜실베이니아주 필라델피아 시티즌스 뱅크...,www.m-i.kr,2026-04-29T15:28:00,,ETC,,,gpt_missing_index;excluded_mlb_giants,,False,이정후가 필라델피아전에서 무안타로 침묵했다.,이정후,,,True,"롯데 vs 키움 (홈) 5-6 패 | 결승타: 오선진(11회) | 홈런: 안치홍2호, 임병욱1호, 박승욱1호 | 타자 키플레이어: 박승욱(롯데), 장두성(롯데), 레이예스(롯데) | 투수 키플레이어: 박진형(키움), 정철원(롯데), 유토(키움)"
466,"이천문화재단, 미국 샌프란시스코·실리콘밸리서 다섯 차례 공연","8일에는 미국 프로야구 샌프란시스코 자이언츠 홈구장에서, 9일에는 샌프란시스코한인회관에서 공연을... 여러 행사 가운데 가장 주목받는 행사는 샌프란시스코 자이언츠 '코리안 헤리티지 나이트'다. 샌프란시스코...",www.worldkorean.net,2026-04-29T15:04:00,,ETC,,,gpt_missing_index;excluded_mlb_giants,,False,이천문화재단이 샌프란시스코에서 공연을 진행한다.,,,,False,"롯데 vs 키움 (홈) 5-6 패 | 결승타: 오선진(11회) | 홈런: 안치홍2호, 임병욱1호, 박승욱1호 | 타자 키플레이어: 박승욱(롯데), 장두성(롯데), 레이예스(롯데) | 투수 키플레이어: 박진형(키움), 정철원(롯데), 유토(키움)"
467,"'타격 숨 고르기' 이정후, 4타수 무안타…김혜성도 침묵",미국 메이저리그(MLB) 샌프란시스코 자이언츠 이정후의 연속안타 행진이 멈췄습니다. 이정후는 29일(한국시간) 미국 펜실베이니아주 필라델피아 시티즌스 뱅크 파크에서 열린 필라델피아 필리스와 원정 경기에 1번...,www.yonhapnewstv.co.kr,2026-04-29T14:35:00,,ETC,,,gpt_missing_index;excluded_mlb_giants,,False,이정후가 필라델피아전에서 4타수 무안타로 침묵했다.,이정후,,,True,"롯데 vs 키움 (홈) 5-4 승 | 결승타: 이호준(6회) | 타자 키플레이어: 전민재(롯데), 박주홍(키움), 레이예스(롯데) | 투수 키플레이어: 김원중(롯데), 현도훈(롯데), 박정민(롯데)"
468,“엄마한테 사랑한다고 하고 싶었는데” '입단 9년 만에 첫 승' 모두가 ...,"프로야구 롯데 자이언츠 현도훈이 어제(28일) 부산 사직구장에서 열린 2026 신한은행 SOL Bank KBO리그 키움 히어로즈와 홈 경기에서 구원 등판해 2이닝 1볼넷 무실점을 기록해, 데뷔 9년 만에 첫 승을 거뒀습니다. 경기...",news.jtbc.co.kr,2026-04-29T14:26:00,,TRANSACTION_CONTRACT,,1.0,,,True,현도훈이 9년 만에 첫 승을 거두었다.,현도훈,positive,,True,"롯데 vs 키움 (홈) 5-4 승 | 결승타: 이호준(6회) | 타자 키플레이어: 전민재(롯데), 박주홍(키움), 레이예스(롯데) | 투수 키플레이어: 김원중(롯데), 현도훈(롯데), 박정민(롯데)"
469,“키움의 희망이 되지 않을까요”…‘신인 맞아?’ 사령탑 레이더에 포...,"전날 사직 롯데전에서는 경기 막판 1점 차까지 추격했지만 패했다. 직전 삼성과 3연전 스윕승으로... 이른바 ‘잇몸 야구’로 버티고 있는 가운데, 2026년 2라운드 11순위로 키움에 입단한 김지석이 쏠쏠한 활약을...",www.sportsseoul.com,2026-04-29T14:08:00,,TRANSACTION_CONTRACT,,1.0,,,True,신인 김지석이 키움에서 활약하고 있다.,김지석,neutral,,True,"롯데 vs 키움 (홈) 5-4 승 | 결승타: 이호준(6회) | 타자 키플레이어: 전민재(롯데), 박주홍(키움), 레이예스(롯데) | 투수 키플레이어: 김원중(롯데), 현도훈(롯데), 박정민(롯데)"
470,"""나랑 안 맞네"" 김태형 감독과 악연? 日 유학·데뷔 8년·33살에 거둔 감...",일본 야구 유학 등 우여곡절 속에 33살 나이에 거둔 늦깎이 승리다. 롯데 우완 현도훈은 28일 부산 사직구장에서 열린 '2026 신한 SOL KBO 리그' 키움과 홈 경기에 2-2로 맞선 6회초 등판해 2이닝 1볼넷 무실점 투구를...,www.nocutnews.co.kr,2026-04-29T13:57:00,,PERFORMANCE_ANALYSIS,,0.9,,,True,현도훈이 33세에 첫 승을 기록했다.,현도훈,positive,,True,"롯데 vs 키움 (홈) 5-4 승 | 결승타: 이호준(6회) | 타자 키플레이어: 전민재(롯데), 박주홍(키움), 레이예스(롯데) | 투수 키플레이어: 김원중(롯데), 현도훈(롯데), 박정민(롯데)"
471,NFL 구영회 실축이 사람 살렸다?…헛발질에 웃다가 발작 '뇌종양' 발견한...,뉴욕 자이언츠와 뉴잉글랜드 패트리어츠의 경기를 보고 있었다. 경기 2쿼터 무렵 뉴욕 자이언츠의 구영회가 나서 필드골을 시도하다가 공 대신 땅을 차버리는 실수를 저질렀다. 투세이커는 이 장면을 보고 웃음이 터져...,www.etnews.com,2026-04-29T13:56:00,,ETC,,,gpt_missing_index,,True,구영회의 실축이 뇌종양 발견의 계기가 되었다.,,neutral,,False,"롯데 vs 키움 (홈) 5-4 승 | 결승타: 이호준(6회) | 타자 키플레이어: 전민재(롯데), 박주홍(키움), 레이예스(롯데) | 투수 키플레이어: 김원중(롯데), 현도훈(롯데), 박정민(롯데)"
472,프로농구 하위팀 반란으로 사상 초유의 정규리그 5~6위 이뤄질까…슈퍼...,프로야구는 물론 배구와 축구 등 4대 프로스포츠를 통틀어서도 챔프전이 5~6위 사이에 열린다면 이번이 처음이 된다. 부산 KCC는 28일 부산사직실내체육관에서 열린 2025~26 LG전자 프로농구 4강 플레이오프(5전3승제)...,www.seoul.co.kr,2026-04-29T13:56:00,,ETC,,,gpt_missing_index,,True,프로농구에서 하위팀의 반란이 예상된다.,,neutral,,False,"롯데 vs 키움 (홈) 5-4 승 | 결승타: 이호준(6회) | 타자 키플레이어: 전민재(롯데), 박주홍(키움), 레이예스(롯데) | 투수 키플레이어: 김원중(롯데), 현도훈(롯데), 박정민(롯데)"
473,[오피셜] 또 터졌다...다저스 공식 트레이드 단행! 현금 주고 '김혜성 자...,피츠제럴드는 지난 2023년 샌프란시스코 자이언츠에서 데뷔했던 선수다. 첫해에는 10경기밖에 출전하지 못했으나 2024시즌 96경기에 출전해 타율 0.280 15홈런 34타점 17도루 OPS 0.831을 기록해 샌프란시스코 내야진의...,www.sportalkorea.com,2026-04-29T13:39:00,,TRANSACTION_CONTRACT,,1.0,excluded_mlb_giants,,False,롯데가 키움과의 경기에서 5-4로 승리했다.,이호준;전민재,,,True,"롯데 vs 키움 (홈) 5-4 승 | 결승타: 이호준(6회) | 타자 키플레이어: 전민재(롯데), 박주홍(키움), 레이예스(롯데) | 투수 키플레이어: 김원중(롯데), 현도훈(롯데), 박정민(롯데)"
474,"이정후, 필라델피아전 4타수 무안타 침묵…샌프란시스코 0-7 완패",29일 필라델피아전 1번 타자 선발 출전했으나 4타석 모두 범퇴…시즌 타율 0.313에서 0.301로 하락 매서운 타격감을 뽐내던 이정후(샌프란시스코 자이언츠)가 잠시 숨을 골랐다. 이정후는 29일(한국시간) 미국...,www.sisajournal.com,2026-04-29T13:18:00,,ETC,,,gpt_missing_index;excluded_mlb_giants,,False,이정후가 필라델피아전에서 무안타로 침묵했다.,이정후,,,False,"롯데 vs 키움 (홈) 5-4 승 | 결승타: 이호준(6회) | 타자 키플레이어: 전민재(롯데), 박주홍(키움), 레이예스(롯데) | 투수 키플레이어: 김원중(롯데), 현도훈(롯데), 박정민(롯데)"
475,'타격감 좋던' 이정후 잠시 숨 고르기...필라델피아전서 4타수 무안타,최근 무서운 타격감을 뽐내던 이정후(샌프란시스코 자이언츠)가 잠시 숨을 골랐다. 이정후는 29일(한국시간) 미국 필라델피아 시티즌스 뱅크 파크에서 열린 필라델피아 필리스 원정 경기에 1번 타자 우익수로 선발...,www.maniareport.com,2026-04-29T13:03:00,,ETC,,,gpt_missing_index;excluded_mlb_giants,,False,이정후가 필라델피아전에서 타격 감각을 잃었다.,이정후,,,False,"롯데 vs 키움 (홈) 5-4 승 | 결승타: 이호준(6회) | 타자 키플레이어: 전민재(롯데), 박주홍(키움), 레이예스(롯데) | 투수 키플레이어: 김원중(롯데), 현도훈(롯데), 박정민(롯데)"
476,"3경기 연속 멀티히트 이정후, 필라델피아전서 숨 고르기",|중앙이코노미뉴스 조용우 기자|출처=연합뉴스 샌프란시스코 자이언츠 이정후가 29일(한국시간) 미국 펜실베이니아주 필라델피아 시티즌스 뱅크 파크에서 열린 2026 미국프로야구 메이저리그(MLB) 필라델피아...,www.joongangenews.com,2026-04-29T12:20:00,,ETC,,,gpt_missing_index;excluded_mlb_giants,,False,이정후가 필라델피아전에서 타격 감각을 잠시 잃었다.,이정후,,,False,"롯데 vs 키움 (홈) 5-4 승 | 결승타: 이호준(6회) | 타자 키플레이어: 전민재(롯데), 박주홍(키움), 레이예스(롯데) | 투수 키플레이어: 김원중(롯데), 현도훈(롯데), 박정민(롯데)"
477,"'3안타→2안타→4안타' 드디어 3할 타율 뚫었던 이정후, 끝내 무안타…...",최근 들어 맹타를 휘두르고 있는 이정후(샌프란시스코 자이언츠)가 잠시 숨을 골랐다. 이정후는 29일(한국시간) 미국 펜실베이니아주 필라델피아의 시티즌스 뱅크 파크에서 열린 필라델피아 필리스와 2026 미국...,www.xportsnews.com,2026-04-29T12:12:00,,ETC,,,gpt_missing_index;excluded_mlb_giants,,False,이정후가 필라델피아전에서 무안타로 아쉬움을 남겼다.,이정후,,,False,"롯데 vs 키움 (홈) 5-4 승 | 결승타: 이호준(6회) | 타자 키플레이어: 전민재(롯데), 박주홍(키움), 레이예스(롯데) | 투수 키플레이어: 김원중(롯데), 현도훈(롯데), 박정민(롯데)"
478,"'뜬공-삼진-땅볼-땅볼' 좌완만 상대한 이정후, 멀티 히트 행진 3경기로 ...",최근 쾌조의 타격감을 선보이던 이정후(샌프란시스코 자이언츠)가 오늘은 안타 없이 숨을 골랐다. 이정후는 29일 (이하 한국시각) 미국 펜실베이니아주 필라델피아의 시티즌스 뱅크 파크에서 열리는 2026 메이저리그...,www.sportalkorea.com,2026-04-29T12:00:00,,ETC,,,gpt_missing_index;excluded_mlb_giants,,False,이정후가 필라델피아전에서 안타 없이 경기를 마쳤다.,이정후,,,False,"롯데 vs 키움 (홈) 5-4 승 | 결승타: 이호준(6회) | 타자 키플레이어: 전민재(롯데), 박주홍(키움), 레이예스(롯데) | 투수 키플레이어: 김원중(롯데), 현도훈(롯데), 박정민(롯데)"
479,감독 경질 약발 통했나…개막 한 달만에 감독 자른 필라델피아·보스턴...,"그리고 불과 몇 시간 뒤 열린 샌프란시스코 자이언츠전에서 7대 0완승을 거뒀다. 돈 매팅리 감독 대행이 지휘봉을 잡자마자 지긋지긋한 연패의 사슬을 끊어낸 것이다. 개막 후 28경기에서 9승 19패, 1999년 이후 최장 기록인...",www.spochoo.com,2026-04-29T11:16:00,,ETC,,,gpt_missing_index;excluded_mlb_giants,,False,필라델피아가 감독 경질 후 샌프란시스코를 이겼다.,,,,False,"롯데 vs 키움 (홈) 5-4 승 | 결승타: 이호준(6회) | 타자 키플레이어: 전민재(롯데), 박주홍(키움), 레이예스(롯데) | 투수 키플레이어: 김원중(롯데), 현도훈(롯데), 박정민(롯데)"
480,"좌완 루자도 앞에 막힌 이정후, SF도 2안타 빈공 끝에 완패",동부 원정에 나선 샌프란시스코 자이언츠의 이정후가 상승세를 이어가지 못했다. 이정후는 29일(한국시간) 시티즌스뱅크파크에서 열린 필라델피아 필리스와 원정경기 1번 우익수 출전했으나 4타수 무안타 1삼진으로...,www.mk.co.kr,2026-04-29T11:15:00,,ETC,,,gpt_missing_index;excluded_mlb_giants,,False,이정후가 필라델피아전에서 무안타로 부진했다.,이정후,,,False,"롯데 vs 키움 (홈) 5-4 승 | 결승타: 이호준(6회) | 타자 키플레이어: 전민재(롯데), 박주홍(키움), 레이예스(롯데) | 투수 키플레이어: 김원중(롯데), 현도훈(롯데), 박정민(롯데)"
481,'이럴수가' 이정후 '3G 12타수 9안타 대폭발→휴식→4타수 무안타 침묵'...,최근 최고의 타격감을 자랑했던 이정후(28·샌프란시스코 자이언츠)가 하루 휴식을 취한 뒤 잠시 숨을 골랐다. 이정후는 29일(한국 시각) 미국 펜실베이니아주 필라델피아에 위치한 시티즌스 뱅크 파크에서 열린...,www.starnewskorea.com,2026-04-29T11:11:00,,ETC,,,gpt_missing_index;excluded_mlb_giants,,False,이정후가 휴식 후 무안타로 잠시 침묵했다.,이정후,,,True,"롯데 vs 키움 (홈) 5-4 승 | 결승타: 이호준(6회) | 타자 키플레이어: 전민재(롯데), 박주홍(키움), 레이예스(롯데) | 투수 키플레이어: 김원중(롯데), 현도훈(롯데), 박정민(롯데)"
482,"수비는 확실해진 롯데 ‘복덩이’, 아직 주춤한 방망이…타격만 살아나...",사진 | 롯데 자이언츠 [스포츠서울 | 강윤식 기자] 지난시즌 초반 맹활약을 적으며 롯데 ‘트레이드 복덩이’로 떠올랐다. 올해 역시 더욱 발전한 수비로 가치를 증명 중이다. 다만 아직 방망이는 잠잠하다. 타격만...,www.sportsseoul.com,2026-04-29T11:10:00,,PERFORMANCE_ANALYSIS,,0.9,,,True,롯데의 수비는 확실하지만 타격은 여전히 부진하다.,,negative,,True,"롯데 vs 키움 (홈) 5-4 승 | 결승타: 이호준(6회) | 타자 키플레이어: 전민재(롯데), 박주홍(키움), 레이예스(롯데) | 투수 키플레이어: 김원중(롯데), 현도훈(롯데), 박정민(롯데)"
483,"[오피셜]김혜성으론 부족해? 다저스, TOR 내야 유틸리티 현금 트레이드...","2019 신인 드래프트 4라운드로 샌프란시스코 자이언츠에 입단한 피츠제럴드는 2023년 빅리그에 데뷔했다. 지난해까지 샌프란시스코에서 메이저리그 178경기 타율 0.252(618타수 142안타) 21홈런 53타점, 출루율 0.309...",www.sportschosun.com,2026-04-29T11:10:00,,TRANSACTION_CONTRACT,,1.0,excluded_mlb_giants,,False,김혜성의 부족함을 느끼는 다저스의 트레이드 소식.,,,,True,"롯데 vs 키움 (홈) 5-4 승 | 결승타: 이호준(6회) | 타자 키플레이어: 전민재(롯데), 박주홍(키움), 레이예스(롯데) | 투수 키플레이어: 김원중(롯데), 현도훈(롯데), 박정민(롯데)"
484,"황재균, 지연과 이혼 5개월 만에…""내 재혼, 전현무 결혼보다 빨라"" ('전...","이후 롯데 자이언츠, KT 위즈를 거쳤으며 메이저리그 샌프란시스코 자이언츠에서도 활약했다. 특히 그는 국가대표에서도 뛰어난 활약을 선보이며 큰 사랑을 받았다. 황재균은 지난 2022년 그룹 티아라 출신 지연과...",www.mhnse.com,2026-04-29T11:08:00,,INTERVIEW,,0.9,,,True,황재균이 이혼 후 재혼 계획을 밝혔다.,황재균,neutral,,True,"롯데 vs 키움 (홈) 5-4 승 | 결승타: 이호준(6회) | 타자 키플레이어: 전민재(롯데), 박주홍(키움), 레이예스(롯데) | 투수 키플레이어: 김원중(롯데), 현도훈(롯데), 박정민(롯데)"
485,"이정후 4안타 친 다음날 무안타, 3경기 연속 멀티히트 마감…SF는 필라델...",최근 뜨거웠던 이정후(샌프란시스코 자이언츠)의 타격감이 한 경기 주춤했다. 4안타 맹타를 휘두른 다음날... /사진=샌프란시스코 자이언츠 SNS 이정후는 필라델피아 선발투수로 등판한 좌완 헤수스 루자르도를...,www.mediapen.com,2026-04-29T11:04:00,,ETC,,,gpt_missing_index;excluded_mlb_giants,,False,이정후가 4안타 후 무안타로 타격감이 주춤했다.,이정후,,,True,"롯데 vs 키움 (홈) 5-4 승 | 결승타: 이호준(6회) | 타자 키플레이어: 전민재(롯데), 박주홍(키움), 레이예스(롯데) | 투수 키플레이어: 김원중(롯데), 현도훈(롯데), 박정민(롯데)"
486,"루자르도에 틀어막힌 리드오프 이정후, 4타수 무안타 숨 고르기…팀도 ...",샌프란시스코 자이언츠가 한국 시간 29일 필라델피아 시티즌스 뱅크 파크에서 치러진 2026 MLB 경기에서 필라델피아 필리스에 0-7로 완패했다. 이번 시즌 기대 이하의 성적을 낸 끝에 감독 롭 톰슨을 경질한 필라델피아의...,www.mydaily.co.kr,2026-04-29T11:04:00,,ETC,,,gpt_missing_index;excluded_mlb_giants,,False,이정후가 리드오프에서 무안타로 팀도 패배했다.,이정후,,,True,"롯데 vs 키움 (홈) 5-4 승 | 결승타: 이호준(6회) | 타자 키플레이어: 전민재(롯데), 박주홍(키움), 레이예스(롯데) | 투수 키플레이어: 김원중(롯데), 현도훈(롯데), 박정민(롯데)"
487,"이정후, 3G 연속 멀티히트 '마침표' … 4타수 무안타 침묵",뉴데일리 최용재 기자 = 미국 메이저리그(MLB) 샌프란시스코 자이언츠 이정후의 상승세가 꺾였다. 샌프란시스코는 29일(한국시간) 미국 펜실베이니아주 필라델피아 시티즌스 뱅크 파크에서 열린 2026 MLB 필라델피아...,www.newdaily.co.kr,2026-04-29T10:54:00,,ETC,,,gpt_missing_index;excluded_mlb_giants,,False,이정후의 상승세가 꺾이며 무안타로 마감했다.,이정후,,,True,"롯데 vs 키움 (홈) 5-4 승 | 결승타: 이호준(6회) | 타자 키플레이어: 전민재(롯데), 박주홍(키움), 레이예스(롯데) | 투수 키플레이어: 김원중(롯데), 현도훈(롯데), 박정민(롯데)"
488,"롯데칠성, '제로 탄산' 라인업 강화…이번엔 '유자'",또 최근 롯데 자이언츠 소속 선수 ‘빅터 레이예스’와 유튜버 ‘쯔양’과 함께 칠성사이다 신규 광고도 공개했다. 아울러 넷플릭스 시리즈 ‘오징어 게임’의 음악을 맡았던 ‘정재일’ 음악감독이 제작한 광고 속...,news.bizwatch.co.kr,2026-04-29T10:50:00,,CLUB_OPERATION,,0.9,,,True,롯데칠성이 '제로 탄산' 라인업을 강화했다.,빅터 레이예스,positive,,True,"롯데 vs 키움 (홈) 5-4 승 | 결승타: 이호준(6회) | 타자 키플레이어: 전민재(롯데), 박주홍(키움), 레이예스(롯데) | 투수 키플레이어: 김원중(롯데), 현도훈(롯데), 박정민(롯데)"
489,[부산시장 후보에게 듣는다]② 국민의힘 박형준 후보,"사직 야구장은 역사성을 고려해 메이저 리그급으로 우선 재건축하고, 북항 개발과 연계하여 돔구장 건립을 추진하겠다는 계획입니다. 박 후보는 끝으로 ""가덕도 신공항과 산업은행 이전, 부산 글로벌허브도시 특별법이...",news.kbs.co.kr,2026-04-29T10:50:00,,ETC,,0.9,,,False,부산시장 후보 박형준이 사직 야구장 재건축 계획을 발표했다.,,,,True,"롯데 vs 키움 (홈) 5-4 승 | 결승타: 이호준(6회) | 타자 키플레이어: 전민재(롯데), 박주홍(키움), 레이예스(롯데) | 투수 키플레이어: 김원중(롯데), 현도훈(롯데), 박정민(롯데)"
490,"이정후, 멀티히트 행진 3경기서 마감…필라델피아전 4타수 무안타",뜨거운 타격감을 과시했던 이정후(샌프란시스코 자이언츠)의 상승세가 한풀 꺾였다. 이정후는 29일(한국 시간) 미국 펜실베이니아주 필라델피아의 시티즌스뱅크 파크에서 벌어진 2026 메이저리그(MLB) 필라델피아...,www.newsis.com,2026-04-29T10:49:00,,ETC,,,gpt_missing_index;excluded_mlb_giants,,False,이정후의 멀티히트 행진이 필라델피아전에서 중단되었다.,이정후,,,False,"롯데 vs 키움 (홈) 5-4 승 | 결승타: 이호준(6회) | 타자 키플레이어: 전민재(롯데), 박주홍(키움), 레이예스(롯데) | 투수 키플레이어: 김원중(롯데), 현도훈(롯데), 박정민(롯데)"
491,"""와! 이렇게 태세전환 빠르다고?""…이정후 맹활약→""'LEE드오프' 시켜라...","'바람의 손자' 이정후(28·샌프란시스코 자이언츠)가 마침내 메이저리그를 자신의 시간으로 만들기... ""이정후는 자이언츠가 6년 1억1300만(약 1677억원) 달러를 투자할 때 기대했던 바로 그 모습""이라며 최근 30타수 1안타로...",www.sportschosun.com,2026-04-29T10:43:00,,ETC,,0.9,,,False,이정후가 메이저리그에서 기대에 부응하지 못하고 있다.,이정후,,,False,"롯데 vs 키움 (홈) 5-4 승 | 결승타: 이호준(6회) | 타자 키플레이어: 전민재(롯데), 박주홍(키움), 레이예스(롯데) | 투수 키플레이어: 김원중(롯데), 현도훈(롯데), 박정민(롯데)"
492,"'2G 연속 1번타자' 이정후 3연속 멀티히트 마감 타율 0.301, SF 팀 2안타 ...",이정후(샌프란시스코 자이언츠)의 뜨거운 타격감이 하루 쉬어갔다. 이정후는 29일(한국시간) 미국 펜실베이니아주 필라델피아의 시티즌스 뱅크 파크에서 열린 2026 미국 메이저리그(MLB) 필라델피아 필리스와 원정...,isplus.com,2026-04-29T10:39:00,,PERFORMANCE_ANALYSIS,,0.9,,,False,이정후의 타격감이 잠시 주춤하며 타율이 하락했다.,이정후,,,False,"롯데 vs 키움 (홈) 5-4 승 | 결승타: 이호준(6회) | 타자 키플레이어: 전민재(롯데), 박주홍(키움), 레이예스(롯데) | 투수 키플레이어: 김원중(롯데), 현도훈(롯데), 박정민(롯데)"
493,"필라델피아, 톰슨 감독 경질 후 매팅리 감독대행 선임…MLB 첫 부자 감독...",한편 매팅리 감독대행 체제의 필라델피아는 이날 샌프란시스코 자이언츠와의 홈경기에서 7-0 완승을 거뒀다. 이날 승리로 필라델피아는 시즌 10승(19패) 고지를 밟으며 반등의 발판을 마련했다. [스포츠투데이 ],www.stoo.com,2026-04-29T10:38:00,,ETC,,0.9,,,False,필라델피아가 매팅리 감독대행 체제로 전환하며 승리했다.,,,,True,"롯데 vs 키움 (홈) 5-4 승 | 결승타: 이호준(6회) | 타자 키플레이어: 전민재(롯데), 박주홍(키움), 레이예스(롯데) | 투수 키플레이어: 김원중(롯데), 현도훈(롯데), 박정민(롯데)"
494,"'루사르도에 꽁꽁' 이정후, 침묵의 4타수 무안타…타율 0.301 하락",무서운 기세로 안타를 몰아치던 이정후(샌프란시스코 자이언츠)의 방망이가 잠시 차갑게 식었다. 이정후는 29일(한국시간) 미국 펜실베이니아주 필라델피아의 시티즌스 뱅크 파크에서 열린 2026 메이저리그(MLB)...,www.nocutnews.co.kr,2026-04-29T10:36:00,,PERFORMANCE_ANALYSIS,,0.9,,,False,이정후가 필라델피아전에서 무안타로 타율이 하락했다.,이정후,,,False,"롯데 vs 키움 (홈) 5-4 승 | 결승타: 이호준(6회) | 타자 키플레이어: 전민재(롯데), 박주홍(키움), 레이예스(롯데) | 투수 키플레이어: 김원중(롯데), 현도훈(롯데), 박정민(롯데)"
495,"'4타수 무안타' 이정후, 필라델피아전 타율 0.301로 하락",미국 펜실베이니아주 필라델피아 시티즌스 뱅크 파크에서 열린 샌프란시스코 자이언츠와 필라델피아 필리스의 맞대결에서 이정후의 방망이가 잠시 멈췄다. 샌프란시스코는 타선 전반이 힘을 쓰지 못하며 대량 실점...,www.topstarnews.net,2026-04-29T10:34:00,,PERFORMANCE_ANALYSIS,,0.9,,,False,이정후가 필라델피아전에서 4타수 무안타로 부진했다.,이정후,,,False,"롯데 vs 키움 (홈) 5-4 승 | 결승타: 이호준(6회) | 타자 키플레이어: 전민재(롯데), 박주홍(키움), 레이예스(롯데) | 투수 키플레이어: 김원중(롯데), 현도훈(롯데), 박정민(롯데)"
496,"'칠성사이다 제로 유자' 가세…롯데칠성, 제로 탄산 라인업 확대",롯데 자이언츠 소속 빅터 레이예스와 유튜버 쯔양이 출연한 신규 광고 2편을 공개했다. '김밥편'과 '유자편'으로 구성된 이번 광고는 탄산음료를 마시는 순간 답답함이 해소되는 장면을 중심으로 '청량감'을 직관적으로...,www.4th.kr,2026-04-29T10:32:00,,CLUB_OPERATION,,0.9,,,True,롯데칠성이 새로운 광고를 통해 제로 탄산 라인업을 확대했다.,빅터 레이예스,positive,,True,"롯데 vs 키움 (홈) 5-4 승 | 결승타: 이호준(6회) | 타자 키플레이어: 전민재(롯데), 박주홍(키움), 레이예스(롯데) | 투수 키플레이어: 김원중(롯데), 현도훈(롯데), 박정민(롯데)"
497,"'4안타 기세 어디갔나' 이정후, PHI전 무안타 1삼진… SF는 완패",최근 불방망이를 보여준 이정후(샌프란시스코 자이언츠)가 톱타자로 나섰지만 이번에는 안타를 신고하지 못했다. 이정후는 29일(이하 한국시간) 미국 펜실베니아주 필라델피아에 위치한 시티즌스 뱅크 파크에서...,sports.hankooki.com,2026-04-29T10:30:00,,PERFORMANCE_ANALYSIS,,0.9,,,False,이정후가 필라델피아전에서 무안타로 침묵했다.,이정후,,,True,"롯데 vs 키움 (홈) 5-4 승 | 결승타: 이호준(6회) | 타자 키플레이어: 전민재(롯데), 박주홍(키움), 레이예스(롯데) | 투수 키플레이어: 김원중(롯데), 현도훈(롯데), 박정민(롯데)"
498,"뜨거웠던 이정후 방망이, 필라델피아 원정서 침묵 4타수 무안타 3할 유지",샌프란시스코 자이언츠의 이정후가 절정의 타격감을 뒤로하고 하루 휴식 후 재개된 경기에서 침묵을 지켰다. 최근 매서운 기세로 안타를 몰아쳤던 이정후는 동부 지구 원정길의 첫 경기에서 안타를 신고하지 못하며...,www.dailysportshankook.co.kr,2026-04-29T10:24:00,,PERFORMANCE_ANALYSIS,,0.9,,,False,이정후가 필라델피아 원정에서 무안타로 침묵했다.,이정후,,,True,"롯데 vs 키움 (홈) 5-4 승 | 결승타: 이호준(6회) | 타자 키플레이어: 전민재(롯데), 박주홍(키움), 레이예스(롯데) | 투수 키플레이어: 김원중(롯데), 현도훈(롯데), 박정민(롯데)"
499,"이정후, 3연속 멀티히트 마감…필라델피아전 4타수 무안타",최근 무서운 타격감을 보이던 이정후(샌프란시스코 자이언츠)가 잠시 숨을 골랐다. 이정후는 29일(한국시간) 미국 펜실베이니아주 필라델피아 시티즌스 뱅크 파크에서 열린 2026 미국프로야구 메이저리그(MLB)...,www.yna.co.kr,2026-04-29T10:22:00,,ETC,,,gpt_missing_index;excluded_mlb_giants,,False,이정후가 필라델피아전에서 무안타로 침묵했다.,이정후,,,True,"롯데 vs 키움 (홈) 5-4 승 | 결승타: 이호준(6회) | 타자 키플레이어: 전민재(롯데), 박주홍(키움), 레이예스(롯데) | 투수 키플레이어: 김원중(롯데), 현도훈(롯데), 박정민(롯데)"
500,"'이럴수가' 김혜성 경쟁자 늘었다…다저스 깜짝 트레이드, ML 21홈런 이정...",이정후(샌프란시스코 자이언츠)와 한솥밥을 먹었던 타일러 피츠제럴드를 영입했다. 다저스 구단은 29일... 피츠제럴드는 2019년 신인드래프트 4라운드 전체 116순위로 샌프란시스코 자이언츠의 선택을 받았다....,www.spotvnews.co.kr,2026-04-29T10:13:00,,TRANSACTION_CONTRACT,,1.0,excluded_mlb_giants,,False,다저스가 이정후의 경쟁자를 영입했다.,이정후,,,True,"롯데 vs 키움 (홈) 5-4 승 | 결승타: 이호준(6회) | 타자 키플레이어: 전민재(롯데), 박주홍(키움), 레이예스(롯데) | 투수 키플레이어: 김원중(롯데), 현도훈(롯데), 박정민(롯데)"
501,"이정후, 필라델피아전 무안타 1삼진 침묵…타율 0.313→0.301 하락",이정후(샌프란시스코 자이언츠)가 타격 상승세를 이어가지 못했다. 이정후는 29일(한국시각) 미국 펜실베이니아주 필라델피아의 시티즌스 뱅크 파크에서 열린 2026 메이저리그(MLB) 필라델피아 필리스와의 원정경기...,www.stoo.com,2026-04-29T10:12:00,,ETC,,,gpt_missing_index;excluded_mlb_giants,,False,이정후가 필라델피아전에서 무안타로 타율이 하락했다.,이정후,,,True,"롯데 vs 키움 (홈) 5-4 승 | 결승타: 이호준(6회) | 타자 키플레이어: 전민재(롯데), 박주홍(키움), 레이예스(롯데) | 투수 키플레이어: 김원중(롯데), 현도훈(롯데), 박정민(롯데)"
502,"SF 이정후, 필라델피아전 4타수 무안타 침묵…팀도 0-7 완패",뜨거운 타격감을 뽐내던 이정후(샌프란시스코 자이언츠)가 4경기 만에 침묵했다. 이정후는 29일(한국시간) 미국 펜실베이니아주 필라델피아의 시티즌스 뱅크 파크에서 열린 2026 메이저리그 필라델피아 필리스와...,www.news1.kr,2026-04-29T10:12:00,,ETC,,,gpt_missing_index;excluded_mlb_giants,,False,이정후가 필라델피아전에서 무안타로 팀도 완패했다.,이정후,,,True,"롯데 vs 키움 (홈) 5-4 승 | 결승타: 이호준(6회) | 타자 키플레이어: 전민재(롯데), 박주홍(키움), 레이예스(롯데) | 투수 키플레이어: 김원중(롯데), 현도훈(롯데), 박정민(롯데)"
503,"[영상]英여왕, VR 역사체험…美英 국빈만찬 디저트에 ‘백악관꿀’도 나...","이날 학생들은 VR기기를 통해 스노도니아, 자이언츠 코즈웨이, 스톤헨지, 버킹엄 궁전 외관 등 영국의 명소를 가상현실로 체험했다. 초대 주영 미국 대사였던 존 애덤스 대통령의 초상화, 프랭클린 D. 루스벨트 대통령을...",biz.heraldcorp.com,2026-04-29T10:10:00,,ETC,,,gpt_missing_index,,True,해당 기사는 롯데와 관련이 없습니다.,,neutral,,False,"롯데 vs 키움 (홈) 5-4 승 | 결승타: 이호준(6회) | 타자 키플레이어: 전민재(롯데), 박주홍(키움), 레이예스(롯데) | 투수 키플레이어: 김원중(롯데), 현도훈(롯데), 박정민(롯데)"
504,"4안타 미친 타격감, 팍 식었다...이정후 다시 4타수 무안타, 3할은 유지...",샌프란시스코 자이언츠 이정후가 뜨거웠던 감각이 하루 휴식 후 잠잠해졌다. 약속의 동부지구 원정에서 무안타로 침묵했다. 이정후는 29일(이하 한국시간) 미국 펜실베니아주 필라델피아 시티즌스 뱅크 파크에서 열린...,www.osen.co.kr,2026-04-29T10:08:00,,ETC,,,gpt_missing_index;excluded_mlb_giants,,False,이정후가 필라델피아전에서 다시 무안타로 침묵했다.,이정후,,,True,"롯데 vs 키움 (홈) 5-4 승 | 결승타: 이호준(6회) | 타자 키플레이어: 전민재(롯데), 박주홍(키움), 레이예스(롯데) | 투수 키플레이어: 김원중(롯데), 현도훈(롯데), 박정민(롯데)"
505,"롯데, 화요일의 화(火)를 껐다","화요일은 프로야구 한 주간 레이스의 출발선이다. 화요일 경기를 잘 풀어야 체력적으로도, 심리적으로도 우위에 올라 주간 6경기가 마무리되는 일요일까지 순항할 가능성이 커진다. 롯데는 지난 28일 사직 키움전에서...",sports.khan.co.kr,2026-04-29T09:03:00,,MATCH_RELATED,PERFORMANCE_ANALYSIS,0.9,,,True,롯데가 키움과의 경기에서 승리하며 주간 레이스의 출발을 좋게 했다.,전민재,positive,,True,"롯데 vs 키움 (홈) 5-4 승 | 결승타: 이호준(6회) | 타자 키플레이어: 전민재(롯데), 박주홍(키움), 레이예스(롯데) | 투수 키플레이어: 김원중(롯데), 현도훈(롯데), 박정민(롯데)"
506,"'타자 오타니' 못봐요? LAD의 선택은 불가피했다, 시즌 2번째 투타 겸업...",오타니의 이번 등판은 지난 23일 샌프란시스코 자이언츠와의 원정경기 후 6일 만에 이뤄지는 것. 올시즌 처음으로 5일 휴식 후 마운드에 오른다. 특히 다저스는 30일 마이애미전까지 13연전을 쉬지 않고 소화하는...,www.sportschosun.com,2026-04-29T08:52:00,,ETC,,,gpt_missing_index;excluded_mlb_giants,,False,이 경기는 롯데와 키움의 경기와 관련이 없다.,,,,False,"롯데 vs 키움 (홈) 5-4 승 | 결승타: 이호준(6회) | 타자 키플레이어: 전민재(롯데), 박주홍(키움), 레이예스(롯데) | 투수 키플레이어: 김원중(롯데), 현도훈(롯데), 박정민(롯데)"
507,"‘지연과 이혼’ 황재균, 은퇴하더니 새 출발…“7월에 바프 촬영” (전...","앞서 황재균은 키움 히어로즈, 롯데 자이언츠 등을 거치며 KBO 대표 내야수로 활약했다. 2017년에는 샌프란시스코 자이언츠의 1호 코리안 리거로 메이저리그 데뷔했다. 지난 2022년 12월 티아라 출신 지연과 결혼했으나...",isplus.com,2026-04-29T08:36:00,,ETC,ETC,0.9,,,True,황재균이 새로운 출발을 알리며 바프 촬영을 준비 중이다.,황재균,neutral,,False,"롯데 vs 키움 (홈) 5-4 승 | 결승타: 이호준(6회) | 타자 키플레이어: 전민재(롯데), 박주홍(키움), 레이예스(롯데) | 투수 키플레이어: 김원중(롯데), 현도훈(롯데), 박정민(롯데)"
508,"로버츠가 달라졌나. 2G 연속 무안타 김혜성, 8G 연속 유격수 선발 출장…...","지난 22일 샌프란시스코 자이언츠전부터 8경기 연속 유격수로 선발 출장이다. 김혜성은 전날 마이애미전에서 2타수 무안타에 그쳤고 7회 좌완 투수 상대로 대타로 교체됐다. 수비에서 실책 1개를 기록했지만, 데이브...",www.osen.co.kr,2026-04-29T08:02:00,,ETC,,0.9,,,False,김혜성이 8경기 연속 유격수로 선발 출장 중이다.,김혜성,,,False,"롯데 vs 키움 (홈) 5-4 승 | 결승타: 이호준(6회) | 타자 키플레이어: 전민재(롯데), 박주홍(키움), 레이예스(롯데) | 투수 키플레이어: 김원중(롯데), 현도훈(롯데), 박정민(롯데)"
509,"이정후, 한 경기에서 4개의 안타!","샌프란시스코 자이언츠의 *이정후가 3루타(한 번에 3루까지 갈 수 있는 안타)를 치고, 3루로 뛰어가고 있어요. *미국프로야구 메이저리그(MLB) 팀 샌프란시스코 자이언츠에서 활약하는 우리나라 야구...",kids.donga.com,2026-04-29T08:00:00,,ETC,,0.9,,,False,이정후가 샌프란시스코에서 3루타를 기록했다.,이정후,,,False,"롯데 vs 키움 (홈) 5-4 승 | 결승타: 이호준(6회) | 타자 키플레이어: 전민재(롯데), 박주홍(키움), 레이예스(롯데) | 투수 키플레이어: 김원중(롯데), 현도훈(롯데), 박정민(롯데)"
510,'와' 이정후 '3안타→2안타→4안타 대폭발' 3G 타율 0.750 초대박→오늘...,최근 쾌조의 상승세를 타고 있는 샌프란시스코 자이언츠 이정후(28)가 또 리드오프로 선발 출격한다. 이정후는 29일(한국 시각) 오전 7시 40분 미국 펜실베이니아주 필라델피아에 위치한 시티즌스 뱅크 파크에서...,www.starnewskorea.com,2026-04-29T07:05:00,,ETC,,0.9,,,False,이정후가 최근 3경기에서 0.750의 타율을 기록 중이다.,이정후,,,False,"롯데 vs 키움 (홈) 5-4 승 | 결승타: 이호준(6회) | 타자 키플레이어: 전민재(롯데), 박주홍(키움), 레이예스(롯데) | 투수 키플레이어: 김원중(롯데), 현도훈(롯데), 박정민(롯데)"
511,"이정후, WBC의 굴욕 후~날려버려",방망이에 제대로 불이 붙은 이정후(샌프란시스코 자이언츠)가 이제 월드베이스볼클래식(WBC)에서 한국과 자신에게 수모를 안겼던 상대를 만나 제대로 ‘복수혈전’에 나선다. 샌프란시스코는 29일부터 미국...,sports.khan.co.kr,2026-04-29T07:01:00,,ETC,,0.9,,,False,이정후가 WBC의 굴욕을 잊고 복수에 나선다.,이정후,,,False,"롯데 vs 키움 (홈) 5-4 승 | 결승타: 이호준(6회) | 타자 키플레이어: 전민재(롯데), 박주홍(키움), 레이예스(롯데) | 투수 키플레이어: 김원중(롯데), 현도훈(롯데), 박정민(롯데)"
512,◇내일의 경기(30일),◆30일(목) △프로야구= KIA-NC(창원) LG-kt(수원) SSG-한화(대전) 삼성-두산(잠실) 키움-롯데(부산·이상 18시30분) △프로농구= 4강 플레이오프 4차전 KCC-정관장(19시·부산사직체육관) △골프= KPGA 투어 제45회 GS칼텍스...,www.yna.co.kr,2026-04-29T06:15:00,,MATCH_RELATED,,0.9,,,True,30일 롯데와 키움의 경기가 예정되어 있다.,,neutral,,True,"롯데 vs 키움 (홈) 5-4 승 | 결승타: 이호준(6회) | 타자 키플레이어: 전민재(롯데), 박주홍(키움), 레이예스(롯데) | 투수 키플레이어: 김원중(롯데), 현도훈(롯데), 박정민(롯데)"
513,돌아온 김성윤과 함께 삼성 7연패 끝…두산에 1점차 승리[어제의 프로야...,프로야구 삼성이 돌아온 김성윤의 공수주 활약을 앞세워 7연패의 늪을 탈출했다. 삼성은 28일 서울... 최하위 롯데는 사직에서 9위 키움에 5-4 역전승을 거두고 ‘탈꼴찌’의 희망을 키웠다. 5-4로 앞선 9회말 무사 주자...,www.donga.com,2026-04-29T06:01:00,,MATCH_RELATED,,0.9,,,True,롯데가 키움에 승리하며 탈꼴찌의 희망을 키웠다.,전민재,positive,,True,"롯데 vs 키움 (홈) 5-4 승 | 결승타: 이호준(6회) | 타자 키플레이어: 전민재(롯데), 박주홍(키움), 레이예스(롯데) | 투수 키플레이어: 김원중(롯데), 현도훈(롯데), 박정민(롯데)"
514,"""2루 땅볼만 친다""→""앞으로 존경하겠다"" 평판 뒤집은 이정후, 2경기 연...",시즌 초와 180도 달라진 평가를 받는 이정후(샌프란시스코 자이언츠)가 2경기 연속으로 '리드오프' 중책을 맡는다. 이정후는 29일 (이하 한국시각) 미국 펜실베이니아주 필라델피아의 시티즌스 뱅크 파크에서 열리는...,www.sportalkorea.com,2026-04-29T05:45:00,,ETC,,0.9,,,False,이정후가 2경기 연속 리드오프 중책을 맡았다.,이정후,,,True,"롯데 vs 키움 (홈) 5-4 승 | 결승타: 이호준(6회) | 타자 키플레이어: 전민재(롯데), 박주홍(키움), 레이예스(롯데) | 투수 키플레이어: 김원중(롯데), 현도훈(롯데), 박정민(롯데)"
515,"이정후 쉬었는데 NL 타격 9위! 드디어 '한 자리 수' 진입했다…""KBO리그...",샌프란시스코 자이언츠 외야수 이정후가 미국 메이저리그(MLB) 내셔널리그 타격 9위로 올라섰다. MLB 홈페이지에 따르면 이정후는 28일(한국시간) 2026시즌 MLB 내셔널리그 타율 순위에서 0.313(99타석 31안타)을...,www.xportsnews.com,2026-04-29T03:23:00,,ETC,,0.9,,,False,이정후가 MLB 내셔널리그 타격 9위에 올랐다.,이정후,,,True,"롯데 vs 키움 (홈) 5-4 승 | 결승타: 이호준(6회) | 타자 키플레이어: 전민재(롯데), 박주홍(키움), 레이예스(롯데) | 투수 키플레이어: 김원중(롯데), 현도훈(롯데), 박정민(롯데)"
516,"이정후한테 욕한, 상습범 다저스 포수…""오만한 선수""-""입 다물어야"" 현...","이후 샌프란시스코 자이언츠의 이정후와 설전을 벌이기도 했다""며 ""러싱은 오만한 젊은 선수로 낙인찍히고 있다. 겸손함을 되찾아야 한다는 인식이 확산되는 중이다""고 짚었다. 러싱은 지난 19일 콜로라도전서 패한 뒤...",www.spotvnews.co.kr,2026-04-29T03:22:00,,ETC,,0.9,,,False,이정후와 설전을 벌인 다저스 포수가 비난받고 있다.,이정후,,,True,"롯데 vs 키움 (홈) 5-4 승 | 결승타: 이호준(6회) | 타자 키플레이어: 전민재(롯데), 박주홍(키움), 레이예스(롯데) | 투수 키플레이어: 김원중(롯데), 현도훈(롯데), 박정민(롯데)"
517,"'7G 타율 5할' 제대로 감 잡은 이정후, WBC 콜드게임 패배 설욕 기회가 ...",‘7경기 타율 5할’의 뜨거운 페이스를 이어가고 있는 이정후(샌프란시스코 자이언츠)가 이번에는 설욕의 무대에 선다. 샌프란시스코는 29일(이하 한국시간)부터 미국 펜실베이니아주 필라델피아 시티즌스 뱅크...,www.osen.co.kr,2026-04-29T03:21:00,,PERFORMANCE_ANALYSIS,,0.9,,,False,이정후가 7경기 타율 5할의 뜨거운 페이스를 이어가고 있다.,이정후,,,True,"롯데 vs 키움 (홈) 5-4 승 | 결승타: 이호준(6회) | 타자 키플레이어: 전민재(롯데), 박주홍(키움), 레이예스(롯데) | 투수 키플레이어: 김원중(롯데), 현도훈(롯데), 박정민(롯데)"
518,"""엿 먹어라"" 이정후 향한 욕설! ""돼지 같은 놈"" 비하 발언까지…빌런 자...","그는 샌프란시스코 자이언츠와의 경기에서 이정후에게 ""엿 먹어라""고 욕설을 한 데 이어 이번에는 시카고 컵스 팬들을 공분케 했다. 지난 27일 열린 다저스와 시카고 컵스의 경기 장면을 두고 사회관계망서비스(SNS)에서는...",www.sportschosun.com,2026-04-29T01:32:00,,ETC,,0.9,,,False,이정후에게 욕설을 한 다저스 선수에 대한 비난이 이어지고 있다.,이정후,,,True,"롯데 vs 키움 (홈) 5-4 승 | 결승타: 이호준(6회) | 타자 키플레이어: 전민재(롯데), 박주홍(키움), 레이예스(롯데) | 투수 키플레이어: 김원중(롯데), 현도훈(롯데), 박정민(롯데)"
519,"""전준호 넘을 수 있을까?"" 박해민 가세로 다시 주목받는 KBO 역대 도루 T...","그는 롯데 자이언츠, 현대 유니콘스, 넥센 히어로즈를 거치며 통산 549도루를 기록했다. 오랜 세월 누구도 넘지 못한 불멸의 기록으로 남아 있다. 빠른 스타트와 과감한 주루 플레이는 당시 리그를 대표하는 무기였다....",www.ftimes.kr,2026-04-29T01:30:00,,ETC,,0.9,,,True,박해민이 KBO 역대 도루 기록에 주목받고 있다.,,neutral,,True,"롯데 vs 키움 (홈) 5-4 승 | 결승타: 이호준(6회) | 타자 키플레이어: 전민재(롯데), 박주홍(키움), 레이예스(롯데) | 투수 키플레이어: 김원중(롯데), 현도훈(롯데), 박정민(롯데)"
520,"""김혜성, 야마모토 등판 때마다 왜 그래?"" KIM 치명적 실책에 日 화 났나...","앞서 21일 야마모토가 등판한 샌프란시스코 자이언츠전에서도 송구 실책이 실점으로 이어진 바 있다. 이날 역시 2회 수비에서 바운드 송구가 나오는 등 불안한 장면이 이어졌다. 하지만, 옹호 의견도 적지 않았다. 매체...",www.xportsnews.com,2026-04-29T01:17:00,,ETC,,0.9,,,False,김혜성이 야마모토 등판 때마다 실책을 범하고 있다.,김혜성,,,True,"롯데 vs 키움 (홈) 5-4 승 | 결승타: 이호준(6회) | 타자 키플레이어: 전민재(롯데), 박주홍(키움), 레이예스(롯데) | 투수 키플레이어: 김원중(롯데), 현도훈(롯데), 박정민(롯데)"
521,"KBO 프로야구, 29일 경기 일정·선발 투수·중계→순위·예매 방법?","히어로즈-롯데 자이언츠(부산 사직야구장)에서 경기가 진행된다. 선발 투수는 삼성(오러클린)-두산(잭로그), LG(이정용)-KT(소형준), SSG(화이트)-한화(황준서), KIA(이의리)-NC(구창모), 키움(오석주)-롯데...",www.topstarnews.net,2026-04-29T00:32:00,,MATCH_RELATED,,0.9,,,True,29일 롯데와 키움의 경기가 예정되어 있다.,,neutral,,True,"롯데 vs 키움 (홈) 5-4 승 | 결승타: 이호준(6회) | 타자 키플레이어: 전민재(롯데), 박주홍(키움), 레이예스(롯데) | 투수 키플레이어: 김원중(롯데), 현도훈(롯데), 박정민(롯데)"
522,"[속보]28G 19패 PHI, 결국 칼 뺐다…톰슨 경질, 류현진 은사 감독 대행 임...","이어 '필라델피아는 샌프란시스코 자이언츠, 마이애미 말린스, 애슬레틱스, 콜로라도 로키스 등 승리 가능성이 높은 팀들과의 시리즈가 예정돼 있다'며 '최근 가을야구에서의 뼈아픈 패배, 초반 부진, 향후 이어질...",www.sportschosun.com,2026-04-29T00:21:00,,ETC,,0.9,,,False,롯데가 키움과의 경기에서 5-4로 승리했다.,전민재;이호준;김원중,,,True,"롯데 vs 키움 (홈) 5-4 승 | 결승타: 이호준(6회) | 타자 키플레이어: 전민재(롯데), 박주홍(키움), 레이예스(롯데) | 투수 키플레이어: 김원중(롯데), 현도훈(롯데), 박정민(롯데)"
523,"이정후 7G 5할 맹타 ""계약금 너무 커 불안했는데"" 美 매체 본심 드러냈나...","샌프란시스코 자이언츠 외야수 이정후가 최근 타석에서 맹타를 휘두르면서 자신의 가치를 증명 중이다.... 매체에 따르면 샌프란시스코 소식통 '자이언츠 토크'의 진행자 알렉스 파블로빅도 ""난 샌프란시스코가...",www.xportsnews.com,2026-04-29T00:15:00,,PERFORMANCE_ANALYSIS,,0.9,,,False,롯데가 키움과의 경기에서 5-4로 승리했다.,전민재;이호준;김원중,,,True,"롯데 vs 키움 (홈) 5-4 승 | 결승타: 이호준(6회) | 타자 키플레이어: 전민재(롯데), 박주홍(키움), 레이예스(롯데) | 투수 키플레이어: 김원중(롯데), 현도훈(롯데), 박정민(롯데)"
524,"""야구 계속 하게 해줘서 고마워, 사랑해""...방출과 재방출 거친 인고의...","현도훈은 28일 부산 사직구장에서 열린 프로야구 정규시즌 키움 히어로즈와의 경기에서 2-2로 맞선 6회초 마운드에 올라와 2이닝 1볼넷 무실점 역투를 펼쳤다. 이후 타선이 승기를 잡으면서 5-4로 승리, 2018년 데뷔 이후...",www.osen.co.kr,2026-04-29T00:14:00,,TRANSACTION_CONTRACT,,1.0,,,True,현도훈이 키움과의 경기에서 무실점으로 역투하며 승리에 기여했다.,현도훈,positive,,True,"롯데 vs 키움 (홈) 5-4 승 | 결승타: 이호준(6회) | 타자 키플레이어: 전민재(롯데), 박주홍(키움), 레이예스(롯데) | 투수 키플레이어: 김원중(롯데), 현도훈(롯데), 박정민(롯데)"
525,"2루수 땅볼만 친다더니…""이정후 재능 몰라봐서 미안"" 美 여론 급반전!...","""이정후가 재능 있는지 몰랐다."" 이정후(샌프란시스코 자이언츠)를 둘러싼 현지 시선이 급변했다. 이정후는 올 시즌 초 극심한 부진에 시달렸다. 지난 9일 필라델피아 필리스전까지 시즌 첫 13경기에서 타율 0.143...",www.sportalkorea.com,2026-04-29T00:10:00,,ETC,,0.9,,,False,롯데가 키움과의 경기에서 5-4로 승리했다.,전민재;이호준;김원중,,,True,"롯데 vs 키움 (홈) 5-4 승 | 결승타: 이호준(6회) | 타자 키플레이어: 전민재(롯데), 박주홍(키움), 레이예스(롯데) | 투수 키플레이어: 김원중(롯데), 현도훈(롯데), 박정민(롯데)"
526,[2026 프로야구 일정] 4월 29일 구단별 선발투수와 생중계 채널,▲ 잠실종합운동장-  삼성 라이온즈 오러클린 vs 두산 베어스 잭로그 (SPOTV) ▲ 부산사직야구장 - 키움 히어로즈 오석주 VS 롯데 자이언츠 로드리게스 (KBS N SPORT) ▲ 수원KT위즈파크 - LG 트윈스  이정용...,www.gukjenews.com,2026-04-29T00:06:00,,MATCH_RELATED,,0.9,,,True,롯데 자이언츠가 키움과의 경기에서 승리했다.,전민재;김원중,positive,,True,"롯데 vs 키움 (홈) 5-4 승 | 결승타: 이호준(6회) | 타자 키플레이어: 전민재(롯데), 박주홍(키움), 레이예스(롯데) | 투수 키플레이어: 김원중(롯데), 현도훈(롯데), 박정민(롯데)"
527,7~9번 그리고 장두성이 뚫은 롯데 공격 혈...존재감 보여준 백업→주전...,"롯데 자이언츠가 하위 타선, 백업 선수들의 타격 집중력을 앞세워 3연패를 막았다. 롯데는 28일 부산 사직구장에서 열린 2026 KBO리그 정규시즌 키움 히어로즈와의 홈 주중 3연전 1차전에서 5-4로 승리했다. 선발 투수...",isplus.com,2026-04-29T00:05:00,,PERFORMANCE_ANALYSIS,MATCH_RELATED,0.9,,,True,롯데가 하위 타선의 집중력으로 3연패를 막았다.,전민재;이호준;김원중,positive,,True,"롯데 vs 키움 (홈) 5-4 승 | 결승타: 이호준(6회) | 타자 키플레이어: 전민재(롯데), 박주홍(키움), 레이예스(롯데) | 투수 키플레이어: 김원중(롯데), 현도훈(롯데), 박정민(롯데)"
528,"'바깥쪽' 지배한 이정후, 데뷔 첫 3할 시즌 기대 [IS 포커스]",이정후(28·샌프란시스코 자이언츠)가 지난 시즌(2025) 약했던 코스의 대처 능력을 높이며 메이저리그(MLB) 데뷔 첫 시즌 3할 타율 진입을 예고했다. 이정후는 지난 27일(한국시간) 마이애미 말린스와의 홈 경기에 1번...,isplus.com,2026-04-29T00:05:00,,ETC,,0.9,,,False,롯데가 키움과의 경기에서 5-4로 승리했다.,전민재;이호준;김원중,,,True,"롯데 vs 키움 (홈) 5-4 승 | 결승타: 이호준(6회) | 타자 키플레이어: 전민재(롯데), 박주홍(키움), 레이예스(롯데) | 투수 키플레이어: 김원중(롯데), 현도훈(롯데), 박정민(롯데)"
529,"가장 극적인 마무리 투수 귀환...'시즌 1호 SV' 김원중 ""기분 좋은 종소...",롯데 자이언츠 프랜차이즈 최다 세이브 투수 김원중(33)이 극적인 서사 속에 올 시즌 첫 세이브를 기록했다. 김원중은 28일 부산 사직구장에서 열린 2026 KBO리그 정규시즌 키움 히어로즈와의 홈 주중 3연전 1차전에서...,isplus.com,2026-04-29T00:03:00,,PERFORMANCE_ANALYSIS,MATCH_RELATED,0.9,,,True,롯데가 김원중의 극적인 세이브로 키움을 이겼다.,김원중,positive,,True,"롯데 vs 키움 (홈) 5-4 승 | 결승타: 이호준(6회) | 타자 키플레이어: 전민재(롯데), 박주홍(키움), 레이예스(롯데) | 투수 키플레이어: 김원중(롯데), 현도훈(롯데), 박정민(롯데)"
530,"두산 육성 입단→방출→롯데 새출발→9년 만의 첫 승, 현도훈이 아내에...","""고맙고 사랑해"" 롯데 자이언츠 현도훈은 28일 부산 사직구장에서 열린 2026 신한은행 SOL Bank KBO리그 키움 히어로즈와 팀 간 시즌 4차전 홈 맞대결에 구원 등판해 2이닝 1볼넷 무실점을 기록, 데뷔 9년 만에 첫 승의 감격을...",www.spotvnews.co.kr,2026-04-29T00:02:00,,TRANSACTION_CONTRACT,,1.0,,,True,현도훈이 9년 만에 첫 승을 기록하며 기쁨을 나눴다.,현도훈,positive,,True,"롯데 vs 키움 (홈) 5-4 승 | 결승타: 이호준(6회) | 타자 키플레이어: 전민재(롯데), 박주홍(키움), 레이예스(롯데) | 투수 키플레이어: 김원중(롯데), 현도훈(롯데), 박정민(롯데)"
531,"""기이한 규정"" 상대 감독 저격 노관심? 선발 등판 오타니, 이도류 또 접...",오타니는 지난 23일 샌프란시스코 자이언츠에 선발 등판해 6이닝 5안타 무4사구 7탈삼진 무실점을 기록했다. 이후 5일 휴식을 취하고 29일 마이애미전 선발로 예고됐다. 미국 스포츠일러스트레이티드(SI)는 '이는...,www.sportschosun.com,2026-04-29T00:00:00,,ETC,,0.9,,,False,오타니의 선발 등판 소식은 롯데와 관련 없다.,,,,False,"롯데 vs 키움 (홈) 5-4 승 | 결승타: 이호준(6회) | 타자 키플레이어: 전민재(롯데), 박주홍(키움), 레이예스(롯데) | 투수 키플레이어: 김원중(롯데), 현도훈(롯데), 박정민(롯데)"
532,"'전민재 3안타 맹타·김원중 벼랑 끝 세이브' 롯데, 키움 잡고 반격의 5...",최하위에 머물러 있던 롯데 자이언츠가 9위 키움 히어로즈와의 '단두대 매치'에서 혈투 끝에 신승을 거두며 탈꼴찌를 향한 반격의 서막을 열었다. 롯데는 28일 부산 사직구장에서 열린 2026 신한 SOL KBO리그 정규시즌...,www.fnnews.com,2026-04-28T23:35:00,,MATCH_RELATED,PERFORMANCE_ANALYSIS,0.9,,,True,전민재의 3안타와 김원중의 세이브로 롯데가 승리했다.,전민재;김원중,positive,,True,"롯데 vs 키움 (홈) 5-4 승 | 결승타: 이호준(6회) | 타자 키플레이어: 전민재(롯데), 박주홍(키움), 레이예스(롯데) | 투수 키플레이어: 김원중(롯데), 현도훈(롯데), 박정민(롯데)"
533,반격 성공한 최하위 롯데…선두 사수한 kt,"< 김원중 / 롯데 자이언츠 > ""몸이 늦게 올라오는 부분도 있지만 프로 선수라면 그런 거는 야구장에서 아무런 핑계가 되지 않는다고 생각하고요. 제가 조금 더 잘 만들어야 했고, 조금 더 빨리 끌어올려야 했는데 제...",www.yonhapnewstv.co.kr,2026-04-28T23:33:00,,INTERVIEW,PERFORMANCE_ANALYSIS,0.9,,,True,김원중이 반격 성공에 대한 소감을 밝혔다.,김원중,positive,,True,"롯데 vs 키움 (홈) 5-4 승 | 결승타: 이호준(6회) | 타자 키플레이어: 전민재(롯데), 박주홍(키움), 레이예스(롯데) | 투수 키플레이어: 김원중(롯데), 현도훈(롯데), 박정민(롯데)"
534,'1할에서 0.313까지' 이정후의 최근 15일은 NL 어떤 타자도 따라오지 못...,"홈 6연전에서 폭발한 이정후(샌프란시스코 자이언츠)가 미국 동부 원정에서도 상승세를 이어갈지 주목된다. 이정후는 29일~5월 1일(한국시간) 필라델피아, 5월 2~4일 탬파베이와 원정 3연전을 차례로 치른다. 28일...",www.maniareport.com,2026-04-28T23:10:00,,ETC,,0.9,,,False,이정후의 상승세가 롯데와는 관련이 없다.,,,,False,"롯데 vs 키움 (홈) 5-4 승 | 결승타: 이호준(6회) | 타자 키플레이어: 전민재(롯데), 박주홍(키움), 레이예스(롯데) | 투수 키플레이어: 김원중(롯데), 현도훈(롯데), 박정민(롯데)"
535,"KBO 프로야구, 28일 경기 결과→현재 팀 순위?","히어로즈-롯데 자이언츠(부산 사직야구장)에서 경기가 진행됐다. 경기 결과 삼성-두산 5:4, LG-KT 5:6, SSG-한화 6:7, KIA-NC 4:5, 키움-롯데 4:5로 경기가 종료됐다. 현재 팀 순위는 1위 KT(18승 8패), 2위 LG(16승 9패)...",www.topstarnews.net,2026-04-28T22:58:00,,MATCH_RELATED,,0.9,,,True,롯데가 키움과의 경기에서 5-4로 승리했다.,전민재;김원중,positive,,True,"롯데 vs 키움 (홈) 5-4 승 | 결승타: 이호준(6회) | 타자 키플레이어: 전민재(롯데), 박주홍(키움), 레이예스(롯데) | 투수 키플레이어: 김원중(롯데), 현도훈(롯데), 박정민(롯데)"
536,"'1-0→1-2→2-2→5-2→-5-4' 롯데 연패 끊었다, 김태형 감독 ""현도훈 잘 ...","""현도훈 잘 던졌고, 김원중 깔끔했다"" 롯데 자이언츠는 28일 부산 사직구장에서 열린 2026 신한은행 SOL Bank KBO리그 키움 히어로즈와 팀 간 시즌 4차전 홈 맞대결에서 5-4로 승리했다. 롯데는 지난주 1승 1무 4패로 최악의 한...",www.spotvnews.co.kr,2026-04-28T22:57:00,,MATCH_RELATED,PERFORMANCE_ANALYSIS,0.9,,,True,롯데가 키움과의 경기에서 연패를 끊고 승리했다.,김원중;현도훈,positive,,True,"롯데 vs 키움 (홈) 5-4 승 | 결승타: 이호준(6회) | 타자 키플레이어: 전민재(롯데), 박주홍(키움), 레이예스(롯데) | 투수 키플레이어: 김원중(롯데), 현도훈(롯데), 박정민(롯데)"
537,[프로야구] 전적 종합(28일),= ◆잠실 삼성 000 210 000 2 | 5 두산 000 000 003 1 | 4 <연장 10회> △승리투수=김재윤(1승1패4세이브) △세이브=이승현(3승1패1세이브) △패전투수=김정우(1패) ◆사직 키움 000 020 002 | 4 롯데 010 013...,www.news1.kr,2026-04-28T22:39:00,,MATCH_RELATED,,0.9,,,True,롯데가 키움과의 경기에서 5-4로 승리했다.,,positive,,True,"롯데 vs 키움 (홈) 5-4 승 | 결승타: 이호준(6회) | 타자 키플레이어: 전민재(롯데), 박주홍(키움), 레이예스(롯데) | 투수 키플레이어: 김원중(롯데), 현도훈(롯데), 박정민(롯데)"
538,[프로야구] 29일 선발투수 예고,= ◆잠실 삼성 오러클린 두산 잭로그 ◆사직 키움 오석주 롯데 로드리게스 ◆수원 LG 이정용 KT 소형준 ◆대전 SSG 화이트 한화 황준서 ◆창원 KIA 이의리 NC 구창모,www.news1.kr,2026-04-28T22:39:00,,ETC,,0.9,,,False,롯데의 다음 선발투수는 로드리게스다.,,,,False,"롯데 vs 키움 (홈) 5-4 승 | 결승타: 이호준(6회) | 타자 키플레이어: 전민재(롯데), 박주홍(키움), 레이예스(롯데) | 투수 키플레이어: 김원중(롯데), 현도훈(롯데), 박정민(롯데)"
539,"롯데 간신히 2연패 탈출! 탈꼴찌 보이나...""위기 등판한 김원중, 깔끔하...",롯데 자이언츠가 천신만고 끝에 2연패를 탈출했다. 김원중이 시즌 첫 세이브를 거뒀다. 김태형 감독이 이끄는 롯데 자이언츠는 28일 부산 사직구장에서 열린 ‘2026 신한 SOL KBO리그’ 정규시즌 키움 히어로즈와의...,www.osen.co.kr,2026-04-28T22:31:00,,MATCH_RELATED,PERFORMANCE_ANALYSIS,0.9,,,True,롯데가 2연패를 탈출하며 승리했다.,김원중,positive,,True,"롯데 vs 키움 (홈) 5-4 승 | 결승타: 이호준(6회) | 타자 키플레이어: 전민재(롯데), 박주홍(키움), 레이예스(롯데) | 투수 키플레이어: 김원중(롯데), 현도훈(롯데), 박정민(롯데)"
540,"'무려 11G 만에 첫 SV' 김원중 부활! ""마음고생? 사람이면 당연→오랜만...",롯데 자이언츠의 홈구장인 사직야구장에 마침내 김원중(33)을 상징하는 '지옥의 종소리'가 9회에 울려 퍼졌다. 김원중이 무려 11경기 만에 세이브를 적립한 뒤 시즌 초반 부진에 대해 솔직한 마음을 털어놨다. 롯데는 28일...,www.starnewskorea.com,2026-04-28T22:29:00,,PERFORMANCE_ANALYSIS,,0.9,,,True,김원중이 11경기 만에 세이브를 기록했다.,김원중,positive,,True,"롯데 vs 키움 (홈) 5-4 승 | 결승타: 이호준(6회) | 타자 키플레이어: 전민재(롯데), 박주홍(키움), 레이예스(롯데) | 투수 키플레이어: 김원중(롯데), 현도훈(롯데), 박정민(롯데)"
541,"롯데, 사직구장에서 3승째...김태형 감독 ""야구장을 찾아 성원을 보내주...",롯데 자이언츠가 4경기 만에 승리하며 '탈꼴찌' 발판을 만들었다. 롯데는 28일 부산 사직구장에서 열린 2026 KBO리그 정규시즌 키움 히어로즈와의 홈 주중 3연전 1차전에서 5-4로 승리했다. 선발 투수 김진욱이 5이닝...,isplus.com,2026-04-28T22:22:00,,MATCH_RELATED,,0.9,,,True,롯데가 키움과의 경기에서 승리하며 탈꼴찌를 노린다.,,positive,,True,"롯데 vs 키움 (홈) 5-4 승 | 결승타: 이호준(6회) | 타자 키플레이어: 전민재(롯데), 박주홍(키움), 레이예스(롯데) | 투수 키플레이어: 김원중(롯데), 현도훈(롯데), 박정민(롯데)"
542,"현도훈 데뷔 9년 만에 첫 승...최하위 롯데, 9위 키움 5대4로 따돌려",프로야구 5경기의 승패는 모두 한 점차로 가려졌다. 10구단 체제에선 2015년 8월15일에 이어 통산 두 번째였다. 특히 5경기 중 3경기에선 연장 접전이 펼쳐졌다. 롯데는 사직에서 키움을 5대4로 누르고 2연패에서...,www.chosun.com,2026-04-28T22:16:00,,MATCH_RELATED,,0.9,,,True,롯데가 키움과의 경기에서 5-4로 승리했다.,,positive,,True,"롯데 vs 키움 (홈) 5-4 승 | 결승타: 이호준(6회) | 타자 키플레이어: 전민재(롯데), 박주홍(키움), 레이예스(롯데) | 투수 키플레이어: 김원중(롯데), 현도훈(롯데), 박정민(롯데)"
543,"‘김원중 부활 신호탄’ 롯데, 9위 키움 꺾고 연패 탈출…탈꼴찌 시동",프로야구 롯데자이언츠가 안방서 키움 히어로즈에 진땀승을 거두고 탈꼴찌 싸움에 불을 붙였다. 롯데는 28일 부산 사직구장에서 열린 2026 신한 SOL KBO리그 정규시즌 키움과 홈 경기에서 5-4로 승리했다. 이로써 2연패에서...,www.dailian.co.kr,2026-04-28T22:13:00,,MATCH_RELATED,,0.9,,,True,롯데가 키움에 승리하며 탈꼴찌에 시동을 걸었다.,김원중;전민재,positive,,True,"롯데 vs 키움 (홈) 5-4 승 | 결승타: 이호준(6회) | 타자 키플레이어: 전민재(롯데), 박주홍(키움), 레이예스(롯데) | 투수 키플레이어: 김원중(롯데), 현도훈(롯데), 박정민(롯데)"
544,"3160일 만에 거둔 '첫 승' 후 공개 고백! ""고맙고 사랑해~"" → 롯데 현도...",롯데 자이언츠 현도훈(33)이 감격의 프로 첫 승을 신고했다. 현도훈은 아내에게 영광을 바쳤다. 롯데는 28일 부산 사직구장에서 열린 키움과 경기에서 5대4로 승리했다. 현도훈은 2-2로 맞선 6회초 팀의 두 번째 투수로 구원...,www.sportschosun.com,2026-04-28T22:06:00,,MATCH_RELATED,INTERVIEW,0.9,,,True,현도훈이 프로 첫 승을 신고하며 감격의 순간을 맞이했다.,현도훈,positive,,True,"롯데 vs 키움 (홈) 5-4 승 | 결승타: 이호준(6회) | 타자 키플레이어: 전민재(롯데), 박주홍(키움), 레이예스(롯데) | 투수 키플레이어: 김원중(롯데), 현도훈(롯데), 박정민(롯데)"
545,"프로야구 최하위 롯데, 9위 키움에 진땀승…탈꼴찌 시동",▲ 역투하는 김진욱 프로야구 최하위 롯데 자이언츠가 9위 키움 히어로즈를 잡고 탈꼴찌 시동을 걸었습니다. 롯데는 오늘(28일) 부산 사직구장에서 열린 2026 신한 SOL KBO리그 정규시즌 키움과 홈 경기에서 5대 4로...,news.sbs.co.kr,2026-04-28T21:38:00,,MATCH_RELATED,,0.9,,,True,롯데가 키움에 승리하며 탈꼴찌를 위한 발판을 마련했다.,김진욱,positive,,True,"롯데 vs 키움 (홈) 5-4 승 | 결승타: 이호준(6회) | 타자 키플레이어: 전민재(롯데), 박주홍(키움), 레이예스(롯데) | 투수 키플레이어: 김원중(롯데), 현도훈(롯데), 박정민(롯데)"
546,"[AI상보] 롯데 구한 김원중, 키움 4연승도 저지...롯데 최하위 탈출 발판...",[사진 = 롯데 자이언츠] 2026.04.22 wcn05002@newspim.com 경기 초반은 투수전 양상이었다. 롯데 선발 김진욱과 키움 선발 라울 알칸타라가 나란히 안정적인 피칭을 이어가며 팽팽한 흐름을 만들었다. 균형을 먼저 깬 쪽은...,www.newspim.com,2026-04-28T21:33:00,,MATCH_RELATED,,0.9,,,True,김원중이 롯데의 승리를 이끌며 탈꼴찌의 발판이 되었다.,김원중,positive,,True,"롯데 vs 키움 (홈) 5-4 승 | 결승타: 이호준(6회) | 타자 키플레이어: 전민재(롯데), 박주홍(키움), 레이예스(롯데) | 투수 키플레이어: 김원중(롯데), 현도훈(롯데), 박정민(롯데)"
547,"'5년 연속 최하위' 프로농구 삼성, 경험 많은 새 감독 찾는다","지난 시즌까지 삼성은 롯데 자이언츠(야구·2001~2004년), 광무 상무(축구·2005~2008년), 아산 우리은행(여자농구·2009~2012년), 페퍼저축은행(여자배구·2022~2025년) 등과 공동으로 4시즌 연속 최하위를 기록 중이었다....",www.newsis.com,2026-04-28T21:32:00,,ETC,,,gpt_missing_index,,True,삼성이 최하위 탈출을 위해 새로운 감독을 찾고 있다.,,neutral,,False,"롯데 vs 키움 (홈) 5-4 승 | 결승타: 이호준(6회) | 타자 키플레이어: 전민재(롯데), 박주홍(키움), 레이예스(롯데) | 투수 키플레이어: 김원중(롯데), 현도훈(롯데), 박정민(롯데)"
548,"깨어난 롯데 타선, 키움 잡고 시즌 8승 달성","롯데는 28일 부산 사직야구장에서 열린 2026 KBO리그 키움 히어로즈와 홈경기에서 5-4로 승리했다. 롯데는 지난주 두산, 기아전에서 1승 4패 1무로 부진했지만 이날 승리로 9위 키움과 승차를 1게임 차로 줄였다. 롯데는...",www.busan.com,2026-04-28T21:20:00,,MATCH_RELATED,,0.9,,,True,롯데가 키움과의 경기에서 시즌 8승을 달성했다.,전민재,positive,,True,"롯데 vs 키움 (홈) 5-4 승 | 결승타: 이호준(6회) | 타자 키플레이어: 전민재(롯데), 박주홍(키움), 레이예스(롯데) | 투수 키플레이어: 김원중(롯데), 현도훈(롯데), 박정민(롯데)"
549,"알칸타라 무너뜨린 '최하위' 롯데, 9위 키움 4연승 간신히 저지! 탈꼴찌...",'최하위' 롯데 자이언츠가 '9위' 키움 히어로즈의 4연승을 무산시키며 격차를 1경기 차이로 좁혔다. 롯데는 28일 부산 사직야구장에서 열린 '2026 신한 SOL KBO리그' 키움과 홈 경기서 5-4로 이겼다. 5-2로 앞선 상황에서 9회...,www.starnewskorea.com,2026-04-28T21:19:00,,MATCH_RELATED,,0.9,,,True,롯데가 키움의 4연승을 저지하며 탈꼴찌에 가까워졌다.,,positive,,True,"롯데 vs 키움 (홈) 5-4 승 | 결승타: 이호준(6회) | 타자 키플레이어: 전민재(롯데), 박주홍(키움), 레이예스(롯데) | 투수 키플레이어: 김원중(롯데), 현도훈(롯데), 박정민(롯데)"
550,"3160일 만에 데뷔 첫 승! 현도훈 감격승+김원중 부활! → 롯데, 5-4 키움...",롯데 자이언츠가 키움 히어로즈를 잡고 연패에서 탈출했다. 롯데는 28일 부산 사직구장에서 열린 키움과 경기에서 5대4로 승리했다. 롯데 선발 김진욱이 5이닝 2실점으로 제 몫을 다했다. 현도훈이 프로 데뷔 첫 승을...,www.sportschosun.com,2026-04-28T21:19:00,,MATCH_RELATED,PERFORMANCE_ANALYSIS,0.9,,,True,롯데가 키움에 승리하며 연패에서 탈출했다.,현도훈;김진욱,positive,,True,"롯데 vs 키움 (홈) 5-4 승 | 결승타: 이호준(6회) | 타자 키플레이어: 전민재(롯데), 박주홍(키움), 레이예스(롯데) | 투수 키플레이어: 김원중(롯데), 현도훈(롯데), 박정민(롯데)"
551,클로저 김원중 컴백! 시즌 첫 SV 달성! 이호준-장두성 백업 3타점 맹활약...,프로야구 롯데 자이언츠가 천신만고 끝에 2연패를 끊어내고 탈꼴찌의 희망을 가져갔다. 롯데는 28일 부산 사직구장에서 열린 ‘2026 신한 SOL KBO리그’ 정규시즌 키움 히어로즈와의 경기에서 5-4로 신승을 거뒀다. 롯데는...,www.osen.co.kr,2026-04-28T21:18:00,,MATCH_RELATED,PERFORMANCE_ANALYSIS,0.9,,,True,김원중이 시즌 첫 세이브를 기록하며 팀에 기여했다.,김원중,positive,,True,"롯데 vs 키움 (홈) 5-4 승 | 결승타: 이호준(6회) | 타자 키플레이어: 전민재(롯데), 박주홍(키움), 레이예스(롯데) | 투수 키플레이어: 김원중(롯데), 현도훈(롯데), 박정민(롯데)"
552,"'육성출신' 현도훈, 데뷔 9년 만에 첫 승…김원중이 지켰다! 롯데, 2연패...","그리고 전민재와 이호준, 장두성 등 상·하위 타선의 활약 속에 롯데 자이언츠가 2연패를 끊어냈다. 롯데는 28일 부산 사직구장에서 열린 2026 신한은행 SOL Bank KBO리그 키움 히어로즈와 팀 간 시즌 4차전 홈 맞대결에서 5...",www.spotvnews.co.kr,2026-04-28T21:18:00,,MATCH_RELATED,PERFORMANCE_ANALYSIS,0.9,,,True,롯데가 키움과의 경기에서 5-4로 승리하며 2연패를 끊었다.,현도훈;김원중;이호준,positive,,True,"롯데 vs 키움 (홈) 5-4 승 | 결승타: 이호준(6회) | 타자 키플레이어: 전민재(롯데), 박주홍(키움), 레이예스(롯데) | 투수 키플레이어: 김원중(롯데), 현도훈(롯데), 박정민(롯데)"
553,"'클로저 김원중의 귀환'...롯데 자이언츠, 키움 꺾고 올 시즌 가장 값진...",롯데 자이언츠가 2연패를 끊고 홈에서 올 시즌 3승째를 거뒀다. 롯데는 28일 부산 사직구장에서 열린 2026 KBO리그 정규시즌 키움 히어로즈와의 홈 주중 3연전 1차전에서 5-4로 승리했다. 선발 투수 김진욱이 5회까지 키움...,isplus.com,2026-04-28T21:17:00,,MATCH_RELATED,PERFORMANCE_ANALYSIS,0.9,,,True,롯데가 키움과의 경기에서 5-4로 승리하며 2연패를 끊었다.,김원중;이호준;전민재,positive,,True,"롯데 vs 키움 (홈) 5-4 승 | 결승타: 이호준(6회) | 타자 키플레이어: 전민재(롯데), 박주홍(키움), 레이예스(롯데) | 투수 키플레이어: 김원중(롯데), 현도훈(롯데), 박정민(롯데)"
554,"'최고의 가성비' LG 웰스, 선두 KT 타선도 원천봉쇄…6이닝 8K 무실점",웰스는 지난 15일 잠실 롯데 자이언츠전에서 3회초 손성빈에게 솔로포를 맞은 이후 18이닝 동안 한 점도 허용하지 않았다. 지난 22일 잠실 한화 이글스전에선 8이닝 1피안타 1볼넷 7탈삼진 무실점으로 완벽한 투구를...,www.news1.kr,2026-04-28T20:43:00,,ETC,,0.9,,,False,LG 웰스가 롯데 타선을 봉쇄하며 무실점 투구를 했다.,,,,True,"롯데 vs 키움 (홈) 5-4 승 | 결승타: 이호준(6회) | 타자 키플레이어: 전민재(롯데), 박주홍(키움), 레이예스(롯데) | 투수 키플레이어: 김원중(롯데), 현도훈(롯데), 박정민(롯데)"
555,사직구장만 서면 흔들리는 알칸타라...가라앉은 롯데 타선 상대 올 시즌...,라울 알칸타라(32·키움 히어로즈)가 가라앉았던 롯데 자이언츠 타선에 무너지며 올 시즌 최다 실점을 기록했다. 알칸타라는 28일 부산 사직구장에서 열린 2026 KBO리그 정규시즌 롯데 자이언츠와의 원정 주중 3연전...,isplus.com,2026-04-28T20:34:00,,MATCH_RELATED,PERFORMANCE_ANALYSIS,0.9,,,True,알칸타라가 롯데 타선에 무너지며 최다 실점을 기록했다.,,negative,,True,"롯데 vs 키움 (홈) 5-4 승 | 결승타: 이호준(6회) | 타자 키플레이어: 전민재(롯데), 박주홍(키움), 레이예스(롯데) | 투수 키플레이어: 김원중(롯데), 현도훈(롯데), 박정민(롯데)"
556,4회까지 완벽했던 김진욱...강했던 우타자 승부에서 연속 볼넷 실점→시...,"김진욱(24·롯데 자이언츠)이 2026시즌 3승 달성에 실패했다. 김진욱은 28일 부산 사직구장에서 열린 2026 KBO리그 정규시즌 키움 히어로즈와의 홈 주중 3연전 1차전에 롯데 선발 투수로 등판, 5이닝 동안 4피안타 2볼넷...",isplus.com,2026-04-28T20:17:00,,PERFORMANCE_ANALYSIS,,0.9,,,True,김진욱이 5이닝 동안 좋은 투구를 했으나 아쉬운 결과를 남겼다.,김진욱,neutral,,True,"롯데 vs 키움 (홈) 5-4 승 | 결승타: 이호준(6회) | 타자 키플레이어: 전민재(롯데), 박주홍(키움), 레이예스(롯데) | 투수 키플레이어: 김원중(롯데), 현도훈(롯데), 박정민(롯데)"
557,[대담한K] 박형준 국민의힘 부산시장 후보에게 듣는다,"[앵커] 야구장 공약을 보면, 그동안은 사직구장 재건축이 진행 중이어서 북항 야구장에 부정적인 입장이었습니다. 그런데 상대 후보의 북항 돔구장을 공약하자, 최근 북항도 검토할 수 있다며 입장에 변화를 줬습니다....",news.kbs.co.kr,2026-04-28T20:00:00,,ETC,,0.9,,,False,부산시장 후보가 야구장 공약에 대해 입장을 변화시켰다.,,,,False,"롯데 vs 키움 (홈) 5-4 승 | 결승타: 이호준(6회) | 타자 키플레이어: 전민재(롯데), 박주홍(키움), 레이예스(롯데) | 투수 키플레이어: 김원중(롯데), 현도훈(롯데), 박정민(롯데)"
558,"스포츠토토, 프로야구 한국시리즈 우승팀 맞히기 게임 발매","LG 트윈스(3.00)와 키움 히어로즈(100.00)는 변동이 없었고, 한화 이글스(7.00→9.00), 삼성 라이온즈(4.50→5.00), NC 다이노스(9.00→10.00), 롯데 자이언츠(40.00→50.00), KIA 타이거즈(10.00→11.00), 두산 베어스(20.00→25....",sports.khan.co.kr,2026-04-28T19:37:00,,ETC,,0.9,,,True,롯데 자이언츠의 한국시리즈 우승 확률이 하락했다.,,negative,,False,"롯데 vs 키움 (홈) 5-4 승 | 결승타: 이호준(6회) | 타자 키플레이어: 전민재(롯데), 박주홍(키움), 레이예스(롯데) | 투수 키플레이어: 김원중(롯데), 현도훈(롯데), 박정민(롯데)"
559,"'연속 안타' 기록 멈춘 SSG 박성한, 1회 선두타자 홈런으로 재시동","유격수로 선발 출전해 1회 홈런을 기록했다. 시즌 2호 홈런이자, 개인 통산 첫 1회초 선두타자 홈런이다.... 지난 21일 대구 삼성 라이온즈전을 통해 1982년 김용희(당시 롯데 자이언츠)가 작성한 개막 후 18경기 연속...",www.newsis.com,2026-04-28T18:52:00,,PERFORMANCE_ANALYSIS,MATCH_RELATED,0.9,,,True,SSG 박성한이 홈런으로 연속 안타 기록을 재시동했다.,,neutral,,False,"롯데 vs 키움 (홈) 5-4 승 | 결승타: 이호준(6회) | 타자 키플레이어: 전민재(롯데), 박주홍(키움), 레이예스(롯데) | 투수 키플레이어: 김원중(롯데), 현도훈(롯데), 박정민(롯데)"
560,"양현종 ""살아남고자 공부""…KBO 첫 2천200탈삼진 기록",양현종은 지난 25일 광주-기아챔피언스필드에서 열린 '2026 신한 SOL Bank KBO리그' 롯데 자이언츠와의 경기에서 선발 등판했다. 이날 경기 1회초 양현종은 상대 선두 타자 한태양을 삼진으로 돌려세웠다. 이 삼진으로...,www.namdonews.com,2026-04-28T18:50:00,,PERFORMANCE_ANALYSIS,MATCH_RELATED,0.9,,,True,양현종이 KBO 첫 2천200탈삼진 기록을 세웠다.,,neutral,,False,"롯데 vs 키움 (홈) 5-4 승 | 결승타: 이호준(6회) | 타자 키플레이어: 전민재(롯데), 박주홍(키움), 레이예스(롯데) | 투수 키플레이어: 김원중(롯데), 현도훈(롯데), 박정민(롯데)"
561,"스포츠토토, 2026 KBO KS 우승팀 맞히기 게임 발매…7월9일까지 참여 가...",이번 상품은 2026시즌 국내 프로야구를 대상으로 KS 최종 승리팀을 예측하는 장기형 게임이다. 21일... 롯데 선수단이 21일 부산 사직구장에서 열린 2026 KBO리그 두산전에서2-6으로 패한 뒤 아쉬운 표정을...,www.sportsseoul.com,2026-04-28T17:58:00,,ETC,,0.9,,,True,롯데가 두산전에서 아쉬운 패배를 겪었다.,,negative,,True,"롯데 vs 키움 (홈) 5-4 승 | 결승타: 이호준(6회) | 타자 키플레이어: 전민재(롯데), 박주홍(키움), 레이예스(롯데) | 투수 키플레이어: 김원중(롯데), 현도훈(롯데), 박정민(롯데)"
562,[브리프] 농심 오뚜기 삼양식품 삼립 外,"광고는 '직장인편', '야구응원편', '통합편' 등 총 3편으로 구성됐다. 일상 속 에너지가 떨어지는 상황을... 오는 5월 9일에는 롯데자이언츠 사직구장에서 '에브리타임 매치데이'를 진행한다. ■ hy, 가정의 달 건강식품...",www.s-journal.co.kr,2026-04-28T17:42:00,,ETC,,0.9,,,True,롯데자이언츠가 '에브리타임 매치데이'를 진행한다.,,positive,,True,"롯데 vs 키움 (홈) 5-4 승 | 결승타: 이호준(6회) | 타자 키플레이어: 전민재(롯데), 박주홍(키움), 레이예스(롯데) | 투수 키플레이어: 김원중(롯데), 현도훈(롯데), 박정민(롯데)"
563,"[핌in잠실] '첫 안타=홈런' 임종성, 선발 라인업 올라…'두산 3루수' 후...",두산은 28일 서울 잠실야구장에서 열리는 삼성과 2026 신한 SOL KBO리그 경기에서 반등을 노린다. 이날... 지난 22일 사직 롯데전에서 6이닝 동안 94개의 공을 던지며 6피안타 1사사구 7탈삼진 1실점(1자책점)으로 시즌 첫...,www.newspim.com,2026-04-28T17:42:00,,MATCH_RELATED,,0.9,,,True,두산이 삼성과의 경기에서 반등을 노린다.,,neutral,,True,"롯데 vs 키움 (홈) 5-4 승 | 결승타: 이호준(6회) | 타자 키플레이어: 전민재(롯데), 박주홍(키움), 레이예스(롯데) | 투수 키플레이어: 김원중(롯데), 현도훈(롯데), 박정민(롯데)"
564,[인터뷰] 롯데 야구와 한동훈의 닮은 꼴…“불리해도 끝까지 간다”,"불리해도 끝까지 간다는 거죠."" 지난달 14일 부산 사직야구장에서 한동훈 전 국민의힘 대표가 고(故) 최동원 선수의 등번호 11번이 새겨진 롯데 자이언츠 유니폼을 입고 경기를 관람했다. 일주일 전에도 부산 구포시장을...",www.ekn.kr,2026-04-28T17:30:00,,INTERVIEW,,0.9,,,True,한동훈이 롯데 유니폼을 입고 경기를 관람했다.,,neutral,,True,"롯데 vs 키움 (홈) 5-4 승 | 결승타: 이호준(6회) | 타자 키플레이어: 전민재(롯데), 박주홍(키움), 레이예스(롯데) | 투수 키플레이어: 김원중(롯데), 현도훈(롯데), 박정민(롯데)"
565,"'이럴수가' 두산 날벼락, 안우진 만난다…봉인 해제→첫 승도 노린다 ""5...",키움 히어로즈 안우진이 1일 네 번째 선발 등판을 갖는다. 이제는 투구수와 이닝에 대한 특별한 제한도 없다. 설종진 감독은 28일 부산 사직구장에서 열리는 2026 신한은행 SOL Bank KBO리그 롯데 자이언츠와 팀 간 시즌 4차전...,www.spotvnews.co.kr,2026-04-28T17:27:00,,MATCH_RELATED,,0.9,,,True,키움의 안우진이 롯데와의 경기에서 첫 승을 노린다.,,neutral,,True,"롯데 vs 키움 (홈) 5-4 승 | 결승타: 이호준(6회) | 타자 키플레이어: 전민재(롯데), 박주홍(키움), 레이예스(롯데) | 투수 키플레이어: 김원중(롯데), 현도훈(롯데), 박정민(롯데)"
566,“손을 많이 쓴다” 한동희와 윤동희의 슬픈 공통점…강정호 날카로운...,이상 롯데 자이언츠)의 스윙에 위와 같은 공통된 문제가 있다고 지적했다. 영상을 통해 좋았을 때와 지금의... 윤동희는 올 시즌 17경기서 63타수 12안타 타율 0.190 3홈런 7타점 3득점 OPS 0.620이다. 윤동희는 4번타자를...,www.mydaily.co.kr,2026-04-28T17:00:00,,ETC,,,gpt_missing_index,,True,롯데의 윤동희가 슬픈 공통점을 지적받았다.,윤동희,negative,,True,"롯데 vs 키움 (홈) 5-4 승 | 결승타: 이호준(6회) | 타자 키플레이어: 전민재(롯데), 박주홍(키움), 레이예스(롯데) | 투수 키플레이어: 김원중(롯데), 현도훈(롯데), 박정민(롯데)"
567,"유강남 선발 복귀, 롯데 9위 키움과 끝장 승부",롯데는 28일 부산 사직야구장에서 열리는 2026 KBO리그 키움 히어로즈와의 시즌 4차전에서 장두성(중견수)-빅터 레이예스(우익수)-노진혁(1루수)-전준우(좌익수)-한동희(지명타자)-유강남(포수)-박승욱(3루수)-전민재...,www.busan.com,2026-04-28T16:35:00,,INJURY_ROSTER,,1.0,,,True,유강남이 롯데의 선발 라인업에 복귀했다.,유강남,positive,,True,"롯데 vs 키움 (홈) 5-4 승 | 결승타: 이호준(6회) | 타자 키플레이어: 전민재(롯데), 박주홍(키움), 레이예스(롯데) | 투수 키플레이어: 김원중(롯데), 현도훈(롯데), 박정민(롯데)"
568,"박보검, 일상 속 건강 루틴 제안…에브리타임 광고 공개","이번 광고는 ‘직장인편’, ‘야구응원편’, ‘통합편’으로 총 세 편으로 제작됐다. 박보검은 각기 다른... 또한 다음 달 9일에는 롯데 자이언츠 사직구장에서 에브리타임 메치데이를 열고 전 관중 대상 제품 증정 및...",www.sportsseoul.com,2026-04-28T16:34:00,,ETC,,,gpt_missing_index,,True,박보검이 롯데 자이언츠와 함께 건강 루틴을 제안했다.,,positive,,True,"롯데 vs 키움 (홈) 5-4 승 | 결승타: 이호준(6회) | 타자 키플레이어: 전민재(롯데), 박주홍(키움), 레이예스(롯데) | 투수 키플레이어: 김원중(롯데), 현도훈(롯데), 박정민(롯데)"
569,"“면담 했다. 바로 올려야지” 도박 징계 2인방, 어린이날 복귀 못 박은...","“써야죠.” 프로야구 롯데 자이언츠 김태형 감독은 28일 부산 사직구장에서 열리는 프로야구 정규시즌 키움 히어로즈와의 경기를 앞두고 사행성 오락실을 방문하면서 출장 정지 징계를 받았던 고승민과 나승엽, 두...",www.osen.co.kr,2026-04-28T16:32:00,,INJURY_ROSTER,,1.0,,,True,롯데가 고승민과 나승엽을 복귀시킬 예정이다.,고승민;나승엽,positive,,True,"롯데 vs 키움 (홈) 5-4 승 | 결승타: 이호준(6회) | 타자 키플레이어: 전민재(롯데), 박주홍(키움), 레이예스(롯데) | 투수 키플레이어: 김원중(롯데), 현도훈(롯데), 박정민(롯데)"
570,[부산시장 후보에게 듣는다]① 더불어민주당 전재수 후보,"노후화된 사직 야구장은 시민들이 상시 이용할 수 있는 생활체육 성지로 재탄생시키고, 북항에는 야구 경기뿐만 아니라 BTS 공연 같은 대형 이벤트를 치를 수 있는 '개폐식 돔구장'을 신축하겠다는 구상입니다. 전 후보는...",news.kbs.co.kr,2026-04-28T16:26:00,,ETC,,,gpt_missing_index,,True,부산시장 후보가 사직 야구장 재개발 계획을 밝혔다.,,neutral,,False,"롯데 vs 키움 (홈) 5-4 승 | 결승타: 이호준(6회) | 타자 키플레이어: 전민재(롯데), 박주홍(키움), 레이예스(롯데) | 투수 키플레이어: 김원중(롯데), 현도훈(롯데), 박정민(롯데)"
571,"유강남, 16G 만에 시작부터 포수 출전...한태양은 선발 라인업 제외 [IS ...",롯데 자이언츠 베테랑 포수 유강남(34)이 모처럼 선발로 안방을 지킨다. 3연패에 빠져 있는 롯데가 28일 홈(부산 사직구장)에서 열리는 2026 KBO리그 키움 히어로즈와의 주중 3연전 1차전을 앞두고 선발 라인업에 소폭...,isplus.com,2026-04-28T16:23:00,,ETC,,,gpt_missing_index,,True,유강남이 16경기 만에 선발 포수로 출전한다.,유강남,positive,,True,"롯데 vs 키움 (홈) 5-4 승 | 결승타: 이호준(6회) | 타자 키플레이어: 전민재(롯데), 박주홍(키움), 레이예스(롯데) | 투수 키플레이어: 김원중(롯데), 현도훈(롯데), 박정민(롯데)"
572,"[속보] 징계 종료까지 D-6, 김태형 감독 ""나승엽, 고승민 바로 올려야지...","""바로 올려야지"" 롯데 자이언츠 김태형 감독은 28일 부산 사직구장에서 열리는 2026 신한은행 SOL Bank KBO리그... 이미 징계는 받았고, 조만간 종료를 앞두고 있는 만큼 이제는 야구를 잘할 일만 남았다. 나승엽, 고승민이 1군...",www.spotvnews.co.kr,2026-04-28T16:22:00,,ETC,,,gpt_missing_index,,True,김태형 감독이 나승엽과 고승민의 복귀를 강조했다.,나승엽;고승민,positive,,True,"롯데 vs 키움 (홈) 5-4 승 | 결승타: 이호준(6회) | 타자 키플레이어: 전민재(롯데), 박주홍(키움), 레이예스(롯데) | 투수 키플레이어: 김원중(롯데), 현도훈(롯데), 박정민(롯데)"
573,"‘시각장애인 팬 위해’ KBO, 중계 음성 지원 확대…잠실·사직·광주·대...",사진 | KBO 한국야구위원회(KBO)가 시각장애인 현장 관람객 대상 중계 음성 지원 서비스를 확대한다. KBO는 “2023년부터 잠실·사직·광주 구장에서 운영해 온 KBO리그 시각장애인 현장 관람객 대상 중계 음성 지원...,www.sportsseoul.com,2026-04-28T16:21:00,,ETC,,,gpt_missing_index,,True,KBO가 시각장애인 중계 음성 지원을 확대한다.,,neutral,,False,"롯데 vs 키움 (홈) 5-4 승 | 결승타: 이호준(6회) | 타자 키플레이어: 전민재(롯데), 박주홍(키움), 레이예스(롯데) | 투수 키플레이어: 김원중(롯데), 현도훈(롯데), 박정민(롯데)"
574,"KBO리그 시각장애인 대상 중계 음성 지원 서비스, 잠실·사직·광주 이어...","KBO(한국야구위원회)는 2023년부터 잠실, 사직, 광주 구장에서 운영해 온 ‘KBO 리그 시각장애인 현장 관람객 대상 중계 음성 지원 서비스’를 올해 대전 한화생명 볼파크까지 확대해 총 4개 구장에서 운영한다. 본...",www.mediapen.com,2026-04-28T16:06:00,,ETC,,,gpt_missing_index,,True,KBO가 시각장애인 중계 서비스를 대전까지 확대한다.,,neutral,,False,"롯데 vs 키움 (홈) 5-4 승 | 결승타: 이호준(6회) | 타자 키플레이어: 전민재(롯데), 박주홍(키움), 레이예스(롯데) | 투수 키플레이어: 김원중(롯데), 현도훈(롯데), 박정민(롯데)"
575,"유강남 무려 21일 만에 선발 포수 출격, 김진욱과 호흡…'2연패' 롯데 선...",롯데 자이언츠 유강남이 오랜만에 선발로 마스크를 쓴다. 롯데는 28일 부산 사직구장에서 열리는 2026 신한은행 SOL Bank KBO리그 키움 히어로즈와 팀 간 시즌 4차전 홈 맞대결에 앞서 선발 라인업을 공개했다. 롯데는 최근...,www.spotvnews.co.kr,2026-04-28T15:51:00,,ETC,,,gpt_missing_index,,True,유강남이 21일 만에 선발 포수로 출전한다.,유강남,positive,,True,"롯데 vs 키움 (홈) 5-4 승 | 결승타: 이호준(6회) | 타자 키플레이어: 전민재(롯데), 박주홍(키움), 레이예스(롯데) | 투수 키플레이어: 김원중(롯데), 현도훈(롯데), 박정민(롯데)"
576,"[속보] '손성빈 제외' 롯데 16G 만에 선발 포수 교체...유강남, 21일 만에...",유강남이 약 3주 만에 선발 포수 마스크를 쓴다. 김태형 감독이 이끄는 롯데 자이언츠는 28일 부산 사직구장에서 열리는 키움 히어로즈와의 정규시즌 맞대결을 앞두고 선발 라인업을 공개했다. 장두성(중견수) 레이예스...,www.osen.co.kr,2026-04-28T15:50:00,,MATCH_RELATED,,0.9,,,True,유강남이 21일 만에 선발 포수로 복귀한다.,유강남,neutral,,True,"롯데 vs 키움 (홈) 5-4 승 | 결승타: 이호준(6회) | 타자 키플레이어: 전민재(롯데), 박주홍(키움), 레이예스(롯데) | 투수 키플레이어: 김원중(롯데), 현도훈(롯데), 박정민(롯데)"
577,롯데 손성빈 한태양이 사라졌다! → 유강남 주전포수. '에이스' 김진욱...,롯데 자이언츠 포수 유강남이 오랜만에 선발 마스크를 쓴다. 롯데는 28일 부산 사직구장에서 키움 히어로즈와 격돌한다. 롯데는 장두성(중견수)-레이예스(우익수)-노진혁(1루수)-전준우(좌익수)-한동희(지명타자)-유강남...,www.sportschosun.com,2026-04-28T15:48:00,,MATCH_RELATED,,0.9,,,True,유강남이 오랜만에 선발 포수로 나선다.,유강남,neutral,,True,"롯데 vs 키움 (홈) 5-4 승 | 결승타: 이호준(6회) | 타자 키플레이어: 전민재(롯데), 박주홍(키움), 레이예스(롯데) | 투수 키플레이어: 김원중(롯데), 현도훈(롯데), 박정민(롯데)"
578,"‘트레이드’ 손아섭 또또 사라졌다, 2G 연속 선발 제외…‘후라도 킬러...","선발 곽빈의 시즌 기록은 5경기 1승 2패 평균자책점 3.25로, 최근 등판이었던 22일 사직 롯데 자이언츠전에서 6이닝 6피안타 1볼넷 7탈삼진 1실점 호투로 시즌 첫 승을 신고했다. 곽빈은 올해 삼성을 처음 만난다....",www.osen.co.kr,2026-04-28T15:47:00,,TRANSACTION_CONTRACT,,1.0,,,True,손아섭이 2경기 연속 선발에서 제외되었다.,손아섭;곽빈,negative,,True,"롯데 vs 키움 (홈) 5-4 승 | 결승타: 이호준(6회) | 타자 키플레이어: 전민재(롯데), 박주홍(키움), 레이예스(롯데) | 투수 키플레이어: 김원중(롯데), 현도훈(롯데), 박정민(롯데)"
579,"'삼성과 3연전 돌입' 두산, 29일 승리기원 시구 진행…래퍼 키드밀리가...","3연전 첫 날 두산은 토종 에이스 곽빈을 선발 예고했다. 곽빈의 시즌 기록은 5경기 1승 2패 평균자책점 3.25로, 최근 등판이었던 22일 사직 롯데 자이언츠전에서 6이닝 6피안타 1볼넷 7탈삼진 1실점 호투로 시즌 첫 승을...",www.osen.co.kr,2026-04-28T15:11:00,,ETC,,0.9,,,False,두산이 삼성과의 3연전에서 곽빈을 선발로 예고했다.,곽빈,,,True,"롯데 vs 키움 (홈) 5-4 승 | 결승타: 이호준(6회) | 타자 키플레이어: 전민재(롯데), 박주홍(키움), 레이예스(롯데) | 투수 키플레이어: 김원중(롯데), 현도훈(롯데), 박정민(롯데)"
580,"스포츠토토, 2026 KBO 한국시리즈 우승팀 맞히기 게임 발매 중","프로토 기록식 31회차 KBO 한국시리즈 최종전 승리팀(우승팀) 맞히기 게임 정보 및 배당률.... 반면 ▲한화 이글스(2번, 7.00→9.00) ▲삼성 라이온즈(4번, 4.50→5.00) ▲NC 다이노스(5번, 9.00→10.00) ▲롯데 자이언츠(7번...",www.hansbiz.co.kr,2026-04-28T15:10:00,,ETC,,0.9,,,False,스포츠토토가 KBO 한국시리즈 우승팀 맞히기 게임을 발매 중이다.,,,,True,"롯데 vs 키움 (홈) 5-4 승 | 결승타: 이호준(6회) | 타자 키플레이어: 전민재(롯데), 박주홍(키움), 레이예스(롯데) | 투수 키플레이어: 김원중(롯데), 현도훈(롯데), 박정민(롯데)"
581,"말 많던 전준우, 버텼고 터졌다...롯데 살릴 카드 될까",전준우는 지난 26일 KIA 타이거즈전에서 4타수 3안타(1홈런) 2타점 2득점으로 팀의 공격을 이끌었다. 28일... 더불어 한동희 등 중심 타선의 동반 반등 여부도 향후 팀 성적의 변수로 작용할 전망이다. 사진=롯데 자이언츠,www.mhnse.com,2026-04-28T14:50:00,,PERFORMANCE_ANALYSIS,,0.9,,,True,전준우가 KIA전에서 맹활약하며 팀을 이끌었다.,전준우,positive,,True,"롯데 vs 키움 (홈) 5-4 승 | 결승타: 이호준(6회) | 타자 키플레이어: 전민재(롯데), 박주홍(키움), 레이예스(롯데) | 투수 키플레이어: 김원중(롯데), 현도훈(롯데), 박정민(롯데)"
582,"강정호, 롯데 한동희·윤동희에게 훈수 → 똑같은 스윙병이라고? ""그렇...",메이저리그 출신 유튜버 강정호가 롯데 자이언츠 간판타자 한동희와 윤동희의 타격 자세를 비판했다.... 먼저 한동희는 지난해 퓨처스리그 타율 4할에 27홈런 대폭발했다. 2026년 정규시즌에서는 20경기 83타석 타율...,www.sportschosun.com,2026-04-28T13:55:00,,INTERVIEW,,0.9,,,True,강정호가 한동희와 윤동희의 타격 자세를 비판했다.,한동희;윤동희,negative,,True,"롯데 vs 키움 (홈) 5-4 승 | 결승타: 이호준(6회) | 타자 키플레이어: 전민재(롯데), 박주홍(키움), 레이예스(롯데) | 투수 키플레이어: 김원중(롯데), 현도훈(롯데), 박정민(롯데)"
583,"""2년 차까지는 두렵기도 했지만…"" 멀티이닝 부담 NO, 오직 팀만 생각하...","7일 사직 롯데 자이언츠전에서 1⅓이닝 2실점으로 주춤했지만, 10일 수원 두산 베어스전부터 5경기 연속... 좋은 컨디션을 유지하며 계속 잘 막아서 다행""이라며 ""팀이 이기는 게 가장 중요하기 때문에 승리에 보탬이 되는...",www.xportsnews.com,2026-04-28T11:44:00,,INTERVIEW,,0.9,,,True,선수는 팀 승리를 위해 최선을 다하겠다고 다짐했다.,,positive,,True,"롯데 vs 키움 (홈) 5-4 승 | 결승타: 이호준(6회) | 타자 키플레이어: 전민재(롯데), 박주홍(키움), 레이예스(롯데) | 투수 키플레이어: 김원중(롯데), 현도훈(롯데), 박정민(롯데)"
584,홈런 홈런 홈런! 1군 렛츠고 → 롯데 윤동희 퓨쳐스 부수고 복귀 임박. ...,위기의 롯데 자이언츠가 핵심 야수들 복귀와 함께 반등을 노린다. 롯데는 지난주 1승 1무 4패 부진하며 최하위로 추락했다. 하지만 희망은 있다. 선발진이 아직 건재하고 윤동희 나승엽 고승민 등 주포들이 속속...,www.sportschosun.com,2026-04-28T10:48:00,,INJURY_ROSTER,,1.0,,,True,롯데가 핵심 선수들의 복귀로 반등을 노리고 있다.,윤동희,positive,,True,"롯데 vs 키움 (홈) 5-4 승 | 결승타: 이호준(6회) | 타자 키플레이어: 전민재(롯데), 박주홍(키움), 레이예스(롯데) | 투수 키플레이어: 김원중(롯데), 현도훈(롯데), 박정민(롯데)"
585,KIA 154km 영건이 다시 뛴다…2G ERA 2.19로 정비 끝? 황동하도 잘 던졌는...,"황동하가 26일 광주 롯데 자이언츠전서 시즌 첫 선발 등판해 4이닝 5피안타 3탈삼진 1볼넷 2실점으로 잘 던졌다. 이제 2일 광주 KT 위즈전이 궁금하다. 황동하가 나가도 되고, 김태형이 나가도 된다. 이범호 감독은 26일...",www.mydaily.co.kr,2026-04-28T10:40:00,,MATCH_RELATED,,0.9,,,True,롯데가 키움과의 경기에서 5-4로 승리하며 2연패를 끊었다.,,positive,,True,"롯데 vs 키움 (홈) 5-4 승 | 결승타: 이호준(6회) | 타자 키플레이어: 전민재(롯데), 박주홍(키움), 레이예스(롯데) | 투수 키플레이어: 김원중(롯데), 현도훈(롯데), 박정민(롯데)"
586,"'160.3km' 원조 파이어볼러 안우진, 박준현 투구 어떻게 봤나…루키는 ""...",키움 선발 에이스이자 원조 우완 파이어볼러인 선배 안우진(27)은 후배 박준현(19)의 투구를 어떻게 봤을까.... 무사히 회복을 마친 안우진은 지난 12일 롯데 자이언츠전을 통해 1군 마운드로 돌아왔다. 1이닝 1피안타...,www.spotvnews.co.kr,2026-04-28T10:15:00,,MATCH_RELATED,INTERVIEW,0.9,,,True,안우진이 롯데전에서 복귀 후 좋은 투구를 했다.,안우진,neutral,,True,"롯데 vs 키움 (홈) 5-4 승 | 결승타: 이호준(6회) | 타자 키플레이어: 전민재(롯데), 박주홍(키움), 레이예스(롯데) | 투수 키플레이어: 김원중(롯데), 현도훈(롯데), 박정민(롯데)"
587,"약한 어깨 치명적 약점 아니었나? 이젠 옛말! KBO 92홈런 슬러거, “수비...",선두 롯데 자이언츠와의 격차는 불과 0.5경기다. 27일 KIA 타이거즈전에서도 삼성 출신좌타 기대주 오현석의 끝내기 2루타로 2-1 극적인 승리를 거두며 상승세를 이어갔다. 김동엽은 “개막 3연패 이후 큰 연패 없이 좋은...,www.osen.co.kr,2026-04-28T09:46:00,,MATCH_RELATED,,0.9,,,True,롯데가 키움과의 경기에서 5-4로 승리하며 2연패를 끊었다.,,positive,,True,"롯데 vs 키움 (홈) 5-4 승 | 결승타: 이호준(6회) | 타자 키플레이어: 전민재(롯데), 박주홍(키움), 레이예스(롯데) | 투수 키플레이어: 김원중(롯데), 현도훈(롯데), 박정민(롯데)"
588,'후라도 vs 곽빈' 잠실 격돌... 28일 KBO리그 선발 투수·중계 채널 총정...,"창원 NC파크에서는 KIA 타이거즈의 네일과 NC 다이노스의 신민혁이, 부산 사직야구장에서는 키움 히어로즈의 알칸타라와 롯데 자이언츠의 김진욱이 각각 선발 등판해 팀 승리를 노린다. 중계 채널은 경기별로...",www.gukjenews.com,2026-04-28T08:06:00,,MATCH_RELATED,,0.9,,,True,롯데 자이언츠의 김진욱이 선발로 나선다.,김진욱,neutral,,True,"롯데 vs 키움 (홈) 5-4 승 | 결승타: 이호준(6회) | 타자 키플레이어: 전민재(롯데), 박주홍(키움), 레이예스(롯데) | 투수 키플레이어: 김원중(롯데), 현도훈(롯데), 박정민(롯데)"
589,"'개막 연속 경기 안타 신기록' 박성한, 3~4월 쉘힐릭스플레이어 레이스...",쉘힐릭스플레이어는 월간 대체선수 대비 승리기여도(WAR) 1위에 오른 투수와 타자에게 수여한다. 4월... WAR은 1.70. 올러는 가장 최근 등판이었던 24일 롯데 자이언츠전에서 완봉승을 거뒀다.,isplus.com,2026-04-28T07:57:00,,PERFORMANCE_ANALYSIS,MATCH_RELATED,0.9,,,True,박성한이 4월 최고의 성과를 기록했다.,박성한,positive,,True,"롯데 vs 키움 (홈) 5-4 승 | 결승타: 이호준(6회) | 타자 키플레이어: 전민재(롯데), 박주홍(키움), 레이예스(롯데) | 투수 키플레이어: 김원중(롯데), 현도훈(롯데), 박정민(롯데)"
590,"9구 삼자범퇴, 반등하는걸까…롯데 日 투수, 2경기 연속 무실점→1군 콜...",롯데 자이언츠 일본인 투수 쿄야마가 퓨처스리그에서 2경기 연속 무실점을 기록했다. 쿄야마는 27일... 일본프로야구 통산 84경기(선발 49경기) 14승 23패 6홀드 평균자책점 4.60을 기록했다. 2025년 1군에서는 한...,www.osen.co.kr,2026-04-28T07:42:00,,PERFORMANCE_ANALYSIS,,0.9,,,True,롯데의 쿄야마가 퓨처스리그에서 무실점을 기록했다.,쿄야마,positive,,True,"롯데 vs 키움 (홈) 5-4 승 | 결승타: 이호준(6회) | 타자 키플레이어: 전민재(롯데), 박주홍(키움), 레이예스(롯데) | 투수 키플레이어: 김원중(롯데), 현도훈(롯데), 박정민(롯데)"
591,"‘개막 한 달’ KBO리그, 일단 ‘3강 6중 1약’ 구도…핵심은 ‘연승과...","사진 | 롯데 자이언츠 그야말로 ‘예측불가’다. 올시즌 더 그렇다. 어떤 팀도 잡을 수 있을 것 같다가, 어느 팀에게도 잡힐 것 같다. 선발이 강하면 높은 순위에 있을 확률이 높은데, 꼴찌 롯데가 선발...",www.sportsseoul.com,2026-04-28T07:24:00,,PERFORMANCE_ANALYSIS,,0.9,,,True,롯데의 예측 불가능한 시즌이 계속되고 있다.,,neutral,,True,"롯데 vs 키움 (홈) 5-4 승 | 결승타: 이호준(6회) | 타자 키플레이어: 전민재(롯데), 박주홍(키움), 레이예스(롯데) | 투수 키플레이어: 김원중(롯데), 현도훈(롯데), 박정민(롯데)"
592,"한화에 군필 좌완 내준 대가가 타율 0.118? 트레이드 논란, 신임 감독 왜...","손아섭은 지난주 사직 롯데 자이언츠전, 잠실 LG 트윈스전에서도 반등 계기를 만들지 못하며 시즌 타율이 1할1푼4리까지 떨어졌다. 손아섭의 두산 이적 후 성적은 10경기 타율 1할1푼8리(34타수 4안타) 1홈런 4타점 5득점....",www.osen.co.kr,2026-04-28T07:15:00,,TRANSACTION_CONTRACT,,1.0,,,True,손아섭의 성적이 저조해 트레이드 논란이 일고 있다.,손아섭,negative,,True,"롯데 vs 키움 (홈) 5-4 승 | 결승타: 이호준(6회) | 타자 키플레이어: 전민재(롯데), 박주홍(키움), 레이예스(롯데) | 투수 키플레이어: 김원중(롯데), 현도훈(롯데), 박정민(롯데)"
593,"타율은 뒤에서 4등인데 출루율은 4할 육박…출루왕, 야구 이렇게 해도 ...",2001년 펠릭스 호세(롯데 자이언츠)의 0.168이 역대 최고 기록이다. 홍창기 개인으로는 2020년 0.132가 최고... 28일 경기에서 상대할 KT 선발투수 맷 사우어는 개막전에서 만난 적이 있다. 당시 홍창기가 3타석 3볼넷으로...,www.spotvnews.co.kr,2026-04-28T06:46:00,,PERFORMANCE_ANALYSIS,,0.9,,,True,롯데가 출루율에서 좋은 성적을 보이고 있다.,전민재,positive,,True,"롯데 vs 키움 (홈) 5-4 승 | 결승타: 이호준(6회) | 타자 키플레이어: 전민재(롯데), 박주홍(키움), 레이예스(롯데) | 투수 키플레이어: 김원중(롯데), 현도훈(롯데), 박정민(롯데)"
594,"‘ERA 9.00 충격’ 김서현 2군행…이대호, “공 문제 없다, 자신감이다”","19일 롯데 자이언츠전과 21일, 23일 LG 트윈스전에서 연이어 무실점 투구를 펼치며 안정감을 회복하는 듯... 지난 26일 NC 다이노스전에서 3-3으로 맞선 7회, 대타 안중열에게 좌월 투런 홈런을 허용하며 다시 무너졌다....",www.osen.co.kr,2026-04-28T05:06:00,,INJURY_ROSTER,PERFORMANCE_ANALYSIS,0.9,,,True,김서현이 2군으로 내려가며 재조정이 필요하다.,김서현,negative,,True,"롯데 vs 키움 (홈) 5-4 승 | 결승타: 이호준(6회) | 타자 키플레이어: 전민재(롯데), 박주홍(키움), 레이예스(롯데) | 투수 키플레이어: 김원중(롯데), 현도훈(롯데), 박정민(롯데)"
595,"KBO 프로야구, 28일 경기 일정·선발 투수·중계→순위·예매 방법?","히어로즈-롯데 자이언츠(부산 사직야구장)에서 경기가 진행된다. 선발 투수는 삼성(후라도)-두산(곽빈), LG(웰스)-KT(사우어), SSG(최민준)-한화(왕옌청), KIA(네일)-NC(신민혁), 키움(알칸타라)-롯데(김진욱)...",www.topstarnews.net,2026-04-28T00:54:00,,MATCH_RELATED,,0.9,,,True,롯데와 키움의 경기가 부산에서 열린다.,,neutral,,True,"롯데 vs 키움 (홈) 5-4 승 | 결승타: 이호준(6회) | 타자 키플레이어: 전민재(롯데), 박주홍(키움), 레이예스(롯데) | 투수 키플레이어: 김원중(롯데), 현도훈(롯데), 박정민(롯데)"
596,‘득점권 타율 꼴찌’ 힘 못 쓰는 롯데 타선 왜 이러나…이대호 “집단...,프로야구 롯데 자이언츠 타선이 좀처럼 힘을 내지 못하고 있다. 27일 현재 롯데 팀 타율은 2할4푼1리로 리그... 롯데 선발진 평균자책점은 3.45로 리그 1위다. 이대호 역시 “선발진이 정말 잘 돌아가고 있다. 타자들이 조금만...,www.osen.co.kr,2026-04-28T00:41:00,,PERFORMANCE_ANALYSIS,,0.9,,,True,롯데 타선이 득점권에서 힘을 못 쓰고 있다.,이대호,negative,,True,"롯데 vs 키움 (홈) 5-4 승 | 결승타: 이호준(6회) | 타자 키플레이어: 전민재(롯데), 박주홍(키움), 레이예스(롯데) | 투수 키플레이어: 김원중(롯데), 현도훈(롯데), 박정민(롯데)"
597,'2026 프로야구 일정' 4월 28일 구단별 선발투수와 생중계채널,키움히어로즈의 알칸타라와 롯데자이언츠의 김진욱은 부산사직야구장에서 맞대결을 펼친다. 중계는 KBS N SPORTS다. 삼성라이온즈와 두산베어스의 경기는 잠실야구장에서 열린다. 선발투수는 각각 후라도와...,www.gukjenews.com,2026-04-28T00:16:00,,MATCH_RELATED,,0.9,,,True,롯데와 키움의 선발 투수가 발표되었다.,,neutral,,True,"롯데 vs 키움 (홈) 5-4 승 | 결승타: 이호준(6회) | 타자 키플레이어: 전민재(롯데), 박주홍(키움), 레이예스(롯데) | 투수 키플레이어: 김원중(롯데), 현도훈(롯데), 박정민(롯데)"
598,[이주의 KBO]선두 전쟁과 탈꼴찌 벼랑끝 승부 펼쳐진다,"선두 LG 트윈스와 2위 kt wiz가 수원에서 정면 충돌하고, 부산에서는 키움 히어로즈와 롯데 자이언츠가... 반면 LG는 선발 요니 치리노스와 마무리 유영찬의 이탈이 뼈아프다. 부산에서는 9위 키움과 10위 롯데가...",www.kwnews.co.kr,2026-04-28T00:09:00,,MATCH_RELATED,,0.9,,,True,롯데가 키움과의 중요한 경기를 앞두고 있다.,,neutral,,True,"롯데 vs 키움 (홈) 5-4 승 | 결승타: 이호준(6회) | 타자 키플레이어: 전민재(롯데), 박주홍(키움), 레이예스(롯데) | 투수 키플레이어: 김원중(롯데), 현도훈(롯데), 박정민(롯데)"
599,안타·타점 폭발…문성주 '불붙은 방망이' 팀 선전 견인,"9위, 롯데 자이언츠가 최하위인 10위에 각각 자리 잡았다. 이제는 10개 구단이 모두 두세 차례씩 맞대결을... 김건희는 22일 NC 다이노스전에서 희생 플라이, 정준재는 24일 KT 위즈전에서 적시 2루타로 승리에...",www.kado.net,2026-04-28T00:08:00,,PERFORMANCE_ANALYSIS,,0.9,,,True,문성주가 팀의 승리를 이끌고 있다.,문성주,positive,,True,"롯데 vs 키움 (홈) 5-4 승 | 결승타: 이호준(6회) | 타자 키플레이어: 전민재(롯데), 박주홍(키움), 레이예스(롯데) | 투수 키플레이어: 김원중(롯데), 현도훈(롯데), 박정민(롯데)"
600,"한화, 결국 결단 내렸다!…‘ERA 9.00’ 김서현 1군 엔트리 말소→재조정...","이후 19일 부산 롯데 자이언츠전(1이닝 무실점)과 21일 잠실 LG 트윈스전(0.1이닝 무실점), 23일 잠실 LG전(0.1이닝 1피안타 1사사구 무실점)에서는 실점을 억제했으나, 26일 대전 NC 다이노스전(0.1이닝 1피안타 1피홈런...",www.mk.co.kr,2026-04-27T19:41:00,,INJURY_ROSTER,,1.0,,,True,김서현이 1군 엔트리에서 제외되었다.,김서현,negative,,False,"롯데 vs HT (원정) 5-5 무 | 홈런: 박재현1호, 노진혁4호, 전준우2호, 오선우2호 | 타자 키플레이어: 고종욱(HT), 오선우(HT), 전준우(롯데) | 투수 키플레이어: 성영탁(HT), 현도훈(롯데), 나균안(롯데)"
601,"'와' 울산시장까지 최지만 입단식 참석! ""세계적인 선수 영입, 너무 자랑...",67개의 홈런을 기록한 메이저리그 출신 '거포' 최지만(35)을 품었다. 27일 열린 최지만의 입단식에는 김두겸(68)... 1위 롯데 자이언츠와 불과 0.5경기 차이기에 선두 경쟁을 펼치고 있다. 특히 김 시장은 최지만의 영입에 대해...,www.starnewskorea.com,2026-04-27T19:25:00,,TRANSACTION_CONTRACT,,1.0,,,True,롯데가 최지만을 영입하며 선두 경쟁에 나선다.,최지만,positive,,True,"롯데 vs HT (원정) 5-5 무 | 홈런: 박재현1호, 노진혁4호, 전준우2호, 오선우2호 | 타자 키플레이어: 고종욱(HT), 오선우(HT), 전준우(롯데) | 투수 키플레이어: 성영탁(HT), 현도훈(롯데), 나균안(롯데)"
602,'이게 말이 돼?'…선발 ERA 1위인데 성적은 10위?→'꼴찌' 롯데 '지독한...,"야구는 투수 놀음이라지만, 지금의 롯데 자이언츠를 보면 그 말도 무색해진다. 리그 최고의 방패를... 롯데 야구의 현주소를 적나라하게 보여준 한 판이었다. 현재 롯데의 마운드, 특히 선발 로테이션은 리그...",www.sportschosun.com,2026-04-27T16:41:00,,PERFORMANCE_ANALYSIS,,0.9,,,True,롯데의 선발 투수 성적이 좋지만 팀 성적은 저조하다.,,negative,,True,"롯데 vs HT (원정) 5-5 무 | 홈런: 박재현1호, 노진혁4호, 전준우2호, 오선우2호 | 타자 키플레이어: 고종욱(HT), 오선우(HT), 전준우(롯데) | 투수 키플레이어: 성영탁(HT), 현도훈(롯데), 나균안(롯데)"
603,꼴찌 팀 키움이 달라졌어요…필승조 변화→'한 주만에 5승',"그러나 지난주 5승 1패를 기록하며 10승 15패(승률 0.400)로 롯데 자이언츠를 제치고 9위로 올라섰다. 전체... 박정훈, 김재웅, 유토로 이어지는 필승조는 팀 승리의 확실한 보증 수표가 됐다. 지난주 6경기 동안 이들은...",www.nocutnews.co.kr,2026-04-27T15:01:00,,MATCH_RELATED,,0.9,,,True,키움이 롯데를 제치고 9위로 올라섰다.,,negative,,True,"롯데 vs HT (원정) 5-5 무 | 홈런: 박재현1호, 노진혁4호, 전준우2호, 오선우2호 | 타자 키플레이어: 고종욱(HT), 오선우(HT), 전준우(롯데) | 투수 키플레이어: 성영탁(HT), 현도훈(롯데), 나균안(롯데)"
604,1·2위 kt-LG의 대결... 9·10위 키움-롯데의 맞대결에 시선 집중,"롯데 자이언츠가 자존심을 건 단군 매치를 치른다. 최하위 롯데는 키움에 2경기 차로 뒤져 있으나 공격 지표에서는 오히려 우위를 점하고 있다. 팀 타율, 홈런, 도루 부문에서 키움을 앞서고 있는 롯데는 지난 경기에서...",www.dailysportshankook.co.kr,2026-04-27T13:26:00,,MATCH_RELATED,,0.9,,,True,롯데가 키움과의 맞대결에서 공격 지표에서 우위를 점하고 있다.,,neutral,,True,"롯데 vs HT (원정) 5-5 무 | 홈런: 박재현1호, 노진혁4호, 전준우2호, 오선우2호 | 타자 키플레이어: 고종욱(HT), 오선우(HT), 전준우(롯데) | 투수 키플레이어: 성영탁(HT), 현도훈(롯데), 나균안(롯데)"
605,"‘ERA 1.97 에이스 뜬다’ 삼성, 후라도 앞세워 7연패 탈출 노린다...상대...",승리 요건을 갖추고 마운드를 내려왔지만 불펜이 무너지며 승리를 놓친 바 있다. 팀이 7연패에 빠진... 최하위 롯데 자이언츠는 키움 히어로즈를 안방으로 불러들인다. '사직 스쿠발'이라는 닉네임을 얻은 좌완...,www.osen.co.kr,2026-04-27T13:16:00,,MATCH_RELATED,,0.9,,,True,롯데가 키움과의 경기에서 불펜 문제로 어려움을 겪고 있다.,,negative,,True,"롯데 vs HT (원정) 5-5 무 | 홈런: 박재현1호, 노진혁4호, 전준우2호, 오선우2호 | 타자 키플레이어: 고종욱(HT), 오선우(HT), 전준우(롯데) | 투수 키플레이어: 성영탁(HT), 현도훈(롯데), 나균안(롯데)"
606,"'와 KIA 역대 최초' 80억 후계자 드디어 찾았다…""지금은 경기 나가는 자...",박재현은 26일 광주 롯데 자이언츠전에 1번타자 좌익수로 선발 출전해 1회 선두타자로 나선 첫 타석부터 홈런포를 가동했다. 볼카운트 1B1S에서 롯데 선발투수 나균안의 시속 143㎞ 직구가 가운데로 살짝 몰린 것을 놓치지...,www.sportschosun.com,2026-04-27T12:44:00,,MATCH_RELATED,PERFORMANCE_ANALYSIS,0.9,,,True,박재현이 롯데와의 경기에서 홈런을 기록했다.,박재현,negative,,True,"롯데 vs HT (원정) 5-5 무 | 홈런: 박재현1호, 노진혁4호, 전준우2호, 오선우2호 | 타자 키플레이어: 고종욱(HT), 오선우(HT), 전준우(롯데) | 투수 키플레이어: 성영탁(HT), 현도훈(롯데), 나균안(롯데)"
607,"kt-LG, 1·2위로 다시 만나 펼치는 '김현수 시리즈'","키움은 은퇴식 주제로 '승리, 영웅 박병호'로 정했다. 박 코치는 2005년 LG 트윈스 유니폼을 프로 무대에... 10승 15패로 9위에 처진 키움 히어로즈와 7승 16패를 기록하며 10위로 추락한  롯데 자이언츠가 부산에서 주중...",www.newscj.com,2026-04-27T12:36:00,,MATCH_RELATED,,0.9,,,True,롯데가 키움과의 경기에서 10위로 추락했다.,,negative,,True,"롯데 vs HT (원정) 5-5 무 | 홈런: 박재현1호, 노진혁4호, 전준우2호, 오선우2호 | 타자 키플레이어: 고종욱(HT), 오선우(HT), 전준우(롯데) | 투수 키플레이어: 성영탁(HT), 현도훈(롯데), 나균안(롯데)"
608,‘포스트 이대호’ 길어지는 침묵…득점권 ‘빈공’+홈런 ‘0’→한동희...,"롯데 자이언츠 [스포츠서울 | 강윤식 기자] 2025년 롯데는 장타 부족에 시달렸다. 올해 한동희(27)가 이 문제를 해결해 줄 것으로 기대됐다. 지금까지 분위기는 썩 좋지 않다. 득점권에서 약한 모습을 보이고, 홈런도...",www.sportsseoul.com,2026-04-27T12:28:00,,PERFORMANCE_ANALYSIS,,0.9,,,True,한동희가 득점권에서 부진하며 롯데의 장타 부족이 계속된다.,한동희,negative,,True,"롯데 vs HT (원정) 5-5 무 | 홈런: 박재현1호, 노진혁4호, 전준우2호, 오선우2호 | 타자 키플레이어: 고종욱(HT), 오선우(HT), 전준우(롯데) | 투수 키플레이어: 성영탁(HT), 현도훈(롯데), 나균안(롯데)"
609,"'김현수 더비' KT vs LG, 1·2위로 재격돌…키움·롯데, 탈꼴찌 대결[주간...","KT는 3월 28~29일 잠실구장에서 열린 LG와의 개막 2연전을 모두 승리로 장식하며 기분좋게 시즌을... 수원에서 1, 2위 대결이 펼쳐지는 반면 주중 사직구장에서는 9위 키움 히어로즈와 10위 롯데 자이언츠가 '탈꼴찌...",www.newsis.com,2026-04-27T12:23:00,,MATCH_RELATED,,0.9,,,True,롯데가 키움과 탈꼴찌 대결을 펼쳤습니다.,전준우,neutral,,True,"롯데 vs HT (원정) 5-5 무 | 홈런: 박재현1호, 노진혁4호, 전준우2호, 오선우2호 | 타자 키플레이어: 고종욱(HT), 오선우(HT), 전준우(롯데) | 투수 키플레이어: 성영탁(HT), 현도훈(롯데), 나균안(롯데)"
610,"박정훈·김재웅·유토 '완성된 필승조', 키움의 이유 있는 반등","지난 19일까지 최하위를 유지하던 키움은 지난주 5승 1패를 기록해 10승 15패 승률 0.400으로 롯데 자이언츠를... 박정훈, 김재웅, 유토로 이어지는 필승조는 팀 승리의 확실한 보증 수표가 됐다. 지난주 치러진 6경기 동안...",www.yna.co.kr,2026-04-27T12:18:00,,MATCH_RELATED,,0.9,,,True,키움의 필승조가 롯데를 제치고 반등했습니다.,,negative,,True,"롯데 vs HT (원정) 5-5 무 | 홈런: 박재현1호, 노진혁4호, 전준우2호, 오선우2호 | 타자 키플레이어: 고종욱(HT), 오선우(HT), 전준우(롯데) | 투수 키플레이어: 성영탁(HT), 현도훈(롯데), 나균안(롯데)"
611,"2군 팀이라고 깔봤는데…'꼴찌 반란' 키움, 태풍의 눈 됐다","아울러 '10위' 롯데 자이언츠(7승1무16패)와 격차를 2경기로 벌리는 동시에 공동 7위 한화 이글스(10승14패)와... 서건창, 이주형, 조영건, 김윤하, 박주성, 정현우, 김태진, 어준서, 박한결 등 부상자가 속출했다. 그럼에도...",www.news1.kr,2026-04-27T11:51:00,,INJURY_ROSTER,,1.0,,,True,키움이 롯데와의 격차를 벌리며 반란을 일으켰습니다.,,negative,,True,"롯데 vs HT (원정) 5-5 무 | 홈런: 박재현1호, 노진혁4호, 전준우2호, 오선우2호 | 타자 키플레이어: 고종욱(HT), 오선우(HT), 전준우(롯데) | 투수 키플레이어: 성영탁(HT), 현도훈(롯데), 나균안(롯데)"
612,"'ERA 9.00' 김서현 살리려다 한화가 쓰러질 판, 김경문 투수 기용 뚝심인...",19일 롯데 자이언츠전은 팀이 9-1로 앞서던 9회 등판해 1이닝 무실점을 기록했다. 21일 LG 트윈스전은 팀이 0... 이후 타선의 도움으로 승리투수가 됐다. 그리고 19일은 7회에 등판한 것. 보직을 알 수가 없다. 추격조일까....,www.mydaily.co.kr,2026-04-27T11:41:00,,MATCH_RELATED,,0.9,,,True,롯데와의 경기에서 김서현이 무실점을 기록했습니다.,김서현,neutral,,True,"롯데 vs HT (원정) 5-5 무 | 홈런: 박재현1호, 노진혁4호, 전준우2호, 오선우2호 | 타자 키플레이어: 고종욱(HT), 오선우(HT), 전준우(롯데) | 투수 키플레이어: 성영탁(HT), 현도훈(롯데), 나균안(롯데)"
613,"""롯데 팬들, 포기하지마세요"" 선발 1위 롯데, 반격의 서막이 열렸다... ...",지독한 빈공에 시달리며 순위표 최하위로 밀려난 롯데 자이언츠에 지금 당장 가장 필요했던 단 한 가지... 선발이 버텨주는 팀은 이처럼 조금의 점수만 짜내도 승리를 지켜낼 수 있다. 중심 타선이 제 역할만 해주면...,www.fnnews.com,2026-04-27T11:41:00,,CLUB_OPERATION,,0.9,,,True,롯데가 반격의 서막을 알리며 팬들에게 희망을 주었습니다.,,positive,,True,"롯데 vs HT (원정) 5-5 무 | 홈런: 박재현1호, 노진혁4호, 전준우2호, 오선우2호 | 타자 키플레이어: 고종욱(HT), 오선우(HT), 전준우(롯데) | 투수 키플레이어: 성영탁(HT), 현도훈(롯데), 나균안(롯데)"
614,'마무리 수난시대' KT·SSG만 굳건…부진 '교체'·부상 '이탈' 속출,"두산 김택연은 24일 불펜 투구 중 오른쪽 어깨 부위에 불편함을 느꼈다. 검진 결과 극상근 염좌 진단을 받아... 롯데 자이언츠, KIA 타이거즈, 한화 이글스, 키움 히어로즈는 벌써 마무리투수를 교체하기도 했다. 시작은...",www.news1.kr,2026-04-27T11:28:00,,INJURY_ROSTER,,1.0,,,True,롯데가 마무리 투수 교체로 어려움을 겪고 있습니다.,,negative,,True,"롯데 vs HT (원정) 5-5 무 | 홈런: 박재현1호, 노진혁4호, 전준우2호, 오선우2호 | 타자 키플레이어: 고종욱(HT), 오선우(HT), 전준우(롯데) | 투수 키플레이어: 성영탁(HT), 현도훈(롯데), 나균안(롯데)"
615,"박성한·최정 뜨겁다…SSG, 한화·롯데 6연전서 선두 탈환 노린다",이글스와 롯데 자이언츠를 연달아 상대하며 상위권 굳히기에 나선다. 현재 SSG는 15승 9패(승률 0.625)로... 경기 후반까지 리드를 잡는다면 승리 확률은 높다. 결국 이번 홈 6연전의 핵심은 초반 선발 버티기와...,www.kihoilbo.co.kr,2026-04-27T11:08:00,,MATCH_RELATED,,0.9,,,True,SSG가 롯데와의 연전에서 선두 탈환을 노리고 있습니다.,,negative,,True,"롯데 vs HT (원정) 5-5 무 | 홈런: 박재현1호, 노진혁4호, 전준우2호, 오선우2호 | 타자 키플레이어: 고종욱(HT), 오선우(HT), 전준우(롯데) | 투수 키플레이어: 성영탁(HT), 현도훈(롯데), 나균안(롯데)"
616,"KIA, 롯데 주말 2승 1무","KIA 타이거즈가 롯데 자이언츠와의 주말 3연전을 위닝시리즈로 마무리했지만, 마지막 경기에서 승리를 놓치며 아쉬움을 남겼다. KIA는 25일부터 26일까지 광주 기아챔피언스필드에서 열린 롯데와의 3연전에서 2승...",www.gjdream.com,2026-04-27T11:04:00,,MATCH_RELATED,,0.9,,,True,KIA가 롯데와의 3연전에서 위닝시리즈를 기록했습니다.,,negative,,True,"롯데 vs HT (원정) 5-5 무 | 홈런: 박재현1호, 노진혁4호, 전준우2호, 오선우2호 | 타자 키플레이어: 고종욱(HT), 오선우(HT), 전준우(롯데) | 투수 키플레이어: 성영탁(HT), 현도훈(롯데), 나균안(롯데)"
617,"[주간 야구 돌아보기] 키움, 주말 3연전 스윕...KT 선두 탈환",키움은 지난 26일 서울 고척스카이돔에서 열린 삼성 라이온즈와 경기에서 2-0으로 승리하며 주말 3연전을... 광주에서는 기아 타이거즈와 롯데 자이언츠가 5-5로 승부를 가리지 못했다. 롯데가 중반까지 앞서갔지만...,www.joongangenews.com,2026-04-27T10:46:00,,MATCH_RELATED,,0.9,,,True,롯데가 기아와 5-5로 비기며 승부를 가리지 못했다.,전준우;노진혁,negative,,True,"롯데 vs HT (원정) 5-5 무 | 홈런: 박재현1호, 노진혁4호, 전준우2호, 오선우2호 | 타자 키플레이어: 고종욱(HT), 오선우(HT), 전준우(롯데) | 투수 키플레이어: 성영탁(HT), 현도훈(롯데), 나균안(롯데)"
618,"또 롯데 위기에 등판하는 김진욱, 세 번째 '연패 탈출' 견인할까 [IS 피...",또 김진욱(24·롯데 자이언츠) 앞에 롯데 자이언츠의 연패가 놓였다. 다시 '연패 스토퍼' 본능을 보여줄 수... 특히 롯데의 연패 상황에서 두 차례 승리를 이끄는 호투를 보여줬다. 7연패에 빠져 8연패 기로에 있었던...,isplus.com,2026-04-27T10:31:00,,MATCH_RELATED,PERFORMANCE_ANALYSIS,0.9,,,True,김진욱이 롯데의 연패 탈출을 도울 수 있을지 주목된다.,김진욱,neutral,,True,"롯데 vs HT (원정) 5-5 무 | 홈런: 박재현1호, 노진혁4호, 전준우2호, 오선우2호 | 타자 키플레이어: 고종욱(HT), 오선우(HT), 전준우(롯데) | 투수 키플레이어: 성영탁(HT), 현도훈(롯데), 나균안(롯데)"
619,"""이 성적에 안 뽑히면 누가 가나"" ERA 0.60 KIA 성영탁, 벌써부터 AG 승선...","성영탁의 구위는 최근 열린 롯데 자이언츠와의 주말 3연전에서 말 그대로 폭발했다. 특히 등판할 때마다... 아마 논란이 되는 무리한 선택은 하지 않을 것""이라며 ""결국 철저하게 올 시즌 성적순으로 불펜진을 꾸린다고...",www.fnnews.com,2026-04-27T10:00:00,,PERFORMANCE_ANALYSIS,,0.9,,,True,성영탁의 뛰어난 성적이 AG 승선에 긍정적 영향을 미칠 것으로 보인다.,성영탁,positive,,True,"롯데 vs HT (원정) 5-5 무 | 홈런: 박재현1호, 노진혁4호, 전준우2호, 오선우2호 | 타자 키플레이어: 고종욱(HT), 오선우(HT), 전준우(롯데) | 투수 키플레이어: 성영탁(HT), 현도훈(롯데), 나균안(롯데)"
620,산뜻한 유자향 담은 ‘칠성사이다 제로 유자’ 출시,"롯데칠성음료는 최근 롯데 자이언츠 소속 선수 ‘빅터 레이예스’와 유튜버 ‘쯔양’과 함께 칠성사이다... 사이다를 마시는 순간, 답답했던 감정이 해소되는 모습이 연출되고 이후 경기에서 홈런을 치는 통쾌한...",www.segye.com,2026-04-27T10:00:00,,ETC,,0.9,,,True,롯데칠성이 유자향 칠성사이다를 출시했다.,빅터 레이예스,neutral,,False,"롯데 vs HT (원정) 5-5 무 | 홈런: 박재현1호, 노진혁4호, 전준우2호, 오선우2호 | 타자 키플레이어: 고종욱(HT), 오선우(HT), 전준우(롯데) | 투수 키플레이어: 성영탁(HT), 현도훈(롯데), 나균안(롯데)"
621,'선발은 1위 팀은 꼴찌' 롯데의 기현상 → 결국 롯데는 올라간다?,롯데 자이언츠는 2026시즌 리그 최상위급 선발진을 완성했다. 새로 뽑은 외국인 원투펀치 엘빈 로드리게스와... 통계사이트 스탯티즈(STATIZ)에 따르면 롯데 선발진의 WAR(대체선수대비승리기여도)은 3.86으로 리그 2위다....,www.sportschosun.com,2026-04-27T09:52:00,,PERFORMANCE_ANALYSIS,,0.9,,,True,롯데의 선발진이 리그 2위의 성적을 기록하고 있다.,,positive,,True,"롯데 vs HT (원정) 5-5 무 | 홈런: 박재현1호, 노진혁4호, 전준우2호, 오선우2호 | 타자 키플레이어: 고종욱(HT), 오선우(HT), 전준우(롯데) | 투수 키플레이어: 성영탁(HT), 현도훈(롯데), 나균안(롯데)"
622,[2026 프로야구 삼진과 홈런 사이] 안현민·김택연·치리노스 등 각 팀 ...,종전 기록은 롯데 자이언츠 김용희 선수가 프로야구 원년인 1982년 개막 이후 18게임 연속 안타를 쳤다.... 기록하며 승리투수가 되었다. 박준현은 평균 155km 최고 159km의 강속구를 던지며 승리투수가 돼서 역대...,www.newsian.co.kr,2026-04-27T09:24:00,,ETC,,0.9,,,True,롯데의 김용희가 18게임 연속 안타 기록을 세웠다.,김용희,positive,,False,"롯데 vs HT (원정) 5-5 무 | 홈런: 박재현1호, 노진혁4호, 전준우2호, 오선우2호 | 타자 키플레이어: 고종욱(HT), 오선우(HT), 전준우(롯데) | 투수 키플레이어: 성영탁(HT), 현도훈(롯데), 나균안(롯데)"
623,"'용호상박' kt·LG 1위 격돌…'부상 악재' LG, 화력의 kt 넘을까",부산에서는 9위 키움 히어로즈(10승 15패)와 10위 롯데 자이언츠(7승 16패)가 맞붙는다. 2경기 차 간격을 둔... 재편할 중대한 분수령이 될 전망이다. 【 청년일보=안정훈 기자 】 승리 자축하는 kt 선수들. [사진=연합뉴스],www.youthdaily.co.kr,2026-04-27T09:08:00,,INJURY_ROSTER,,1.0,,,True,롯데가 키움과의 경기에서 단독 최하위에 처해 있다.,,negative,,True,"롯데 vs HT (원정) 5-5 무 | 홈런: 박재현1호, 노진혁4호, 전준우2호, 오선우2호 | 타자 키플레이어: 고종욱(HT), 오선우(HT), 전준우(롯데) | 투수 키플레이어: 성영탁(HT), 현도훈(롯데), 나균안(롯데)"
624,"롯데자이언츠, 기아와 무승부..단독 꼴찌",부산MBC)프로야구 롯데자이언츠가 어제(26) 광주에서 열린 기아 타이거즈와의 원정 경기에서 5대 5로 비기며 단독 최하위로 떨어졌습니다.1회 말 선취점을 내준 롯데는 5회 초 전준우와 노진혁의 솔로 홈런을 앞세워 5대...,busanmbc.co.kr,2026-04-27T08:54:00,,ETC,,,gpt_missing_index,,True,롯데가 기아와의 경기에서 5-5로 비기며 단독 꼴찌가 되었다.,전준우;노진혁,negative,,True,"롯데 vs HT (원정) 5-5 무 | 홈런: 박재현1호, 노진혁4호, 전준우2호, 오선우2호 | 타자 키플레이어: 고종욱(HT), 오선우(HT), 전준우(롯데) | 투수 키플레이어: 성영탁(HT), 현도훈(롯데), 나균안(롯데)"
625,"""ML 2할8푼 아닌가, 뭔가 보여줄 것이다"" 카스트로 햄스트링 부상 날벼락...",지난 25일 롯데 자이언츠와의 경기에 1루수로 출전해 수비수의 송구를 받는 과정에서 왼쪽 햄스트링 통증을... 스프링캠프 국가대표와의 평가전 첫 타석에서 우월홈런을 날리며 기대를 부풀렸다. 시범경기까지...,www.osen.co.kr,2026-04-27T08:40:00,,INJURY_ROSTER,,1.0,,,True,카스트로가 햄스트링 부상으로 경기에 출전하지 못할 예정이다.,카스트로,negative,,True,"롯데 vs HT (원정) 5-5 무 | 홈런: 박재현1호, 노진혁4호, 전준우2호, 오선우2호 | 타자 키플레이어: 고종욱(HT), 오선우(HT), 전준우(롯데) | 투수 키플레이어: 성영탁(HT), 현도훈(롯데), 나균안(롯데)"
626,"두 차례 끝내기 찬스 무산…KIA, 아쉬운 무승부","KIA는 26일 광주-기아챔피언스필드에서 열린 '2026 신한 SOL Bank KBO리그' 롯데 자이언츠와의 경기에서 5-5로... 결국 KIA는 2-5로 뒤지던 경기를 따라붙어 균형을 맞췄지만, 두 차례 끝내기 기회를 살리지 못하며 승리를...",www.namdonews.com,2026-04-27T08:38:00,,ETC,,,gpt_missing_index,,True,KIA가 롯데와의 경기에서 두 차례 끝내기 기회를 놓치며 무승부에 그쳤다.,,neutral,,True,"롯데 vs HT (원정) 5-5 무 | 홈런: 박재현1호, 노진혁4호, 전준우2호, 오선우2호 | 타자 키플레이어: 고종욱(HT), 오선우(HT), 전준우(롯데) | 투수 키플레이어: 성영탁(HT), 현도훈(롯데), 나균안(롯데)"
627,[프로야구전망대] 1·2위로 다시 만나는 kt-LG '김현수 시리즈',롯데 자이언츠(7승 16패)는 부산에서 주중 맞대결을 펼친다. 두 팀의 간격은 2경기까지 벌어져 롯데가 3경기를 모두 잡아야 순위가 바뀐다. 지난 주말 삼성 라이온즈와 3연전에서 모두 승리한 키움은 내친김에 승률...,www.yna.co.kr,2026-04-27T08:10:00,,ETC,,,gpt_missing_index,,True,롯데가 kt와의 맞대결에서 3연승을 목표로 한다.,,positive,,True,"롯데 vs HT (원정) 5-5 무 | 홈런: 박재현1호, 노진혁4호, 전준우2호, 오선우2호 | 타자 키플레이어: 고종욱(HT), 오선우(HT), 전준우(롯데) | 투수 키플레이어: 성영탁(HT), 현도훈(롯데), 나균안(롯데)"
628,야구장서 즐기는 ‘오감만족’ “스타벅스 데이+NBB 패밀리 데이가 온다...,"상대 팀은 유통 라이벌 롯데자이언츠다. 6년차를 맞이한 브랜드 데이 행사로, 지난 5년간 SSG랜더스가 총 15회 경기 중 11회 승리하는 등 높은 승률을 기록했다. 올해도 특별 기획한 유니폼을 자사 앱 온라인 스토어에서...",sports.donga.com,2026-04-27T08:06:00,,ETC,,,gpt_missing_index,,True,롯데 자이언츠와의 경기에서 특별한 이벤트가 진행된다.,,neutral,,True,"롯데 vs HT (원정) 5-5 무 | 홈런: 박재현1호, 노진혁4호, 전준우2호, 오선우2호 | 타자 키플레이어: 고종욱(HT), 오선우(HT), 전준우(롯데) | 투수 키플레이어: 성영탁(HT), 현도훈(롯데), 나균안(롯데)"
629,"""평균자책점 낮춰야죠"" 한화 압도적 꼴찌인데…'김서현 살리기'도 위기...","9위인 롯데 자이언츠의 4.60과도 꽤나 격차가 있는, 압도적인 꼴찌다. 선발진은 4.10으로 7위다. 윌켈... 문제는 불펜진이다. 불펜 평균자책점이 6.57로 리그 꼴찌다. 김서현 뿐만 아니라 기존 불펜진의 부진도 크다. 일단...",www.osen.co.kr,2026-04-27T07:15:00,,ETC,,,gpt_missing_index,,True,롯데의 불펜 평균자책점이 리그 최하위로 부진하다.,,negative,,True,"롯데 vs HT (원정) 5-5 무 | 홈런: 박재현1호, 노진혁4호, 전준우2호, 오선우2호 | 타자 키플레이어: 고종욱(HT), 오선우(HT), 전준우(롯데) | 투수 키플레이어: 성영탁(HT), 현도훈(롯데), 나균안(롯데)"
630,'연승' 혹은 '연패' 극단적 삼성라이온즈···득점권 침묵과 주축 부상...,2026 신한 SOL KBO리그 개막 홈 2연전에서 롯데자이언츠에 2연패를 당하며 시작한 삼성은 두산베어스와... 경기도 승리하며 7연승을 기록합니다. 4월 19일 LG전에서 시즌 두번째 영봉패로 주춤했던 삼성은 이어진 지난 한...,dgmbc.com,2026-04-27T07:09:00,,INJURY_ROSTER,,1.0,,,True,삼성라이온즈가 롯데에 2연패를 당하며 부진을 겪고 있다.,,neutral,,True,"롯데 vs HT (원정) 5-5 무 | 홈런: 박재현1호, 노진혁4호, 전준우2호, 오선우2호 | 타자 키플레이어: 고종욱(HT), 오선우(HT), 전준우(롯데) | 투수 키플레이어: 성영탁(HT), 현도훈(롯데), 나균안(롯데)"
631,"[단독] '데뷔 20년차' 김연정 ""은퇴 시기 고민 중…한화 우승 위해 내 몸...","롯데 자이언츠, NC 다이노스를 응원하던 시기에도 우승을 목전에 두고 트로피를 놓쳤다. 이 말을 들은... "" 그러면서 ""제가 다른 종목에서는 승리요정인데, 야구에서도 우승이 이뤄졌으면 한다. 지금 KBL에서 KCC가 4강...",www.xportsnews.com,2026-04-27T06:56:00,,ETC,,,gpt_missing_index,,True,김연정이 은퇴 시기를 고민하며 롯데의 우승을 기원하고 있다.,김연정,positive,,True,"롯데 vs HT (원정) 5-5 무 | 홈런: 박재현1호, 노진혁4호, 전준우2호, 오선우2호 | 타자 키플레이어: 고종욱(HT), 오선우(HT), 전준우(롯데) | 투수 키플레이어: 성영탁(HT), 현도훈(롯데), 나균안(롯데)"
632,"롯데 출신 투수들의 엇갈린 '컵스 희비'…반즈는 콜업, 벨라스케즈는 D...",KBO리그 롯데 자이언츠 출신 투수의 희비가 엇갈렸다. 메이저리그(MLB) 시카고 컵스 경기를 독점 중계하는... 2022년과 2023년에는 두 자릿수 승리를 기록하며 롯데를 대표하는 에이스로 활약했다. 하지만 부진에...,isplus.com,2026-04-27T06:45:00,,ETC,,,gpt_missing_index,,True,롯데 출신 투수들이 메이저리그에서 엇갈린 성적을 보이고 있다.,,neutral,,True,"롯데 vs HT (원정) 5-5 무 | 홈런: 박재현1호, 노진혁4호, 전준우2호, 오선우2호 | 타자 키플레이어: 고종욱(HT), 오선우(HT), 전준우(롯데) | 투수 키플레이어: 성영탁(HT), 현도훈(롯데), 나균안(롯데)"
633,"'14억 투자' KIA 이런 황당한 부상 다 있나…2위 타자 이탈, 분명 뼈아프...","""그렇게 다리를 찢을 공도 아니었는데…."" 이범호 KIA 타이거즈 감독은 26일 광주 롯데 자이언츠전에 앞서... 지난해 18홈런, 56타점을 기록하며 새로운 스타 탄생을 알렸는데, 올 시즌 초반은 부진 끝에 2군에서 한동안...",www.sportschosun.com,2026-04-27T06:03:00,,INJURY_ROSTER,,1.0,,,True,KIA의 부상으로 롯데와의 경기가 더욱 치열해졌다.,,neutral,,True,"롯데 vs HT (원정) 5-5 무 | 홈런: 박재현1호, 노진혁4호, 전준우2호, 오선우2호 | 타자 키플레이어: 고종욱(HT), 오선우(HT), 전준우(롯데) | 투수 키플레이어: 성영탁(HT), 현도훈(롯데), 나균안(롯데)"
634,박병호 영구결번은 어려웠나… 아쉬운 '히어로즈 4번타자'의 퇴장[초점...,"박병호는 LG 시절과 달리 넥센에서 4번타자로 자리잡았고 2012시즌부터 2015시즌까지 4시즌 연속 홈런왕을... 더불어 최동원(롯데 자이언츠), 양준혁(삼성 라이온즈) 등 원클럽맨이 아닌 선수들도 영구결번이 된 사례가...",sports.hankooki.com,2026-04-27T06:00:00,,ETC,,,gpt_missing_index,,True,박병호의 영구결번이 어려운 이유에 대한 아쉬움이 전해졌다.,박병호,neutral,,True,"롯데 vs HT (원정) 5-5 무 | 홈런: 박재현1호, 노진혁4호, 전준우2호, 오선우2호 | 타자 키플레이어: 고종욱(HT), 오선우(HT), 전준우(롯데) | 투수 키플레이어: 성영탁(HT), 현도훈(롯데), 나균안(롯데)"
635,"이러니 만루에도 기대가 안 되지, 삼성 '7연패' 중 잔루 '70개'→압도적...","롯데 자이언츠(18득점)를 제외하면 20점 미만 팀이 없다. 방망이가 최악은 아니다. 팀 타율(0.242) 7위... 부상자가 많기에 이해할 수 있다. 구자욱, 김성윤, 김영웅, 이재현이 이탈한 상태. 네 선수 모두 컨택과 장타...",www.mydaily.co.kr,2026-04-27T05:41:00,,INJURY_ROSTER,,1.0,,,True,삼성이 7연패 중 잔루가 많아 어려움을 겪고 있다.,,negative,,True,"롯데 vs HT (원정) 5-5 무 | 홈런: 박재현1호, 노진혁4호, 전준우2호, 오선우2호 | 타자 키플레이어: 고종욱(HT), 오선우(HT), 전준우(롯데) | 투수 키플레이어: 성영탁(HT), 현도훈(롯데), 나균안(롯데)"
636,벌써 200만… KBO 흥행 광풍,승리하며 지난 3월 31일부터 이어진 ‘홈구장 10연패’ 수렁에서 벗어났다. 뜨거운 열기 속에서 시즌 초반부터 기록도 풍성하게 터져 나왔다. KIA 양현종은 25일 광주 기아챔피언스필드에서 열린 롯데 자이언츠와...,www.seoul.co.kr,2026-04-27T05:04:00,,MATCH_RELATED,,0.9,,,True,KBO 리그의 흥행이 계속되고 있다.,,neutral,,True,"롯데 vs HT (원정) 5-5 무 | 홈런: 박재현1호, 노진혁4호, 전준우2호, 오선우2호 | 타자 키플레이어: 고종욱(HT), 오선우(HT), 전준우(롯데) | 투수 키플레이어: 성영탁(HT), 현도훈(롯데), 나균안(롯데)"
637,"'와! 리그 3위' KIA 마무리 고민 해결…""안정적인 투구"" 타이거즈 레전드...",성영탁은 26일 광주-KIA챔피언스필드에서 열린 2026 신한 SOL KBO리그 롯데 자이언츠와의 정규시즌 3차전에... 야구 통계사이트 '스탯티즈'에 따르면 성영탁은 올 시즌 구원 WAR(대체선수 대비 승리기여도) 0.84를 기록...,www.xportsnews.com,2026-04-27T05:01:00,,MATCH_RELATED,PERFORMANCE_ANALYSIS,0.9,,,True,롯데가 KIA와의 경기에서 성영탁의 활약을 주목받았다.,성영탁,negative,,True,"롯데 vs HT (원정) 5-5 무 | 홈런: 박재현1호, 노진혁4호, 전준우2호, 오선우2호 | 타자 키플레이어: 고종욱(HT), 오선우(HT), 전준우(롯데) | 투수 키플레이어: 성영탁(HT), 현도훈(롯데), 나균안(롯데)"
638,'끝내기 서로 걷어찬 롯데-KIA' 9회말 한태양 통한의 실책→한준수 허무...,경기를 승리로 끝낼 수 있는 찬스가 있었다. 그러나 각각 통한의 실책과 병살타로 기회를 서로 걷어찼다. 4-5로 뒤진 KIA 타이거즈의 9회말 공격. 8회부터 나와 1이닝을 삼자범퇴로 깔끔하게 막은 롯데 자이언츠 투수...,www.starnewskorea.com,2026-04-27T05:00:00,,MATCH_RELATED,,0.9,,,True,롯데와 KIA의 경기에서 실책으로 기회를 놓쳤다.,,negative,,True,"롯데 vs HT (원정) 5-5 무 | 홈런: 박재현1호, 노진혁4호, 전준우2호, 오선우2호 | 타자 키플레이어: 고종욱(HT), 오선우(HT), 전준우(롯데) | 투수 키플레이어: 성영탁(HT), 현도훈(롯데), 나균안(롯데)"
639,<와글와글NET세상> 전국구 늑대의 ‘화려한 귀환’ 설왕설래,한화 이글스는 늑구가 도망을 다닌 기간 연패를 이어가다 늑구가 동물원에 돌아온 날 롯데 자이언츠와의 부산 원정경기에서 5대0으로 압승했다. 지난 8일 SSG 랜더스 전 이후 열흘 만의 승리다. 프로축구 K리그1...,www.ilyosisa.co.kr,2026-04-27T03:38:00,,MATCH_RELATED,,0.9,,,True,한화가 롯데를 상대로 압승을 거두었다.,,negative,,True,"롯데 vs HT (원정) 5-5 무 | 홈런: 박재현1호, 노진혁4호, 전준우2호, 오선우2호 | 타자 키플레이어: 고종욱(HT), 오선우(HT), 전준우(롯데) | 투수 키플레이어: 성영탁(HT), 현도훈(롯데), 나균안(롯데)"
640,"롯데 방출→KBO 징계→현역 입대, 26세 새 둥지 찾았다...데뷔전부터 3타...",롯데 자이언츠 출신 내야수가 울산웨일즈 데뷔전에서 강렬한 임팩트를 남겼다. 일본인투수의 퀄리티스타트... 외쳐주셔서 승리할 수 있었다. 계속되는 성원을 부탁드리고 항상 감사드린다”라고 소감을 밝혔다....,www.osen.co.kr,2026-04-27T02:43:00,,TRANSACTION_CONTRACT,,1.0,,,True,롯데 출신 선수가 울산웨일즈에서 성공적인 데뷔를 했다.,,positive,,True,"롯데 vs HT (원정) 5-5 무 | 홈런: 박재현1호, 노진혁4호, 전준우2호, 오선우2호 | 타자 키플레이어: 고종욱(HT), 오선우(HT), 전준우(롯데) | 투수 키플레이어: 성영탁(HT), 현도훈(롯데), 나균안(롯데)"
641,"""구속 보다 커맨드죠"" 146km인데 KKKKK 2이닝 완벽투, ERA 0.60...이런 10R...",26일 광주-기아 챔피언스필드에서 열린 2026프로야구 롯데 자이언츠와의 광주경기에서 2이닝을 탈삼진 5개를... 전날에도 8회 2사후 등판해 4아웃을 깔끔하게 잡아내고 4-3 승리를 지켰다. 한 점 차 세이브는 처음이었다....,www.osen.co.kr,2026-04-27T00:46:00,,MATCH_RELATED,PERFORMANCE_ANALYSIS,0.9,,,True,롯데가 KIA와의 경기에서 5-5 무승부를 기록했다.,전준우,neutral,,True,"롯데 vs HT (원정) 5-5 무 | 홈런: 박재현1호, 노진혁4호, 전준우2호, 오선우2호 | 타자 키플레이어: 고종욱(HT), 오선우(HT), 전준우(롯데) | 투수 키플레이어: 성영탁(HT), 현도훈(롯데), 나균안(롯데)"
642,"박병호 떠나는 날, 마운드엔 또다른 ‘박’",막고 승리투수가 됐다. 26일 서울 고척스카이돔에서 삼성 라이온즈와의 홈경기를 앞두고 키움은 박병호를... 역시 연장까지 간 광주 경기에선 롯데 자이언츠와 KIA 타이거즈가 5-5로 비겼다. 롯데는 막판까지 1점을...,www.joongang.co.kr,2026-04-27T00:03:00,,MATCH_RELATED,,0.9,,,True,롯데가 KIA와의 경기에서 5-5 무승부를 기록했다.,전준우,neutral,,True,"롯데 vs HT (원정) 5-5 무 | 홈런: 박재현1호, 노진혁4호, 전준우2호, 오선우2호 | 타자 키플레이어: 고종욱(HT), 오선우(HT), 전준우(롯데) | 투수 키플레이어: 성영탁(HT), 현도훈(롯데), 나균안(롯데)"
643,햄스트링 다친 카스트로 운명의 월요일…다리 찢어서 만들어낸 소중한...,"“월요일에 마지막으로 한번 더 체크한다.” KIA 타이거즈 외국인타자 헤럴드 카스트로(33)는 25일 광주 롯데 자이언츠전에 5번 1루수로 선발 출전한다. 국내 1루수 요원들이 부상, 부진에 시달리며 24일 롯데전부터 1루수를...",www.mydaily.co.kr,2026-04-26T23:00:00,,INJURY_ROSTER,,1.0,,,True,카스트로가 부상으로 1루수로 출전할 예정이다.,,neutral,,False,"롯데 vs HT (원정) 5-5 무 | 홈런: 박재현1호, 노진혁4호, 전준우2호, 오선우2호 | 타자 키플레이어: 고종욱(HT), 오선우(HT), 전준우(롯데) | 투수 키플레이어: 성영탁(HT), 현도훈(롯데), 나균안(롯데)"
644,'0-0-0-0-0-0-0-0-0' 끝까지 침묵했다…'오늘(26일) 잔루 12개→7G 총 70개...,"5위 KIA가 롯데 자이언츠를 상대로 5-5 무승부를 기록하며 삼성과 KIA의 격차는 0.5경기 차로 좁혀졌다. 투수들은 실점을 최소화하며 승리에 대한 의지를 드러냈다. 선발 장찬희(3이닝 1실점), 김태훈(2이닝 무실점)...",www.xportsnews.com,2026-04-26T22:45:00,,MATCH_RELATED,,0.9,,,True,롯데가 KIA와의 경기에서 5-5 무승부를 기록했다.,,neutral,,True,"롯데 vs HT (원정) 5-5 무 | 홈런: 박재현1호, 노진혁4호, 전준우2호, 오선우2호 | 타자 키플레이어: 고종욱(HT), 오선우(HT), 전준우(롯데) | 투수 키플레이어: 성영탁(HT), 현도훈(롯데), 나균안(롯데)"
645,82김인식→84홍승규→05정근우→09전준우→10장민석→12서건창→16김준...,"KIA 타이거즈 외야수 박재현(20)의 1회말 리드오프 홈런이 KBO리그에서 단 11명만 달성한 진기록인 것으로 드러났다. 박재현은 26일 광주 롯데 자이언츠전서 1번 좌익수로 선발 출전했다. 5일 광주 NC 다이노스전, 19일...",www.mydaily.co.kr,2026-04-26T21:00:00,,ETC,,0.9,,,True,박재현이 KBO리그에서 진기록을 세웠다.,박재현,neutral,,False,"롯데 vs HT (원정) 5-5 무 | 홈런: 박재현1호, 노진혁4호, 전준우2호, 오선우2호 | 타자 키플레이어: 고종욱(HT), 오선우(HT), 전준우(롯데) | 투수 키플레이어: 성영탁(HT), 현도훈(롯데), 나균안(롯데)"
646,"두산, 선두 LG에 연장전 끝내기 승… kt는 1위 탈환","2-0으로 승리, 주말 3연전을 모두 이겼다. 인천에서는 kt 위즈가 샘 힐리어드와 장성우의 화끈한 방망이... 광주에서는 기아 타이거즈와 롯데 자이언츠가 연장 11회까지 승부를 가리지 못하고 5-5로 비겼다.",www.m-i.kr,2026-04-26T20:20:00,,MATCH_RELATED,,0.9,,,True,롯데가 KIA와의 경기에서 5-5 무승부를 기록했다.,,neutral,,True,"롯데 vs HT (원정) 5-5 무 | 홈런: 박재현1호, 노진혁4호, 전준우2호, 오선우2호 | 타자 키플레이어: 고종욱(HT), 오선우(HT), 전준우(롯데) | 투수 키플레이어: 성영탁(HT), 현도훈(롯데), 나균안(롯데)"
647,"끝내지 못한 KIA, 3연승 불발",박재현이 눈길 끄는 데뷔 홈런을 날렸지만 승리의 주역은 되지 못했다. KIA 타이거즈가 26일 챔피언스필드에서 열린 롯데 자이언츠와의 시즌 3차전에서 5-5 무승부를 기록했다. KIA가 1회말 리드오프로 나선...,www.kwangju.co.kr,2026-04-26T20:00:00,,MATCH_RELATED,,0.9,,,True,KIA가 롯데와의 경기에서 5-5 무승부를 기록했다.,박재현,neutral,,True,"롯데 vs HT (원정) 5-5 무 | 홈런: 박재현1호, 노진혁4호, 전준우2호, 오선우2호 | 타자 키플레이어: 고종욱(HT), 오선우(HT), 전준우(롯데) | 투수 키플레이어: 성영탁(HT), 현도훈(롯데), 나균안(롯데)"
648,'3주 만에 위닝시리즈 따냈다고?' NC 길었던 침체 드디어 벗어나나…이...,"NC는 남은 3이닝 동안 불펜이 실점 없이 막으며 승리할 수 있었다. 올 시즌 NC는 위닝 시리즈가 단 2차례에 그쳤다. 3월 31일~4월 2일 창원 롯데 자이언츠전에서 3연전 스윕승을 따낸 후, 4월 3~5일 광주 KIA...",www.xportsnews.com,2026-04-26T19:38:00,,MATCH_RELATED,,0.9,,,True,NC가 롯데와의 경기에서 위닝 시리즈를 기록했다.,,neutral,,False,"롯데 vs HT (원정) 5-5 무 | 홈런: 박재현1호, 노진혁4호, 전준우2호, 오선우2호 | 타자 키플레이어: 고종욱(HT), 오선우(HT), 전준우(롯데) | 투수 키플레이어: 성영탁(HT), 현도훈(롯데), 나균안(롯데)"
649,"[야구] 키움 박준현, 시속 159㎞ 뿌리며 '데뷔승'… kt는 1위 탈환",키움 히어로즈의 고졸 투수 박준현은 KBO리그 첫 선발 데뷔전을 승리로 장식했다. 키움은 박준현의 무실점... 광주에서는 KIA 타이거즈와 롯데 자이언츠가 연장전까지 벌이며 격돌했으나 5-5로 승부를 내지 못했다.,www.newscj.com,2026-04-26T19:28:00,,MATCH_RELATED,,0.9,,,True,롯데가 KIA와의 경기에서 5-5로 비겼다.,전준우,neutral,,True,"롯데 vs HT (원정) 5-5 무 | 홈런: 박재현1호, 노진혁4호, 전준우2호, 오선우2호 | 타자 키플레이어: 고종욱(HT), 오선우(HT), 전준우(롯데) | 투수 키플레이어: 성영탁(HT), 현도훈(롯데), 나균안(롯데)"
650,"'ERA 0.60' KIA 끝판대장 등장, 이런 선수가 10R라니…""틀렸다는 것을 증...","성영탁은 26일 광주 롯데 자이언츠전 5-5로 맞선 10회 구원 등판해 2이닝 1안타 5삼진 무실점 역투를 펼쳤다.... 오히려 리그 최정상급 불펜으로 발돋움하고 있다. 올해 12경기에서 3세이브, 3홀드 15이닝, 평균자책점 0.60을...",www.sportschosun.com,2026-04-26T19:22:00,,PERFORMANCE_ANALYSIS,MATCH_RELATED,0.9,,,True,성영탁이 롯데전에서 무실점으로 활약했다.,성영탁,negative,,True,"롯데 vs HT (원정) 5-5 무 | 홈런: 박재현1호, 노진혁4호, 전준우2호, 오선우2호 | 타자 키플레이어: 고종욱(HT), 오선우(HT), 전준우(롯데) | 투수 키플레이어: 성영탁(HT), 현도훈(롯데), 나균안(롯데)"
651,[도청도설] FC 롯데,그런데 최근 프로야구팀 롯데 자이언츠 앞에 FC가 붙는다. 축구팀보다 점수를 못내는 롯데의 물방망이... 과거 보약(손 쉽게 승리를 거두는 상대)에서 명의로 ‘승격한’ 롯데. 명장 김태형 감독도 어쩔 수 없는 롯데....,www.kookje.co.kr,2026-04-26T19:16:00,,ETC,,0.9,,,True,롯데 자이언츠가 FC라는 별명을 얻었다.,,negative,,False,"롯데 vs HT (원정) 5-5 무 | 홈런: 박재현1호, 노진혁4호, 전준우2호, 오선우2호 | 타자 키플레이어: 고종욱(HT), 오선우(HT), 전준우(롯데) | 투수 키플레이어: 성영탁(HT), 현도훈(롯데), 나균안(롯데)"
652,"꼴찌 롯데, KBO 흥행에 찬물","- 주말 KIA에 2연패로 10위 추락 롯데 자이언츠가 결국 단독 꼴찌로 내려앉았다. 시즌 초반부터 하위권을... 이어 5회 초 전준우와 노진혁의 솔로 홈런, 7회 초 전준우의 중전 안타 등에 힘입어 5-2로 앞섰다. 하지만...",www.kookje.co.kr,2026-04-26T19:16:00,,CLUB_OPERATION,,0.9,,,True,롯데가 KIA에 2연패하며 단독 꼴찌로 추락했다.,전준우,negative,,True,"롯데 vs HT (원정) 5-5 무 | 홈런: 박재현1호, 노진혁4호, 전준우2호, 오선우2호 | 타자 키플레이어: 고종욱(HT), 오선우(HT), 전준우(롯데) | 투수 키플레이어: 성영탁(HT), 현도훈(롯데), 나균안(롯데)"
653,"'국민거포' 은퇴식 날, 키움은 함박 웃음…'삼성전 승승승 싹쓸이' 설종...","경기에 임했을 것""이라며 ""오랜 시간 팀에 헌신한 박병호와 오늘 승리의 기쁨을 나누고 싶다""고 전했다. 한편 키움은 하루 휴식을 취한 뒤 28~30일 부산 사직야구장에서 롯데 자이언츠와 주중 3연전을 치른다. 사진=고척,",www.xportsnews.com,2026-04-26T19:12:00,,MATCH_RELATED,,0.9,,,True,키움이 롯데와의 3연전을 앞두고 있다.,,neutral,,False,"롯데 vs HT (원정) 5-5 무 | 홈런: 박재현1호, 노진혁4호, 전준우2호, 오선우2호 | 타자 키플레이어: 고종욱(HT), 오선우(HT), 전준우(롯데) | 투수 키플레이어: 성영탁(HT), 현도훈(롯데), 나균안(롯데)"
654,"KIA, 롯데와 5-5 무승부…위닝시리즈에도 아쉬움","KIA는 26일 광주 기아챔피언스필드에서 열린 롯데 자이언츠와의 홈 경기에서 5-5로 비겼다. 올 시즌 첫... 불펜은 엇갈렸다. 조상우, 이태양, 정해영이 실점 없이 버텼다. 성영탁도 6경기 연속 무실점 행진을 이어갔다....",www.kjdaily.com,2026-04-26T18:40:00,,MATCH_RELATED,,0.9,,,True,KIA가 롯데와의 경기에서 5-5로 비겼다.,,neutral,,True,"롯데 vs HT (원정) 5-5 무 | 홈런: 박재현1호, 노진혁4호, 전준우2호, 오선우2호 | 타자 키플레이어: 고종욱(HT), 오선우(HT), 전준우(롯데) | 투수 키플레이어: 성영탁(HT), 현도훈(롯데), 나균안(롯데)"
655,"KIA-롯데, 연장 11회 끝에 5-5 무승부…KT, SSG 꺾고 선두 탈환(종합)","프로야구 KIA 타이거즈와 롯데 자이언츠가 연장 11회까지 가는 접전을 벌였으나 승패를 가리지 못했다.... 박준현은 5이닝 4피안타 4사사구 4탈삼진 무실점을 기록, 데뷔전에서 승리 투수가 됐다. 고졸 신인이...",www.stoo.com,2026-04-26T18:38:00,,MATCH_RELATED,,0.9,,,True,KIA와 롯데가 연장 11회까지 가는 접전을 벌였다.,,neutral,,True,"롯데 vs HT (원정) 5-5 무 | 홈런: 박재현1호, 노진혁4호, 전준우2호, 오선우2호 | 타자 키플레이어: 고종욱(HT), 오선우(HT), 전준우(롯데) | 투수 키플레이어: 성영탁(HT), 현도훈(롯데), 나균안(롯데)"
656,"키움 박준현, 데뷔전 무실점 승리…kt, 선두 탈환","0으로 승리하고 주말 3연전을 다 챙겼습니다. 키움이 박준현, 삼성이 장찬희를 선발로 내세워 KBO리그 역대... 광주에서는 KIA 타이거즈와 롯데 자이언츠가 5대 5로 승패를 가리지 못했습니다. 롯데는 0대 2로 끌려가던...",news.sbs.co.kr,2026-04-26T18:36:00,,MATCH_RELATED,,0.9,,,True,롯데가 KIA와의 경기에서 5-5로 비겼다.,,neutral,,True,"롯데 vs HT (원정) 5-5 무 | 홈런: 박재현1호, 노진혁4호, 전준우2호, 오선우2호 | 타자 키플레이어: 고종욱(HT), 오선우(HT), 전준우(롯데) | 투수 키플레이어: 성영탁(HT), 현도훈(롯데), 나균안(롯데)"
657,"KIA, 롯데와 연장 11회 혈투 끝 무승부",KIA 타이거즈가 롯데 자이언츠와 연장 11회까지 이어진 혈투 끝에 승부를 가리지 못했다. KIA는 26일 광주... KIA는 1회말 박재현의 솔로 홈런으로 선취점을 올렸다. 박재현의 데뷔 첫 홈런이었다. 데뷔 첫 홈런이...,www.jndn.com,2026-04-26T18:18:00,,MATCH_RELATED,,0.9,,,True,KIA와 롯데가 연장 11회까지 비겼다.,박재현;전준우,neutral,,True,"롯데 vs HT (원정) 5-5 무 | 홈런: 박재현1호, 노진혁4호, 전준우2호, 오선우2호 | 타자 키플레이어: 고종욱(HT), 오선우(HT), 전준우(롯데) | 투수 키플레이어: 성영탁(HT), 현도훈(롯데), 나균안(롯데)"
658,"옛 영웅이 떠난 날, 새 영웅이 등장했다",막고 승리투수가 되는 기쁨을 맛봤다. 평소와는 사뭇 다른 풍경은 26일 서울 고척스카이돔에서 펼쳐졌다.... 역시 연장까지 향한 광주 경기에선 롯데 자이언츠와 KIA 타이거즈가 5-5로 비겼다. 롯데는 막판까지 1점...,www.joongang.co.kr,2026-04-26T18:13:00,,MATCH_RELATED,,0.9,,,True,롯데와 KIA의 경기가 연장까지 이어져 비겼다.,전준우,neutral,,True,"롯데 vs HT (원정) 5-5 무 | 홈런: 박재현1호, 노진혁4호, 전준우2호, 오선우2호 | 타자 키플레이어: 고종욱(HT), 오선우(HT), 전준우(롯데) | 투수 키플레이어: 성영탁(HT), 현도훈(롯데), 나균안(롯데)"
659,[김준용의 타임 아웃] 선발투수의 QS,"최근 들어 프로야구 롯데 자이언츠의 기사에서 자주 만날 수 있는 야구 용어 퀄리티스타트(Quality Start)... 승리, 평균 자책점보다 더 엄격하게 투수의 실력을 반영한다. QS는 1986년 미국 워싱턴포스트의 리차드 저스티스...",www.busan.com,2026-04-26T18:07:00,,PERFORMANCE_ANALYSIS,,0.9,,,True,롯데의 선발투수 퀄리티 스타트에 대한 분석.,,neutral,,False,"롯데 vs HT (원정) 5-5 무 | 홈런: 박재현1호, 노진혁4호, 전준우2호, 오선우2호 | 타자 키플레이어: 고종욱(HT), 오선우(HT), 전준우(롯데) | 투수 키플레이어: 성영탁(HT), 현도훈(롯데), 나균안(롯데)"
660,"키움 박준현, 시속 159㎞ 앞세워 데뷔승…kt는 1위 탈환(종합2보)","두산, 연장 10회 터진 박준순 끝내기 안타로 LG전 4-3 승리 NC는 대타 안중열 결승 2점 홈런으로 한화에 승리... 광주에서는 KIA 타이거즈와 롯데 자이언츠가 5-5로 승패를 가리지 못했다. 롯데는 0-2로 끌려가던 4회...",www.yna.co.kr,2026-04-26T18:07:00,,MATCH_RELATED,,0.9,,,True,KIA와 롯데의 경기가 연장 11회 무승부로 끝났다.,전준우,neutral,,True,"롯데 vs HT (원정) 5-5 무 | 홈런: 박재현1호, 노진혁4호, 전준우2호, 오선우2호 | 타자 키플레이어: 고종욱(HT), 오선우(HT), 전준우(롯데) | 투수 키플레이어: 성영탁(HT), 현도훈(롯데), 나균안(롯데)"
661,"키움 박준현, 시속 159㎞ 앞세워 데뷔승…kt는 1위 탈환(종합)","두산, 연장 10회 터진 박준순 끝내기 안타로 LG전 4-3 승리 NC는 대타 안중열 결승 2점 홈런으로 한화에 승리... 광주에서는 KIA 타이거즈와 롯데 자이언츠가 5-5로 승패를 가리지 못했다. 롯데는 0-2로 끌려가던 4회...",www.yna.co.kr,2026-04-26T17:57:00,,MATCH_RELATED,,0.9,,,True,롯데와 KIA의 경기가 5-5로 비겼다.,전준우,neutral,,True,"롯데 vs HT (원정) 5-5 무 | 홈런: 박재현1호, 노진혁4호, 전준우2호, 오선우2호 | 타자 키플레이어: 고종욱(HT), 오선우(HT), 전준우(롯데) | 투수 키플레이어: 성영탁(HT), 현도훈(롯데), 나균안(롯데)"
662,"박준현, 프로 데뷔 첫 등판서 5이닝 무실점 선발승","엔씨(NC) 다이노스는 3-3 동점이던 7회초 안중열이 투런 홈런을 치면서 한화 이글스에 5-3으로 승리했다. 롯데 자이언츠와 기아(KIA) 타이거즈는 5-5, 무승부를 기록했다. 한편, KBO리그는 전날(25일) 117경기 만에...",www.hani.co.kr,2026-04-26T17:56:00,,MATCH_RELATED,,0.9,,,True,롯데와 KIA의 경기가 5-5로 무승부를 기록했다.,,neutral,,True,"롯데 vs HT (원정) 5-5 무 | 홈런: 박재현1호, 노진혁4호, 전준우2호, 오선우2호 | 타자 키플레이어: 고종욱(HT), 오선우(HT), 전준우(롯데) | 투수 키플레이어: 성영탁(HT), 현도훈(롯데), 나균안(롯데)"
663,"'울산행' 최지만, 가장 큰 변수는? [프로야구]",이대호는 2017년 롯데 자이언츠 복귀 첫해 타율 0.320 34홈런 111타점 OPS 0.924를 남겼다. 박병호는 2018년 넥센 히어로즈 복귀 후 타율 0.345 43홈런 112타점 OPS 1.175로 리그를 지배했다. 최지만은 이들과 조건이 조금...,www.sportsq.co.kr,2026-04-26T17:52:00,,INJURY_ROSTER,,1.0,,,True,최지만의 울산행에 대한 논의가 이어졌다.,이대호;박병호,neutral,,False,"롯데 vs HT (원정) 5-5 무 | 홈런: 박재현1호, 노진혁4호, 전준우2호, 오선우2호 | 타자 키플레이어: 고종욱(HT), 오선우(HT), 전준우(롯데) | 투수 키플레이어: 성영탁(HT), 현도훈(롯데), 나균안(롯데)"
664,끝내기 찬스 놓친 KIA…연장 접전 속 무승부,26일 KIA는 광주-기아챔피언스필드에서 열린 2026 신한 SOL KBO리그 롯데 자이언츠와 경기에서 5-5로 비겼다.... 하지만 4회초 롯데가 승리를 원점으로 돌렸다. 한동희에게 내야 안타를 맞으며 무사 만루에 올랐고...,www.jnilbo.com,2026-04-26T17:48:00,,MATCH_RELATED,,0.9,,,True,KIA가 연장 접전 끝에 롯데와 비겼다.,,neutral,,True,"롯데 vs HT (원정) 5-5 무 | 홈런: 박재현1호, 노진혁4호, 전준우2호, 오선우2호 | 타자 키플레이어: 고종욱(HT), 오선우(HT), 전준우(롯데) | 투수 키플레이어: 성영탁(HT), 현도훈(롯데), 나균안(롯데)"
665,"'KKKKK' KIA 성영탁 2이닝 역투 미쳤다, 롯데는 현도훈 맞불로 11회 무승...",KIA 타이거즈와 롯데 자이언츠가 무승부를 기록했다. KIA와 롯데는 26일 광주기아챔피언스필드에서 열린... 끝내기 승리의 발판을 마련했다. 성영탁은 전날 1⅓이닝(11구)을 던지고도 이날 삼진 5개를 뺏는 등 멀티이닝...,www.sportschosun.com,2026-04-26T17:42:00,,MATCH_RELATED,,0.9,,,True,롯데가 KIA와의 경기에서 5-5 무승부를 기록했다.,성영탁;현도훈;전준우,neutral,,True,"롯데 vs HT (원정) 5-5 무 | 홈런: 박재현1호, 노진혁4호, 전준우2호, 오선우2호 | 타자 키플레이어: 고종욱(HT), 오선우(HT), 전준우(롯데) | 투수 키플레이어: 성영탁(HT), 현도훈(롯데), 나균안(롯데)"
666,KIA·롯데 연장 11회 끝 5-5 무승부→한태양 9회말 통한의 실책→한준수...,KIA 타이거즈와 롯데 자이언츠가 연장 11회 끝 승부를 가리지 못했다. 두 팀 모두 9회말이 승부처였고... 롯데 선발투수 나균안이 시즌 5번째 선발등판서도 첫 승을 따내지 못했다. 6이닝 3피안타(1피홈런) 4탈삼진...,www.mydaily.co.kr,2026-04-26T17:42:00,,MATCH_RELATED,,0.9,,,True,롯데가 KIA와의 연장전에서 5-5 무승부를 기록했다.,나균안;전준우,neutral,,True,"롯데 vs HT (원정) 5-5 무 | 홈런: 박재현1호, 노진혁4호, 전준우2호, 오선우2호 | 타자 키플레이어: 고종욱(HT), 오선우(HT), 전준우(롯데) | 투수 키플레이어: 성영탁(HT), 현도훈(롯데), 나균안(롯데)"
667,"'박병호 은퇴식·박준현 데뷔승 겹경사' 키움, 삼성 2-0 제압… 3연승 질...",박준현이 5이닝을 책임진 뒤 키움 불펜진은 남은 이닝을 무실점으로 막아 승리를 지켰다. 잠실에서는 두산... 광주에서는 KIA 타이거즈와 롯데 자이언츠가 연장 접전 끝에 5-5로 승부를 가리지 못했다.,www.hansbiz.co.kr,2026-04-26T17:12:00,,MATCH_RELATED,,0.9,,,True,롯데가 KIA와의 경기에서 5-5로 비겼다.,,neutral,,True,"롯데 vs HT (원정) 5-5 무 | 홈런: 박재현1호, 노진혁4호, 전준우2호, 오선우2호 | 타자 키플레이어: 고종욱(HT), 오선우(HT), 전준우(롯데) | 투수 키플레이어: 성영탁(HT), 현도훈(롯데), 나균안(롯데)"
668,"'최고 159km+KKKK' 7억팔 특급 신인 박준현, 1군 데뷔전 5이닝 무실점 [고...",만약 불펜이 마지막까지 리드를 지킨다면 박준현은 승리투수가 된다. 2007년생인 박준현은 율하초-경상중... 직전 등판이었던 19일 롯데 자이언츠와의 퓨처스리그 경기에서는 5이닝 4피안타 2사사구 8탈삼진 3실점을...,www.xportsnews.com,2026-04-26T15:50:00,,PERFORMANCE_ANALYSIS,MATCH_RELATED,0.9,,,True,롯데가 KIA와의 경기에서 5-5 무승부를 기록했다.,,neutral,,True,"롯데 vs HT (원정) 5-5 무 | 홈런: 박재현1호, 노진혁4호, 전준우2호, 오선우2호 | 타자 키플레이어: 고종욱(HT), 오선우(HT), 전준우(롯데) | 투수 키플레이어: 성영탁(HT), 현도훈(롯데), 나균안(롯데)"
669,"'매진-매진-매진-매진-매진-매진-매진' KBO 전설 떠나는 날, 16000석 또또...","박병호는 히어로즈에서 1026경기 1069안타 302홈런 872타점 734득점 타율 0.294를 기록했다. 2014시즌 52홈런... 그리고 4월 10~12일 롯데 자이언츠와 주말 3연전이 모두 매진됐고, 삼성과 주말 3연전도 완판에 성공했다....",www.mydaily.co.kr,2026-04-26T15:41:00,,ETC,,0.9,,,True,롯데와의 주말 3연전이 매진됐다.,,positive,,False,"롯데 vs HT (원정) 5-5 무 | 홈런: 박재현1호, 노진혁4호, 전준우2호, 오선우2호 | 타자 키플레이어: 고종욱(HT), 오선우(HT), 전준우(롯데) | 투수 키플레이어: 성영탁(HT), 현도훈(롯데), 나균안(롯데)"
670,"'거포' 박병호 은퇴식 ""행복하게 야구하고 멋있게 떠난다""","그는 KBO리그 역대 최다인 여섯 차례(2012·2013·2014·2015·2019·2022년) 홈런 1위를 차지하며 통산 418홈런을... 김민성(롯데 자이언츠), 강정호 등이 영상을 통해 박 코치의 은퇴를 축하했다. 키움 구단은 기념 액자와 감사패...",www.news1.kr,2026-04-26T15:07:00,,ETC,,0.9,,,True,박병호의 은퇴식이 진행되었다.,박병호,neutral,,False,"롯데 vs HT (원정) 5-5 무 | 홈런: 박재현1호, 노진혁4호, 전준우2호, 오선우2호 | 타자 키플레이어: 고종욱(HT), 오선우(HT), 전준우(롯데) | 투수 키플레이어: 성영탁(HT), 현도훈(롯데), 나균안(롯데)"
671,"KIA 박재현, 데뷔 첫 홈런 1회 선두타자 홈런으로 '쾅'",데뷔 첫 홈런을 1회 선두타자 홈런으로 기록한 것은 박재현이 역대 11번째다. 2023년 5월 18일 당시 롯데 자이언츠의 김민석(현 두산 베어스)이 대전 한화 이글스전에서 기록한 것이 가장 최근 사례였다.,www.newsis.com,2026-04-26T15:04:00,,ETC,,0.9,,,False,KIA의 박재현이 데뷔 첫 홈런을 기록했다.,박재현,,,False,"롯데 vs HT (원정) 5-5 무 | 홈런: 박재현1호, 노진혁4호, 전준우2호, 오선우2호 | 타자 키플레이어: 고종욱(HT), 오선우(HT), 전준우(롯데) | 투수 키플레이어: 성영탁(HT), 현도훈(롯데), 나균안(롯데)"
672,"KIA 부상자 발생이라니…'팀 내 타점 2위' 카스트로, 1군 엔트리 말소 ""...","KIA는 26일 광주-KIA챔피언스필드에서 열린 2026 신한 SOL KBO리그 롯데 자이언츠와의 정규시즌 3차전을... MLB에서 6시즌을 뛰었고, 통산 450경기 1406타수 391안타 타율 0.278, 16홈런, 156타점, 7도루, 출루율 0.303, 장타율 0....",www.xportsnews.com,2026-04-26T15:02:00,,INJURY_ROSTER,,1.0,,,True,KIA의 카스트로가 부상으로 1군 엔트리에서 말소되었다.,카스트로,negative,,False,"롯데 vs HT (원정) 5-5 무 | 홈런: 박재현1호, 노진혁4호, 전준우2호, 오선우2호 | 타자 키플레이어: 고종욱(HT), 오선우(HT), 전준우(롯데) | 투수 키플레이어: 성영탁(HT), 현도훈(롯데), 나균안(롯데)"
673,"KIA 박재현, 데뷔 첫 홈런을 1회 선두타자 홈런으로 장식(종합)","KBO 사무국에 따르면 데뷔 첫 홈런이 선두타자 홈런인 경우는 박재현을 포함해 역대 11번 있었고, 최근 사례는 2023년 5월 18일 대전 한화 이글스전 김민석(당시 롯데 자이언츠·현 두산 베어스)이었다. 박재현은...",www.yna.co.kr,2026-04-26T14:47:00,,ETC,,0.9,,,False,박재현이 데뷔 첫 홈런을 선두타자로 기록했습니다.,박재현,,,True,"롯데 vs HT (원정) 3-4 패 | 결승타: 김도영(5회) | 홈런: 유강남2호 | 타자 키플레이어: 김도영(HT), 김선빈(HT), 박재현(HT) | 투수 키플레이어: 성영탁(HT), 정해영(HT), 박정민(롯데)"
674,"김혜성, '롯데 흑역사' 벨라스케즈에 3구 삼진…그래도 3일 연속 멀티히...","주전 야수 무키 베츠의 부상 복귀설이 나돌면서 김혜성이 '어쩔 수 없이' 트리플A로 돌아갈 것이란 관측이... 지난 시즌 도중 롯데 자이언츠에 입단, 11경기 1승4패 평균자책점(ERA) 8.23을 기록하며 최악의 투구를 선보인...",www.xportsnews.com,2026-04-26T14:43:00,,INJURY_ROSTER,,1.0,,,True,김혜성이 벨라스케즈에게 삼진을 당했습니다.,김혜성,negative,,True,"롯데 vs HT (원정) 3-4 패 | 결승타: 김도영(5회) | 홈런: 유강남2호 | 타자 키플레이어: 김도영(HT), 김선빈(HT), 박재현(HT) | 투수 키플레이어: 성영탁(HT), 정해영(HT), 박정민(롯데)"
675,"KIA 박재현, 데뷔 첫 홈런을 1회 선두타자 홈런으로 장식",첫 홈런을 1회 선두타자 대포로 장식했습니다. 박재현은 오늘(26일) 광주 기아챔피언스필드에서 열린 2026 신한 SOL KBO리그 정규시즌 롯데 자이언츠와 홈경기에 1번 타자 좌익수로 선발 출전했습니다. 1회 첫 타석에서...,news.sbs.co.kr,2026-04-26T14:40:00,,MATCH_RELATED,,0.9,,,True,박재현이 1회 첫 타석에서 홈런을 쳤습니다.,박재현,negative,,True,"롯데 vs HT (원정) 3-4 패 | 결승타: 김도영(5회) | 홈런: 유강남2호 | 타자 키플레이어: 김도영(HT), 김선빈(HT), 박재현(HT) | 투수 키플레이어: 성영탁(HT), 정해영(HT), 박정민(롯데)"
676,"125m 선두타자포…KIA 박재현, 프로 첫 홈런 기록",2026년 4월 26일 광주 기아챔피언스필드에서는 KIA 타이거즈 외야수 박재현이 프로 데뷔 첫 홈런을 신고하는 장면이 나왔다. 롯데 자이언츠와 치른 2026 신한 SOL KBO리그 정규시즌 홈경기에서 박재현이 1회부터 장타로...,www.topstarnews.net,2026-04-26T14:34:00,,MATCH_RELATED,,0.9,,,True,박재현이 125m 홈런으로 프로 첫 홈런을 기록했습니다.,박재현,negative,,True,"롯데 vs HT (원정) 3-4 패 | 결승타: 김도영(5회) | 홈런: 유강남2호 | 타자 키플레이어: 김도영(HT), 김선빈(HT), 박재현(HT) | 투수 키플레이어: 성영탁(HT), 정해영(HT), 박정민(롯데)"
677,"""1회부터 분위기 살려달라"" 꽃감독 리드오프 발탁→125m 선두타자 데뷔...",박재현은 26일 광주-기아 챔피언스필드에서 열린 2026 프로야구 롯데 자이언츠와의 경기에 리드오프 겸... 롯데 선발 나균안은 올해 4경기에서 승리없이 2패를 당했으나 평균자책점 2.08을 기록할 정도로 안정감을...,www.osen.co.kr,2026-04-26T14:24:00,,MATCH_RELATED,,0.9,,,True,박재현이 리드오프에서 홈런을 기록하며 분위기를 살렸습니다.,박재현,negative,,True,"롯데 vs HT (원정) 3-4 패 | 결승타: 김도영(5회) | 홈런: 유강남2호 | 타자 키플레이어: 김도영(HT), 김선빈(HT), 박재현(HT) | 투수 키플레이어: 성영탁(HT), 정해영(HT), 박정민(롯데)"
678,"'레전드의 품격' KIA 양현종, 2200탈삼진 달성에도 동료부터 챙겼다",양현종은 지난 25일 광주-기아챔피언스필드에서 열린 2026 신한 SOL KBO리그 롯데 자이언츠와 경기에서 선발 등판해 5이닝 90구 3실점 4피안타 5탈삼진을 기록하며 시즌 두 번째 승리를 거머쥐었다. 경기 종료 후 만난...,www.jnilbo.com,2026-04-26T14:14:00,,MATCH_RELATED,,0.9,,,True,양현종이 2200탈삼진을 달성하며 동료를 챙겼습니다.,양현종,negative,,True,"롯데 vs HT (원정) 3-4 패 | 결승타: 김도영(5회) | 홈런: 유강남2호 | 타자 키플레이어: 김도영(HT), 김선빈(HT), 박재현(HT) | 투수 키플레이어: 성영탁(HT), 정해영(HT), 박정민(롯데)"
679,"프로야구 KIA 외인 타자 카스트로, 허벅지 부상으로 1군 말소","광주 롯데 자이언츠전을 앞두고 허벅지 부상으로 1군에서 말소됐습니다. 올 시즌 KIA 유니폼을 입은 카스트로는 23경기에서 타율 0.250, 22안타, 2홈런, 16타점, OPS(출루율+장타율) 0.700으로 기대에 못 미치는 모습을...",news.sbs.co.kr,2026-04-26T13:33:00,,INJURY_ROSTER,,1.0,,,True,카스트로가 허벅지 부상으로 1군에서 말소되었습니다.,카스트로,negative,,True,"롯데 vs HT (원정) 3-4 패 | 결승타: 김도영(5회) | 홈런: 유강남2호 | 타자 키플레이어: 김도영(HT), 김선빈(HT), 박재현(HT) | 투수 키플레이어: 성영탁(HT), 정해영(HT), 박정민(롯데)"
680,"KIA 카스트로, 햄스트링 부상으로 이탈…NC 서호철도 허벅지 부상",프로야구 KIA 타이거즈의 외국인 타자 해럴드 카스트로가 부상으로 전열에서 이탈했다. KIA는 26일 광주-기아 챔피언스필드에서 벌어지는 2026 신한 쏠 KBO리그 롯데 자이언츠와의 경기를 앞두고 카스트로를 1군...,www.newsis.com,2026-04-26T13:18:00,,INJURY_ROSTER,,1.0,,,True,카스트로가 햄스트링 부상으로 이탈했습니다.,카스트로,negative,,True,"롯데 vs HT (원정) 3-4 패 | 결승타: 김도영(5회) | 홈런: 유강남2호 | 타자 키플레이어: 김도영(HT), 김선빈(HT), 박재현(HT) | 투수 키플레이어: 성영탁(HT), 정해영(HT), 박정민(롯데)"
681,"'교체 굴욕?' 한동희에게 무슨 일이, 롯데 조마조마하다…""지금 상황에...","""지금 상황에서 (한)동희까지 터지면."" 김태형 롯데 자이언츠 감독은 26일 광주 KIA 타이거즈전에 앞서 전날... 홈런은 아직 없다. 그럼에도 현재 롯데 타선은 한동희를 제외할 여력이 없다. 롯데는 26일 현재 팀 타율...",www.sportschosun.com,2026-04-26T13:12:00,,ETC,MATCH_RELATED,0.9,,,True,롯데가 한동희의 부진으로 조마조마한 상황이다.,한동희,negative,,True,"롯데 vs HT (원정) 3-4 패 | 결승타: 김도영(5회) | 홈런: 유강남2호 | 타자 키플레이어: 김도영(HT), 김선빈(HT), 박재현(HT) | 투수 키플레이어: 성영탁(HT), 정해영(HT), 박정민(롯데)"
682,박재현은 KIA 분위기를 바꾸는 선수…일요일 전용 리드오프? “경기 시...,"그리고 26일 광주 롯데 자이언츠전이다. KIA는 헤럴드 카스트로가 햄스트링 부분 손상으로 1군에서 빠졌다. 가벼운 부상은 아니다. 때문에 중심타선 및 포지션, 라인업 재편이 필요하다. 일단 오선우가 1군에 돌아와...",www.mydaily.co.kr,2026-04-26T12:50:00,,INJURY_ROSTER,,1.0,,,True,KIA가 부상으로 라인업을 조정하며 롯데와 맞붙는다.,박재현,neutral,,True,"롯데 vs HT (원정) 3-4 패 | 결승타: 김도영(5회) | 홈런: 유강남2호 | 타자 키플레이어: 김도영(HT), 김선빈(HT), 박재현(HT) | 투수 키플레이어: 성영탁(HT), 정해영(HT), 박정민(롯데)"
683,KIA 카스트로 허벅지 부상 이탈…오선우 1군 재승격,"광주에서 열리는 26일 롯데 자이언츠전 시작을 앞두고 KIA 타이거즈가 타선 구성을 조정했다. 외국인 타자... 대신 투수 정동윤을 말소해 불펜과 선발 자원 운용에 변화를 줬고, 경기 일정과 팀 상황에 따라 투수 구성...",www.topstarnews.net,2026-04-26T12:34:00,,INJURY_ROSTER,,1.0,,,True,KIA가 카스트로를 말소하고 오선우를 콜업했다.,,neutral,,True,"롯데 vs HT (원정) 3-4 패 | 결승타: 김도영(5회) | 홈런: 유강남2호 | 타자 키플레이어: 김도영(HT), 김선빈(HT), 박재현(HT) | 투수 키플레이어: 성영탁(HT), 정해영(HT), 박정민(롯데)"
684,"베츠 복귀 앞두고 타격 시위 펼친 김혜성, 3경기 연속 멀티히트 질주",8회말 마지막 타석에서는 롯데 자이언츠 출신의 빈스 벨라스케즈를 상대했으나 삼진으로 물러나며 경기를 마무리했다. 다저스 선발 마운드에 오른 사사키 로키는 타선의 화력 덕분에 고전 끝에 시즌 첫 승리를 따냈다....,www.dailysportshankook.co.kr,2026-04-26T12:18:00,,INJURY_ROSTER,,1.0,,,True,김혜성이 3경기 연속 멀티히트를 기록했다.,김혜성,positive,,True,"롯데 vs HT (원정) 3-4 패 | 결승타: 김도영(5회) | 홈런: 유강남2호 | 타자 키플레이어: 김도영(HT), 김선빈(HT), 박재현(HT) | 투수 키플레이어: 성영탁(HT), 정해영(HT), 박정민(롯데)"
685,"[AI프리뷰] 26일 광주 KIA-롯데전, 스윕노리는 '2연속 결승타' 김도영","한지용 인턴기자 = 2026 KBO 리그 KIA 타이거즈 vs 롯데 자이언츠 광주 경기 분석 (4월 26일) 4월 26일 오후 2시... 이번 시즌도 4경기 21.2이닝, 승리없이 2패, 평균자책점 2.08로 매우 인상적이지만, 타선 지원이 부족한 탓에...",www.newspim.com,2026-04-26T12:07:00,,MATCH_RELATED,,0.9,,,True,김도영의 결승타로 KIA가 롯데를 이겼다.,김도영,negative,,True,"롯데 vs HT (원정) 3-4 패 | 결승타: 김도영(5회) | 홈런: 유강남2호 | 타자 키플레이어: 김도영(HT), 김선빈(HT), 박재현(HT) | 투수 키플레이어: 성영탁(HT), 정해영(HT), 박정민(롯데)"
686,"오선우 콜업·카스트로 말소…KIA, 26일 라인업 발표",KIA 타이거즈가 26일 광주-기아 챔피언스필드에서 열리는 2026 신한 SOL KBO리그 롯데 자이언츠와 경기를... 올 시즌 6경기에 출전해 타율 0.111 1홈런 1타점 1득점 OPS 0.478에 그쳐 퓨처스리그로 내려왔다가 다시 부름을...,www.jnilbo.com,2026-04-26T12:02:00,,INJURY_ROSTER,,1.0,,,True,KIA가 오선우를 콜업하며 라인업을 발표했다.,,neutral,,True,"롯데 vs HT (원정) 3-4 패 | 결승타: 김도영(5회) | 홈런: 유강남2호 | 타자 키플레이어: 김도영(HT), 김선빈(HT), 박재현(HT) | 투수 키플레이어: 성영탁(HT), 정해영(HT), 박정민(롯데)"
687,"KIA 날벼락, 팀내 타점 2위 카스트로 사라졌다...햄스트링 부분 손상, 오...","KIA는 26일 롯데 자이언츠와의 경기에 앞서 카스트로를 1군 엔트리에서 말소했다. 전날 롯데와의 경기에... 23경기에 출전해 타율 2할5푼 2홈런 16타점 15득점 OPS .700, 득점권 타율 2할3푼1리를 기록중이다. 개막 3경기에서...",www.osen.co.kr,2026-04-26T11:53:00,,INJURY_ROSTER,,1.0,,,True,KIA가 카스트로를 말소하며 타선에 타격을 입었다.,,negative,,True,"롯데 vs HT (원정) 3-4 패 | 결승타: 김도영(5회) | 홈런: 유강남2호 | 타자 키플레이어: 김도영(HT), 김선빈(HT), 박재현(HT) | 투수 키플레이어: 성영탁(HT), 정해영(HT), 박정민(롯데)"
688,"KIA 황당하네, 카스트로 다리 찢다가 햄스트링 부분 손상… 오선우 1군복...",KIA는 26일 광주 롯데 자이언츠전을 앞두고 카스트로를 1군에서 빼고 오선우를 넣었다. 카스트로는 최근... 올 시즌 6경기서 타율 0.111 1홈런 1타점 1득점 OPS 0.478에 그쳤다. 퓨처스리그에서도 15경기서 타율 0.250 13타점...,www.mydaily.co.kr,2026-04-26T11:50:00,,TRANSACTION_CONTRACT,INJURY_ROSTER,0.9,,,True,KIA가 카스트로를 1군에서 빼고 오선우를 넣었다.,,neutral,,True,"롯데 vs HT (원정) 3-4 패 | 결승타: 김도영(5회) | 홈런: 유강남2호 | 타자 키플레이어: 김도영(HT), 김선빈(HT), 박재현(HT) | 투수 키플레이어: 성영탁(HT), 정해영(HT), 박정민(롯데)"
689,김혜성 멀티히트→멀티히트→멀티히트 미쳤다…타율 0.357 ML 잔류 청신호...,지난해 KBO 리그 롯데 자이언츠에서 외국인투수로 뛰었던 선수다. 경기는 다저스의 12-4 대승으로 끝났다.... 했으나 승리투수 요건을 갖추면서 시즌 첫 승을 신고했다. 오타니는 3타수 1안타 2볼넷 2득점으로 시즌 타율...,www.spotvnews.co.kr,2026-04-26T11:46:00,,ETC,,0.9,,,True,롯데가 HT와의 경기에서 3-4로 패배했다.,김도영,negative,,True,"롯데 vs HT (원정) 3-4 패 | 결승타: 김도영(5회) | 홈런: 유강남2호 | 타자 키플레이어: 김도영(HT), 김선빈(HT), 박재현(HT) | 투수 키플레이어: 성영탁(HT), 정해영(HT), 박정민(롯데)"
690,"'은퇴식 특별 엔트리→4번+1B' 박병호, 고척돔 그라운드 밟는다…신인 ...","이어 ""내가 프런트에 있을 때 박병호 코치가 목동으로 왔고, (키움을) 떠나기 전 부상으로 2군에 있을 때... 가장 최근 등판이었던 19일 롯데 자이언츠전에서는 5이닝 4피안타 2사사구 8탈삼진 3실점을 기록했다. 설 감독은...",www.xportsnews.com,2026-04-26T11:30:00,,INJURY_ROSTER,,1.0,,,True,박병호가 은퇴식 특별 엔트리에 포함된다.,박병호,neutral,,False,"롯데 vs HT (원정) 3-4 패 | 결승타: 김도영(5회) | 홈런: 유강남2호 | 타자 키플레이어: 김도영(HT), 김선빈(HT), 박재현(HT) | 투수 키플레이어: 성영탁(HT), 정해영(HT), 박정민(롯데)"
691,"1점이 소중한데… '선발 ERA 1위' 롯데, 당장 중요한 것은 타격이 아닌 ...",롯데 자이언츠다. 지금 롯데의 5선발 체제는 리그 어느 팀과 견주어도 손색이 없다. 지난 4월 8일을 kt전을 기점으로 선발 투수가 5이닝을 채우지 못한 경기는 제레미 비슬리가 부상으로 조기 강판당했던 한화전 단 한...,www.fnnews.com,2026-04-26T11:01:00,,INJURY_ROSTER,,1.0,,,True,롯데의 선발 투수진은 리그에서 경쟁력을 보이고 있다.,,neutral,,False,"롯데 vs HT (원정) 3-4 패 | 결승타: 김도영(5회) | 홈런: 유강남2호 | 타자 키플레이어: 김도영(HT), 김선빈(HT), 박재현(HT) | 투수 키플레이어: 성영탁(HT), 정해영(HT), 박정민(롯데)"
692,"""김도영 앞에 주자를 쌓지 마라, 그러면 진다"".... 맞으면 장외, 괴력이...",최근 롯데 자이언츠와의 주말 3연전은 김도영이 왜 현시점 KIA의 부동의 4번 타자인지를 완벽하게 증명한... 연타석 홈런을 터뜨리며 팀의 5연패 사슬을 끊어냈다. 그 여운이 채 가시기도 전인 25일 경기. 2-3으로 뒤지던...,www.fnnews.com,2026-04-26T10:01:00,,MATCH_RELATED,PERFORMANCE_ANALYSIS,0.9,,,True,김도영이 롯데를 상대로 홈런을 기록하며 팀의 5연패를 끊었다.,김도영,negative,,True,"롯데 vs HT (원정) 3-4 패 | 결승타: 김도영(5회) | 홈런: 유강남2호 | 타자 키플레이어: 김도영(HT), 김선빈(HT), 박재현(HT) | 투수 키플레이어: 성영탁(HT), 정해영(HT), 박정민(롯데)"
693,"'⅓이닝 7실점 붕괴 악몽?' 잊어주세요! 6이닝→7이닝 '또또' 호투, 한화...","팀도 8-1로 승리하면서 에르난데스는 시즌 3승째를 거뒀다. 경기 후 에르난데스는 ""승리해서 기쁘고 특히 매... 그래도 가장 최근 등판인 19일 사직 롯데 자이언츠전에서 에르난데스는 6이닝 5피안타 1볼넷 2탈삼진...",www.xportsnews.com,2026-04-26T10:00:00,,MATCH_RELATED,PERFORMANCE_ANALYSIS,0.9,,,True,에르난데스가 롯데를 상대로 호투하며 시즌 3승을 기록했다.,,neutral,,True,"롯데 vs HT (원정) 3-4 패 | 결승타: 김도영(5회) | 홈런: 유강남2호 | 타자 키플레이어: 김도영(HT), 김선빈(HT), 박재현(HT) | 투수 키플레이어: 성영탁(HT), 정해영(HT), 박정민(롯데)"
694,"리그 최강 1번타자! 뜨거운 기록 행진은 22경기에서 끝났지만, 또 다른 ...",SSG는 25일 인천SSG랜더스필드에서 열린 2026 신한 SOL KBO리그 KT 위즈와 홈경기에서 3-1 승리를 거뒀다. 경기 후... 김용희 롯데 자이언츠 2군 감독이 현역 시절이던 1982년 3월28일부터 5월16일까지 작성한 18경기 연속 안타...,www.osen.co.kr,2026-04-26T09:46:00,,ETC,,0.9,,,True,"롯데의 기록 행진이 중단되었지만, 여전히 주목받고 있다.",,neutral,,False,"롯데 vs HT (원정) 3-4 패 | 결승타: 김도영(5회) | 홈런: 유강남2호 | 타자 키플레이어: 김도영(HT), 김선빈(HT), 박재현(HT) | 투수 키플레이어: 성영탁(HT), 정해영(HT), 박정민(롯데)"
695,"또 KBO 리그에서 '새 역사' 탄생했다! 위대함 그 자체, KIA 대투수의 길...","리그 롯데 자이언츠와 정규시즌 홈경기에 선발 등판, 1회초 선두타자 한태양을 삼진으로 돌려세우며 개인 통산 2200번째 탈삼진을 기록했다. KIA는 이날 4-3으로 승리했다. 결국 양현종은 이날 5이닝 4피안타...",www.starnewskorea.com,2026-04-26T09:36:00,,MATCH_RELATED,PERFORMANCE_ANALYSIS,0.9,,,True,양현종이 롯데를 상대로 2200번째 탈삼진을 기록했다.,,negative,,True,"롯데 vs HT (원정) 3-4 패 | 결승타: 김도영(5회) | 홈런: 유강남2호 | 타자 키플레이어: 김도영(HT), 김선빈(HT), 박재현(HT) | 투수 키플레이어: 성영탁(HT), 정해영(HT), 박정민(롯데)"
696,"무홈런+득타율 1할5푼8리, 급기야 경기중 교체...4번타자 향한 명장의 쓴...",롯데 자이언츠 내야수 한동희(27)가 4번 타자의 위력을 보여주지 못하고 있다. 김태형 감독은 좋아질... 아직 홈런이 없고 2루타 4개만 터트렸다. 득점권 타율은 1할5푼8리이다. 23일 두산전 2타석을 포함하면 9연타석...,www.osen.co.kr,2026-04-26T09:33:00,,PERFORMANCE_ANALYSIS,,0.9,,,True,한동희가 4번 타자로서 기대에 미치지 못하고 있다.,한동희,negative,,False,"롯데 vs HT (원정) 3-4 패 | 결승타: 김도영(5회) | 홈런: 유강남2호 | 타자 키플레이어: 김도영(HT), 김선빈(HT), 박재현(HT) | 투수 키플레이어: 성영탁(HT), 정해영(HT), 박정민(롯데)"
697,이닝 욕심 버리고 '너클커브' 장착했다… 140km를 150km처럼 던지는 대투...,"선발로 나가서 3~4이닝을 던지더라도, 정말 영양가 있게 던져서 팀 승리에 보탬이 되는 것이 제 명확한... 양현종은 지난 25일 광주-기아 챔피언스필드에서 열린 롯데 자이언츠와의 경기에 선발 등판해 5이닝 3실점...",www.fnnews.com,2026-04-26T09:01:00,,MATCH_RELATED,PERFORMANCE_ANALYSIS,0.9,,,True,양현종이 롯데전에서 5이닝 3실점으로 팀 승리에 기여했다.,양현종,negative,,True,"롯데 vs HT (원정) 3-4 패 | 결승타: 김도영(5회) | 홈런: 유강남2호 | 타자 키플레이어: 김도영(HT), 김선빈(HT), 박재현(HT) | 투수 키플레이어: 성영탁(HT), 정해영(HT), 박정민(롯데)"
698,"'22G서 멈춘 신기록 행진' 그래도 박수받아 마땅한 이 선수…""진짜 대단...","지난 21일 대구 삼성 라이온즈전에서는 1982년 롯데 자이언츠 김용희(18경기)를 뛰어넘고 KBO리그 정규시즌... 26일 현재 23경기 88타수 41안타 타율 0.466, 1홈런, 20타점, 출루율 0.556, 장타율 0.636을 기록 중이다. 타율...",www.xportsnews.com,2026-04-26T08:15:00,,PERFORMANCE_ANALYSIS,,0.9,,,True,롯데의 한 선수가 23경기에서 뛰어난 성적을 기록 중이다.,,positive,,True,"롯데 vs HT (원정) 3-4 패 | 결승타: 김도영(5회) | 홈런: 유강남2호 | 타자 키플레이어: 김도영(HT), 김선빈(HT), 박재현(HT) | 투수 키플레이어: 성영탁(HT), 정해영(HT), 박정민(롯데)"
699,“정수빈 선배님처럼 공을 중심에 맞춰서 살아나가야…” KIA 박재현이 ...,김선빈의 부상은 박재현에겐 악재다. 그러나 카스트로가 1루로 가면서 극적으로 좌익수로 나갔다. 이렇듯... 25일 광주 롯데 자이언츠전을 앞둔 그는 작년과 올해 자신이 정말 바뀐 것 같다고 했다. 박재현은 24일 화제의...,www.mydaily.co.kr,2026-04-26T08:10:00,,INJURY_ROSTER,,1.0,,,True,박재현이 김선빈의 부상으로 좌익수로 나서게 되었다.,박재현,neutral,,True,"롯데 vs HT (원정) 3-4 패 | 결승타: 김도영(5회) | 홈런: 유강남2호 | 타자 키플레이어: 김도영(HT), 김선빈(HT), 박재현(HT) | 투수 키플레이어: 성영탁(HT), 정해영(HT), 박정민(롯데)"
700,“매일 던지게 해주세요” 한화 이 선수들 왜 포기했을까…KIA는 횡재했...,프로야구 KIA 타이거즈는 지난 25일 광주-기아 챔피언스 필드에서 펼쳐진 2026 신한 SOL KBO리그 롯데 자이언츠와의 홈경기에서 4-3 짜릿한 1점차 승리를 거뒀다. KIA는 선발 양현종이 5이닝 4피안타(1피홈런) 2볼넷 5탈삼진...,www.osen.co.kr,2026-04-26T08:09:00,,MATCH_RELATED,,0.9,,,True,KIA가 롯데를 상대로 4-3으로 승리하며 1점차 짜릿한 경기를 펼쳤다.,,negative,,True,"롯데 vs HT (원정) 3-4 패 | 결승타: 김도영(5회) | 홈런: 유강남2호 | 타자 키플레이어: 김도영(HT), 김선빈(HT), 박재현(HT) | 투수 키플레이어: 성영탁(HT), 정해영(HT), 박정민(롯데)"
701,"'강백호 5타점+에르난데스 역투', 한화 홈구장 10연패 탈출",KIA 타이거즈는 꼴찌 롯데 자이언츠를 4-3으로 따돌렸다. KIA 선발 양현종은 5회까지 삼진 5개를 뽑으며 4안타 3실점(1자책)으로 막아 승리투수가 됐다. 양현종은 또 개인 통산 탈삼진 2204개를 기록해 KBO리그 최초로...,www.newdaily.co.kr,2026-04-26T07:24:00,,MATCH_RELATED,,0.9,,,True,KIA가 롯데를 제치고 10연패에서 탈출했다.,양현종,negative,,True,"롯데 vs HT (원정) 3-4 패 | 결승타: 김도영(5회) | 홈런: 유강남2호 | 타자 키플레이어: 김도영(HT), 김선빈(HT), 박재현(HT) | 투수 키플레이어: 성영탁(HT), 정해영(HT), 박정민(롯데)"
702,"[게임노트] 2026년 4월 25일...LG, 단독 선두 탈환…SSG 5연승 탄력ㆍ삼성...","21만9천896명, 롯데 자이언츠 20만392명으로 3∼5위에 올랐다. 키움 히어로즈 관중은 14만2천981명으로... KIA 선발 양현종은 5회까지 삼진 5개를 뽑으며 4안타 3실점(1자책)으로 막아 승리투수가 됐다. 양현종은 또...",www.thesportstimes.co.kr,2026-04-26T07:07:00,,MATCH_RELATED,,0.9,,,True,KIA의 양현종이 롯데전에서 뛰어난 투구를 선보였다.,양현종,negative,,True,"롯데 vs HT (원정) 3-4 패 | 결승타: 김도영(5회) | 홈런: 유강남2호 | 타자 키플레이어: 김도영(HT), 김선빈(HT), 박재현(HT) | 투수 키플레이어: 성영탁(HT), 정해영(HT), 박정민(롯데)"
703,"[2026 봄 JOY트레킹] 강설민 완주 성공 ""작은 걸음 모여 큰 힘⋯무대로 ...","[사진=곽영래 기자] 강설민은 지난 23일 부산 사직야구장에서 열린 롯데 자이언츠 홈경기에서 시구자로 나섰고, 5연패를 끊어낸 이날 '승리요정'이 됐다. 이틀 후 '트레킹 행사'에 참여하며 산의 정기까지 받은 그는 ""5월은...",www.joynews24.com,2026-04-26T07:00:00,,MATCH_RELATED,,0.9,,,True,강설민이 롯데의 5연패를 끊는 데 기여했다.,강설민,positive,,True,"롯데 vs HT (원정) 3-4 패 | 결승타: 김도영(5회) | 홈런: 유강남2호 | 타자 키플레이어: 김도영(HT), 김선빈(HT), 박재현(HT) | 투수 키플레이어: 성영탁(HT), 정해영(HT), 박정민(롯데)"
704,"롯데 박세웅에게 시련이 너무 길다…김도영에게 일격, 14G 연속 무승이라...",롯데 자이언츠 김태형 감독은 25일 광주 KIA 타이거즈전을 앞두고 박세웅을 두고 “제 몫을 해주고 있다”... 박세웅은 2025년 8월3일 키움 히어로즈전서 승리투수가 된 뒤 2025년 8월10일 SSG 랜더스전부터 이날까지...,www.mydaily.co.kr,2026-04-26T06:10:00,,ETC,,0.9,,,True,박세웅이 14경기 연속 무승의 어려움을 겪고 있다.,박세웅,negative,,True,"롯데 vs HT (원정) 3-4 패 | 결승타: 김도영(5회) | 홈런: 유강남2호 | 타자 키플레이어: 김도영(HT), 김선빈(HT), 박재현(HT) | 투수 키플레이어: 성영탁(HT), 정해영(HT), 박정민(롯데)"
705,"'또 역대 최초' KIA 대투수, 139㎞ 인정하자 시작됐다…""살기 위해서, 나...","양현종은 25일 광주 롯데 자이언츠전에 선발 등판해 5이닝 90구 4안타(1홈런) 2볼넷 5삼진 3실점(1자책점)을 기록, 시즌 2승(2패)째를 챙겼다. KIA는 4대3으로 신승해 2연승과 함께 5할 승률(12승12패)을 회복했다. 양현종은 1회초...",www.sportschosun.com,2026-04-26T06:03:00,,MATCH_RELATED,,0.9,,,True,양현종이 롯데전에서 5이닝 3실점으로 승리.,양현종,negative,,True,"롯데 vs HT (원정) 3-4 패 | 결승타: 김도영(5회) | 홈런: 유강남2호 | 타자 키플레이어: 김도영(HT), 김선빈(HT), 박재현(HT) | 투수 키플레이어: 성영탁(HT), 정해영(HT), 박정민(롯데)"
706,KBO 역대 최초 2200K 대기록! 그리고 승리까지 챙겼다…'대투수' 양현종...,양현종은 25일 광주-KIA챔피언스필드에서 열린 2026 신한 SOL KBO리그 롯데 자이언츠와의 정규시즌 2차전에 선발 등판해 5이닝 4피안타(1피홈런) 2사사구 5탈삼진 3실점(1자책)으로 승리투수가 됐다. 양현종의 시즌...,www.xportsnews.com,2026-04-26T05:30:00,,PERFORMANCE_ANALYSIS,,0.9,,,True,양현종이 2200K 대기록을 세우며 승리투수가 되었다.,양현종,negative,,True,"롯데 vs HT (원정) 3-4 패 | 결승타: 김도영(5회) | 홈런: 유강남2호 | 타자 키플레이어: 김도영(HT), 김선빈(HT), 박재현(HT) | 투수 키플레이어: 성영탁(HT), 정해영(HT), 박정민(롯데)"
707,"한화서 데려온 투수는 로또? 아니다…설종진 감독 ""작년부터 지켜봤고,...","키움은 설상가상으로 외국인 투수 네이선 와일스 등 주축 투수들의 연쇄 부상 이탈로 가뜩이나 얇은 투수... 12일 롯데 자이언츠전 6이닝 무실점, 18일 KT 위즈전 4⅓이닝 3실점, 24일 삼성 라이온즈전 4이닝 1실점으로...",www.xportsnews.com,2026-04-26T04:30:00,,INJURY_ROSTER,,1.0,,,True,키움의 투수들이 부상으로 어려움을 겪고 있다.,,neutral,,False,"롯데 vs HT (원정) 3-4 패 | 결승타: 김도영(5회) | 홈런: 유강남2호 | 타자 키플레이어: 김도영(HT), 김선빈(HT), 박재현(HT) | 투수 키플레이어: 성영탁(HT), 정해영(HT), 박정민(롯데)"
708,“자꾸 뛰어도 될 것 같다고 얘기하는데” KIA 김도영은 도루를 하고 싶...,"김도영은 25일 광주 롯데 자이언츠전까지 KIA가 치른 24경기에 모두 나갔다. 도루를 1개 기록했는데, 단독... 게다가 토종 3~5선발이 약하고, 불펜도 기복이 심하다. 이런 상황서 김도영이 부상으로 빠진다? 간신히 5강에...",www.mydaily.co.kr,2026-04-26T04:00:00,,INJURY_ROSTER,,1.0,,,True,김도영이 도루를 시도하고 싶어한다.,김도영,neutral,,False,"롯데 vs HT (원정) 3-4 패 | 결승타: 김도영(5회) | 홈런: 유강남2호 | 타자 키플레이어: 김도영(HT), 김선빈(HT), 박재현(HT) | 투수 키플레이어: 성영탁(HT), 정해영(HT), 박정민(롯데)"
709,"'역대급' KIA 마무리 경쟁의 서막인가…""다시 뺏길 것 같아, 189SV 이유 있...","KIA는 25일 광주 롯데 자이언츠전에서 4대3으로 승리해 2연승을 달렸다. 선발투수 양현종이 5이닝 3실점을 기록하고 불펜으로 공을 넘겼고, 6회부터 이태양(1이닝)-정해영(1이닝)-김범수(⅔이닝)-성영탁(1⅓이닝)이...",www.sportschosun.com,2026-04-26T01:22:00,,MATCH_RELATED,,0.9,,,True,KIA가 롯데를 상대로 2연승을 기록했다.,,negative,,True,"롯데 vs HT (원정) 3-4 패 | 결승타: 김도영(5회) | 홈런: 유강남2호 | 타자 키플레이어: 김도영(HT), 김선빈(HT), 박재현(HT) | 투수 키플레이어: 성영탁(HT), 정해영(HT), 박정민(롯데)"
710,"'KIA 24억 참 잘 썼다' 팀에 진심인 이적생 듀오…""매일 나가도 상관없다...",이범호 감독이 이끄는 KIA는 25일 광주-KIA챔피언스필드에서 열린 2026 신한 SOL KBO리그 롯데 자이언츠와의 정규시즌 2차전에서 4-3으로 승리했다. 이날 승리로 KIA는 2연승과 함께 5할 승률을 맞췄다. 시즌 성적은...,www.xportsnews.com,2026-04-26T00:51:00,,TRANSACTION_CONTRACT,,1.0,,,True,KIA가 롯데를 이기고 5할 승률을 회복했다.,,negative,,True,"롯데 vs HT (원정) 3-4 패 | 결승타: 김도영(5회) | 홈런: 유강남2호 | 타자 키플레이어: 김도영(HT), 김선빈(HT), 박재현(HT) | 투수 키플레이어: 성영탁(HT), 정해영(HT), 박정민(롯데)"
711,“(김)도영이 타율 신경 쓰일 걸요?” 꽃범호는 KIA 슈퍼스타의 마음을...,“도영이 타율 신경 쓰일 걸요?” KIA 타이거즈 간판스타 김도영(23)은 24일 광주 롯데 자이언츠전서 7~8회에 연타석홈런을 터트리며 팀의 5연패 탈출을 이끌었다. KIA 타자들이 “도저히 못 칠 것 같다”라고 말한 제레미...,www.mydaily.co.kr,2026-04-26T00:30:00,,MATCH_RELATED,,0.9,,,True,김도영이 홈런으로 팀의 5연패를 탈출시켰다.,김도영,negative,,True,"롯데 vs HT (원정) 3-4 패 | 결승타: 김도영(5회) | 홈런: 유강남2호 | 타자 키플레이어: 김도영(HT), 김선빈(HT), 박재현(HT) | 투수 키플레이어: 성영탁(HT), 정해영(HT), 박정민(롯데)"
712,"'한화 떠나 첫 홈런' 안치홍 ""팀 연승 보탬 기뻐…타자들 더 분발해야"" ...",키움의 4-2 승리를 이끌었다. 안치홍은 첫 타석부터 힘차게 방망이를 돌렸다. 키움이 0-1로 뒤진 1회말 1사... 안치홍은 2009년 KIA 타이거즈에서 데뷔한 뒤 2020~2023년 롯데 자이언츠를 거쳐 2024~2025년 한화 이글스에...,www.xportsnews.com,2026-04-26T00:10:00,,ETC,,0.9,,,True,안치홍이 첫 홈런으로 팀의 승리에 기여했다.,안치홍,negative,,False,"롯데 vs HT (원정) 3-4 패 | 결승타: 김도영(5회) | 홈런: 유강남2호 | 타자 키플레이어: 김도영(HT), 김선빈(HT), 박재현(HT) | 투수 키플레이어: 성영탁(HT), 정해영(HT), 박정민(롯데)"
713,"""한 점 차에서 던지다니"" 코치도 깜놀한 신구종 체인지업 구사...10R 기적...",25일 광주-기아 챔피언스필드에서 열린 2026 프로야구 롯데 자이언츠와의 경기에서 아웃카운트 4개를 삭제하며 4-3 승리를 지켜내는 완벽투를 펼쳤다. 팀은 역전 2연승과 함께 위닝시리즈를 확보했다. 승률도 5할(12승12패)...,www.osen.co.kr,2026-04-25T22:41:00,,MATCH_RELATED,,0.9,,,True,롯데가 KIA를 상대로 4-3으로 역전패를 당했다.,정해영;박정민,negative,,True,"롯데 vs HT (원정) 3-4 패 | 결승타: 김도영(5회) | 홈런: 유강남2호 | 타자 키플레이어: 김도영(HT), 김선빈(HT), 박재현(HT) | 투수 키플레이어: 성영탁(HT), 정해영(HT), 박정민(롯데)"
714,"드디어 지옥 끝!…한화, 굴욕의 '홈 10연패' 사슬 끊어냈다",8-1로 승리했다. 이로써 지난달 31일부터 이어진 홈구장 10연패의 수렁에서 마침내 탈출했다. 강백호는... 광주에서는 KIA 타이거즈가 꼴찌 롯데 자이언츠를 4-3으로 제쳤다. 양현종은 개인 통산 탈삼진 2204개를...,www.nocutnews.co.kr,2026-04-25T22:09:00,,MATCH_RELATED,,0.9,,,True,롯데가 KIA에 4-3으로 패하며 최하위에 머물렀다.,,negative,,True,"롯데 vs HT (원정) 3-4 패 | 결승타: 김도영(5회) | 홈런: 유강남2호 | 타자 키플레이어: 김도영(HT), 김선빈(HT), 박재현(HT) | 투수 키플레이어: 성영탁(HT), 정해영(HT), 박정민(롯데)"
715,"등판마다 새 역사...양현종, KBO리그 최초 2200탈삼진 돌파→200승까지 1...",양현종은 25일 광주 기아챔피언스필드에서 열린 2026 KBO리그 정규시즌 롯데 자이언츠와의 홈 주말 3연전... 양현종은 승리 투수가 됐다. 양현종은 올 시즌 2승째를 거뒀다. 현역 선수 통산 최다승 1위 기록도 188승으로...,isplus.com,2026-04-25T21:39:00,,PERFORMANCE_ANALYSIS,,0.9,,,True,양현종이 롯데를 상대로 2200탈삼진을 기록했다.,양현종,negative,,True,"롯데 vs HT (원정) 3-4 패 | 결승타: 김도영(5회) | 홈런: 유강남2호 | 타자 키플레이어: 김도영(HT), 김선빈(HT), 박재현(HT) | 투수 키플레이어: 성영탁(HT), 정해영(HT), 박정민(롯데)"
716,"'양현종 2,200K·김도영 싹쓸이 역전타' KIA, 롯데 4-3 뒤집고 5할 복귀....","롯데 자이언츠전에서 4-3으로 역전승하며 2연승을 달렸다. 12승 12패의 KIA는 5위 유지, 롯데는 7승 16패 최하위에 머물렀다. 선발 양현종은 5이닝 4피안타(1피홈런) 5탈삼진 3실점(1자책)으로 승리투수가 됐고, 이날...",www.maniareport.com,2026-04-25T21:23:00,,INJURY_ROSTER,,1.0,,,True,KIA가 롯데를 4-3으로 역전승하며 5할 승률로 복귀했다.,양현종;김도영,negative,,True,"롯데 vs HT (원정) 3-4 패 | 결승타: 김도영(5회) | 홈런: 유강남2호 | 타자 키플레이어: 김도영(HT), 김선빈(HT), 박재현(HT) | 투수 키플레이어: 성영탁(HT), 정해영(HT), 박정민(롯데)"
717,정해영 152km 깔끔 홀드→성영탁 4아웃 첫 1점차 SV...역전 2연승 이범호...,25일 광주-기아 챔피언스필드에서 열린 2026 프로야구 롯데 자이언츠와의 팀간 2차전을 4-3으로 승리했다. 1-3으로 끌려갔으나 5회말 공격에서 빅이닝을 만들었다. 김규성과 박재현이 연속 2루타를 날려 한 점을 추격했다....,www.osen.co.kr,2026-04-25T21:21:00,,MATCH_RELATED,,0.9,,,True,롯데가 KIA에 4-3으로 패하며 연승 기회를 놓쳤다.,정해영;성영탁,negative,,True,"롯데 vs HT (원정) 3-4 패 | 결승타: 김도영(5회) | 홈런: 유강남2호 | 타자 키플레이어: 김도영(HT), 김선빈(HT), 박재현(HT) | 투수 키플레이어: 성영탁(HT), 정해영(HT), 박정민(롯데)"
718,KIA 양현종 ‘2200탈삼진’ 기록 살린…김도영 결승타·성영탁 세이브,"KIA 타이거즈가 25일 챔피언스필드에서 열린 롯데 자이언츠와의 시즌 2차전에서 4-3 승리를 거두며, 5연패 뒤 연승에 성공했다. KIA 선발 양현종이 대기록으로 경기를 열었다. 양현종은 1회초 선두타자 한태양을 6구째...",www.kwangju.co.kr,2026-04-25T21:02:00,,MATCH_RELATED,,0.9,,,True,KIA가 롯데를 4-3으로 이기며 연승을 이어갔다.,양현종;김도영,negative,,True,"롯데 vs HT (원정) 3-4 패 | 결승타: 김도영(5회) | 홈런: 유강남2호 | 타자 키플레이어: 김도영(HT), 김선빈(HT), 박재현(HT) | 투수 키플레이어: 성영탁(HT), 정해영(HT), 박정민(롯데)"
719,"'역시 국민 스포츠' KBO리그, 1200만 관중 시대 기록도 깼다…역대 최소...",홈팀 KIA 타이거즈가 롯데 자이언츠에 4-3 역전승을 거뒀다. 1만 6000석이 가득 찬 고척스카이돔에서는 홈팀 키움 히어로즈가 삼성 라이온즈를 상대로 4-2 승리를 거두며 최근 5경기 4승 1패 상승세를 탔다....,www.spotvnews.co.kr,2026-04-25T20:56:00,,MATCH_RELATED,,0.9,,,True,KIA가 롯데를 상대로 4-3으로 승리하며 관중 기록을 세웠다.,,negative,,True,"롯데 vs HT (원정) 3-4 패 | 결승타: 김도영(5회) | 홈런: 유강남2호 | 타자 키플레이어: 김도영(HT), 김선빈(HT), 박재현(HT) | 투수 키플레이어: 성영탁(HT), 정해영(HT), 박정민(롯데)"
720,117경기 만에 200만 관중… 한화는 홈 10연패 끊고 대전 열기 화답,"긴 침묵 끝에 나온 승리라 대전 홈 팬들의 열기는 더 뜨거웠다. 리그 전체 흥행도 새 기록을 썼다. KBO는 이날 잠실 LG 트윈스-두산 베어스전, 인천 KT 위즈-SSG 랜더스전, 광주 롯데 자이언츠-KIA 타이거즈전, 고척...",www.hansbiz.co.kr,2026-04-25T20:52:00,,ETC,,0.9,,,True,KBO리그가 200만 관중을 돌파했지만 롯데는 패배했다.,,negative,,True,"롯데 vs HT (원정) 3-4 패 | 결승타: 김도영(5회) | 홈런: 유강남2호 | 타자 키플레이어: 김도영(HT), 김선빈(HT), 박재현(HT) | 투수 키플레이어: 성영탁(HT), 정해영(HT), 박정민(롯데)"
721,"[AI상보] '김도영 결승타+양현종 2200K' KIA, 롯데 4-3 제압...승률 5할 복...",한지용 인턴기자 = 프로야구 KIA 타이거즈가 롯데 자이언츠를 꺾고 2연승을 달리며 위닝시리즈를... 이후 KIA는 필승조를 가동해 점수를 내주지 않으며 승리했다. 양현종은 5이닝 4피안타(1피홈런) 2사사구 5탈삼진...,www.newspim.com,2026-04-25T20:41:00,,MATCH_RELATED,PERFORMANCE_ANALYSIS,0.9,,,True,롯데가 KIA에 4-3으로 패하며 2연패에 빠졌다.,김도영,negative,,True,"롯데 vs HT (원정) 3-4 패 | 결승타: 김도영(5회) | 홈런: 유강남2호 | 타자 키플레이어: 김도영(HT), 김선빈(HT), 박재현(HT) | 투수 키플레이어: 성영탁(HT), 정해영(HT), 박정민(롯데)"
722,"'김도영 결승타'…KIA, 롯데전 위닝시리즈 확정",프로야구 KIA 타이거즈가 롯데 자이언츠와의 2차전에서 승리를 거두며 위닝시리즈를 확정했다. KIA는 25일 광주-기아챔피언스필드에서 열린 '신한 SOL Bank KBO리그' 롯데와의 경기에서 4-3으로 이겼다. 이로써 KIA는 시즌...,www.namdonews.com,2026-04-25T20:38:00,,MATCH_RELATED,,0.9,,,True,KIA가 롯데를 4-3으로 이기고 위닝시리즈를 확정했다.,김도영,negative,,True,"롯데 vs HT (원정) 3-4 패 | 결승타: 김도영(5회) | 홈런: 유강남2호 | 타자 키플레이어: 김도영(HT), 김선빈(HT), 박재현(HT) | 투수 키플레이어: 성영탁(HT), 정해영(HT), 박정민(롯데)"
723,"양현종 2200탈삼진·불펜 무실점 KIA, '2연승'",25일 KIA는 광주-기아 챔피언스필드에서 열린 2026 신한 SOL KBO리그 롯데 자이언츠와 경기에서 4-3으로 역전 승리했다. 이날 KIA는 제리드 데일(2루수)-김호령(중견수)-김선빈(지명타자)-김도영(3루수)-헤럴드 카스트로...,www.jnilbo.com,2026-04-25T20:31:00,,MATCH_RELATED,PERFORMANCE_ANALYSIS,0.9,,,True,양현종이 2200탈삼진을 기록하며 KIA가 승리했다.,양현종,negative,,True,"롯데 vs HT (원정) 3-4 패 | 결승타: 김도영(5회) | 홈런: 유강남2호 | 타자 키플레이어: 김도영(HT), 김선빈(HT), 박재현(HT) | 투수 키플레이어: 성영탁(HT), 정해영(HT), 박정민(롯데)"
724,"한화, 홈 10연패 탈출… 강백호 5타점 맹타로 NC 완파",강백호의 5타점 맹활약을 앞세워 NC를 완파하며 홈 팬들 앞에서 값진 승리를 챙겼다. 한화는 25일 대전... 광주에서는 KIA 타이거즈가 롯데 자이언츠를 4-3으로 눌렀다. 양현종은 개인 통산 탈삼진 2204개를 기록하며...,www.jeonmae.co.kr,2026-04-25T20:28:00,,ETC,,0.9,,,True,KIA가 롯데를 제압하며 2연승을 기록했다.,,negative,,True,"롯데 vs HT (원정) 3-4 패 | 결승타: 김도영(5회) | 홈런: 유강남2호 | 타자 키플레이어: 김도영(HT), 김선빈(HT), 박재현(HT) | 투수 키플레이어: 성영탁(HT), 정해영(HT), 박정민(롯데)"
725,"비슬리 이어 박세웅도 막지 못했다...롯데, 김도영 스윙에 당한 2연패 [...",롯데 자이언츠가 올 시즌 KIA 타이거즈와의 첫 3연전에서 위닝시리즈(2승 이상)를 내줬다. 25일 광주... 잘 던지던 선발 투수 박세웅이 승리 투수 요건 충족을 앞두고 역전을 허용했다. 모처럼 경기 초반 득점력을 보여준...,isplus.com,2026-04-25T20:22:00,,MATCH_RELATED,PERFORMANCE_ANALYSIS,0.9,,,True,롯데가 KIA에 4-3으로 패하며 2연패를 당했다.,,negative,,True,"롯데 vs HT (원정) 3-4 패 | 결승타: 김도영(5회) | 홈런: 유강남2호 | 타자 키플레이어: 김도영(HT), 김선빈(HT), 박재현(HT) | 투수 키플레이어: 성영탁(HT), 정해영(HT), 박정민(롯데)"
726,"한화, 전 경기 매진 열성 팬 앞에서 홈구장 10연패 탈출(종합)",8-1로 승리했다. 이로써 한화는 지난 3월 31일부터 이어진 홈구장 10연패의 수렁에서 힘겹게 벗어났다.... 광주에서는 KIA 타이거즈가 꼴찌 롯데 자이언츠를 4-3으로 따돌렸다. 롯데는 3회초 신윤후의 2루타와 상대...,www.yna.co.kr,2026-04-25T20:21:00,,ETC,,0.9,,,True,KIA가 롯데를 이기고 10연패에서 벗어난 한화와 대조적이다.,,negative,,True,"롯데 vs HT (원정) 3-4 패 | 결승타: 김도영(5회) | 홈런: 유강남2호 | 타자 키플레이어: 김도영(HT), 김선빈(HT), 박재현(HT) | 투수 키플레이어: 성영탁(HT), 정해영(HT), 박정민(롯데)"
727,물세례 받은 양현종,25일 광주기아챔피언스필드에서 열린 프로야구 롯데 자이언츠와 KIA 타이거즈의 경기. 후배들로부터 승리 축하 물세례를 받은 KIA 양현종이 물을 털어내고 있다. 2026.4.25,www.yna.co.kr,2026-04-25T20:20:00,,MATCH_RELATED,ETC,0.9,,,True,양현종이 승리 후 물세례를 받았다.,양현종,neutral,,True,"롯데 vs HT (원정) 3-4 패 | 결승타: 김도영(5회) | 홈런: 유강남2호 | 타자 키플레이어: 김도영(HT), 김선빈(HT), 박재현(HT) | 투수 키플레이어: 성영탁(HT), 정해영(HT), 박정민(롯데)"
728,"양현종, 승리 기념구 들고 인터뷰",25일 광주기아챔피언스필드에서 열린 프로야구 롯데 자이언츠와 KIA 타이거즈의 경기. KIA 양현종이 승리 기념 볼을 들고 방송 인터뷰하고 있다. 2026.4.25,www.yna.co.kr,2026-04-25T20:20:00,,MATCH_RELATED,INTERVIEW,0.9,,,True,양현종이 승리 기념구를 들고 인터뷰를 진행했다.,양현종,neutral,,True,"롯데 vs HT (원정) 3-4 패 | 결승타: 김도영(5회) | 홈런: 유강남2호 | 타자 키플레이어: 김도영(HT), 김선빈(HT), 박재현(HT) | 투수 키플레이어: 성영탁(HT), 정해영(HT), 박정민(롯데)"
729,인터뷰하는 승리투수 양현종,25일 광주기아챔피언스필드에서 열린 프로야구 롯데 자이언츠와 KIA 타이거즈의 경기. KIA 양현종이 승리 기념 볼을 들고 방송 인터뷰하고 있다. 2026.4.25,www.yna.co.kr,2026-04-25T20:19:00,,MATCH_RELATED,INTERVIEW,0.9,,,True,양현종이 승리 기념 볼을 들고 인터뷰를 진행했다.,양현종,negative,,True,"롯데 vs HT (원정) 3-4 패 | 결승타: 김도영(5회) | 홈런: 유강남2호 | 타자 키플레이어: 김도영(HT), 김선빈(HT), 박재현(HT) | 투수 키플레이어: 성영탁(HT), 정해영(HT), 박정민(롯데)"
730,"'양현종 KBO 최초 2200K' KIA, 김도영 역전 2루타로 롯데에 4-3 역전승","KIA 타이거즈가 롯데 자이언츠에 역전승을 거두며 2연승을 달렸다. KIA는 25일 광주 기아챔피언스필드에서 열린 2026 신한 SOL KBO리그 롯데와의 홈 경기에서 4-3으로 승리했다. 이로써 KIA는 12승 12패를 기록, 5위를...",www.stoo.com,2026-04-25T20:14:00,,MATCH_RELATED,PERFORMANCE_ANALYSIS,0.9,,,True,KIA가 롯데를 상대로 역전승을 거두었다.,김도영,negative,,True,"롯데 vs HT (원정) 3-4 패 | 결승타: 김도영(5회) | 홈런: 유강남2호 | 타자 키플레이어: 김도영(HT), 김선빈(HT), 박재현(HT) | 투수 키플레이어: 성영탁(HT), 정해영(HT), 박정민(롯데)"
731,KIA 승리 세리머니,25일 광주기아챔피언스필드에서 열린 프로야구 롯데 자이언츠와 KIA 타이거즈의 경기. KIA 선수들이 4-3 한 점 차 역전승을 거두고 승리 세리머니하고 있다. 2026.4.25,www.yna.co.kr,2026-04-25T20:12:00,,MATCH_RELATED,ETC,0.9,,,True,KIA 선수들이 승리 세리머니를 진행했다.,,negative,,True,"롯데 vs HT (원정) 3-4 패 | 결승타: 김도영(5회) | 홈런: 유강남2호 | 타자 키플레이어: 김도영(HT), 김선빈(HT), 박재현(HT) | 투수 키플레이어: 성영탁(HT), 정해영(HT), 박정민(롯데)"
732,"양현종, 이범호 감독과 하이파이브",25일 광주기아챔피언스필드에서 열린 프로야구 롯데 자이언츠와 KIA 타이거즈의 경기. KIA 이범호 감독이 4-3 한 점 차 승리를 거두고 승리투수 양현종과 하이파이브 하고 있다. 2026.4.25,www.yna.co.kr,2026-04-25T20:07:00,,MATCH_RELATED,ETC,0.9,,,True,양현종이 이범호 감독과 하이파이브를 나눴다.,양현종,negative,,True,"롯데 vs HT (원정) 3-4 패 | 결승타: 김도영(5회) | 홈런: 유강남2호 | 타자 키플레이어: 김도영(HT), 김선빈(HT), 박재현(HT) | 투수 키플레이어: 성영탁(HT), 정해영(HT), 박정민(롯데)"
733,"KIA, 롯데에 한 점 차 짜릿한 승리",25일 광주기아챔피언스필드에서 열린 프로야구 롯데 자이언츠와 KIA 타이거즈의 경기. KIA 이범호 감독이 4-3 한 점 차 승리를 거두고 승리투수 양현종과 하이파이브 하고 있다. 2026.4.25,www.yna.co.kr,2026-04-25T20:07:00,,MATCH_RELATED,ETC,0.9,,,True,KIA가 롯데에 한 점 차로 승리했다.,,negative,,True,"롯데 vs HT (원정) 3-4 패 | 결승타: 김도영(5회) | 홈런: 유강남2호 | 타자 키플레이어: 김도영(HT), 김선빈(HT), 박재현(HT) | 투수 키플레이어: 성영탁(HT), 정해영(HT), 박정민(롯데)"
734,승리 지켜낸 성영탁,25일 광주기아챔피언스필드에서 열린 프로야구 롯데 자이언츠와 KIA 타이거즈의 경기. KIA 성영탁이 아웃카운트 4개를 책임지며 4-3 한 점 차 승리를 지켜낸 뒤 포수 한준수와 주먹을 마주치고 있다. 2026.4.25,www.yna.co.kr,2026-04-25T20:01:00,,MATCH_RELATED,ETC,0.9,,,True,성영탁이 승리를 지켜내며 팀을 도왔다.,성영탁,negative,,True,"롯데 vs HT (원정) 3-4 패 | 결승타: 김도영(5회) | 홈런: 유강남2호 | 타자 키플레이어: 김도영(HT), 김선빈(HT), 박재현(HT) | 투수 키플레이어: 성영탁(HT), 정해영(HT), 박정민(롯데)"
735,"'와 2200K' 대투수 역대 최초 역사 쓰다, KIA 2연승…김도영 또또 결승타...","KIA는 25일 광주기아챔피언스필드에서 열린 '2026 KBO리그' 롯데 자이언츠와 경기에서 4대3으로 역전승했다.... 김도영은 대선배 양현종이 탈삼진 역사를 쓴 날, 승리투수가 될 수 있도록 적극적으로 도왔다. 결승타를...",www.sportschosun.com,2026-04-25T19:56:00,,MATCH_RELATED,,0.9,,,True,KIA가 역전승을 거두며 역사적인 날을 기념했다.,김도영,negative,,True,"롯데 vs HT (원정) 3-4 패 | 결승타: 김도영(5회) | 홈런: 유강남2호 | 타자 키플레이어: 김도영(HT), 김선빈(HT), 박재현(HT) | 투수 키플레이어: 성영탁(HT), 정해영(HT), 박정민(롯데)"
736,"그냥 ‘도영 타이거즈’다, 이번엔 2타점 결승 2루타→KIA 5연패 후 롯데...",KIA는 25일 광주 KIA챔피언스필드에서 열린 2026 신한은행 SOL KBO리그 롯데 자이언츠와의 주말 홈 3연전 두... 2025년 8월3일 키움 히어로즈전서 승리투수가 된 뒤 2025년 8월10일 SSG 랜더스전부터 이날까지 14경기 연속...,www.mydaily.co.kr,2026-04-25T19:55:00,,MATCH_RELATED,,0.9,,,True,김도영이 결승 2루타로 팀을 승리로 이끌었다.,김도영,negative,,True,"롯데 vs HT (원정) 3-4 패 | 결승타: 김도영(5회) | 홈런: 유강남2호 | 타자 키플레이어: 김도영(HT), 김선빈(HT), 박재현(HT) | 투수 키플레이어: 성영탁(HT), 정해영(HT), 박정민(롯데)"
737,"오늘은 역전 2루타! 김도영 연이틀 클러치쇼, 양현종 188승+성영탁 4아웃...",KIA 타이거즈가 이틀연속 승리를 거두며 승률 5할에 복귀했다. KIA는 25일 광주-기아 챔피언스필드에서 2026 프로야구 롯데 자이언츠를 상대로 4-3로 역전승을 거두었다. 선발 양현종이 5이닝 3실점(1자책)으로 제몫을...,www.osen.co.kr,2026-04-25T19:55:00,,INJURY_ROSTER,,1.0,,,True,롯데가 KIA에 3-4로 패하며 아쉬운 경기를 치렀다.,김도영;유강남,negative,,True,"롯데 vs HT (원정) 3-4 패 | 결승타: 김도영(5회) | 홈런: 유강남2호 | 타자 키플레이어: 김도영(HT), 김선빈(HT), 박재현(HT) | 투수 키플레이어: 성영탁(HT), 정해영(HT), 박정민(롯데)"
738,돌아온 타케다 호투에 SSG 5연승…박성한 연속 안타는 22경기서 마감,다만 이날 경기 승리에도 박성한이 침묵하며 SSG는 아쉬움을 남겼다. 개막부터 전날(24일) KT전까지 22경기 연속 안타를 때리며 1982년 롯데 자이언츠 김용희(18경기)를 넘고 KBO리그 역대 최장 기록을 달렸던 박성한은...,www.newsis.com,2026-04-25T19:54:00,,MATCH_RELATED,,0.9,,,True,박성한의 연속 안타 기록이 22경기에서 마감되었다.,박성한,negative,,True,"롯데 vs HT (원정) 3-4 패 | 결승타: 김도영(5회) | 홈런: 유강남2호 | 타자 키플레이어: 김도영(HT), 김선빈(HT), 박재현(HT) | 투수 키플레이어: 성영탁(HT), 정해영(HT), 박정민(롯데)"
739,'밈'이 된 늑구 탈출…웃음 뒤에 가려진 'AI 가짜'의 경고,"당시 5연패 중이던 야구 프로팀인 한화이글스는 4월 18일 롯데 자이언츠와의 경기에서 5 대 0으로 승리하면서 연패를 끊어냈으며, 축구 프로팀인 대전하나시티즌도 이전 두 경기에서 모두 득점 없이 졌다가, 18일...",www.handmk.com,2026-04-25T19:14:00,,MATCH_RELATED,,0.9,,,True,롯데가 한화에 패배하며 연패를 끊지 못했다.,,negative,,True,"롯데 vs HT (원정) 3-4 패 | 결승타: 김도영(5회) | 홈런: 유강남2호 | 타자 키플레이어: 김도영(HT), 김선빈(HT), 박재현(HT) | 투수 키플레이어: 성영탁(HT), 정해영(HT), 박정민(롯데)"
740,"'이럴수가' KIA, 또 햄스트링 부상이라니…""병원 진료 추후 결정할 계획...","카스트로는 25일 광주 롯데 자이언츠전에 5번타자 1루수로 선발 출전했다가 3회 수비 과정에서 햄스트링을... 다만 한국의 스트라이크존 적응에 애를 먹어 이날 전까지 타율 2할5푼3리(87타수 22안타), 2홈런, 16타점, OPS 0....",www.sportschosun.com,2026-04-25T18:33:00,,INJURY_ROSTER,,1.0,,,True,KIA 카스트로가 롯데와의 경기에서 부상을 당했다.,,neutral,,True,"롯데 vs HT (원정) 3-4 패 | 결승타: 김도영(5회) | 홈런: 유강남2호 | 타자 키플레이어: 김도영(HT), 김선빈(HT), 박재현(HT) | 투수 키플레이어: 성영탁(HT), 정해영(HT), 박정민(롯데)"
741,홈런 치고 기뻐하는 유강남,25일 광주기아챔피언스필드에서 열린 프로야구 롯데 자이언츠와 KIA 타이거즈의 경기. 롯데 유강남이 4회초에 솔로홈런 때리고 베이스를 돌며 기뻐하고 있다. 2026.4.25,www.yna.co.kr,2026-04-25T18:21:00,,MATCH_RELATED,,0.9,,,True,유강남이 홈런을 치며 기뻐하는 모습이 포착됐다.,유강남,negative,,True,"롯데 vs HT (원정) 3-4 패 | 결승타: 김도영(5회) | 홈런: 유강남2호 | 타자 키플레이어: 김도영(HT), 김선빈(HT), 박재현(HT) | 투수 키플레이어: 성영탁(HT), 정해영(HT), 박정민(롯데)"
742,아쉬워하는 양현종,25일 광주기아챔피언스필드에서 열린 프로야구 롯데 자이언츠와 KIA 타이거즈의 경기. KIA 선발투수 양현종이 4회초에 롯데 유강남에게 솔로홈런을 허용한 뒤 아쉬워하고 있다. 2026.4.25,www.yna.co.kr,2026-04-25T18:21:00,,MATCH_RELATED,,0.9,,,True,양현종이 유강남에게 홈런을 허용하고 아쉬워했다.,양현종;유강남,neutral,,True,"롯데 vs HT (원정) 3-4 패 | 결승타: 김도영(5회) | 홈런: 유강남2호 | 타자 키플레이어: 김도영(HT), 김선빈(HT), 박재현(HT) | 투수 키플레이어: 성영탁(HT), 정해영(HT), 박정민(롯데)"
743,홈런 치고 환호하는 유강남,25일 광주기아챔피언스필드에서 열린 프로야구 롯데 자이언츠와 KIA 타이거즈의 경기. 롯데 유강남이 4회초에 솔로홈런 때리고 베이스를 돌며 기뻐하고 있다. 2026.4.25,www.yna.co.kr,2026-04-25T18:20:00,,MATCH_RELATED,,0.9,,,True,유강남이 홈런을 치고 환호하는 장면이 보였다.,유강남,negative,,True,"롯데 vs HT (원정) 3-4 패 | 결승타: 김도영(5회) | 홈런: 유강남2호 | 타자 키플레이어: 김도영(HT), 김선빈(HT), 박재현(HT) | 투수 키플레이어: 성영탁(HT), 정해영(HT), 박정민(롯데)"
744,"롯데 외인 원투펀치 대반격 발판되나, 김태형 은근한 자신감 ""10구단 톱...",김태형 롯데 자이언츠 감독이 외국인 원투펀치에 강한 자신감을 표시했다. 올해 새로 영입한 우완 엘빈... 그러나 7회말 선두타자 김도영에게 스위퍼를 공략당해 선제 솔로홈런을 맞았고 이후 2안타를 더 맞고 두...,www.osen.co.kr,2026-04-25T18:16:00,,TRANSACTION_CONTRACT,,1.0,,,True,김태형 감독이 외인 투수에 대한 자신감을 보였다.,,positive,,True,"롯데 vs HT (원정) 3-4 패 | 결승타: 김도영(5회) | 홈런: 유강남2호 | 타자 키플레이어: 김도영(HT), 김선빈(HT), 박재현(HT) | 투수 키플레이어: 성영탁(HT), 정해영(HT), 박정민(롯데)"
745,"'대투수' KIA 양현종, KBO리그 최초 2200탈삼진 돌파","양현종은 25일 광주 기아 챔피언스필드에서 열린 2026 신한 SOL뱅크 KBO리그 롯데 자이언츠와의 홈경기에... 김광현은 현재 어깨 부상으로 전력에서 이탈해 있다. 양현종은 이날 경기 전까지 통산 승수(187승), 통산...",www.news1.kr,2026-04-25T17:53:00,,INJURY_ROSTER,,1.0,,,True,양현종이 KBO리그 최초로 2200탈삼진을 기록했다.,양현종,negative,,True,"롯데 vs HT (원정) 3-4 패 | 결승타: 김도영(5회) | 홈런: 유강남2호 | 타자 키플레이어: 김도영(HT), 김선빈(HT), 박재현(HT) | 투수 키플레이어: 성영탁(HT), 정해영(HT), 박정민(롯데)"
746,"빛바랜 최민석 호투...두산, 김택연 빈자리 너무 컸다 [IS 냉탕]",지난 23일 부산 롯데 자이언츠전과 이번 시리즈 1차전에서 패하여 연패를 당했던 두산은 만원 관중 속에 LG전... 두산의 승리 가능성이 높아보였다. 하지만 마무리 투수 부재에 발목 잡혔다. 김택연이 전날 불펜 피칭 중...,isplus.com,2026-04-25T17:21:00,,MATCH_RELATED,,0.9,,,True,두산이 롯데와의 경기에서 연패를 이어갔다.,,negative,,True,"롯데 vs HT (원정) 3-4 패 | 결승타: 김도영(5회) | 홈런: 유강남2호 | 타자 키플레이어: 김도영(HT), 김선빈(HT), 박재현(HT) | 투수 키플레이어: 성영탁(HT), 정해영(HT), 박정민(롯데)"
747,“우리 1~2선발(로드리게스·비슬리) 다른 팀들보다 떨어지지 않는다”...,"“우리 1~2선발이 다른 팀들에 비해 떨어지지 않는다.” 지난 오프시즌, 업계 관계자 대부분 롯데 자이언츠... 1실점으로 승리투수가 됐다. 로드리게스 역시 강력한 패스트볼에 커터, 커브, 슬라이더, 체인지업을 두루...",www.mydaily.co.kr,2026-04-25T17:00:00,,PERFORMANCE_ANALYSIS,INTERVIEW,0.9,,,True,롯데의 1~2선발이 다른 팀들과 동등하다는 평가를 받았다.,,neutral,,True,"롯데 vs HT (원정) 3-4 패 | 결승타: 김도영(5회) | 홈런: 유강남2호 | 타자 키플레이어: 김도영(HT), 김선빈(HT), 박재현(HT) | 투수 키플레이어: 성영탁(HT), 정해영(HT), 박정민(롯데)"
748,"""뛸 수 있어요"" 김도영의 어필, 왜 감독은 필사적으로 외면할까…""안 듣...","어필을 안 듣고 있어요."" 이범호 KIA 타이거즈 감독은 25일 광주 롯데 자이언츠전에 앞서 김도영에게... 김도영은 2024년 KBO 역대 최연소 30홈런-30도루 클럽에 가입한 호타준족이다. 폭발적인 주력이 장점인데, 그 폭발력...",www.sportschosun.com,2026-04-25T16:22:00,,ETC,INTERVIEW,0.9,,,True,김도영이 감독에게 출전 요청을 했으나 외면당했다.,김도영,negative,,True,"롯데 vs HT (원정) 3-4 패 | 결승타: 김도영(5회) | 홈런: 유강남2호 | 타자 키플레이어: 김도영(HT), 김선빈(HT), 박재현(HT) | 투수 키플레이어: 성영탁(HT), 정해영(HT), 박정민(롯데)"
749,"'도저히 칠 수 없다'는 비슬리 울린 솔로포, 김도영 클러치 능력에 박수...","김도영은 지난 24일 롯데 자이언츠와의 광주경기에서 0-0 팽팽한 투수전을 마감하는 선제 결승솔로홈런에 이어 승기를 잡는 투런홈런을 잇따라 터트렸다. 4-0 승리를 이끌고 팀의 5연패를 끊었다. 자신의 시즌 7호, 8호...",www.osen.co.kr,2026-04-25T16:16:00,,MATCH_RELATED,PERFORMANCE_ANALYSIS,0.9,,,True,김도영이 결승홈런으로 KIA의 승리를 이끌었다.,김도영,negative,,True,"롯데 vs HT (원정) 3-4 패 | 결승타: 김도영(5회) | 홈런: 유강남2호 | 타자 키플레이어: 김도영(HT), 김선빈(HT), 박재현(HT) | 투수 키플레이어: 성영탁(HT), 정해영(HT), 박정민(롯데)"
750,‘완봉 포수’ KIA 한준수 “연패 끊으러 공격적인 승부”…올러와 환상...,KIA 타이거즈는 지난 24일 챔피언스필드에서 열린 롯데 자이언츠와의 시즌 1차전에서 4-0 승리를 거뒀다.... 이어 8회 나온 김도영의 연타석 홈런으로 4-0승리를 기록했다. 한준수는 “투구수가 있어서 초반 볼하고...,www.kwangju.co.kr,2026-04-25T16:04:00,,MATCH_RELATED,PERFORMANCE_ANALYSIS,0.9,,,True,KIA가 롯데를 상대로 4-0으로 승리했다.,김도영,negative,,True,"롯데 vs HT (원정) 3-4 패 | 결승타: 김도영(5회) | 홈런: 유강남2호 | 타자 키플레이어: 김도영(HT), 김선빈(HT), 박재현(HT) | 투수 키플레이어: 성영탁(HT), 정해영(HT), 박정민(롯데)"
751,“2-0이면 (성)영탁이로 딱 바꾸려고 생각했는데 4-0 딱 되니까…” KIA...,"광주 롯데 자이언츠전 완봉승(9이닝 3피안타 11탈삼진 2볼넷 무실점)의 발판은, 간판스타 김도영(23)이 놨다. 김도영은 7회말에 0-0 균형을 깨는 선제 결승 좌월 솔로포를 쳤고, 2-0으로 앞선 8회말에는 연타석 홈런...",www.mydaily.co.kr,2026-04-25T16:00:00,,MATCH_RELATED,PERFORMANCE_ANALYSIS,0.9,,,True,김도영의 홈런이 KIA의 완봉승을 이끌었다.,김도영,negative,,True,"롯데 vs HT (원정) 3-4 패 | 결승타: 김도영(5회) | 홈런: 유강남2호 | 타자 키플레이어: 김도영(HT), 김선빈(HT), 박재현(HT) | 투수 키플레이어: 성영탁(HT), 정해영(HT), 박정민(롯데)"
752,"'홀로서기 시작' 안우진, 한화서 온 복덩이와 떨어진다…""다음 등판부터...","안우진은 지난 12일 롯데 자이언츠전 1이닝, 18일 KT 위즈전 2이닝, 24일 삼성전 3이닝 등 순조롭게 이닝을... 설종진 감독은 ""안우진이 특별한 부상이나 몸 상태에 이상이 없다면 앞으로는 배동현과 안우진을 분리시킬...",www.xportsnews.com,2026-04-25T15:25:00,,INJURY_ROSTER,,1.0,,,True,안우진이 다음 등판부터 분리될 예정이다.,안우진,neutral,,True,"롯데 vs HT (원정) 3-4 패 | 결승타: 김도영(5회) | 홈런: 유강남2호 | 타자 키플레이어: 김도영(HT), 김선빈(HT), 박재현(HT) | 투수 키플레이어: 성영탁(HT), 정해영(HT), 박정민(롯데)"
753,"[AI프리뷰] 25일 광주 KIA-롯데전, 양현종 vs 박세웅...'안경' 에이스 간...","이웅희 기자·한지용 인턴기자 = 2026 KBO 리그 KIA 타이거즈 vs 롯데 자이언츠 광주 경기 분석 (4월 25일) 4월... 마운드는 선발·불펜 모두에서 안정감이 부족하지만, 그나마 토종 에이스 박세웅이 로테이션을 지탱하는...",www.newspim.com,2026-04-25T14:01:00,,MATCH_RELATED,ETC,0.9,,,True,롯데가 KIA와의 경기에서 선발 박세웅의 안정감이 필요하다.,박세웅,neutral,,True,"롯데 vs HT (원정) 0-4 패 | 결승타: 김도영(7회) | 홈런: 김도영7호, 김도영8호 | 타자 키플레이어: 김도영(HT), 고종욱(HT), 박재현(HT) | 투수 키플레이어: 올러(HT), 비슬리(롯데), 이영재(롯데)"
754,"“올러 너무 듬직해, 진짜 치기 어렵다고…” 김도영의 감탄, KIA는 오히...","김도영은 24일 광주 롯데 자이언츠전을 마치고 “작년에는 많이 못 봐서(햄스트링 부상으로 30경기 출전) 잘 모르겠는데, TV로 볼 때도 올러는 계속, 되게 듬직했다”라고 했다. 그러면서 김도영은 “작년엔 방어율이...",www.mydaily.co.kr,2026-04-25T13:00:00,,INJURY_ROSTER,,1.0,,,True,김도영이 올러의 듬직함에 감탄하며 KIA의 강함을 언급했다.,김도영,negative,,True,"롯데 vs HT (원정) 0-4 패 | 결승타: 김도영(7회) | 홈런: 김도영7호, 김도영8호 | 타자 키플레이어: 김도영(HT), 고종욱(HT), 박재현(HT) | 투수 키플레이어: 올러(HT), 비슬리(롯데), 이영재(롯데)"
755,"선발 ERA 1위, QS 공동 3위인데 최하위라니...'시련의 타선 침묵' 롯데, ...","롯데 자이언츠가 뜨거운 5월을 기다리고 있다. 극심한 타선 침묵으로 최하위까지 떨어졌다. 22경기에서... 불펜도 괜찮다""면서 주전타자들의 복귀를 학수고대하고 있다. 힘겨운 봄을 보내고 있지만 5월에는 묵은 빚을...",www.osen.co.kr,2026-04-25T12:41:00,,INJURY_ROSTER,,1.0,,,True,롯데가 타선 침묵으로 최하위에 머물고 있어 5월을 기다린다.,,negative,,True,"롯데 vs HT (원정) 0-4 패 | 결승타: 김도영(7회) | 홈런: 김도영7호, 김도영8호 | 타자 키플레이어: 김도영(HT), 고종욱(HT), 박재현(HT) | 투수 키플레이어: 올러(HT), 비슬리(롯데), 이영재(롯데)"
756,"크래비티 민희, KIA 타이거즈 '승리요정' 도전…25일 시구자 등판","타이거즈와 롯데 자이언츠 경기의 시구를 맡았다. 민희는 소속사를 통해 ""'갸린이' 출신으로서 또다시 KIA... 이어 ""선수분들 모두 부상 없이 좋은 경기 펼치시길 바라고, 관중분들께도 특별한 추억이 되었으면 좋겠다...",www.news1.kr,2026-04-25T12:02:00,,INJURY_ROSTER,,1.0,,,True,크래비티 민희가 KIA-롯데전에서 시구자로 나선다.,,neutral,,False,"롯데 vs HT (원정) 0-4 패 | 결승타: 김도영(7회) | 홈런: 김도영7호, 김도영8호 | 타자 키플레이어: 김도영(HT), 고종욱(HT), 박재현(HT) | 투수 키플레이어: 올러(HT), 비슬리(롯데), 이영재(롯데)"
757,"'박석민 아들' 박준현 26일 첫선 보인다…벌써 최고 154km, 사령탑 첫 인...","첫 실점은 19일 롯데 자이언츠전 나왔다. 이날 5이닝 4피안타 2볼넷 8탈삼진 3실점을 기록, 처음으로... 24일 경기 전 설종진 감독은 ""퓨처스리그에서 던진 것처럼 (불펜 피칭을) 열심히 던졌다. 컨디션은 괜찮아...",www.mydaily.co.kr,2026-04-25T12:01:00,,ETC,ETC,0.9,,,True,박준현이 롯데전에서 첫 실점을 기록하며 기대를 모은다.,박준현,neutral,,True,"롯데 vs HT (원정) 0-4 패 | 결승타: 김도영(7회) | 홈런: 김도영7호, 김도영8호 | 타자 키플레이어: 김도영(HT), 고종욱(HT), 박재현(HT) | 투수 키플레이어: 올러(HT), 비슬리(롯데), 이영재(롯데)"
758,"'단독 1위' 김도영의 귀환, 왜 감독은 ""못 쳐도 상관없다"" 했을까","김도영은 24일 광주 롯데 자이언츠전 0-0으로 팽팽하게 맞선 7회 좌월 결승포를 터트렸다. 롯데 선발투수 제레미 비슬리가 7이닝 동안 삼진 11개를 잡을 정도로 구위가 좋았는데, 김도영이 홈런으로 단번에 무너뜨렸다....",www.sportschosun.com,2026-04-25T11:35:00,,MATCH_RELATED,PERFORMANCE_ANALYSIS,0.9,,,True,김도영이 결승 홈런으로 롯데의 패배를 이끌었다.,김도영,negative,,True,"롯데 vs HT (원정) 0-4 패 | 결승타: 김도영(7회) | 홈런: 김도영7호, 김도영8호 | 타자 키플레이어: 김도영(HT), 고종욱(HT), 박재현(HT) | 투수 키플레이어: 올러(HT), 비슬리(롯데), 이영재(롯데)"
759,"'올러 완봉 역투' KIA, 롯데 4-0 제압",KIA 타이거즈가 선발 애덤 올러의 완봉 역투와 김도영의 연타석 홈런을 앞세워 롯데 자이언츠를 꺾고 5연패에서 벗어났다. KIA는 24일 광주-기아챔피언스필드에서 열린 2026 신한 SOL KBO리그 롯데와의 홈 경기에서 4...,www.gjdream.com,2026-04-25T11:12:00,,MATCH_RELATED,,0.9,,,True,KIA가 롯데를 4-0으로 제압하며 5연패에서 벗어났다.,,negative,,True,"롯데 vs HT (원정) 0-4 패 | 결승타: 김도영(7회) | 홈런: 김도영7호, 김도영8호 | 타자 키플레이어: 김도영(HT), 고종욱(HT), 박재현(HT) | 투수 키플레이어: 올러(HT), 비슬리(롯데), 이영재(롯데)"
760,"""11K 완봉쇼"" 올러, KIA 연패 끊고 다승·ERA 선두 질주","광주 기아챔피언스필드에서 열린 롯데 자이언츠와 홈 경기에서 올러가 마운드를 책임졌고, 타선에서는... 투구로 롯데 타선을 묶었다. KIA 타선도 김도영의 연타석 홈런을 앞세워 득점 지원에 나섰고, 완봉 승리와 팀...",www.topstarnews.net,2026-04-25T11:06:00,,MATCH_RELATED,,0.9,,,True,올러가 완봉승을 거두며 KIA의 연패를 끊었다.,올러,negative,,True,"롯데 vs HT (원정) 0-4 패 | 결승타: 김도영(7회) | 홈런: 김도영7호, 김도영8호 | 타자 키플레이어: 김도영(HT), 고종욱(HT), 박재현(HT) | 투수 키플레이어: 올러(HT), 비슬리(롯데), 이영재(롯데)"
761,"'제2의 이종범' 김도영, 올시즌은 이승엽 모드?","24일 광주 기아챔피언스필드에서 있었던 롯데 자이언츠와의 홈 경기에서 KIA는 4-0으로 승리하며 5연패를... 양 팀 선발과 불펜이 번갈아 상대 타선을 봉쇄하며 0의 행진이 이어졌고, 경기장은 긴장감으로 가득 찼다. 이러한...",www.ohmynews.com,2026-04-25T10:46:00,,MATCH_RELATED,,0.9,,,True,롯데가 KIA에 0-4로 패하며 5연패에 빠졌다.,김도영,negative,,True,"롯데 vs HT (원정) 0-4 패 | 결승타: 김도영(7회) | 홈런: 김도영7호, 김도영8호 | 타자 키플레이어: 김도영(HT), 고종욱(HT), 박재현(HT) | 투수 키플레이어: 올러(HT), 비슬리(롯데), 이영재(롯데)"
762,"“그냥 혼자 죽으면 좋겠는데, 좀 더 빵빵 치면 좋겠는데” KIA 1루수 카...","카스트로는 24일 광주 롯데 자이언츠전까지 22경기서 87타수 22안타 타율 0.253 2홈런 16타점 15득점 장타율 0.446 출루율 0.295 OPS 0.708 득점권타율 0.240이다. 나쁘지 않지만, 기대한만큼의 행보는 아니다. 개막 후 1개월간...",www.mydaily.co.kr,2026-04-25T10:40:00,,ETC,,0.9,,,True,카스트로의 성적이 기대에 미치지 못하고 있다.,카스트로,neutral,,True,"롯데 vs HT (원정) 0-4 패 | 결승타: 김도영(7회) | 홈런: 김도영7호, 김도영8호 | 타자 키플레이어: 김도영(HT), 고종욱(HT), 박재현(HT) | 투수 키플레이어: 올러(HT), 비슬리(롯데), 이영재(롯데)"
763,"크래비티 민희, 오늘(25일) 기아 타이거즈 경기 시구…“갸린이 출신, 기...","타이거즈와 롯데 자이언츠 경기의 시구를 맡는다. 민희는 소속사를 통해 “‘갸린이’ 출신으로서 또다시... 이어 “선수분들 모두 부상 없이 좋은 경기 펼치시길 바라고, 관중분들께도 특별한 추억이 되었으면...",www.dailian.co.kr,2026-04-25T10:18:00,,INJURY_ROSTER,,1.0,,,True,민희가 KIA와의 경기에서 시구를 맡는다.,,neutral,,False,"롯데 vs HT (원정) 0-4 패 | 결승타: 김도영(7회) | 홈런: 김도영7호, 김도영8호 | 타자 키플레이어: 김도영(HT), 고종욱(HT), 박재현(HT) | 투수 키플레이어: 올러(HT), 비슬리(롯데), 이영재(롯데)"
764,"크래비티 민희, KIA 타이거즈 시구 재출격…‘승리 요정’ 영광 이을까","타이거즈와 롯데 자이언츠 경기의 시구자로 나선다. 민희는 소속사를 통해 “‘갸린이’ 출신으로서... 모두 부상 없이 좋은 경기 펼치시길 바라고, 관중분들께도 특별한 추억이 됐으면 좋겠다. KIA 타이거즈 파이팅!”...",sports.donga.com,2026-04-25T10:18:00,,INJURY_ROSTER,,1.0,,,True,민희가 KIA 타이거즈의 시구자로 나선다.,,neutral,,False,"롯데 vs HT (원정) 0-4 패 | 결승타: 김도영(7회) | 홈런: 김도영7호, 김도영8호 | 타자 키플레이어: 김도영(HT), 고종욱(HT), 박재현(HT) | 투수 키플레이어: 올러(HT), 비슬리(롯데), 이영재(롯데)"
765,"부상 때문에 아쉬움 삼킨 리빙 레전드, 올해는 문제 없다…""몸 상태 너...",3타수 2안타(2홈런) 2타점 1볼넷 2득점으로 활약하며 팀의 5-0 승리에 기여했다. 또 최정은 4일 사직 롯데 자이언츠전(4타수 2안타) 이후 20일 만에 멀티히트를 달성했다. 최정은 두 번째 타석에서 큼지막한 아치를...,www.xportsnews.com,2026-04-25T10:06:00,,INJURY_ROSTER,,1.0,,,True,최정이 멀티히트로 팀의 승리에 기여했다.,최정,positive,,True,"롯데 vs HT (원정) 0-4 패 | 결승타: 김도영(7회) | 홈런: 김도영7호, 김도영8호 | 타자 키플레이어: 김도영(HT), 고종욱(HT), 박재현(HT) | 투수 키플레이어: 올러(HT), 비슬리(롯데), 이영재(롯데)"
766,"MVP 거머쥔 2024년처럼...'4번 타자 본능' 김도영, 또 월간 10홈런 겨냥",기는 24일 광주 기아챔피언스필드에서 열린 2026 KBO리그 정규시즌 롯데 자이언츠와의 홈 주말 3연전... 김도영은 8회 1사 2루에서 나선 네 번째 타석에서는 롯데 불펜진 대표 투수 김원중을 상대로도 투런포를...,isplus.com,2026-04-25T09:53:00,,PERFORMANCE_ANALYSIS,,0.9,,,True,김도영이 월간 10홈런을 목표로 하고 있다.,김도영,positive,,True,"롯데 vs HT (원정) 0-4 패 | 결승타: 김도영(7회) | 홈런: 김도영7호, 김도영8호 | 타자 키플레이어: 김도영(HT), 고종욱(HT), 박재현(HT) | 투수 키플레이어: 올러(HT), 비슬리(롯데), 이영재(롯데)"
767,"'크래비티' 민희, 25일 시구…""기아의 승리 요정 뜬다""","민희는 25일 오후 5시 광주-기아 챔피언스 필드에서 열리는 기아 타이거즈와 롯데 자이언츠 경기에 시구자로... ""선수분들 모두 부상 없이 좋은 경기 펼치시길 바란다""며 ""관중분들께도 특별한 추억이 됐으면 좋겠다""고...",www.dispatch.co.kr,2026-04-25T09:41:00,,INJURY_ROSTER,,1.0,,,True,민희가 KIA와의 경기에서 시구를 맡는다.,,neutral,,False,"롯데 vs HT (원정) 0-4 패 | 결승타: 김도영(7회) | 홈런: 김도영7호, 김도영8호 | 타자 키플레이어: 김도영(HT), 고종욱(HT), 박재현(HT) | 투수 키플레이어: 올러(HT), 비슬리(롯데), 이영재(롯데)"
768,"크래비티 민희, '승리 요정'의 귀환... KIA-롯데전 시구자로 마운드 등판","타이거즈와 롯데 자이언츠의 경기에서 시구자로 선정되었다고 밝혔다. 민희는 평소 KIA 타이거즈의 열혈... 이어 ""선수들이 부상 없이 멋진 경기를 펼치길 바라며, 관중들에게도 특별한 추억이 되길 응원하겠다""고...",www.cbci.co.kr,2026-04-25T09:34:00,,INJURY_ROSTER,,1.0,,,True,민희가 KIA-롯데전에서 시구자로 나선다.,,neutral,,False,"롯데 vs HT (원정) 0-4 패 | 결승타: 김도영(7회) | 홈런: 김도영7호, 김도영8호 | 타자 키플레이어: 김도영(HT), 고종욱(HT), 박재현(HT) | 투수 키플레이어: 올러(HT), 비슬리(롯데), 이영재(롯데)"
769,"""재계약 안 했으면 어쩔 뻔…"" ERA 0.81 올러의 각성, KIA는 이제 제2의 ...","지난 24일 롯데 자이언츠와의 맞대결에서 그는 9이닝 동안 103개의 공을 던지며 3피안타 11탈삼진... 네일이 선발 요원으로서의 가치를 평가받는다면, 구위가 압도적인 올러는 당장 빅리그 불펜에 투입해도 1이닝을 완벽히...",www.fnnews.com,2026-04-25T09:23:00,,TRANSACTION_CONTRACT,,1.0,,,True,올러가 롯데를 상대로 압도적인 투구를 선보였다.,올러,negative,,True,"롯데 vs HT (원정) 0-4 패 | 결승타: 김도영(7회) | 홈런: 김도영7호, 김도영8호 | 타자 키플레이어: 김도영(HT), 고종욱(HT), 박재현(HT) | 투수 키플레이어: 올러(HT), 비슬리(롯데), 이영재(롯데)"
770,"양현종·김도영에 강했던 박세웅, 롯데 탈꼴찌 이끌까 [IS 피플]","롯데 자이언츠 '국내 에이스' 박세웅(31)이 소속팀 최하위 탈출이라는 중책을 안고 2026시즌 5번째 등판에... 당시 박세웅은 고종욱·김호령, 교타자들에게 홈런을 맞는 등 난조를 보이며 4이닝 동안 8점을 내줬다. 당일...",isplus.com,2026-04-25T09:21:00,,ETC,,0.9,,,True,박세웅이 롯데의 최하위 탈출을 위해 출전한다.,박세웅,neutral,,True,"롯데 vs HT (원정) 0-4 패 | 결승타: 김도영(7회) | 홈런: 김도영7호, 김도영8호 | 타자 키플레이어: 김도영(HT), 고종욱(HT), 박재현(HT) | 투수 키플레이어: 올러(HT), 비슬리(롯데), 이영재(롯데)"
771,"크래비티 민희, KIA 타이거즈 시구 출격...'갸린이' 인증","타이거즈와 롯데 자이언츠 경기의 시구를 맡았다. 사진=싱글리스트 민희는 소속사를 통해 ""'갸린이... 선수분들 모두 부상 없이 좋은 경기 펼치시길 바라고, 관중분들께도 특별한 추억이 되었으면 좋겠다. KIA 타이거즈...",www.slist.kr,2026-04-25T09:14:00,,INJURY_ROSTER,,1.0,,,True,민희가 KIA 타이거즈의 시구를 맡았다.,,neutral,,False,"롯데 vs HT (원정) 0-4 패 | 결승타: 김도영(7회) | 홈런: 김도영7호, 김도영8호 | 타자 키플레이어: 김도영(HT), 고종욱(HT), 박재현(HT) | 투수 키플레이어: 올러(HT), 비슬리(롯데), 이영재(롯데)"
772,"크래비티 민희, ""좋은 기운과 에너지 드리고 싶어""…KIA 타이거즈 시구...","타이거즈와 롯데 자이언츠 경기의 시구를 맡았다. 그는 '갸린이'로 알려진 만큼, KIA 타이거즈를 향한 팬심을... 그는 또 ""선수분들 모두 부상 없이 좋은 경기 펼치시길 바라고, 관중분들께도 특별한 추억이 되었으면...",www.topstarnews.net,2026-04-25T09:08:00,,INJURY_ROSTER,,1.0,,,True,민희가 KIA 타이거즈의 시구를 통해 응원을 전했다.,,neutral,,False,"롯데 vs HT (원정) 0-4 패 | 결승타: 김도영(7회) | 홈런: 김도영7호, 김도영8호 | 타자 키플레이어: 김도영(HT), 고종욱(HT), 박재현(HT) | 투수 키플레이어: 올러(HT), 비슬리(롯데), 이영재(롯데)"
773,"크래비티 민희, 25일 KIA 타이거즈 시구 출격","타이거즈와 롯데 자이언츠 경기의 시구를 맡았다. 민희는 소속사를 통해 ''갸린이' 출신으로서 또다시 KIA... 선수분들 모두 부상 없이 좋은 경기 펼치시길 바라고, 관중분들께도 특별한 추억이 되었으면 좋겠다. KIA...",news.jtbc.co.kr,2026-04-25T09:03:00,,INJURY_ROSTER,,1.0,,,True,민희가 KIA 타이거즈의 시구를 맡아 특별한 응원을 했다.,,neutral,,False,"롯데 vs HT (원정) 0-4 패 | 결승타: 김도영(7회) | 홈런: 김도영7호, 김도영8호 | 타자 키플레이어: 김도영(HT), 고종욱(HT), 박재현(HT) | 투수 키플레이어: 올러(HT), 비슬리(롯데), 이영재(롯데)"
774,'억까도 이런 억까가 없다' 폰세급 투수가 ERA 4.44 푸대접이라니... 수비...,롯데 자이언츠 외국인 투수 제레미 비슬리(31)가 험난한 KBO 데뷔 시즌을 치르고 있다. 본인의 기량과... (1피홈런) 무사사구 11탈삼진 2실점으로 퀄리티 스타트 플러스(선발 7이닝 이상 3자책점 이하)를 달성했다. 눈부신...,www.starnewskorea.com,2026-04-25T08:41:00,,PERFORMANCE_ANALYSIS,,0.9,,,True,비슬리가 퀄리티 스타트를 기록했지만 팀은 패배했다.,비슬리,negative,,True,"롯데 vs HT (원정) 0-4 패 | 결승타: 김도영(7회) | 홈런: 김도영7호, 김도영8호 | 타자 키플레이어: 김도영(HT), 고종욱(HT), 박재현(HT) | 투수 키플레이어: 올러(HT), 비슬리(롯데), 이영재(롯데)"
775,"최정은 어떻게 최형우를 넘었나, KT 특급 에이스에게도 악몽 선사…110억...","최정이 리그에서 멀티히트를 기록한 건 4월 4일 부산 롯데 자이언츠전 이후 처음이며, 멀티홈런은 지난해 9월 16일 NC 다이노스전 이후 처음이다. 무엇보다 이날 의미 있는 기록을 세웠는데, KBO 역대 최연소(39년 1개월...",www.mydaily.co.kr,2026-04-25T08:41:00,,ETC,,0.9,,,True,최정이 롯데를 상대로 멀티히트를 기록했다.,,negative,,True,"롯데 vs HT (원정) 0-4 패 | 결승타: 김도영(7회) | 홈런: 김도영7호, 김도영8호 | 타자 키플레이어: 김도영(HT), 고종욱(HT), 박재현(HT) | 투수 키플레이어: 올러(HT), 비슬리(롯데), 이영재(롯데)"
776,"KIA 5연패 탈출…올러, 첫 완봉투+김도영, 멀티홈런 쾅쾅!",KIA는 24일 광주 기아챔피언스필드에서 열린 롯데 자이언츠와의 신한 SOL KBO리그 홈 경기에서 김도영의 연타석 홈런과 애덤 올러의 완봉 역투를 앞세워 4-0으로 승리했다. 이로써 KIA는 11승 12패로 승률 5할 복귀를...,www.nocutnews.co.kr,2026-04-25T08:37:00,,INJURY_ROSTER,,1.0,,,True,KIA가 롯데를 상대로 완봉승을 거두며 5연패를 탈출했다.,김도영;올러,negative,,True,"롯데 vs HT (원정) 0-4 패 | 결승타: 김도영(7회) | 홈런: 김도영7호, 김도영8호 | 타자 키플레이어: 김도영(HT), 고종욱(HT), 박재현(HT) | 투수 키플레이어: 올러(HT), 비슬리(롯데), 이영재(롯데)"
777,얼마나 더 압도하려고...144㎞/스플리터까지 장착한 안우진 [IS 피플],어깨 부상에서 복귀한 뒤 큰 문제 없이 투구 수를 50개 가까이 끌어올린 점도 의미가 있다. 안우진은 1회 초 삼성 2번 타자 박승규를 상대로 4구째 160.3㎞/h를 찍었다. 복귀전이었던 12일 롯데 자이언츠전 1회 초 1번 타자...,isplus.com,2026-04-25T08:27:00,,INJURY_ROSTER,,1.0,,,True,안우진이 복귀전에서 160.3㎞의 투구를 기록했다.,안우진,neutral,,True,"롯데 vs HT (원정) 0-4 패 | 결승타: 김도영(7회) | 홈런: 김도영7호, 김도영8호 | 타자 키플레이어: 김도영(HT), 고종욱(HT), 박재현(HT) | 투수 키플레이어: 올러(HT), 비슬리(롯데), 이영재(롯데)"
778,"'타율도 올리자!' KIA 김도영, 홈런 50개 페이스, 커리어하이 찍나?...최...","김도영은 24일 롯데 자이언츠전에서 2개의 홈런을 추가, 이 부문 선두에 나섰다. 김도영의 타율은 그러나 신통치 않다. 0.253에 머물고 있다. 하지만 출루율은 0.353으로 준수한 편이다. 장타율은 0.575다. 득점권 타율도...",www.maniareport.com,2026-04-25T08:26:00,,PERFORMANCE_ANALYSIS,MATCH_RELATED,0.9,,,True,김도영이 롯데전에서 2홈런을 기록하며 홈런 선두에 올랐다.,김도영,negative,,True,"롯데 vs HT (원정) 0-4 패 | 결승타: 김도영(7회) | 홈런: 김도영7호, 김도영8호 | 타자 키플레이어: 김도영(HT), 고종욱(HT), 박재현(HT) | 투수 키플레이어: 올러(HT), 비슬리(롯데), 이영재(롯데)"
779,"“선발이고 중간이고 다 150km, 작년하고 똑같이 스윙하면…” 김태형이...",“스~윽 그리면 다 늦잖아.” 타격 부진으로 2군에 내려간 롯데 자이언츠 오른손 외야수 윤동희(23)는 24일 김해 상동구장에서 열린 KIA 타이거즈와의 퓨처스리그 홈 경기서 4타수 3안타(1홈런) 3타점 1볼넷 3득점으로...,www.mydaily.co.kr,2026-04-25T08:10:00,,PERFORMANCE_ANALYSIS,,0.9,,,True,윤동희가 퓨처스리그에서 3안타 1홈런으로 활약했다.,윤동희,positive,,False,"롯데 vs HT (원정) 0-4 패 | 결승타: 김도영(7회) | 홈런: 김도영7호, 김도영8호 | 타자 키플레이어: 김도영(HT), 고종욱(HT), 박재현(HT) | 투수 키플레이어: 올러(HT), 비슬리(롯데), 이영재(롯데)"
780,"'김원중, 아직도 스프링캠프인가?' WHIP가 '경이적인' 2.45...자진해서 2...",롯데 자이언츠의 투수 김원중이 그다. 그는 더 이상 팀의 뒷문을 책임지는 마무리가 아니다. 이미 클로저... 투런 홈런을 허용했다. 이 한 방으로 롯데의 추격 의지는 소멸됐다. 김원중의 올 시즌 성적은 민망할 정도다....,www.maniareport.com,2026-04-25T07:46:00,,TRANSACTION_CONTRACT,,1.0,,,True,김원중이 부진한 성적을 기록하며 마무리 역할에서 제외됐다.,김원중,negative,,True,"롯데 vs HT (원정) 0-4 패 | 결승타: 김도영(7회) | 홈런: 김도영7호, 김도영8호 | 타자 키플레이어: 김도영(HT), 고종욱(HT), 박재현(HT) | 투수 키플레이어: 올러(HT), 비슬리(롯데), 이영재(롯데)"
781,"타이거즈 외인 최초 KKKKKKKKKKK 완봉승, 선동열 방어율 0.81 언터처블 올...",지난 24일 롯데 자이언츠와의 광주경기에서 9이닝 3피안타 2볼넷 무실점의 완벽투를 펼치며 4-0 승리를... 우리 불펜이 이번주 소모가 많아 피로가 누적된 점을 감안해 더 쉬도록 9회도 나가겠다고 생각했다. 포수...,www.osen.co.kr,2026-04-25T07:41:00,,MATCH_RELATED,,0.9,,,True,KIA가 롯데를 상대로 완봉승을 거두며 4-0으로 승리했다.,,negative,,True,"롯데 vs HT (원정) 0-4 패 | 결승타: 김도영(7회) | 홈런: 김도영7호, 김도영8호 | 타자 키플레이어: 김도영(HT), 고종욱(HT), 박재현(HT) | 투수 키플레이어: 올러(HT), 비슬리(롯데), 이영재(롯데)"
782,"김도영 연타석 홈런 터지니 KIA 5연패 탈출, 시즌 7-8호포 홈런 단독 선...",김도영이 왜 KIA 타이거즈의 간판 타자인지 홈런포로 증명했다. KIA는 24일 광주-기아 챔피언스필드에서 열린 롯데 자이언츠와 홈 경기에서 4-0 완승을 거뒀다. 전날까지 5연패 수렁에 빠져 있던 KIA는 이 경기 승리로...,www.mediapen.com,2026-04-25T07:10:00,,MATCH_RELATED,PERFORMANCE_ANALYSIS,0.9,,,True,김도영의 홈런으로 KIA가 5연패에서 탈출했다.,김도영,negative,,True,"롯데 vs HT (원정) 0-4 패 | 결승타: 김도영(7회) | 홈런: 김도영7호, 김도영8호 | 타자 키플레이어: 김도영(HT), 고종욱(HT), 박재현(HT) | 투수 키플레이어: 올러(HT), 비슬리(롯데), 이영재(롯데)"
783,"엄상백, 부진에 팔꿈치 수술…한화의 78억 투자, 실패작 되나","불펜으로 등판한 3월 15일 SSG 랜더스전에서 3이닝 무실점으로 호투했지만, 21일 롯데 자이언츠전에 선발 등판해서는 4이닝 10피안타 7실점으로 난타를 당했다. 올해 정규시즌에는 딱 한 차례 등판했다. 지난달 31일 대전...",www.newsis.com,2026-04-25T07:00:00,,INJURY_ROSTER,,1.0,,,True,엄상백이 부진으로 팔꿈치 수술을 받게 되었다.,엄상백,negative,,True,"롯데 vs HT (원정) 0-4 패 | 결승타: 김도영(7회) | 홈런: 김도영7호, 김도영8호 | 타자 키플레이어: 김도영(HT), 고종욱(HT), 박재현(HT) | 투수 키플레이어: 올러(HT), 비슬리(롯데), 이영재(롯데)"
784,롯데 2군에도 '괴물' 안현민이?…1G 3홈런 실화? 드래프트 낙방 2회→괴...,프로야구 롯데 자이언츠의 2군에도 ‘안현민급’ 잠재력을 지닌 선수가 떴다. 육성선수 서하은(22)이... (3홈런) 6타점 3득점 대활약을 펼쳤다. 비록 팀은 11-14로 패했지만 서하은은 충분히 강렬한 기록과 인상을...,www.osen.co.kr,2026-04-25T06:40:00,,ETC,ETC,0.9,,,True,서하은이 2군에서 3홈런을 기록하며 주목받고 있다.,서하은,positive,,False,"롯데 vs HT (원정) 0-4 패 | 결승타: 김도영(7회) | 홈런: 김도영7호, 김도영8호 | 타자 키플레이어: 김도영(HT), 고종욱(HT), 박재현(HT) | 투수 키플레이어: 올러(HT), 비슬리(롯데), 이영재(롯데)"
785,"'건강한 김도영' 이래서 무섭구나…벌써 8홈런, 페이스 심상치 않네",김도영은 24일 광주-KIA챔피언스필드에서 열린 2026 신한 SOL KBO리그 롯데 자이언츠와의 정규시즌 1차전에 4번타자 겸 3루수로 선발 출전해 4타수 2안타(2홈런) 3타점을 기록했다. 김도영의 시즌 타율은 0.241에서 0.253...,www.xportsnews.com,2026-04-25T05:15:00,,PERFORMANCE_ANALYSIS,MATCH_RELATED,0.9,,,True,김도영이 2홈런으로 롯데를 이끌었지만 패배.,김도영,negative,,True,"롯데 vs HT (원정) 0-4 패 | 결승타: 김도영(7회) | 홈런: 김도영7호, 김도영8호 | 타자 키플레이어: 김도영(HT), 고종욱(HT), 박재현(HT) | 투수 키플레이어: 올러(HT), 비슬리(롯데), 이영재(롯데)"
786,“바로 써야죠” 롯데 고나김이 돌아온다…롯린이들 어린이날 선물일까...,"“바로 써야죠.” 롯데 자이언츠 해외원정도박 ‘고나김김’ 중 ‘고나김(고승민, 나승엽, 김세민)’의... 또한, 올해 롯데는 선발투수들의 경기력이 상당히 안정적이다. 불펜도 괜찮다. 결국 김태형 감독은 타선만...",www.mydaily.co.kr,2026-04-25T04:00:00,,ETC,,,gpt_missing_index,,True,롯데의 선발투수들이 안정적이라는 긍정적인 소식.,,positive,,False,"롯데 vs HT (원정) 0-4 패 | 결승타: 김도영(7회) | 홈런: 김도영7호, 김도영8호 | 타자 키플레이어: 김도영(HT), 고종욱(HT), 박재현(HT) | 투수 키플레이어: 올러(HT), 비슬리(롯데), 이영재(롯데)"
787,"롯데 국대 4번타자의 몰락, 왜 예견됐나…""스윙 스피드 늦어""","""스윙 스피드가 지금 늦어."" 김태형 롯데 자이언츠 감독은 24일 광주 KIA 타이거즈전에 앞서 2군에서... 윤동희는 올 시즌 17경기에서 타율 1할9푼(63타수 12안타), 3홈런, 7타점, OPS 0.620을 기록하고, 지난 19일 2군행을 통보...",www.sportschosun.com,2026-04-25T03:22:00,,ETC,,,gpt_missing_index,,True,윤동희의 부진이 예견된 이유에 대한 분석.,윤동희,negative,,False,"롯데 vs HT (원정) 0-4 패 | 결승타: 김도영(7회) | 홈런: 김도영7호, 김도영8호 | 타자 키플레이어: 김도영(HT), 고종욱(HT), 박재현(HT) | 투수 키플레이어: 올러(HT), 비슬리(롯데), 이영재(롯데)"
788,"5연패 끊은 연타석포, 50홈런 페이스에도 긴장하는 천재타자 ""투수들 스...",KIA 타이거즈 김도영이 24일 광주-기아 챔피언스필드에서 열린 2026 프로야구 롯데 자이언츠와의 경기에서 연타석 홈런을 뿜어내며 4-0 승리를 이끌었다.  0-0 팽팽한 투수전에 마침표를 찍는 선제 솔로포에 이어 4-0으로...,www.osen.co.kr,2026-04-25T02:40:00,,ETC,,,gpt_missing_index,,True,김도영의 연타석 홈런으로 KIA가 승리.,김도영,negative,,True,"롯데 vs HT (원정) 0-4 패 | 결승타: 김도영(7회) | 홈런: 김도영7호, 김도영8호 | 타자 키플레이어: 김도영(HT), 고종욱(HT), 박재현(HT) | 투수 키플레이어: 올러(HT), 비슬리(롯데), 이영재(롯데)"
789,"프로야구 LG, 두산 잡고 1위와 0.5경기 차… 삼성 5연패 수렁","/KIA 타이거즈 제공 광주 기아-챔피언스필드에서는 KIA 타이거즈가 롯데 자이언츠를 4-0으로 물리쳤다.... 불펜에서는 전사민, 임지민, 김영규, 류진욱이 6~9회를 1이닝씩 무실점으로 막아내 역전승의 발판을...",www.hansbiz.co.kr,2026-04-25T02:16:00,,ETC,,,gpt_missing_index,,True,KIA가 롯데를 4-0으로 이기며 연승.,,negative,,True,"롯데 vs HT (원정) 0-4 패 | 결승타: 김도영(7회) | 홈런: 김도영7호, 김도영8호 | 타자 키플레이어: 김도영(HT), 고종욱(HT), 박재현(HT) | 투수 키플레이어: 올러(HT), 비슬리(롯데), 이영재(롯데)"
790,"“5할 타자가 세상에 어디 있어요?” 523홈런 전설도 납득 불가, 개막 2...",최정은 3B-1S 유리한 카운트를 선점한 뒤 김민수의 5구째 몸쪽 슬라이더(134km)를 받아쳐 비거리 110m 좌월 홈런을 쏘아 올렸다. 시즌 5호. 4일 사직 롯데 자이언츠전 이후 약 3주 만에 멀티히트를 쳤다. 경기 후 만난...,www.osen.co.kr,2026-04-25T01:03:00,,ETC,,,gpt_missing_index,,True,최정이 홈런을 기록하며 기세를 올렸다.,최정,positive,,False,"롯데 vs HT (원정) 0-4 패 | 결승타: 김도영(7회) | 홈런: 김도영7호, 김도영8호 | 타자 키플레이어: 김도영(HT), 고종욱(HT), 박재현(HT) | 투수 키플레이어: 올러(HT), 비슬리(롯데), 이영재(롯데)"
791,"“2024년 생각 전혀 안나, 괜찮지 않지만 괜찮다고 주문” 김도영 2할5푼...","“타율은 괜찮지 않지만, 괜찮다고 주문한다.” KIA 타이거즈 간판스타 김도영(23)은 24일 광주 롯데 자이언츠전까지 23경기서 102타석 87타수 22안타 타율 0.253이다. 타율만 보면 이름값에 미치지 못한다. 그런데 홈런은...",www.mydaily.co.kr,2026-04-25T00:30:00,,ETC,,,gpt_missing_index,,True,김도영이 타율은 낮지만 홈런은 잘 치고 있다.,김도영,neutral,,False,"롯데 vs HT (원정) 0-4 패 | 결승타: 김도영(7회) | 홈런: 김도영7호, 김도영8호 | 타자 키플레이어: 김도영(HT), 고종욱(HT), 박재현(HT) | 투수 키플레이어: 올러(HT), 비슬리(롯데), 이영재(롯데)"
792,"홈 만원관중 앞에서 5연패 끊은 이범호, 완봉쇼 올러에 경의 ""불펜까지...",24일 광주-기아 챔피언스필드에서 열린 2026 프로야구 롯데 자이언츠와의 경기를 4-0으로 이겼다. 8연승을... 단순한 1승을 넘어 불펜진에도 휴식을 주는  효과까지 있었다. 한준수도 올러를 공격적으로 리드하면서...,www.osen.co.kr,2026-04-25T00:21:00,,ETC,,,gpt_missing_index,,True,KIA가 롯데를 상대로 완봉승을 거두며 연승.,올러,negative,,True,"롯데 vs HT (원정) 0-4 패 | 결승타: 김도영(7회) | 홈런: 김도영7호, 김도영8호 | 타자 키플레이어: 김도영(HT), 고종욱(HT), 박재현(HT) | 투수 키플레이어: 올러(HT), 비슬리(롯데), 이영재(롯데)"
793,"잘 던지다 5실점 '와르르', 65억 언더핸드 2군 4번째 등판서 부진…스리...","문제는 부상이었다. 구단이 SSG에 인수된 2021시즌 도중 팔꿈치 부상으로 수술대에 올랐다. 그럼에도... 하지만 지난 17일 롯데 자이언츠전에서 1이닝 1피안타 1볼넷 1탈삼진 1실점으로 흔들리더니, 이번 NC전에서...",www.sportalkorea.com,2026-04-25T00:15:00,,INJURY_ROSTER,,1.0,,,True,롯데가 NC전에서 부진한 투수로 고전했다.,,negative,,True,"롯데 vs HT (원정) 0-4 패 | 결승타: 김도영(7회) | 홈런: 김도영7호, 김도영8호 | 타자 키플레이어: 김도영(HT), 고종욱(HT), 박재현(HT) | 투수 키플레이어: 올러(HT), 비슬리(롯데), 이영재(롯데)"
794,"“완봉승, 쉽게 오지 않는 기회라서…” 선동열을 배출한 팀에서 선동열...","24일 광주 KIA 챔피언스필드에서 열린 2026 신한은행 SOL KBO리그 롯데 자이언츠와의 홈 경기에 선발 등판... 본인도 생애 첫 완봉승에 대한 욕심이 있었고, 이범호 감독도 최근 불펜 소모가 커서 올러의 완봉승을 바랐다....",www.mydaily.co.kr,2026-04-24T23:00:00,,ETC,,,gpt_missing_index,,True,롯데와의 경기에서 올러가 완봉승을 노렸다.,올러,neutral,,True,"롯데 vs HT (원정) 0-4 패 | 결승타: 김도영(7회) | 홈런: 김도영7호, 김도영8호 | 타자 키플레이어: 김도영(HT), 고종욱(HT), 박재현(HT) | 투수 키플레이어: 올러(HT), 비슬리(롯데), 이영재(롯데)"
795,"'악 날벼락!' LG 9회말 유영찬 부상 OUT, 두산과 첫 잠실 라이벌전 승리...","이로써 LG는 전날(23일) 잠실 한화 이글스전 패배를 딛고, 15승 7패를 마크하며 리그 단독 2위 자리를 유지했다. 반면 두산은 전날 사직 롯데 자이언츠전에 이어 2연패에 빠졌다. 두산은 9승 1무 13패를 기록했다. 이날 LG는...",www.starnewskorea.com,2026-04-24T21:53:00,,INJURY_ROSTER,,1.0,,,True,롯데는 두산과의 경기에서 연패에 빠졌다.,,negative,,True,"롯데 vs HT (원정) 0-4 패 | 결승타: 김도영(7회) | 홈런: 김도영7호, 김도영8호 | 타자 키플레이어: 김도영(HT), 고종욱(HT), 박재현(HT) | 투수 키플레이어: 올러(HT), 비슬리(롯데), 이영재(롯데)"
796,"나승엽 고승민 '어린이 날' 징계해제, 3점 타선이 힘겨운 김태형 ""바로 ...",스프링캠프에서 불법도박에 따른 출전정지 처분을 받고 자숙의 시간을 보내는 롯데 자이언츠 주전 내야수... 나승엽과 고승민이 복귀하는 시기에 햄트링 부상으로 빠진 손호영도 함께 돌아오면 올들어 가장 짜임새...,www.osen.co.kr,2026-04-24T19:41:00,,INJURY_ROSTER,,1.0,,,True,롯데의 나승엽과 고승민이 복귀한다.,나승엽;고승민,positive,,True,"롯데 vs HT (원정) 0-4 패 | 결승타: 김도영(7회) | 홈런: 김도영7호, 김도영8호 | 타자 키플레이어: 김도영(HT), 고종욱(HT), 박재현(HT) | 투수 키플레이어: 올러(HT), 비슬리(롯데), 이영재(롯데)"
797,"최고 160km KKKKKK 안우진, 세 번째 등판 어땠나…이제 예열은 끝났다! 조...","이날 안우진의 최고 구속은 '트랙맨' 데이터 기준 160.3km로 지난 4월 12일 고척 롯데 자이언츠전의 159.62km... 그러면서 ""오늘 경기가 끝나면 배동현과 등판 날짜를 따로 잡을 예정""이라며 ""부상 선수들도 있고 하니, 경기가...",www.spotvnews.co.kr,2026-04-24T19:18:00,,INJURY_ROSTER,,1.0,,,True,안우진이 160km의 구속을 기록했다.,안우진,neutral,,True,"롯데 vs HT (원정) 0-4 패 | 결승타: 김도영(7회) | 홈런: 김도영7호, 김도영8호 | 타자 키플레이어: 김도영(HT), 고종욱(HT), 박재현(HT) | 투수 키플레이어: 올러(HT), 비슬리(롯데), 이영재(롯데)"
798,"'KT 특급 신인' 이강민 선발 제외, 이강철 감독 ""관리 차원, 상대 선발이...",부상이나 부진해서는 아니다. 프로에서 첫 시즌을 치르는 새싹이 쉬어갈 수 있도록 배려한 것이다. KT는... 이날 SSG는 김건우를 선발 등판시키는데 1⅓이닝 만에 4실점하고 무너졌던 지난 4일 롯데 자이언츠전을...,www.starnewskorea.com,2026-04-24T18:23:00,,INJURY_ROSTER,,1.0,,,True,KT의 이강민이 선발에서 제외되었다.,이강민,neutral,,True,"롯데 vs HT (원정) 0-4 패 | 결승타: 김도영(7회) | 홈런: 김도영7호, 김도영8호 | 타자 키플레이어: 김도영(HT), 고종욱(HT), 박재현(HT) | 투수 키플레이어: 올러(HT), 비슬리(롯데), 이영재(롯데)"
799,"'이럴수가' 롯데, 햄스트링 부상 이탈자 발생…5R 신인 첫 1군 콜업[광주...","롯데 자이언츠 손호영이 햄스트링 부상으로 이탈한다. 롯데는 24일 광주 KIA 타이거즈전을 앞두고 손호영을 1군 엔트리에서 말소하고, 2026년 5라운드 지명 신인 외야수 김한홀을 불러올렸다. 김한홀은 데뷔 첫 1군...",www.sportschosun.com,2026-04-24T18:00:00,,INJURY_ROSTER,,1.0,,,True,롯데 손호영이 햄스트링 부상으로 이탈했다.,손호영,negative,,True,"롯데 vs HT (원정) 0-4 패 | 결승타: 김도영(7회) | 홈런: 김도영7호, 김도영8호 | 타자 키플레이어: 김도영(HT), 고종욱(HT), 박재현(HT) | 투수 키플레이어: 올러(HT), 비슬리(롯데), 이영재(롯데)"
800,"롯데 손호영, 허벅지 부상으로 1군 제외…SSG 전영준, 허리 염좌로 이탈",올 시즌 타선에 고민이 큰 프로야구 롯데 자이언츠가 주전 외야수 손호영 공백까지 안게 됐다. 롯데는 24일... SSG 랜더스의 우완 불펜 투수 전영준은 허리 염좌로 1군 엔트리에서 빠졌다. 지난 23일 대구 삼성...,www.newsis.com,2026-04-24T17:36:00,,INJURY_ROSTER,,1.0,,,True,롯데 손호영이 허벅지 부상으로 1군 제외되었다.,손호영,negative,,True,"롯데 vs HT (원정) 0-4 패 | 결승타: 김도영(7회) | 홈런: 김도영7호, 김도영8호 | 타자 키플레이어: 김도영(HT), 고종욱(HT), 박재현(HT) | 투수 키플레이어: 올러(HT), 비슬리(롯데), 이영재(롯데)"
801,"카메론 홈런포에도 웃지 않은 김원형 감독 ""더 지켜보겠다""","두산은 23일 부산 롯데 자이언츠전에서 1-6으로 패해 5연승이 무산됐지만, 카메론은 2회초 팀의 유일한... 한편 지난 6일 우측 전완근 염좌로 부상자 명단에 오른 투수 박치국은 재활곽 회복을 마치고, 이날 실전을...",www.news1.kr,2026-04-24T17:03:00,,INJURY_ROSTER,,1.0,,,True,롯데가 두산에 6-1로 승리했지만 김원형 감독은 아쉬움을 표했다.,김원형,negative,,True,"롯데 vs HT (원정) 0-4 패 | 결승타: 김도영(7회) | 홈런: 김도영7호, 김도영8호 | 타자 키플레이어: 김도영(HT), 고종욱(HT), 박재현(HT) | 투수 키플레이어: 올러(HT), 비슬리(롯데), 이영재(롯데)"
802,'2루타-적시타-투런 홈런' 롯데에 희망 안기나? '부진 끝 2군행' 윤동희...,부진 끝에 2군으로 내려간 윤동희(롯데 자이언츠)가 경기력을 되찾고 팀 타선에 다시 힘을 보탤 수... 하지만 지난해 부상으로 97경기 출전에 그치며 아쉬움을 남겼다. 일단 경기를 뛰면 타율 0.282 9홈런 53타점 OPS 0....,www.sportalkorea.com,2026-04-24T15:30:00,,INJURY_ROSTER,,1.0,,,True,윤동희가 2군으로 내려가며 롯데 타선에 힘을 보탤 수 있기를 기대한다.,윤동희,neutral,,True,"롯데 vs HT (원정) 0-4 패 | 결승타: 김도영(7회) | 홈런: 김도영7호, 김도영8호 | 타자 키플레이어: 김도영(HT), 고종욱(HT), 박재현(HT) | 투수 키플레이어: 올러(HT), 비슬리(롯데), 이영재(롯데)"
803,"[AI프리뷰] 24일 광주 KIA-롯데전, 외국인 에이스 내세워 반등 노린다","[사진=롯데 자이언츠] 2026.03.22 psoq1337@newspim.com KIA는 최근 필승조 이탈과 부상 악재로 불펜 뎁스가 얇아졌고, 리드를 지키지 못한 경기가 적지 않다. 경기 후반 7~9회에 연속 안타와 장타를 허용해 역전·대량 실점으로...",www.newspim.com,2026-04-24T14:52:00,,INJURY_ROSTER,,1.0,,,True,롯데가 KIA와의 경기에서 외국인 에이스로 반등을 노린다.,,positive,,True,"롯데 vs 두산 (홈) 6-1 승 | 결승타: 전민재(2회) | 홈런: 카메론5호 | 타자 키플레이어: 전민재(롯데), 신윤후(롯데), 손성빈(롯데) | 투수 키플레이어: 로드리게스(롯데), 현도훈(롯데), 박정민(롯데)"
804,'대구' 김부겸 '부산' 한동훈의 승부수…낙동강 넘으면 대권가도 열린다,하지만 반전 없는 패배는 곧 정치적 절벽을 의미한다. 결국 이 승부의 끝은 단 하나다. 전부를 얻거나... 프로야구팀인 '롯데 자이언츠' 팬을 자처하는 것도 이 때문이라는 것이다. 경북 구미에서 시의원을 지냈던 한...,www.sisajournal.com,2026-04-24T14:00:00,,ETC,,0.9,,,True,롯데 자이언츠 팬들이 정치적 상황에 대한 관심을 보이고 있다.,,neutral,,True,"롯데 vs 두산 (홈) 6-1 승 | 결승타: 전민재(2회) | 홈런: 카메론5호 | 타자 키플레이어: 전민재(롯데), 신윤후(롯데), 손성빈(롯데) | 투수 키플레이어: 로드리게스(롯데), 현도훈(롯데), 박정민(롯데)"
805,"구창모 조용하지만 강한 145km, 안우진 그냥 강한 157km…한국야구는 두...","군 복무와 부상으로 최근 몇 년간 팬들의 시야에서 벗어났던 두 사람은, 올해 나란히 건강하게 돌아왔다.... 12일 고척 롯데 자이언츠전서 1이닝 1피안타 1탈삼진 1볼넷 무실점, 18일 수원 KT 위즈전서 2이닝 2피안타 1볼넷...",www.mydaily.co.kr,2026-04-24T13:00:00,,INJURY_ROSTER,,1.0,,,True,구창모와 안우진이 건강하게 돌아와 한국야구에 긍정적인 영향을 미치고 있다.,구창모;안우진,positive,,True,"롯데 vs 두산 (홈) 6-1 승 | 결승타: 전민재(2회) | 홈런: 카메론5호 | 타자 키플레이어: 전민재(롯데), 신윤후(롯데), 손성빈(롯데) | 투수 키플레이어: 로드리게스(롯데), 현도훈(롯데), 박정민(롯데)"
806,"[MLB] 배지환, 트리플A서 감보아 상대로 안타...6경기 연속 히트",그는 지난해 롯데 자이언츠에서 7승을 거두며 6월 MVP까지 수상했던 인물이다. 당시 특이한 투구 동작과 부상 리스크로 재계약에 실패한 뒤 보스턴과 스플릿 계약을 맺고 미국으로 돌아갔다. 이날 감보아는 4....,www.newspim.com,2026-04-24T11:00:00,,INJURY_ROSTER,,1.0,,,True,배지환이 트리플A에서 연속 안타를 기록하며 좋은 성과를 내고 있다.,배지환,positive,,True,"롯데 vs 두산 (홈) 6-1 승 | 결승타: 전민재(2회) | 홈런: 카메론5호 | 타자 키플레이어: 전민재(롯데), 신윤후(롯데), 손성빈(롯데) | 투수 키플레이어: 로드리게스(롯데), 현도훈(롯데), 박정민(롯데)"
807,"'3G ERA 0.00' 롯데 마운드에 새 희망 등장했나...""욕심 없이 기계처럼 던...",롯데 자이언츠 우완투수 현도훈이 1군에 올라온 뒤 안정적인 투구를 보여주고 있다. 현도훈은 23일 부산... 롯데 불펜은 마지막까지 추격을 허용하지 않았다. 박정민과 최준용도 각각 1이닝을 무실점으로 막아내면서...,www.xportsnews.com,2026-04-24T10:53:00,,PERFORMANCE_ANALYSIS,,0.9,,,True,현도훈이 롯데 마운드에 새로운 희망을 주고 있다.,현도훈,positive,,True,"롯데 vs 두산 (홈) 6-1 승 | 결승타: 전민재(2회) | 홈런: 카메론5호 | 타자 키플레이어: 전민재(롯데), 신윤후(롯데), 손성빈(롯데) | 투수 키플레이어: 로드리게스(롯데), 현도훈(롯데), 박정민(롯데)"
808,"'1군 복귀' 노시환, 동점 솔로포로 '컴백 신고'","이날 롯데 자이언츠에게 1-6으로 패한 두산 베어스, 키움 히어로즈에게 12-2로 승리한 NC 다이노스와 공동 6위가 됐다(9승 12패). 한화는 선발 황준서가 3이닝을 넘기지 못했지만 7명의 불펜투수가 6.1이닝을 2실점으로...",www.ohmynews.com,2026-04-24T09:16:00,,INJURY_ROSTER,,1.0,,,True,노시환이 동점 솔로포로 1군 복귀를 알렸다.,노시환,positive,,True,"롯데 vs 두산 (홈) 6-1 승 | 결승타: 전민재(2회) | 홈런: 카메론5호 | 타자 키플레이어: 전민재(롯데), 신윤후(롯데), 손성빈(롯데) | 투수 키플레이어: 로드리게스(롯데), 현도훈(롯데), 박정민(롯데)"
809,"'또 쳤다' 배지환, 트리플A서 롯데 출신 투수 상대로 6경기 연속 안타 기...","감보아는 지난해 프로야구 롯데 자이언츠 유니폼을 입고 KBO리그에서 뛴 투수다. 감보아는 19경기에서 7승 8패, 평균자책점 3.58을 기록했다. 감보아는 지난해 어깨 부상을 당한 찰리 반즈의 대체 선수로 롯데에서...",www.osen.co.kr,2026-04-24T07:41:00,,INJURY_ROSTER,,1.0,,,True,롯데가 두산을 상대로 6경기 연속 안타를 기록했다.,전민재;신윤후;손성빈,positive,,True,"롯데 vs 두산 (홈) 6-1 승 | 결승타: 전민재(2회) | 홈런: 카메론5호 | 타자 키플레이어: 전민재(롯데), 신윤후(롯데), 손성빈(롯데) | 투수 키플레이어: 로드리게스(롯데), 현도훈(롯데), 박정민(롯데)"
810,"'307억의 사나이' 노시환 복귀 홈런포, 한화는 LG 격파",LG에 2연패를 당하던 한화는 이날 승리로 싹쓸이 패배를 면했다. 한화는 시즌 9승(12패)째를 수확하며 공동... 롯데 자이언츠는 외국인 투수 엘빈 로드리게스의 호투를 앞세워 두산 베어스를 6-1로 꺾었다. 롯데는...,www.newdaily.co.kr,2026-04-24T07:10:00,,INJURY_ROSTER,,1.0,,,True,롯데가 두산을 6-1로 이기며 좋은 성적을 이어갔다.,전민재;신윤후;손성빈,positive,,True,"롯데 vs 두산 (홈) 6-1 승 | 결승타: 전민재(2회) | 홈런: 카메론5호 | 타자 키플레이어: 전민재(롯데), 신윤후(롯데), 손성빈(롯데) | 투수 키플레이어: 로드리게스(롯데), 현도훈(롯데), 박정민(롯데)"
811,"엄상백 시즌아웃, KBO 투수 다년계약은 위험하다? 류현진·김광현·양현...","김원중과 롯데 자이언츠의 4년 54억원, 장현식과 LG의 4년 52억원 계약은 불펜 고액 FA라서 눈길을 모은다. 어차피 구단들도 전액회수를 바라고 투자를 하는 경우는 많지 않다. 리스크를 각오한다. 성공의...",www.mydaily.co.kr,2026-04-24T06:10:00,,TRANSACTION_CONTRACT,,1.0,,,True,롯데의 다년계약 리스크에 대한 논의가 이어지고 있다.,,neutral,,False,"롯데 vs 두산 (홈) 6-1 승 | 결승타: 전민재(2회) | 홈런: 카메론5호 | 타자 키플레이어: 전민재(롯데), 신윤후(롯데), 손성빈(롯데) | 투수 키플레이어: 로드리게스(롯데), 현도훈(롯데), 박정민(롯데)"
812,"2군에서도 실점, 진짜 퇴출 1호 되려나…‘볼넷-안타-안타’ 日 쿄야마...",프로야구 롯데 자이언츠의 아시아쿼터 투수 쿄야마가 퓨처스리그에서도 실점을 허용했다. 쿄야마는 23일... 이인한이 KIA 불펜 윤중현의 초구를 때려 좌측 담장을 넘어가는 만루 홈런을 쏘아올렸다. KIA는 6회...,www.osen.co.kr,2026-04-24T01:11:00,,ETC,,0.9,,,True,롯데의 쿄야마가 퓨처스리그에서 실점을 허용했다.,,negative,,False,"롯데 vs 두산 (홈) 6-1 승 | 결승타: 전민재(2회) | 홈런: 카메론5호 | 타자 키플레이어: 전민재(롯데), 신윤후(롯데), 손성빈(롯데) | 투수 키플레이어: 로드리게스(롯데), 현도훈(롯데), 박정민(롯데)"
813,"307억원 받는 이유를 보여주마! 한화 노시환, 1군 복귀 첫날 시즌 1호 홈...","로드리게스 쾌투 앞세운 롯데, KIA는 '8연승 뒤 5연패' 충격 부산 사직구장에서는 롯데 자이언츠가 두산 베어스를 6대 1로 꺾고 5연패 진창에서 탈출했다. 전날 패배로 잠시 최하위까지 추락했던 롯데는 단 하루 만에...",www.spochoo.com,2026-04-23T23:31:00,,INJURY_ROSTER,,1.0,,,True,롯데가 두산을 꺾고 5연패에서 탈출했다.,전민재;신윤후;손성빈,positive,,True,"롯데 vs 두산 (홈) 6-1 승 | 결승타: 전민재(2회) | 홈런: 카메론5호 | 타자 키플레이어: 전민재(롯데), 신윤후(롯데), 손성빈(롯데) | 투수 키플레이어: 로드리게스(롯데), 현도훈(롯데), 박정민(롯데)"
814,"'노시환 복귀포' 한화, LG 꺾고 2연패 탈출…선두 KT는 KIA전 스윕(종합...","이날 불펜 데이로 경기를 치른 LG는 선발 이정용이 3이닝 1실점으로 제 몫을 하고 내려갔지만, 이후 올라온... 롯데 자이언츠는 홈에서 두산 베어스를 6-1로 완파하며 하루 만에 꼴찌 탈출에 성공했다. 5연패 사슬을...",www.news1.kr,2026-04-23T22:42:00,,INJURY_ROSTER,,1.0,,,True,롯데가 두산을 6-1로 이기며 최하위 탈출에 성공했다.,전민재;신윤후;손성빈,positive,,True,"롯데 vs 두산 (홈) 6-1 승 | 결승타: 전민재(2회) | 홈런: 카메론5호 | 타자 키플레이어: 전민재(롯데), 신윤후(롯데), 손성빈(롯데) | 투수 키플레이어: 로드리게스(롯데), 현도훈(롯데), 박정민(롯데)"
815,"KT, KIA와 3연전 싹쓸이 '선두 질주'…'노시환 복귀포' 한화 연패 탈출(...","KIA 박민(3타수 2안타)과 김호령(4타수 2안타 1득점)은 멀티히트를 쳤지만, 팀 패배로 빛이 바랬다. 롯데 자이언츠는 부산 사직구장에서 벌어진 두산 베어스와의 경기에서 외국인 투수 엘빈 로드리게스의 역투를...",www.newsis.com,2026-04-23T22:30:00,,INJURY_ROSTER,,1.0,,,True,롯데가 두산과의 경기에서 외국인 투수의 호투로 승리했다.,로드리게스,positive,,True,"롯데 vs 두산 (홈) 6-1 승 | 결승타: 전민재(2회) | 홈런: 카메론5호 | 타자 키플레이어: 전민재(롯데), 신윤후(롯데), 손성빈(롯데) | 투수 키플레이어: 로드리게스(롯데), 현도훈(롯데), 박정민(롯데)"
816,753일 만에 대구 싹쓸이! 592일 만에 최정 3루타! 44년 만에 개막전 연속...,"종전 기록은 프로 원년인 1982년 당시 롯데 자이언츠 김용희의 18경기였다. 44년 묵은 기록도 갈아치운... 마운드에서는 선발 화이트가 6이닝 투구로 이닝을 잘 끌어줬고, 불펜진 휴식이 많이 필요한 상황에서도 이어...",www.sportschosun.com,2026-04-23T22:02:00,,ETC,,0.9,,,True,롯데가 44년 만에 새로운 기록을 세웠다.,,positive,,False,"롯데 vs 두산 (홈) 6-1 승 | 결승타: 전민재(2회) | 홈런: 카메론5호 | 타자 키플레이어: 전민재(롯데), 신윤후(롯데), 손성빈(롯데) | 투수 키플레이어: 로드리게스(롯데), 현도훈(롯데), 박정민(롯데)"
817,"‘새옹지마’ 롯데, 손호영 부상에 ‘울다가’ 신윤후 한방에 ‘웃었다...",23일 홈 사직구장에서 두산 베어스와 만난 롯데 자이언츠는 침체 분위기였다. 이 경기 전까지 5연패 수렁에... 불펜이 약한 롯데는 로드리게스가 마운드를 지키는 동안 추가점을 뽑아야 승산이 있다. 4회말 선두 타자 6번...,news.tf.co.kr,2026-04-23T21:24:00,,INJURY_ROSTER,,1.0,,,True,롯데가 손호영 부상에도 불구하고 신윤후의 활약으로 승리했다.,신윤후;전민재,positive,,True,"롯데 vs 두산 (홈) 6-1 승 | 결승타: 전민재(2회) | 홈런: 카메론5호 | 타자 키플레이어: 전민재(롯데), 신윤후(롯데), 손성빈(롯데) | 투수 키플레이어: 로드리게스(롯데), 현도훈(롯데), 박정민(롯데)"
818,"'연패는 에이스가 끊는 거다' 웬일로 12안타나 쳤냐...롯데, 두산 꺾고 ...","롯데 자이언츠가 길었던 연패 사슬을 끊어냈다. 롯데는 23일 부산사직구장에서 열린 두산 베어스와의 주중... 무기력한 타선, 선수들의 부상과 부진 이탈로 힘을 잃어가던 롯데. 앞선 두산과의 2경기에서도 맥 없이...",www.sportschosun.com,2026-04-23T21:12:00,,INJURY_ROSTER,,1.0,,,True,롯데가 두산을 꺾고 연패를 끊어냈다.,전민재;신윤후,positive,,True,"롯데 vs 두산 (홈) 6-1 승 | 결승타: 전민재(2회) | 홈런: 카메론5호 | 타자 키플레이어: 전민재(롯데), 신윤후(롯데), 손성빈(롯데) | 투수 키플레이어: 로드리게스(롯데), 현도훈(롯데), 박정민(롯데)"
819,"5연패, 꼴찌 탈출 의지, 이 악물고 뛰더니...롯데 비상, 손호영도 햄스...",연패로 분위기가 좋지 않은 롯데 자이언츠에 또 부상 이탈자가 발생할 조짐이다. 이번에는 손호영이다. 손호영은 23일 부산사직구장에서 열린 두산 베어스전 7번-중견수로 선발 출전했다. 손호영은 2회말 첫 타석 2사 주자...,www.sportschosun.com,2026-04-23T19:43:00,,INJURY_ROSTER,,1.0,,,True,롯데가 손호영의 부상으로 어려움을 겪고 있다.,손호영,negative,,True,"롯데 vs 두산 (홈) 6-1 승 | 결승타: 전민재(2회) | 홈런: 카메론5호 | 타자 키플레이어: 전민재(롯데), 신윤후(롯데), 손성빈(롯데) | 투수 키플레이어: 로드리게스(롯데), 현도훈(롯데), 박정민(롯데)"
820,"롯데 순위 10위, 타선 심각하다 [프로야구]",롯데 자이언츠 선수단이 21일 부산 사직야구장에서 열린 2026 신한SOL KBO리그 홈 경기에서 두산 베어스에 패배한 뒤 관중들에게 인사하고 있다. [사진=연합뉴스] 팀 타율 0.246으로 9위인 롯데의 문제는 단순히 타율에만...,www.sportsq.co.kr,2026-04-23T17:00:00,,PERFORMANCE_ANALYSIS,MATCH_RELATED,0.9,,,True,롯데의 타선이 심각한 문제를 겪고 있다.,,negative,,True,"롯데 vs 두산 (홈) 6-1 승 | 결승타: 전민재(2회) | 홈런: 카메론5호 | 타자 키플레이어: 전민재(롯데), 신윤후(롯데), 손성빈(롯데) | 투수 키플레이어: 로드리게스(롯데), 현도훈(롯데), 박정민(롯데)"
821,"5연패 꼴찌 추락 롯데의 승부수, 6번 지명타자 유강남 선발 출격 [부산 ...","롯데 자이언츠가 5연패 탈출을 위한 두산 베어스전 선발 라인업을 공개했다. 롯데는 23일 부산사직구장에서... 황성빈이 부상으로 2군에 간 가운데, 전날 중견수로 나섰던 장두성이 부진했고 좌타자이기에 손호영을...",www.sportschosun.com,2026-04-23T15:44:00,,INJURY_ROSTER,,1.0,,,True,롯데가 5연패 탈출을 위해 유강남을 선발로 기용했다.,유강남,neutral,,True,"롯데 vs 두산 (홈) 6-1 승 | 결승타: 전민재(2회) | 홈런: 카메론5호 | 타자 키플레이어: 전민재(롯데), 신윤후(롯데), 손성빈(롯데) | 투수 키플레이어: 로드리게스(롯데), 현도훈(롯데), 박정민(롯데)"
822,"'사직의 전설' 조지훈 응원단장 ""롯데 자이언츠가 우승하는 순간 은퇴하...",부산 사직구장에서 20년간 롯데 자이언츠의 응원을 이끌어온 조지훈 응원단장이 팀의 3번째 우승을 향한... 롯데는 감동적이고 기념비적인 날 무기력한 패배를 당하며 5연패에 빠졌고 단독 꼴찌로 내려앉았다. 1만9425명의...,www.insight.co.kr,2026-04-23T15:30:00,,INTERVIEW,CLUB_OPERATION,0.9,,,True,조지훈 응원단장이 롯데의 우승을 기원하며 은퇴를 언급했다.,,positive,,False,"롯데 vs 두산 (홈) 6-1 승 | 결승타: 전민재(2회) | 홈런: 카메론5호 | 타자 키플레이어: 전민재(롯데), 신윤후(롯데), 손성빈(롯데) | 투수 키플레이어: 로드리게스(롯데), 현도훈(롯데), 박정민(롯데)"
823,"""연패 악순환 경계"" 롯데 추락, kt·LG·삼성은 연승으로 선두권 구축",무엇보다 롯데 자이언츠의 초반 흐름은 급격한 하락세로 이어지고 있다. 롯데는 시즌 20경기에서 두 차례나... 롯데의 첫 고비는 3월 31일 NC 다이노스전부터 시작된 7연패였다. NC 다이노스와의 맞대결에서 시작한 패배...,www.topstarnews.net,2026-04-23T14:46:00,,PERFORMANCE_ANALYSIS,MATCH_RELATED,0.9,,,True,롯데가 연패 악순환에 빠져 선두권에서 멀어지고 있다.,,negative,,False,"롯데 vs 두산 (홈) 1-9 패 | 결승타: 정수빈(2회) | 홈런: 정수빈2호 | 타자 키플레이어: 정수빈(두산), 전민재(롯데), 양의지(두산) | 투수 키플레이어: 곽빈(두산), 최이준(롯데), 김정우(두산)"
824,개막 한달만에 거품 쫙? 여기저기 日투수 '빨간불'…아쿼 1호 퇴출 누굴...,"사정상 불펜행이 유력하다. 유일한 타자 제리드 데일(KIA 타이거즈)까지 빼면 나머지 7명은 모두 일본... 마사야(롯데 자이언츠)가 그들이다. 선발투수로 영입된 타케다는 3전전패, 9⅔이닝 평균자책점 13.03의 낙제점을...",www.sportschosun.com,2026-04-23T13:11:00,,TRANSACTION_CONTRACT,,1.0,,,True,롯데의 일본 투수들이 부진을 겪고 있다.,,negative,,False,"롯데 vs 두산 (홈) 1-9 패 | 결승타: 정수빈(2회) | 홈런: 정수빈2호 | 타자 키플레이어: 정수빈(두산), 전민재(롯데), 양의지(두산) | 투수 키플레이어: 곽빈(두산), 최이준(롯데), 김정우(두산)"
825,"'가끔' 칠 때마다 영양가 만점, 정수빈 홈런에는 '특별함'이 있다 [신화...","""팀 패배에도 OOO의 홈런은 위안거리가 됐다."" 글쎄다, 팀이 졌는데 정말 위안이 됐을까. 일종의 클리셰... 이번 롯데 자이언츠와 부산 사직 방문 경기도 그랬다. 주중 첫 경기인 21일 정수빈은 팀이 3-2로 박빙의...",www.starnewskorea.com,2026-04-23T12:16:00,,PERFORMANCE_ANALYSIS,MATCH_RELATED,0.9,,,True,롯데가 두산에 패했지만 정수빈의 홈런이 빛났다.,정수빈,neutral,,True,"롯데 vs 두산 (홈) 1-9 패 | 결승타: 정수빈(2회) | 홈런: 정수빈2호 | 타자 키플레이어: 정수빈(두산), 전민재(롯데), 양의지(두산) | 투수 키플레이어: 곽빈(두산), 최이준(롯데), 김정우(두산)"
826,"에이스 없는데 이게 된다고? 두산 선발 ERA 1위 미쳤다, 토종 에이스 15...","그 결과 불펜 요원이었던 이영하를 선발 복귀키시는 결단과 함께 최승용, 최민석, 양재훈, 최원준 등을... 사직 롯데 자이언츠전에서 6이닝 1실점 호투로 5경기 만에 시즌 첫 승을 신고했다. 최근 3경기 연속...",www.osen.co.kr,2026-04-23T11:42:00,,INJURY_ROSTER,,1.0,,,True,두산의 선발 투수가 롯데를 상대로 호투하며 시즌 첫 승을 기록했다.,,negative,,True,"롯데 vs 두산 (홈) 1-9 패 | 결승타: 정수빈(2회) | 홈런: 정수빈2호 | 타자 키플레이어: 정수빈(두산), 전민재(롯데), 양의지(두산) | 투수 키플레이어: 곽빈(두산), 최이준(롯데), 김정우(두산)"
827,"'또 졌다' 롯데, 매번 같은 패배...어디서부터 꼬였나","패배보다 더 뼈아픈 건 과정이다. 점수는 좀처럼 나지 않고, 수비는 흔들리며, 흐름은 매번 끊긴다. 롯데 자이언츠의 하락세는 결과가 아닌 '반복되는 장면'에서 시작되고 있다. 롯데 자이언츠가 지난 22일 부산...",www.mhnse.com,2026-04-23T11:35:00,,PERFORMANCE_ANALYSIS,MATCH_RELATED,0.9,,,True,롯데가 반복되는 패배로 어려움을 겪고 있다.,,negative,,True,"롯데 vs 두산 (홈) 1-9 패 | 결승타: 정수빈(2회) | 홈런: 정수빈2호 | 타자 키플레이어: 정수빈(두산), 전민재(롯데), 양의지(두산) | 투수 키플레이어: 곽빈(두산), 최이준(롯데), 김정우(두산)"
828,"'야구는 투수 놀음'...'꼴찌 추락' 롯데 반등 동력, 2년 전과 다른 이유...","롯데 자이언츠 얘기다. 지난 2년, 내실을 강화했다고 평가받었던 롯데 자이언츠가 또 최하위(10위)로... 더불어 지난 시즌(2025)에는 이들이 부상이나 부진으로 이탈한 사이 한태양, 장두성 등 기존 백업 선수들이 두각을...",isplus.com,2026-04-23T11:29:00,,INJURY_ROSTER,,1.0,,,True,롯데가 최하위로 추락하며 반등의 기회를 찾고 있다.,,negative,,True,"롯데 vs 두산 (홈) 1-9 패 | 결승타: 정수빈(2회) | 홈런: 정수빈2호 | 타자 키플레이어: 정수빈(두산), 전민재(롯데), 양의지(두산) | 투수 키플레이어: 곽빈(두산), 최이준(롯데), 김정우(두산)"
829,"결국 최하위로 추락한 롯데…'4인방 복귀', 과연 돌파구 될까",프로야구 롯데 자이언츠가 악재와 부진을 딛고 순위를 끌어올릴 수 있을까. 그 악재를 만든 당사자들이 곧... 개막 2연전 연승과 함께 시즌을 시작했던 롯데는 급격하게 내리막길을 걸었다. 동시에 주축 타자들이 부상으...,www.newsis.com,2026-04-23T11:26:00,,INJURY_ROSTER,,1.0,,,True,롯데가 부상 선수들의 복귀로 반등할 수 있을지 주목된다.,,neutral,,True,"롯데 vs 두산 (홈) 1-9 패 | 결승타: 정수빈(2회) | 홈런: 정수빈2호 | 타자 키플레이어: 정수빈(두산), 전민재(롯데), 양의지(두산) | 투수 키플레이어: 곽빈(두산), 최이준(롯데), 김정우(두산)"
830,홍창기 공백 메우는 '플랜B' 송찬의…LG의 '두꺼운 뎁스' 입증,송찬의의 시즌 1호 홈런이자 지난해 5월20일 롯데 자이언츠전 이후 무려 11개월 만에 쏘아 올린 홈런이다.... 당초 선발로 나설 예정이던 외국인 투수 요니 치리노스가 팔꿈치 부상으로 빠지면서 '불펜 데이'로 경기를...,www.news1.kr,2026-04-23T10:58:00,,INJURY_ROSTER,,1.0,,,True,송찬의가 롯데전에서 홈런을 기록하며 주목받았다.,송찬의,neutral,,True,"롯데 vs 두산 (홈) 1-9 패 | 결승타: 정수빈(2회) | 홈런: 정수빈2호 | 타자 키플레이어: 정수빈(두산), 전민재(롯데), 양의지(두산) | 투수 키플레이어: 곽빈(두산), 최이준(롯데), 김정우(두산)"
831,"‘롯데 때와 똑같네’ 반즈, 4승 눈앞서 날렸다…불펜 붕괴 데자뷔",시카고 컵스 산하 트리플A 아이오와 컵스에서 활약 중인 전 롯데 자이언츠 외국인 투수 찰리 반즈가 시즌 4승 요건을 갖추고 마운드를 내려왔으나 계투진이 무너지는 바람에 아쉬움을 삼켰다. 반즈는 23일(이하...,www.osen.co.kr,2026-04-23T08:46:00,,ETC,,0.9,,,True,전 롯데 투수 반즈가 불펜 붕괴로 아쉬움을 남겼다.,찰리 반즈,negative,,False,"롯데 vs 두산 (홈) 1-9 패 | 결승타: 정수빈(2회) | 홈런: 정수빈2호 | 타자 키플레이어: 정수빈(두산), 전민재(롯데), 양의지(두산) | 투수 키플레이어: 곽빈(두산), 최이준(롯데), 김정우(두산)"
832,NC 버하겐·두산 벤자민 '반짝'…'6주 쇼케이스' 대체 외인 운명은,벤자민은 KBO리그 복귀전이자 두산 데뷔전이었던 지난 21일 사직 롯데 자이언츠전에서 4⅔이닝 3피안타... 그러나 기존 마무리 투수 김서현이 흔들리면서 보직을 바꾼 쿠싱은 불펜으로 나선 3경기에서는 연달아 무실점...,www.newsis.com,2026-04-23T07:00:00,,INJURY_ROSTER,,1.0,,,True,두산의 벤자민이 롯데전에서 좋은 성적을 거두었다.,,negative,,True,"롯데 vs 두산 (홈) 1-9 패 | 결승타: 정수빈(2회) | 홈런: 정수빈2호 | 타자 키플레이어: 정수빈(두산), 전민재(롯데), 양의지(두산) | 투수 키플레이어: 곽빈(두산), 최이준(롯데), 김정우(두산)"
833,"""롯데 우승하는 날 은퇴하고 싶습니다""…'롯데맨 20년' 눈물 터진 감동...","프로야구 롯데 자이언츠에서만 20년 째 응원단장을 맡으며 목이 터져라 응원하고 있는 조지훈 응원단장.... 하지만 선수들은 이런 조지훈 단장의 바람과 염원을 나는지 모르는지, 다시 한 번 무기력한 패배를 당했다....",www.osen.co.kr,2026-04-23T00:31:00,,INTERVIEW,,0.9,,,True,조지훈 단장이 롯데의 우승을 기원했지만 패배했다.,정수빈,negative,,True,"롯데 vs 두산 (홈) 1-9 패 | 결승타: 정수빈(2회) | 홈런: 정수빈2호 | 타자 키플레이어: 정수빈(두산), 전민재(롯데), 양의지(두산) | 투수 키플레이어: 곽빈(두산), 최이준(롯데), 김정우(두산)"
834,롯데는 2년 전에도 20G 기준 10위였다...너무 절실한 '게임 체인저' 등장...,롯데 자이언츠는 22일 홈(부산 사직구장) 두산 베어스전에서 1-9로 완패했다. 16일 잠실 LG 트윈스전부터... 불펜진에선 그 전 시즌 필승조 중 구승민이 유독 부진하며 '지키는 야구'를 제대로 실현하지 못했다. 2년이...,isplus.com,2026-04-23T00:31:00,,PERFORMANCE_ANALYSIS,,0.9,,,True,롯데가 두산에 패하며 2년 전과 같은 성적을 기록했다.,정수빈,negative,,True,"롯데 vs 두산 (홈) 1-9 패 | 결승타: 정수빈(2회) | 홈런: 정수빈2호 | 타자 키플레이어: 정수빈(두산), 전민재(롯데), 양의지(두산) | 투수 키플레이어: 곽빈(두산), 최이준(롯데), 김정우(두산)"
835,"""사실 9회 너무 나가고 싶었죠""…'생애 첫 완봉승' 코앞이었는데→호주...","15일 롯데 자이언츠전 7이닝 1실점, 이날 8이닝 무실점 피칭까지 성적도 점점 좋아지고 있다. 하지만 웰스는 엄연히 대체선발로 분류된 상태다. 기존 선발 자원인 손주영이 5월 1군에 복귀하면 웰스를 불펜 승리조 혹은...",www.xportsnews.com,2026-04-23T00:16:00,,INJURY_ROSTER,,1.0,,,True,웰스가 롯데에서 좋은 성적을 내고 있지만 대체선발로 분류된다.,,neutral,,True,"롯데 vs 두산 (홈) 1-9 패 | 결승타: 정수빈(2회) | 홈런: 정수빈2호 | 타자 키플레이어: 정수빈(두산), 전민재(롯데), 양의지(두산) | 투수 키플레이어: 곽빈(두산), 최이준(롯데), 김정우(두산)"
836,"'100% 아닌데 나서더니' 롯데 황성빈, 끝내 1군 말소→최소 2주 못 본다...",롯데 자이언츠 폭주 기관차 황성빈(29)이 끝내 부상을 견디지 못하고 1군 엔트리에서 말소됐다. 롯데 구단 관계자는 22일 부산 사직야구장에서 열린 2026 신한 SOL KBO리그 정규시즌 두산 베어스와 홈경기를 앞두고...,www.starnewskorea.com,2026-04-22T19:59:00,,INJURY_ROSTER,,1.0,,,True,황성빈이 부상으로 1군에서 말소되었다.,황성빈,negative,,True,"롯데 vs 두산 (홈) 1-9 패 | 결승타: 정수빈(2회) | 홈런: 정수빈2호 | 타자 키플레이어: 정수빈(두산), 전민재(롯데), 양의지(두산) | 투수 키플레이어: 곽빈(두산), 최이준(롯데), 김정우(두산)"
837,SSG 박성한 ‘20경기 연속 안타’ 44년만에 대기록,"이는 1982년 김용희(현 롯데 자이언츠 2군 감독)가 롯데 선수 시절 세운 종전 기록을 44년 만에 갈아치운... 다만 SSG는 최근 지명타자 김재환 등이 부진을 겪고 있고, 주축 자원인 고명준이 부상을 입고 1군...",www.kyeongin.com,2026-04-22T18:58:00,,INJURY_ROSTER,,1.0,,,True,SSG 박성한이 20경기 연속 안타를 기록하며 대기록을 세웠다.,,neutral,,True,"롯데 vs 두산 (홈) 1-9 패 | 결승타: 정수빈(2회) | 홈런: 정수빈2호 | 타자 키플레이어: 정수빈(두산), 전민재(롯데), 양의지(두산) | 투수 키플레이어: 곽빈(두산), 최이준(롯데), 김정우(두산)"
838,"'선발진은 리그 1위, 타선은 꼴찌'...롯데가 9위에 갇힌 진짜 이유","프로야구 롯데 자이언츠는 21일 기준 6승 13패·승률 0.316 리그 9위로 최하위 키움(6승 14패)과 반 경기... 팀 OPS 0.688(9위), 경기당 평균 득점은 두산전 2-6 패배로 3.05점(리그 최하위)으로 추락했다. 선발 ERA 1위로도...",www.maniareport.com,2026-04-22T18:23:00,,PERFORMANCE_ANALYSIS,MATCH_RELATED,0.9,,,True,롯데가 선발진은 좋지만 타선이 부진해 9위에 머물고 있다.,,negative,,True,"롯데 vs 두산 (홈) 1-9 패 | 결승타: 정수빈(2회) | 홈런: 정수빈2호 | 타자 키플레이어: 정수빈(두산), 전민재(롯데), 양의지(두산) | 투수 키플레이어: 곽빈(두산), 최이준(롯데), 김정우(두산)"
839,"롯데 황성빈, 허벅지 부상으로 전열 이탈…KIA 정해영, 재정비 마치고 ...",최근 4연패의 수렁에 빠져있는 프로야구 롯데 자이언츠가 부상 악재까지 만났다. '돌격대장' 황성빈이 허벅지 부상으로 전열에서 이탈했다. 롯데는 22일 사직구장에서 벌어지는 2026 신한 쏠 KBO리그 두산 베어스와의...,www.newsis.com,2026-04-22T18:08:00,,INJURY_ROSTER,,1.0,,,True,황성빈이 허벅지 부상으로 롯데에서 이탈했다.,황성빈,negative,,True,"롯데 vs 두산 (홈) 1-9 패 | 결승타: 정수빈(2회) | 홈런: 정수빈2호 | 타자 키플레이어: 정수빈(두산), 전민재(롯데), 양의지(두산) | 투수 키플레이어: 곽빈(두산), 최이준(롯데), 김정우(두산)"
840,"'허벅지 부상' 롯데 황성빈, 1군 말소…키움 이주형도 전열 이탈",프로야구 롯데 자이언츠의 '공격 첨병' 황성빈이 허벅지 부상으로 전열에서 이탈했다. 롯데는 22일 부산 사직구장에서 열리는 2026 신한SOL KBO리그 두산 베어스와 홈 경기를 앞두고 외야수 황성빈을 1군 엔트리에서...,www.news1.kr,2026-04-22T17:36:00,,INJURY_ROSTER,,1.0,,,True,황성빈이 허벅지 부상으로 1군에서 말소되었다.,황성빈,negative,,True,"롯데 vs 두산 (홈) 1-9 패 | 결승타: 정수빈(2회) | 홈런: 정수빈2호 | 타자 키플레이어: 정수빈(두산), 전민재(롯데), 양의지(두산) | 투수 키플레이어: 곽빈(두산), 최이준(롯데), 김정우(두산)"
841,"아웃 1개만 더 잡으면 승리 요건인데, 잔인한 교체? 벤자민 두산 첫 등판...","두산 베어스는 21일 부산사직구장에서 열린 롯데 자이언츠와의 경기에서 6대2로 승리, 3연승을 질주했다.... 하지만 플렉센이 예상치 못했던 어깨 부상으로 인해 2경기 만에 이탈했다. 발등에 불이 떨어진 두산은 급하게...",www.sportschosun.com,2026-04-22T17:17:00,,INJURY_ROSTER,,1.0,,,True,롯데가 두산에 2-6으로 패하며 4연패에 빠졌다.,정수빈,negative,,True,"롯데 vs 두산 (홈) 1-9 패 | 결승타: 정수빈(2회) | 홈런: 정수빈2호 | 타자 키플레이어: 정수빈(두산), 전민재(롯데), 양의지(두산) | 투수 키플레이어: 곽빈(두산), 최이준(롯데), 김정우(두산)"
842,"'전격 콜업' KIA, 5선발도 교체 결단…정해영 왔지만 ""마무리는 성영탁...",KIA 타이거즈가 3연패에 빠진 가운데 불펜 보강을 결정했다. 2군에서 재정비를 하고 있던 마무리투수... 26일 광주 롯데 자이언츠전은 황동하의 선발 등판을 구상했던 상황. 김태형의 2군 재정비 기간이 어느 정도...,www.sportschosun.com,2026-04-22T16:49:00,,ETC,,0.9,,,False,KIA가 불펜 보강을 위해 선발 투수를 교체했다.,,,,False,"롯데 vs 두산 (홈) 1-9 패 | 결승타: 정수빈(2회) | 홈런: 정수빈2호 | 타자 키플레이어: 정수빈(두산), 전민재(롯데), 양의지(두산) | 투수 키플레이어: 곽빈(두산), 최이준(롯데), 김정우(두산)"
843,“팔꿈치 통증으로 주사 치료” LG 치리노스 1군 말소…23일 불펜 데이 ...,이후 16일 잠실 롯데 자이언츠전에서도 다시 5이닝 1실점을 마크해 반등에 성공하는 듯 했다. 하지만... 염 감독은 “내일(23일)은 불펜 데이로 가야 할 것 같다. 선발로는 이정용이 먼저 나올 것”이라고 밝혔다.,sports.donga.com,2026-04-22T16:28:00,,INJURY_ROSTER,,1.0,,,True,LG 치리노스가 팔꿈치 통증으로 1군에서 말소되었다.,,neutral,,False,"롯데 vs 두산 (홈) 1-9 패 | 결승타: 정수빈(2회) | 홈런: 정수빈2호 | 타자 키플레이어: 정수빈(두산), 전민재(롯데), 양의지(두산) | 투수 키플레이어: 곽빈(두산), 최이준(롯데), 김정우(두산)"
844,"'롯데 부상 날벼락' 황성빈마저 1군 전력 이탈…""회복까지 2주 걸릴 것 ...",4연패 수렁에 빠진 롯데가 또 부상 악재를 만났다. 이번엔 '돌격대장' 황성빈(29)이 1군 엔트리에서 빠진 것이다. 롯데 자이언츠는 22일 오후 6시 30분부터 부산 사직구장에서 열리는 2026 신한 SOL뱅크 KBO 리그 두산...,www.spotvnews.co.kr,2026-04-22T16:09:00,,INJURY_ROSTER,,1.0,,,True,롯데 황성빈이 부상으로 1군에서 이탈했다.,황성빈,negative,,True,"롯데 vs 두산 (홈) 1-9 패 | 결승타: 정수빈(2회) | 홈런: 정수빈2호 | 타자 키플레이어: 정수빈(두산), 전민재(롯데), 양의지(두산) | 투수 키플레이어: 곽빈(두산), 최이준(롯데), 김정우(두산)"
845,"어떻게 이리 안 풀리냐...갈 길 바쁜 롯데 또 암초, 황성빈 부상으로 2군...","""제대로 못 뛰더라."" 갈 길 바쁜 롯데 자이언츠가 또 암초를 만났다. 안그래도 없는 살림인데, 황성빈까지... 큰 부상은 아니지만 회복 기간은 약 2주가 걸릴 전망. 롯데 김태형 감독은 ""레이예스가 병살타를 치는 장면이...",www.sportschosun.com,2026-04-22T16:07:00,,INJURY_ROSTER,,1.0,,,True,황성빈의 부상으로 롯데가 또 어려움을 겪고 있다.,황성빈,negative,,True,"롯데 vs 두산 (홈) 1-9 패 | 결승타: 정수빈(2회) | 홈런: 정수빈2호 | 타자 키플레이어: 정수빈(두산), 전민재(롯데), 양의지(두산) | 투수 키플레이어: 곽빈(두산), 최이준(롯데), 김정우(두산)"
846,"'패패패패' 롯데 또 날벼락, 황성빈 대퇴직근 미세손상 '재활 2주'...3포...",4연패에 빠진  프로야구 롯데 자이언츠가 3포수 체제를 운영한다. 대신 황성빈이 부상으로 1군 엔트리에서 빠졌다. 김태형 감독이 이끄는 롯데 자이언츠는 22일 부산 사직구장에서 열리는 프로야구 정규시즌 두산...,www.osen.co.kr,2026-04-22T15:45:00,,INJURY_ROSTER,,1.0,,,True,롯데가 황성빈의 부상으로 3포수 체제로 운영한다.,황성빈,negative,,True,"롯데 vs 두산 (홈) 1-9 패 | 결승타: 정수빈(2회) | 홈런: 정수빈2호 | 타자 키플레이어: 정수빈(두산), 전민재(롯데), 양의지(두산) | 투수 키플레이어: 곽빈(두산), 최이준(롯데), 김정우(두산)"
847,[엔터家] 프로야구 ②ㅣ '박성한 19경기 연속 안타' 신기록…1000만 관중...,지난 달 29일 kt wiz전에서의 5-6 패배를 제외하면 모든 1점 차 경기를 승리로 이끌었다. 이 과정에서 마무리... 이로써 1982년 롯데 자이언츠 김용희가 세운 18경기 연속 안타 기록을 넘어섰다. 이날 경기에서 박성한은...,www.cbci.co.kr,2026-04-22T14:32:00,,PERFORMANCE_ANALYSIS,,0.9,,,True,박성한이 19경기 연속 안타로 신기록을 세웠다.,박성한,positive,,True,"롯데 vs 두산 (홈) 2-6 패 | 결승타: 정수빈(3회) | 홈런: 정수빈1호 | 타자 키플레이어: 정수빈(두산), 노진혁(롯데), 박준순(두산) | 투수 키플레이어: 벤자민(두산), 김택연(두산), 나균안(롯데)"
848,"'선발 ERA 1위' 롯데, 타선 침묵 속 9위 추락 위기","롯데 자이언츠의 팀 OPS(출루율+장타율)는 0.688로 리그 9위에 머물고 있으며, 21일 두산 베어스전 2-6 패배 이후 경기당 평균 득점은 3.05점까지 떨어져 10개 구단 중 최하위다. 선발진이 실점을 최소화해도 타선이 점수를...",www.topstarnews.net,2026-04-22T14:20:00,,PERFORMANCE_ANALYSIS,,0.9,,,True,롯데가 타선 침묵으로 9위 추락 위기에 처했다.,,negative,,True,"롯데 vs 두산 (홈) 2-6 패 | 결승타: 정수빈(3회) | 홈런: 정수빈1호 | 타자 키플레이어: 정수빈(두산), 노진혁(롯데), 박준순(두산) | 투수 키플레이어: 벤자민(두산), 김택연(두산), 나균안(롯데)"
849,선발 ERA 1위에도 9위 처진 롯데…'야구는 투수 놀음' 증명할까,"프로야구 롯데 자이언츠의 21일까지 성적표는 6승 13패, 승률 0.316으로 리그 9위다. 최하위 키움 히어로즈... 롯데의 성적이 저조한 이유는 타선이다. 팀 OPS(출루율+장타율) 0.688로 리그 9위이며, 21일 두산전 2-6 패배로...",www.yna.co.kr,2026-04-22T14:09:00,,PERFORMANCE_ANALYSIS,,0.9,,,True,롯데가 9위로 떨어진 이유는 타선 부진이다.,정수빈;노진혁,negative,,True,"롯데 vs 두산 (홈) 2-6 패 | 결승타: 정수빈(3회) | 홈런: 정수빈1호 | 타자 키플레이어: 정수빈(두산), 노진혁(롯데), 박준순(두산) | 투수 키플레이어: 벤자민(두산), 김택연(두산), 나균안(롯데)"
850,"'34년의 한' 신인왕 향해 가다 두 번의 일격…박정민의 성장통, 이대로...",프로야구 롯데 자이언츠는 1992년 염종석 이후 한 번도 신인왕 수상자를 배출하지 못했다. 시즌 초반에는... 14일 잠실 LG전 1-1 동점이던 8회말 등판한 박정민은 오스틴에게 결승 솔로포를 얻어 맞고 첫 패배를 맛봤다....,www.osen.co.kr,2026-04-22T13:41:00,,ETC,,0.9,,,True,박정민이 신인왕을 향한 도전에서 어려움을 겪고 있다.,박정민,neutral,,True,"롯데 vs 두산 (홈) 2-6 패 | 결승타: 정수빈(3회) | 홈런: 정수빈1호 | 타자 키플레이어: 정수빈(두산), 노진혁(롯데), 박준순(두산) | 투수 키플레이어: 벤자민(두산), 김택연(두산), 나균안(롯데)"
851,"'실책에 모욕주고 폭언 퍼붓던' 그 팀, '끝내' 12연패→'롯데'했네! 美국...",지난해 8월 KBO 리그 롯데 자이언츠가 그랬던 것처럼 12경기 연속으로 이기지 못한 것이다. 메이저리그 전체... 이 패배로 시즌 전적 7승 16패(승률 0.304)를 기록한 메츠는 이제 메이저리그 전체 단독 최하위로 떨어졌다....,www.starnewskorea.com,2026-04-22T13:06:00,,ETC,,,gpt_missing_index,,True,롯데가 12연패를 기록한 메츠와 비슷한 상황이다.,,negative,,True,"롯데 vs 두산 (홈) 2-6 패 | 결승타: 정수빈(3회) | 홈런: 정수빈1호 | 타자 키플레이어: 정수빈(두산), 노진혁(롯데), 박준순(두산) | 투수 키플레이어: 벤자민(두산), 김택연(두산), 나균안(롯데)"
852,가려운 곳 긁어주네…아시아쿼터 순위 경쟁에 변수 되나 [SD 베이스볼 브...,불펜에서도 아시아쿼터 효과를 보는 구단이 있다. 삼성 라이온즈 미야지 유라와 키움 히어로즈 카나쿠보... 롯데 자이언츠의 쿄야마 마사야(28·일본)와 SSG 랜더스의 다케다 쇼타(33·일본)는 부진한 투구 끝에 퓨처스...,sports.donga.com,2026-04-22T12:43:00,,ETC,,,gpt_missing_index,,True,롯데의 아시아쿼터 선수들이 부진한 성적을 보이고 있다.,쿄야마 마사야,neutral,,True,"롯데 vs 두산 (홈) 2-6 패 | 결승타: 정수빈(3회) | 홈런: 정수빈1호 | 타자 키플레이어: 정수빈(두산), 노진혁(롯데), 박준순(두산) | 투수 키플레이어: 벤자민(두산), 김택연(두산), 나균안(롯데)"
853,"'3연승 휘파람' 두산, 선발진 '릴레이 호투'로 반등",전날(21일) 롯데 자이언츠를 6-2로 누르고 시즌 첫 3연승 행진을 벌이며 순위도 공동 6위로 올라섰다. 두산... 벤자민은 부상으로 이탈한 두산 1선발 크리스 플렉센의 대체 외국인 투수다. 2022년부터 2024년까지 KT...,www.newsis.com,2026-04-22T12:08:00,,INJURY_ROSTER,,1.0,,,True,두산이 롯데를 상대로 3연승을 기록했다.,,negative,,True,"롯데 vs 두산 (홈) 2-6 패 | 결승타: 정수빈(3회) | 홈런: 정수빈1호 | 타자 키플레이어: 정수빈(두산), 노진혁(롯데), 박준순(두산) | 투수 키플레이어: 벤자민(두산), 김택연(두산), 나균안(롯데)"
854,"9회 아닌 8회에도 치명적 실점, 다시 평범해진 구위...롯데 김원중 어찌...",그래야 롯데 자이언츠의 반등이 가능한데 말이다. 하지만 지금 모습으로는 당장은 쉽지 않을 듯 하다. 롯데... 두산도 불펜이 불안하기에 충분히 경기 후반 역전을 기대해볼만 했다. 하지만 8회초 나균안이 내려간 뒤...,www.sportschosun.com,2026-04-22T12:07:00,,ETC,,,gpt_missing_index,,True,롯데의 김원중이 8회에 실점을 허용하며 어려움을 겪었다.,김원중,negative,,True,"롯데 vs 두산 (홈) 2-6 패 | 결승타: 정수빈(3회) | 홈런: 정수빈1호 | 타자 키플레이어: 정수빈(두산), 노진혁(롯데), 박준순(두산) | 투수 키플레이어: 벤자민(두산), 김택연(두산), 나균안(롯데)"
855,"'10타수 1안타' 3루수 구멍 역시 크네…돌아온 노시환, 23일 4번 타자 곧...",지난 주말 롯데 자이언츠 원정 2연승으로 달아오른 기세가 잠실에서 한순간 꺾였다. 한화 선발 문동주는... 단 한 번도 리드하지 못했음에도 펼쳤던 총력전의 결과는 한 점 차 패배였다. 한화는 7회초 채은성의 2타점...,www.xportsnews.com,2026-04-22T12:06:00,,ETC,,,gpt_missing_index,,True,롯데의 3루수 타선이 부진하여 패배를 초래했다.,,negative,,True,"롯데 vs 두산 (홈) 2-6 패 | 결승타: 정수빈(3회) | 홈런: 정수빈1호 | 타자 키플레이어: 정수빈(두산), 노진혁(롯데), 박준순(두산) | 투수 키플레이어: 벤자민(두산), 김택연(두산), 나균안(롯데)"
856,‘최민석 놀라운 반전+벤자민 성공적 데뷔전’ 두산 선발진의 희망가,플렉센의 부상 대체 선수 웨스 벤자민(33)이 성공적인 KBO리그 복귀전을 치른 것도 고무적이다. 벤자민은 21일 사직 롯데 자이언츠전에 선발등판해 4.2이닝 동안 3안타 2볼넷 7탈삼진 무실점을 기록했다. 위기서도...,sports.donga.com,2026-04-22T12:06:00,,INJURY_ROSTER,,1.0,,,True,벤자민이 롯데전에서 성공적인 복귀전을 치렀다.,벤자민,neutral,,True,"롯데 vs 두산 (홈) 2-6 패 | 결승타: 정수빈(3회) | 홈런: 정수빈1호 | 타자 키플레이어: 정수빈(두산), 노진혁(롯데), 박준순(두산) | 투수 키플레이어: 벤자민(두산), 김택연(두산), 나균안(롯데)"
857,"속 터지는 타선·흔들리는 불펜…'봄데' 사라진 롯데, 꼴찌 추락 위기",프로야구 롯데 자이언츠에는 '봄데'라는 꼬리표가 따라다녔다. 봄에 성적이 좋았다가 무더위가 찾아오면... 최근 몇 년 동안 뒷문을 지키던 마무리 투수 김원중을 비롯해 불펜진이 휘청이는 것도 롯데의 고민이다....,www.newsis.com,2026-04-22T11:53:00,,ETC,,,gpt_missing_index,,True,롯데가 두산에 패하며 꼴찌 위기에 처했다.,김원중,negative,,True,"롯데 vs 두산 (홈) 2-6 패 | 결승타: 정수빈(3회) | 홈런: 정수빈1호 | 타자 키플레이어: 정수빈(두산), 노진혁(롯데), 박준순(두산) | 투수 키플레이어: 벤자민(두산), 김택연(두산), 나균안(롯데)"
858,"'김패패패패' 현실 되다니…'14⅔이닝 1실점' 김진욱에게 내려진 특명, ...","김진욱(롯데 자이언츠)이 호투로 팀에 승리를 안겼다. 그리고 4연패에 빠졌다. 다시 김진욱의 차례다.... 15일 LG전 이후 롯데는 4경기를 내리 졌다. 16일 LG전 4-7 패배를 기점으로 18~19일 한화 이글스전 연패, 전날(21일)...",www.sportalkorea.com,2026-04-22T11:40:00,,ETC,,,gpt_missing_index,,True,김진욱이 호투했지만 롯데는 4연패에 빠졌다.,김진욱,negative,,True,"롯데 vs 두산 (홈) 2-6 패 | 결승타: 정수빈(3회) | 홈런: 정수빈1호 | 타자 키플레이어: 정수빈(두산), 노진혁(롯데), 박준순(두산) | 투수 키플레이어: 벤자민(두산), 김택연(두산), 나균안(롯데)"
859,"'정수빈 3점포+무실책' 두산, 안타 7개에 그친 롯데 타선 완벽 봉쇄","이후 불펜이 남은 이닝을 정리하며 경기를 마무리했다. 두산 베어스는 수비 실책 없이 안정적인 운영을 보였고, 롯데 자이언츠는 실책 1개와 찬스 무산이 아쉬움으로 남았다. 이번 두산 베어스와 롯데 자이언츠의 경기는...",www.joongangenews.com,2026-04-22T11:38:00,,ETC,,,gpt_missing_index,,True,두산이 롯데 타선을 완벽히 봉쇄하며 승리했다.,정수빈,negative,,True,"롯데 vs 두산 (홈) 2-6 패 | 결승타: 정수빈(3회) | 홈런: 정수빈1호 | 타자 키플레이어: 정수빈(두산), 노진혁(롯데), 박준순(두산) | 투수 키플레이어: 벤자민(두산), 김택연(두산), 나균안(롯데)"
860,"[오늘의 스포츠] 9위 롯데 깨울 최항·송재영, 퓨처스리그 다음 콜업은...","여기에 9회 초 구원 등판한 박정민마저 정수빈에게 쐐기 3점 홈런을 헌납하며 결국 2-6으로 패배, 4연패... 타개할 반전의 승부수로 띄울지 야구팬들의 시선이 집중되고 있다. 롯데야구,손호영,김민성,최항,롯데자이언츠",www.newsworker.co.kr,2026-04-22T11:28:00,,ETC,,,gpt_missing_index,,True,롯데가 4연패에 빠지며 반전의 기회를 찾고 있다.,최항,negative,,True,"롯데 vs 두산 (홈) 2-6 패 | 결승타: 정수빈(3회) | 홈런: 정수빈1호 | 타자 키플레이어: 정수빈(두산), 노진혁(롯데), 박준순(두산) | 투수 키플레이어: 벤자민(두산), 김택연(두산), 나균안(롯데)"
861,'꼴찌 위기' 롯데 누가 구하나?…'연패 스토퍼' 김진욱에 희망,김태형 감독과 3년 계약 중 마지막 시즌을 보내는 프로야구 롯데 자이언츠가 초반부터 힘을 쓰지... 전날(21일) 경기에선 선발투수 나균안의 7이닝 2실점 역투에도 타선의 침체와 불펜의 방화 때문에 2-6으로 졌고...,www.news1.kr,2026-04-22T11:17:00,,TRANSACTION_CONTRACT,,1.0,,,True,김진욱이 롯데의 연패를 끊을 희망으로 떠오르고 있다.,김진욱,positive,,True,"롯데 vs 두산 (홈) 2-6 패 | 결승타: 정수빈(3회) | 홈런: 정수빈1호 | 타자 키플레이어: 정수빈(두산), 노진혁(롯데), 박준순(두산) | 투수 키플레이어: 벤자민(두산), 김택연(두산), 나균안(롯데)"
862,"평균자책점은? '2.08', 승리는? 단 '0승'…지난해 그토록 ""미안하다"" 김...",지난해부터 이어진 나균안(롯데 자이언츠)의 불운은 어디까지 이어질까. 나균안은 21일 부산... 결국 9회말 공격을 무득점으로 끝내며 롯데는 그대로 패배했다. 21일 게임을 포함해 나균안은 올해 4경기(21⅔이닝)에...,www.xportsnews.com,2026-04-22T10:55:00,,PERFORMANCE_ANALYSIS,,0.9,,,True,나균안의 불운이 계속되며 롯데는 패배했다.,나균안,negative,,True,"롯데 vs 두산 (홈) 2-6 패 | 결승타: 정수빈(3회) | 홈런: 정수빈1호 | 타자 키플레이어: 정수빈(두산), 노진혁(롯데), 박준순(두산) | 투수 키플레이어: 벤자민(두산), 김택연(두산), 나균안(롯데)"
863,LG 박해민 어느새 '608경기' 연속 출장! 15경기 더하면 이범호→황재균...,"레이예스(롯데 자이언츠), 송성문(당시 키움 히어로즈) 등 6명에 불과했다. 2024년에는 5명, 2023년에는... 코칭스태프가 선수를 경기를 내보내려면 부상이 없는 것은 물론 실력도 갖춰야 하는 법. 그만큼 박해민은...",www.starnewskorea.com,2026-04-22T10:34:00,,INJURY_ROSTER,,1.0,,,True,박해민이 연속 출장 기록을 이어가고 있다.,,neutral,,False,"롯데 vs 두산 (홈) 2-6 패 | 결승타: 정수빈(3회) | 홈런: 정수빈1호 | 타자 키플레이어: 정수빈(두산), 노진혁(롯데), 박준순(두산) | 투수 키플레이어: 벤자민(두산), 김택연(두산), 나균안(롯데)"
864,"돌아온 '좌승사자' 벤자민, '잠실 효과'는 덤",KBO리그 롯데 자이언츠와의 원정 경기에서 홈런 1개를 포함해 장단 8안타를 때려내며 6-2로 승리했다.... '재취업' 늘고 있는 '경력직' 외국인선수 KBO리그에는 2024년부터 외국인 선수가 부상으로 이탈할 경우 단기...,www.ohmynews.com,2026-04-22T09:16:00,,INJURY_ROSTER,,1.0,,,True,벤자민이 롯데를 상대로 좋은 성적을 냈다.,벤자민,negative,,True,"롯데 vs 두산 (홈) 2-6 패 | 결승타: 정수빈(3회) | 홈런: 정수빈1호 | 타자 키플레이어: 정수빈(두산), 노진혁(롯데), 박준순(두산) | 투수 키플레이어: 벤자민(두산), 김택연(두산), 나균안(롯데)"
865,어쩌다 불법 도박 나승엽-고승민만 기다리는 팀이 됐나...하필 복귀날이...,"롯데 자이언츠에 비상등이 켜졌다. 4연패다. 롯데는 21일 부산사직구장에서 열린 두산 베어스와의 주중 3연전... 당시 안우진은 부상 복귀전으로 1이닝만 던졌고, 사실상 선발인 배동현이 바통을 이어받아 롯데 타자들을...",www.sportschosun.com,2026-04-22T07:07:00,,INJURY_ROSTER,,1.0,,,True,롯데가 두산에 4연패를 당하며 위기에 처했다.,정수빈;노진혁,negative,,True,"롯데 vs 두산 (홈) 2-6 패 | 결승타: 정수빈(3회) | 홈런: 정수빈1호 | 타자 키플레이어: 정수빈(두산), 노진혁(롯데), 박준순(두산) | 투수 키플레이어: 벤자민(두산), 김택연(두산), 나균안(롯데)"
866,"궁여지책의 후폭풍, 허망한 실책과 갑갑한 상황 판단…롯데에 다시 '꼴...",여기서 정신을 차리지 못하면 롯데 자이언츠는 또 다시 꼴찌가 될 수밖에 없다. 김태형 감독이 이끄는... 시즌 초반이고 또 부상 및 징계 선수들의 공백이라고 치부할 수 있다. 하지만 19경기 가까이 치른 현 시점에서...,www.osen.co.kr,2026-04-22T06:40:00,,INJURY_ROSTER,,1.0,,,True,롯데가 부상과 징계로 어려운 상황에 직면했다.,정수빈;노진혁,negative,,True,"롯데 vs 두산 (홈) 2-6 패 | 결승타: 정수빈(3회) | 홈런: 정수빈1호 | 타자 키플레이어: 정수빈(두산), 노진혁(롯데), 박준순(두산) | 투수 키플레이어: 벤자민(두산), 김택연(두산), 나균안(롯데)"
867,"7억팔 육성플랜 전면 수정…ERA 1.88 퓨처스 폭격, 1군 데뷔 임박 ""빌드...","하지만 설종진 감독은 대만 가오슝 스프링캠프 때부터 박준현이 1군 엔트리에 들어온다면, 올해는 불펜... 박준현은 지난 19일 롯데 자이언츠 상대로 첫 5이닝을 소화하는 등 4경기에서 14⅓이닝을 소화하며 1패...",www.spotvnews.co.kr,2026-04-22T06:30:00,,INJURY_ROSTER,,1.0,,,True,박준현의 1군 데뷔가 임박했지만 롯데는 어려운 상황이다.,박준현,neutral,,True,"롯데 vs 두산 (홈) 2-6 패 | 결승타: 정수빈(3회) | 홈런: 정수빈1호 | 타자 키플레이어: 정수빈(두산), 노진혁(롯데), 박준순(두산) | 투수 키플레이어: 벤자민(두산), 김택연(두산), 나균안(롯데)"
868,FA·트레이드 몸값 제대로 하네… 새 둥지서 연일 ‘불방망이’,"2023년 신인 드래프트에서 1라운드 3순위로 롯데 자이언츠에 입단했던 김민석은 2024년 11월 두산으로... 삼성 라이온즈는 구자욱, 김성윤, 김영웅 등의 부상 악재에도 2023시즌 중 KIA에서 영입한 15년 차 류지혁이...",www.seoul.co.kr,2026-04-22T05:05:00,,INJURY_ROSTER,,1.0,,,True,김민석이 두산으로 이적하며 롯데의 상황이 복잡해졌다.,김민석,neutral,,True,"롯데 vs 두산 (홈) 2-6 패 | 결승타: 정수빈(3회) | 홈런: 정수빈1호 | 타자 키플레이어: 정수빈(두산), 노진혁(롯데), 박준순(두산) | 투수 키플레이어: 벤자민(두산), 김택연(두산), 나균안(롯데)"
869,"'자격 미달' KIA 50위-52위, 불펜만 탓할 수 있나…125⅓이닝 공백, 이렇...","황동하는 26일 광주 롯데 자이언츠전 선발 등판도 고려하고 있어 이날 등판은 배제됐다. KIA는 올해 불펜 사정이 나아졌다지만, 8연승 기간 누적 피로도가 높았다. 기존 필승조 정해영과 전상현이 부진과 부상으로...",www.sportschosun.com,2026-04-22T03:22:00,,INJURY_ROSTER,,1.0,,,True,KIA의 부진이 롯데와의 경기에도 영향을 미쳤다.,,neutral,,True,"롯데 vs 두산 (홈) 2-6 패 | 결승타: 정수빈(3회) | 홈런: 정수빈1호 | 타자 키플레이어: 정수빈(두산), 노진혁(롯데), 박준순(두산) | 투수 키플레이어: 벤자민(두산), 김택연(두산), 나균안(롯데)"
870,"멕시코-독립리그 제안 다 뿌리친 보람 있네...다시 돌아온 벤자민 ""두산...",벤자민은 21일 부산 사직구장에서 열린 프로야구 정규시즌 롯데 자이언츠와의 경기에 선발 등판해 4⅔이닝... 두산은 에이스 크리스 플렉센이 우측 견갑하근 부상을 당하면서 6주 소견을 받았다. 플레센의 부상...,www.osen.co.kr,2026-04-22T01:11:00,,INJURY_ROSTER,,1.0,,,True,벤자민이 롯데와의 경기에서 좋은 투구를 선보였다.,벤자민,positive,,True,"롯데 vs 두산 (홈) 2-6 패 | 결승타: 정수빈(3회) | 홈런: 정수빈1호 | 타자 키플레이어: 정수빈(두산), 노진혁(롯데), 박준순(두산) | 투수 키플레이어: 벤자민(두산), 김택연(두산), 나균안(롯데)"
871,"'그렇게 안녕하지는 못한다' 무거운 사직 분위기 속 흔들린 정철원, 롯...",정철원이 퓨처스리그에서 투구 감각을 회복할 수 있을지가 향후 불펜 운용의 변수로 작용할 전망이다.... 최근 부진에 대해 개인사와 맞물린 영향이 있는 것 아니냐는 반응도 나오고 있다. 사진=롯데 자이언츠,www.mhnse.com,2026-04-22T01:10:00,,ETC,INJURY_ROSTER,0.9,,,True,정철원의 부진이 롯데의 불펜 운용에 변수로 작용할 전망이다.,정철원,negative,,True,"롯데 vs 두산 (홈) 2-6 패 | 결승타: 정수빈(3회) | 홈런: 정수빈1호 | 타자 키플레이어: 정수빈(두산), 노진혁(롯데), 박준순(두산) | 투수 키플레이어: 벤자민(두산), 김택연(두산), 나균안(롯데)"
872,"이정도면 불쌍해질 정도네...4G 다 호투한 결과는 2패뿐, 나균안에 무슨...","롯데 자이언츠 나균안이 호투하고 또 울어야 했다. 안쓰러워질 정도다. 개막 후 4경기 모두 잘 던지고... 1-1 상황서 8회 불펜이 결승점을 주며 롯데는 또 1대2로 패했다. 나균안은 선발로서 역할을 다했는데, 나균안이...",www.sportschosun.com,2026-04-22T01:07:00,,PERFORMANCE_ANALYSIS,,0.9,,,True,나균안이 호투했지만 롯데는 또 패배를 맛보았다.,나균안,negative,,True,"롯데 vs 두산 (홈) 2-6 패 | 결승타: 정수빈(3회) | 홈런: 정수빈1호 | 타자 키플레이어: 정수빈(두산), 노진혁(롯데), 박준순(두산) | 투수 키플레이어: 벤자민(두산), 김택연(두산), 나균안(롯데)"
873,"애처로운 나균안...가장 강한 롯데 선발진, 득점 지원은 10구단 최하위 ...","롯데 자이언츠 얘기다. 롯데 타선이 또 선발 투수에게 힘을 주지 못했다. 21일 부산 사직구장에서 열린 2026... 롯데는 8회 초 김원중이 1점을 내줬고, 바로 1점을 추격했지만, 9회 가장 잘 던졌던 불펜 투수 박정민이...",isplus.com,2026-04-22T00:05:00,,PERFORMANCE_ANALYSIS,,0.9,,,True,롯데가 두산에 패하며 선발 투수 지원이 부족했다.,나균안,negative,,True,"롯데 vs 두산 (홈) 2-6 패 | 결승타: 정수빈(3회) | 홈런: 정수빈1호 | 타자 키플레이어: 정수빈(두산), 노진혁(롯데), 박준순(두산) | 투수 키플레이어: 벤자민(두산), 김택연(두산), 나균안(롯데)"
874,마무리 멀티이닝 미안하고 고맙다! → 감독이 직접 사과했다. '9회 10회 ...,"선발 베니지아노가 4⅓이닝 만에 교체되고 승부가 10회로 넘어간 탓에 불펜 소모가 컸다. 특히 조병현이... 프로 원년 1982년 당시 롯데 자이언츠 김용희의 18경기가 종전 최다였다. 이 감독은 ""박성한 대기록을 축하한다....",www.sportschosun.com,2026-04-21T23:09:00,,PERFORMANCE_ANALYSIS,,0.9,,,True,롯데 감독이 불펜 소모에 대해 사과했다.,,negative,,True,"롯데 vs 두산 (홈) 2-6 패 | 결승타: 정수빈(3회) | 홈런: 정수빈1호 | 타자 키플레이어: 정수빈(두산), 노진혁(롯데), 박준순(두산) | 투수 키플레이어: 벤자민(두산), 김택연(두산), 나균안(롯데)"
875,"박성한 10회 결승타+개막 후 19경기 연속 안타 신기록…SSG, 연장 끝에 삼...",불펜으로 등판한 조병현이 1.2이닝 1피안타 2사사구 2탈삼진 무실점으로 승리투수가 됐다. 타선에선... 이는 1982년 롯데 자이언츠 김용희(현 롯데 퓨처스 감독)가 세운 개막 이후 연속 경기 안타(18경기)를 넘어선 이...,www.stoo.com,2026-04-21T22:52:00,,PERFORMANCE_ANALYSIS,,0.9,,,False,박성한이 10회 결승타로 신기록을 세웠다.,박성한,,,True,"롯데 vs 두산 (홈) 2-6 패 | 결승타: 정수빈(3회) | 홈런: 정수빈1호 | 타자 키플레이어: 정수빈(두산), 노진혁(롯데), 박준순(두산) | 투수 키플레이어: 벤자민(두산), 김택연(두산), 나균안(롯데)"
876,"'김민혁 11회 끝내기포' KT, KIA 잡고 선두 도약…LG, 한화 제압(종합)",부상으로 출발이 늦었던 김민혁은 시즌 첫 홈런을 끝내기로 장식하고 포효했다. KT 7번째 투수 전용주는... 부산에서는 원정팀 두산 베어스가 롯데 자이언츠를 6-2로 꺾었다. 3연승을 달린 두산은 시즌 전적...,www.news1.kr,2026-04-21T22:47:00,,INJURY_ROSTER,,1.0,,,True,롯데가 두산에 패하며 3연패를 당했다.,,negative,,True,"롯데 vs 두산 (홈) 2-6 패 | 결승타: 정수빈(3회) | 홈런: 정수빈1호 | 타자 키플레이어: 정수빈(두산), 노진혁(롯데), 박준순(두산) | 투수 키플레이어: 벤자민(두산), 김택연(두산), 나균안(롯데)"
877,"외야진 연쇄 이탈 극복한 ‘주장의 힘’…임지열 결승타, 키움 시즌 첫...","키움이 이날 승리하고, 9위 롯데 자이언츠가 8위 두산베어스에 2-6으로 패했다. 키움은 롯데를 0.5경기차로... 임지열은 이주형과 박찬혁의 부상이 길어진다면, 타선에서 더욱 중요한 몫을 해내야 한다. 이날 경기가...",sports.donga.com,2026-04-21T22:11:00,,INJURY_ROSTER,,1.0,,,True,롯데가 두산에 패하며 9위로 떨어졌다.,,negative,,True,"롯데 vs 두산 (홈) 2-6 패 | 결승타: 정수빈(3회) | 홈런: 정수빈1호 | 타자 키플레이어: 정수빈(두산), 노진혁(롯데), 박준순(두산) | 투수 키플레이어: 벤자민(두산), 김택연(두산), 나균안(롯데)"
878,"정수빈 홈런 포함 4타점… 두산, 롯데 꺾고 3연승 질주","프로야구 두산 베어스가 롯데 자이언츠를 누르고 3연승을 달렸다. 두산은 21일 부산 사직구장에서 열린... 그러나 지난 시즌 KT와 재계약에 실패했고, 크리스 플렉센이 어깨 부상을 입으면서 두산과 6주 대체 외국인...",www.joongang.co.kr,2026-04-21T21:55:00,,INJURY_ROSTER,,1.0,,,True,두산이 롯데를 꺾고 3연승을 달렸다.,정수빈,negative,,True,"롯데 vs 두산 (홈) 2-6 패 | 결승타: 정수빈(3회) | 홈런: 정수빈1호 | 타자 키플레이어: 정수빈(두산), 노진혁(롯데), 박준순(두산) | 투수 키플레이어: 벤자민(두산), 김택연(두산), 나균안(롯데)"
879,"'오석주 깜짝 호투+임지열 결승타' 키움, NC 꺾고 9위 롯데 05G 차 추격 ...",올 시즌 6승(14패)째를 거둔 키움은 이날 부산 두산 베어스전에서 패한 9위 롯데 자이언츠(6승 13패)를 0.5경기 차로 추격했다. 키움은 3회 말 1사 주자 없는 상황에서 이주형이 우전 2루타를 치고 출루한 뒤 그의 부상...,isplus.com,2026-04-21T21:42:00,,INJURY_ROSTER,,1.0,,,True,키움이 롯데를 추격하며 9위로 올라섰다.,,negative,,True,"롯데 vs 두산 (홈) 2-6 패 | 결승타: 정수빈(3회) | 홈런: 정수빈1호 | 타자 키플레이어: 정수빈(두산), 노진혁(롯데), 박준순(두산) | 투수 키플레이어: 벤자민(두산), 김택연(두산), 나균안(롯데)"
880,"""플렉센, 자리 뺏길까봐 떨고 있니?""... 벤자민, 복귀전서 4.2이닝 7K 무실...","벤자민은 21일 부산 사직구장에서 열린 2026 프로야구 롯데 자이언츠와의 방문 경기에 선발 등판해... 두산은 기존 외국인 에이스 크리스 플렉센이 어깨 부상으로 전열에서 이탈하자, 발 빠르게 움직여 벤자민과 6주...",www.fnnews.com,2026-04-21T20:51:00,,INJURY_ROSTER,,1.0,,,True,벤자민이 롯데와의 경기에서 호투했다.,벤자민,neutral,,True,"롯데 vs 두산 (홈) 2-6 패 | 결승타: 정수빈(3회) | 홈런: 정수빈1호 | 타자 키플레이어: 정수빈(두산), 노진혁(롯데), 박준순(두산) | 투수 키플레이어: 벤자민(두산), 김택연(두산), 나균안(롯데)"
881,"'4⅔이닝 7K 무실점' 두산 벤자민, 롯데전 복귀전서 호투",2026년 4월 21일 부산 사직구장에서 열린 롯데 자이언츠와 원정 경기에서 두산 베어스가 새 외국인 투수 웨스... 섞어 롯데 타선을 압박했다. 두산 베어스는 기존 외국인 투수 크리스 플렉센의 어깨 부상 이탈로 마운드...,www.topstarnews.net,2026-04-21T20:30:00,,INJURY_ROSTER,,1.0,,,True,두산 벤자민이 롯데전에서 4⅔이닝 7K 무실점으로 호투했다.,벤자민,negative,,True,"롯데 vs 두산 (홈) 2-6 패 | 결승타: 정수빈(3회) | 홈런: 정수빈1호 | 타자 키플레이어: 정수빈(두산), 노진혁(롯데), 박준순(두산) | 투수 키플레이어: 벤자민(두산), 김택연(두산), 나균안(롯데)"
882,"두산 벤자민, 1년 7개월 만의 복귀전서 '4⅔이닝 7K 무실점'",벤자민은 21일 부산 사직구장에서 열린 2026 프로야구 롯데 자이언츠와 방문 경기에 선발 등판해... 두산은 기존 외국인 투수 크리스 플렉센이 어깨 부상으로 전열에서 이탈하자 벤자민과 6주 총액 5만 달러에 대체...,www.yna.co.kr,2026-04-21T20:15:00,,INJURY_ROSTER,,1.0,,,True,벤자민이 롯데전에서 4⅔이닝 7K 무실점으로 복귀전을 치렀다.,벤자민,negative,,True,"롯데 vs 두산 (홈) 2-6 패 | 결승타: 정수빈(3회) | 홈런: 정수빈1호 | 타자 키플레이어: 정수빈(두산), 노진혁(롯데), 박준순(두산) | 투수 키플레이어: 벤자민(두산), 김택연(두산), 나균안(롯데)"
883,"두산 대체 외인 벤자민, KBO 복귀전서 4⅔이닝 7K 무실점",벤자민은 21일 부산 사직구장에서 열린 2026 신한 쏠 KBO리그 롯데 자이언츠와의 경기에 선발 등판해 4⅔이닝... 이때 두산은 벤자민을 우완 불펜 이영하와 교체했다. 벤자민이 승리 투수 요건까지 아웃카운트 하나만을...,www.newsis.com,2026-04-21T20:10:00,,INJURY_ROSTER,,1.0,,,True,벤자민이 롯데전에서 4⅔이닝 7K 무실점으로 KBO 복귀전을 성공적으로 마쳤다.,벤자민,negative,,True,"롯데 vs 두산 (홈) 2-6 패 | 결승타: 정수빈(3회) | 홈런: 정수빈1호 | 타자 키플레이어: 정수빈(두산), 노진혁(롯데), 박준순(두산) | 투수 키플레이어: 벤자민(두산), 김택연(두산), 나균안(롯데)"
884,"아! 승리까지 1아웃 남았는데, 군말 없이 내려왔다...'KBO 복귀전' 벤자...",벤자민은 21일 부산 사직구장에서 열린 프로야구 정규시즌 롯데 자이언츠와의 경기에 선발 등판해 4⅔이닝... 두산은 에이스 크리스 플렉센이 우측 견갑하근 부상을 당하면서 6주 소견을 받았다. 플레센의 부상...,www.osen.co.kr,2026-04-21T20:02:00,,INJURY_ROSTER,,1.0,,,True,벤자민이 롯데전에서 승리 투수 요건을 아쉽게 놓쳤다.,벤자민,negative,,True,"롯데 vs 두산 (홈) 2-6 패 | 결승타: 정수빈(3회) | 홈런: 정수빈1호 | 타자 키플레이어: 정수빈(두산), 노진혁(롯데), 박준순(두산) | 투수 키플레이어: 벤자민(두산), 김택연(두산), 나균안(롯데)"
885,"김경문 감독 ""노시환, 퓨처스 잘하러 간 거 아니야…믿음 더 보내줄 때...","앞세워 롯데 자이언츠를 5-0으로 꺾고 연패를 끊었다. 한화는 19일 롯데전에서도 윌켈 에르난데스의 6이닝... 문동주는 지난 14일 삼성전에서 5이닝 무실점 호투로 시즌 2승 요건을 충족했지만, 뒤이은 불펜진이 18개의...",www.xportsnews.com,2026-04-21T18:21:00,,INTERVIEW,MATCH_RELATED,0.9,,,True,김경문 감독이 노시환에 대한 믿음을 강조하며 롯데를 꺾었다.,,negative,,True,"롯데 vs 두산 (홈) 2-6 패 | 결승타: 정수빈(3회) | 홈런: 정수빈1호 | 타자 키플레이어: 정수빈(두산), 노진혁(롯데), 박준순(두산) | 투수 키플레이어: 벤자민(두산), 김택연(두산), 나균안(롯데)"
886,"“벤자민 최대 75구…이영하는 이제 필승조, 보직 더 안 바뀌기를”…김...","김원형 감독은 21일 부산 사직구장에서 열리는 롯데 자이언츠와의 경기를 앞두고 부상 대체 외국인 선수인 웨스 벤자민의 투구수, 그리고 불펜으로 이동한 이영하의 최종 보직에 대해서 언급했다. 우측 어깨 견갑하근...",www.osen.co.kr,2026-04-21T18:11:00,,INJURY_ROSTER,,1.0,,,True,김원형 감독이 벤자민의 투구수와 이영하의 보직에 대해 언급했다.,벤자민;이영하,neutral,,True,"롯데 vs 두산 (홈) 2-6 패 | 결승타: 정수빈(3회) | 홈런: 정수빈1호 | 타자 키플레이어: 정수빈(두산), 노진혁(롯데), 박준순(두산) | 투수 키플레이어: 벤자민(두산), 김택연(두산), 나균안(롯데)"
887,KIA 정해영 승리투수 되고 웃을 순 없었다? 4명을 내보냈고 1점을 내줬으...,"김원중(롯데 자이언츠, 164세이브)에 이어 4위다. 그러나 과거가 현재와 미래를 보장해주는 것은 아니다. 현재 정해영의 페이스가 좋을 때의 모습이 아닌 건 분명하다. 올해 KIA 불펜이 양으로 넉넉하니, 이범호 감독이...",www.mydaily.co.kr,2026-04-21T17:00:00,,PERFORMANCE_ANALYSIS,,0.9,,,True,정해영이 승리투수 되었지만 롯데의 불펜 상황은 좋지 않다.,,negative,,True,"롯데 vs 두산 (홈) 2-6 패 | 결승타: 정수빈(3회) | 홈런: 정수빈1호 | 타자 키플레이어: 정수빈(두산), 노진혁(롯데), 박준순(두산) | 투수 키플레이어: 벤자민(두산), 김택연(두산), 나균안(롯데)"
888,‘구속 회복’ 김원중…단호한 김태형 감독 “구속이 중요한 게 아냐 ”...,사진 | 롯데 자이언츠 회복에 전념했고 시범경기 막바지 돌아왔다. 그러나 정상적인 과정을 거치며 몸을... 아는 ‘100% 김원중’은 아닌 듯하다. 빨리 정상 컨디션을 찾아야 한다. 그래야 롯데 불펜이 더 강해질 수 있다.,www.sportsseoul.com,2026-04-21T15:54:00,,INJURY_ROSTER,,0.9,,,True,김원중이 회복 중이며 롯데 불펜의 강화를 위해 정상 컨디션이 필요하다.,김원중,neutral,,True,"롯데 vs 두산 (홈) 2-6 패 | 결승타: 정수빈(3회) | 홈런: 정수빈1호 | 타자 키플레이어: 정수빈(두산), 노진혁(롯데), 박준순(두산) | 투수 키플레이어: 벤자민(두산), 김택연(두산), 나균안(롯데)"
889,"""야구 보는 이유가 있어?""…1200만 관중 시대, 삶이 된 야구","세계라기보다 패배, 집착, 기억, 상실 등 일상과 맞닿은 감정의 층위로 그려진다. LG 트윈스를 다룬 작품에서는 결정적인 순간 선수에게 몰입하는 팬의 심리를 통해 응원의 본질을 포착하고, 롯데 자이언츠를 배경으로 한...",www.nocutnews.co.kr,2026-04-21T15:02:00,,ETC,,0.9,,,True,롯데가 두산에게 패하며 관중의 감정을 자극했다.,정수빈;노진혁,negative,,True,"롯데 vs 두산 (홈) 2-6 패 | 결승타: 정수빈(3회) | 홈런: 정수빈1호 | 타자 키플레이어: 정수빈(두산), 노진혁(롯데), 박준순(두산) | 투수 키플레이어: 벤자민(두산), 김택연(두산), 나균안(롯데)"
890,“직구만 있다는 프레임이 씌워진 것 같아서…” 롯데 출신 LG 사이드암...,"졸업하고 롯데 자이언츠에 2021년 2차 5라운드 41순위로 입단했다. 그러나 그의 이름이 본격적으로 알려진 건... ‘불펜왕국’이라고 불리는 LG에서도 핵심 역할을 수행한다. 아직 표본이 적지만, 우강훈은 확실히...",www.mydaily.co.kr,2026-04-21T15:00:00,,TRANSACTION_CONTRACT,,1.0,,,True,롯데 출신 우강훈이 LG에서 활약 중이다.,우강훈,neutral,,False,"롯데 vs 두산 (홈) 2-6 패 | 결승타: 정수빈(3회) | 홈런: 정수빈1호 | 타자 키플레이어: 정수빈(두산), 노진혁(롯데), 박준순(두산) | 투수 키플레이어: 벤자민(두산), 김택연(두산), 나균안(롯데)"
891,프로야구 흔드는 마무리 난조… 사라진 '9회 삭제'의 안정감,"/롯데 자이언츠 제공 정해영은 2021시즌부터 KIA의 뒷문을 맡아온 대표적 마무리 자원이다. 2024년에는 리그... 끝내기 패배를 떠안았다. 이후 그는 마무리 보직을 내려놓았고, 최근 4경기 연속 중간 투수로 등판하며...",www.hansbiz.co.kr,2026-04-21T14:56:00,,PERFORMANCE_ANALYSIS,,0.9,,,True,롯데의 마무리 투수 정해영이 난조를 겪고 있다.,정해영,negative,,True,"롯데 vs 두산 (홈) 2-6 패 | 결승타: 정수빈(3회) | 홈런: 정수빈1호 | 타자 키플레이어: 정수빈(두산), 노진혁(롯데), 박준순(두산) | 투수 키플레이어: 벤자민(두산), 김택연(두산), 나균안(롯데)"
892,"난세에 등장한 롯데 뉴페이스, 2군 신화 쓴다","최근 하위권으로 처진 롯데 자이언츠에 새로운 얼굴들이 가뭄 속 단비처럼 등장해 팀을 지탱하고 있다.... 최근 LG, 한화전에서 실점을 하긴 했지만 5경기에서 4와 3분의 1이닝을 던지며 불펜의 한 자리를 맡고 있다....",www.busan.com,2026-04-21T14:42:00,,ETC,MATCH_RELATED,0.9,,,True,롯데의 새로운 얼굴들이 팀을 지탱하고 있다.,,positive,,True,"롯데 vs 두산 (홈) 2-6 패 | 결승타: 정수빈(3회) | 홈런: 정수빈1호 | 타자 키플레이어: 정수빈(두산), 노진혁(롯데), 박준순(두산) | 투수 키플레이어: 벤자민(두산), 김택연(두산), 나균안(롯데)"
893,"'롯데 천적' 두산 대체 외인 벤자민, KBO 복귀전서 플렉센 공백 지울까",KBO리그 롯데 자이언츠와의 원정 경기를 치른다. 이날 두산의 선발투수는 벤자민이다. 좌완 투수 벤자민은 지난 6일 두산과 6주 총액 5만 달러에 계약을 체결했다. 어�� 부상을 당한 플렉센의 대체 외국인 투수로...,www.stoo.com,2026-04-21T14:36:00,,INJURY_ROSTER,,1.0,,,True,두산의 벤자민이 롯데와의 경기에서 선발로 나선다.,벤자민,neutral,,True,"롯데 vs 두산 (홈) 2-6 패 | 결승타: 정수빈(3회) | 홈런: 정수빈1호 | 타자 키플레이어: 정수빈(두산), 노진혁(롯데), 박준순(두산) | 투수 키플레이어: 벤자민(두산), 김택연(두산), 나균안(롯데)"
894,"'전병우, 박승규의 비상' 삼성 라이온즈 백업 요원들의 분전","부상 선수가 많은데도 삼성 라이온즈가 상승세를 타고 있는 것 역시 그 덕분이다. 삼성은 올해 초부터... 롯데 자이언츠와 키움 히어로즈를 거쳐 2024시즌부터 삼성 유니폼을 입었다. 대타, 대수비가 그에게 주어진 역할....",www.imaeil.com,2026-04-21T13:39:00,,INJURY_ROSTER,,1.0,,,True,삼성의 백업 선수들이 롯데와의 경기에서 분전하고 있다.,,neutral,,True,"롯데 vs 두산 (홈) 2-6 패 | 결승타: 정수빈(3회) | 홈런: 정수빈1호 | 타자 키플레이어: 정수빈(두산), 노진혁(롯데), 박준순(두산) | 투수 키플레이어: 벤자민(두산), 김택연(두산), 나균안(롯데)"
895,"'그 사건' 이후 처음…롯데 4인, 3군서 일제히 출전",롯데 자이언츠가 지난 19일 NC 다이노스와 3군 연습경기를 치렀다. 이날 경기에는 고승민과 나승엽을 포함한... 팀 내 부상 여파로 내·외야를 오가는 유틸리티 역할을 수행하며 체력 부담도 컸다. 나승엽은 지난 시즌...,www.mhnse.com,2026-04-21T13:25:00,,INJURY_ROSTER,,1.0,,,True,롯데의 4인이 3군에서 출전했다.,고승민;나승엽,neutral,,True,"롯데 vs 두산 (홈) 2-6 패 | 결승타: 정수빈(3회) | 홈런: 정수빈1호 | 타자 키플레이어: 정수빈(두산), 노진혁(롯데), 박준순(두산) | 투수 키플레이어: 벤자민(두산), 김택연(두산), 나균안(롯데)"
896,"'김원중 포크 배워 KBO 1R 후보 급부상' 부산공고 150㎞ 우완 곽도현 ""사...","'롯린이(롯데 자이언츠+어린이)' 출신 부산공고 우완 기대주 곽도현(18)이 올해 후반기 열릴 2027 KBO... 결과는 부산공고의 1-3 패배였지만, 곽도현의 이름을 알리기엔 충분했다. 곽도현은 ""나는 마운드에 들어가면 화끈하게...",www.starnewskorea.com,2026-04-21T12:58:00,,INJURY_ROSTER,,1.0,,,True,곽도현이 KBO 1R 후보로 급부상하고 있다.,곽도현,positive,,False,"롯데 vs 두산 (홈) 2-6 패 | 결승타: 정수빈(3회) | 홈런: 정수빈1호 | 타자 키플레이어: 정수빈(두산), 노진혁(롯데), 박준순(두산) | 투수 키플레이어: 벤자민(두산), 김택연(두산), 나균안(롯데)"
897,"삼성 절실함의 아이콘 드디어 인정받나, 5G 8타점 미쳤다…""매 경기 최선...",동삼초-경남중-개성고-동아대를 졸업한 전병우는 2015 신인 드래프트 2차 3라운드 28순위로 롯데 자이언츠... 올 시즌은 김영웅의 부상으로 기회를 잡았다. 지난 10일 NC 다이노스전 도중 햄스트링 부상을 당했다. 3~4주 간...,www.mydaily.co.kr,2026-04-21T12:30:00,,INJURY_ROSTER,,1.0,,,True,롯데 자이언츠의 전병우가 부상으로 기회를 잡았다.,전병우,neutral,,True,"롯데 vs 두산 (홈) 2-6 패 | 결승타: 정수빈(3회) | 홈런: 정수빈1호 | 타자 키플레이어: 정수빈(두산), 노진혁(롯데), 박준순(두산) | 투수 키플레이어: 벤자민(두산), 김택연(두산), 나균안(롯데)"
898,'초대형 트레이드 재평가 가나' 노시환 다음 김민석?…'멘토 손아섭' 효...,"2023년 신인드래프트 1라운드 전체 3순위로 롯데 자이언츠에 입단했던 김민석은 데뷔 첫 시즌 102안타를 쌓으며 혜성같이 등장했다. 하지만, 김민석은 2년차 부진과 부상이 겹치며 2년 전 두산으로 트레이드됐다....",www.xportsnews.com,2026-04-21T12:25:00,,INJURY_ROSTER,,1.0,,,True,김민석이 부상과 부진으로 두산으로 트레이드되었다.,김민석,negative,,True,"롯데 vs 두산 (홈) 2-6 패 | 결승타: 정수빈(3회) | 홈런: 정수빈1호 | 타자 키플레이어: 정수빈(두산), 노진혁(롯데), 박준순(두산) | 투수 키플레이어: 벤자민(두산), 김택연(두산), 나균안(롯데)"
899,"히트상품 배동현, 야수진 리더 안치홍...키움, 2차 드래프트 효과 기대...","재활 투구에 나선 안우진에 이어 2회 등판한 12일 롯데 자이언츠전에서는 6이닝 3피안타 무실점을 기록하며... 지난 15일 KIA 타이거즈전에서 투수의 공에 손가락을 맞아 부상을 당했지만, 골절상을 피하고 다시 복귀한...",isplus.com,2026-04-21T12:25:00,,INJURY_ROSTER,,1.0,,,True,안우진이 롯데전에서 무실점을 기록하며 복귀했다.,안우진,neutral,,True,"롯데 vs 두산 (홈) 2-6 패 | 결승타: 정수빈(3회) | 홈런: 정수빈1호 | 타자 키플레이어: 정수빈(두산), 노진혁(롯데), 박준순(두산) | 투수 키플레이어: 벤자민(두산), 김택연(두산), 나균안(롯데)"
900,"[무등의 아침] KIA, 상위권 경쟁 ‘분수령’…불펜 부상 악재 속 타선이...",◇ 정길훈: 전상현 선수에 이어서 홍건희 선수까지 부상자 명단에 오르면서 불펜 운용에 어려움이 클 것... 이후에는 광주로 돌아와 롯데 자이언츠와 주말 시리즈를 치르는데요. 주중 3연전을 치르는 KT는 말씀해 주신...,news.kbs.co.kr,2026-04-21T11:38:00,,INJURY_ROSTER,,1.0,,,True,KIA가 롯데와의 시리즈를 앞두고 불펜 부상에 직면했다.,,neutral,,True,"롯데 vs 두산 (홈) 2-6 패 | 결승타: 정수빈(3회) | 홈런: 정수빈1호 | 타자 키플레이어: 정수빈(두산), 노진혁(롯데), 박준순(두산) | 투수 키플레이어: 벤자민(두산), 김택연(두산), 나균안(롯데)"
901,"'18경기에 17개 라인업' 롯데 김태형 감독의 땜질 타순, 도박 4인방 공백...","롯데 자이언츠의 방망이가 끝 모를 가뭄 속에 허덕이고 있다. 롯데는 21일 현재 6승 12패·승률 0.333으로... 점수가 나지 않으니 리드 중인 경기에도 필승조를 투입할 수밖에 없고, 불펜 피로도가 가중되는 구조다....",www.maniareport.com,2026-04-21T11:27:00,,PERFORMANCE_ANALYSIS,MATCH_RELATED,0.9,,,True,롯데의 타선이 부진하며 불펜 피로도가 증가하고 있다.,,negative,,True,"롯데 vs 두산 (홈) 2-6 패 | 결승타: 정수빈(3회) | 홈런: 정수빈1호 | 타자 키플레이어: 정수빈(두산), 노진혁(롯데), 박준순(두산) | 투수 키플레이어: 벤자민(두산), 김택연(두산), 나균안(롯데)"
902,"패자는 추락 확정…두산-롯데, 시즌 가를 '단두대 매치' 돌입","사실상 결승과도 같은 이 승부에서 두산 베어스는 연승 분위기를 이어가기 위해, 롯데 자이언츠는 연패의... 벤자민, 롯데는 나균안을 선발로 예고했다. 벤자민은 지난 6일 두산이 외국인 투수 크리스 플렉센의 부상...",www.mhnse.com,2026-04-21T11:10:00,,INJURY_ROSTER,,1.0,,,True,롯데와 두산의 경기가 시즌을 가를 중요한 대결로 여겨진다.,,neutral,,True,"롯데 vs 두산 (홈) 2-6 패 | 결승타: 정수빈(3회) | 홈런: 정수빈1호 | 타자 키플레이어: 정수빈(두산), 노진혁(롯데), 박준순(두산) | 투수 키플레이어: 벤자민(두산), 김택연(두산), 나균안(롯데)"
903,日 유학→두산 육성 입단→방출→롯데 새출발…데뷔 9년 만에 빛보나? ...,"그러던 중 롯데 자이언츠에서 뛸 기회가 왔는데, 결과가 따라주지 않는 것은 마찬가지였다. 그러나 올해는... 한화를 상대로 패배하는 순간 롯데가 손에 얻은 유일한 수확이었고, 2군에서의 성과가 1군으로 연결되는...",www.spotvnews.co.kr,2026-04-21T10:52:00,,TRANSACTION_CONTRACT,,1.0,,,True,롯데에서의 기회가 9년 만에 빛을 발할 가능성이 있다.,,positive,,True,"롯데 vs 두산 (홈) 2-6 패 | 결승타: 정수빈(3회) | 홈런: 정수빈1호 | 타자 키플레이어: 정수빈(두산), 노진혁(롯데), 박준순(두산) | 투수 키플레이어: 벤자민(두산), 김택연(두산), 나균안(롯데)"
904,[취재후일담] 병원들의 남다른 스포츠 사랑…그 이유는,롯데 자이언츠 홈경기에서는 해운대 또는 부산 자생한방병원이 '자생한방병원 매치데이'를 열고 경기장을 찾은 팬들에게 자사 건강기능식품을 제공했습니다.스포츠 선수들이 빈번하게 부상을 입는 부위가 관절인 만큼...,www.asiatoday.co.kr,2026-04-21T10:50:00,,INJURY_ROSTER,,1.0,,,True,롯데 홈경기에서 자생한방병원이 팬들에게 건강기능식품을 제공했다.,,positive,,True,"롯데 vs 두산 (홈) 2-6 패 | 결승타: 정수빈(3회) | 홈런: 정수빈1호 | 타자 키플레이어: 정수빈(두산), 노진혁(롯데), 박준순(두산) | 투수 키플레이어: 벤자민(두산), 김택연(두산), 나균안(롯데)"
905,‘2⅔이닝 8볼넷 12실점→7이닝 무사사구 3실점’ 이의리·김진욱 입단 ...,"이승현은 2021년 입단 당시 이의리(KIA 타이거즈), 김진욱(롯데 자이언츠)과 함께 좌완 신인 3인방으로 기대를... 불펜들은 매일 힘들게 대기하고 스트레스 받는다. 왕과 같은 대우를 받고 그런 내용 납득이 안 간다”고...",www.osen.co.kr,2026-04-21T10:39:00,,TRANSACTION_CONTRACT,,1.0,,,True,이승현이 입단 당시 기대를 모았으나 성적이 저조하다.,이승현;이의리;김진욱,negative,,True,"롯데 vs 두산 (홈) 2-6 패 | 결승타: 정수빈(3회) | 홈런: 정수빈1호 | 타자 키플레이어: 정수빈(두산), 노진혁(롯데), 박준순(두산) | 투수 키플레이어: 벤자민(두산), 김택연(두산), 나균안(롯데)"
906,"""더 냉철하게 준비해라""…롯데 차기 핵심 의심치 않는다. 윤동희는 열흘...",“더 냉철하게 준비해야 한다.” 프로야구 롯데 자이언츠는 시즌 초반 연패가 거듭되고 있다. 개막 2연승... 지난해도 4월 6일까지 타율 1할7푼9리에 허덕이다가 2군에서 재조정을 거치고 올라왔고 6월 초 부상을 당하기...,www.osen.co.kr,2026-04-21T10:10:00,,INJURY_ROSTER,,1.0,,,True,롯데가 연패 중이며 선수들의 준비가 필요하다.,윤동희,negative,,True,"롯데 vs 두산 (홈) 2-6 패 | 결승타: 정수빈(3회) | 홈런: 정수빈1호 | 타자 키플레이어: 정수빈(두산), 노진혁(롯데), 박준순(두산) | 투수 키플레이어: 벤자민(두산), 김택연(두산), 나균안(롯데)"
907,"'팀 타율 8위' 롯데, 18경기 17개 라인업에도 득점 부진 지속","프로야구 롯데 자이언츠가 시즌 초반부터 공격 지표 하락을 겪으면서 순위 싸움에서 밀려나고 있다. KBO리그... 그만큼 불펜 소모가 커질 수밖에 없어, 시즌 중후반 컨디션 관리에서도 부담이 쌓이는 구조가 형성된...",www.topstarnews.net,2026-04-21T10:04:00,,ETC,,,gpt_missing_index,,True,롯데의 공격력이 저조해 순위 싸움에서 밀리고 있다.,노진혁,negative,,True,"롯데 vs 두산 (홈) 2-6 패 | 결승타: 정수빈(3회) | 홈런: 정수빈1호 | 타자 키플레이어: 정수빈(두산), 노진혁(롯데), 박준순(두산) | 투수 키플레이어: 벤자민(두산), 김택연(두산), 나균안(롯데)"
908,패배해서 사랑한다는 한화 vs 우승이 습관이라는 기아…소설가 10인10색...,"각 구단의 연고지와 응원 문화, 패배의 기억과 팬의 시간을 문학으로 옮긴 야구 선집이다. 이들은 야구를... 위수정은 롯데 자이언츠와 임수혁의 기억을 겹쳐 오래된 팬의 시간을 복원한다. 임현은 사라진 '타이거즈 정신...",www.news1.kr,2026-04-21T09:09:00,,ETC,,,gpt_missing_index,,True,롯데의 팬과 역사에 대한 문학적 접근이 이루어졌다.,,neutral,,True,"롯데 vs 두산 (홈) 2-6 패 | 결승타: 정수빈(3회) | 홈런: 정수빈1호 | 타자 키플레이어: 정수빈(두산), 노진혁(롯데), 박준순(두산) | 투수 키플레이어: 벤자민(두산), 김택연(두산), 나균안(롯데)"
909,"'시즌 첫 출격' 두산 대체 외인 벤자민, '경력직'의 힘 보여줄까",벤자민은 한국에 입국한 뒤 연습경기와 불펜 투구 등을 통해 투구 컨디션을 끌어 올렸다. 점검을 마친 벤자민은 21일 부산 사직구장에서 열리는 롯데 자이언츠와의 경기에서 시즌 첫 등판을 치른다. 돌아온...,www.newsis.com,2026-04-21T08:00:00,,ETC,,,gpt_missing_index,,True,벤자민이 롯데와의 경기에서 첫 등판을 앞두고 있다.,벤자민,neutral,,True,"롯데 vs 두산 (홈) 2-6 패 | 결승타: 정수빈(3회) | 홈런: 정수빈1호 | 타자 키플레이어: 정수빈(두산), 노진혁(롯데), 박준순(두산) | 투수 키플레이어: 벤자민(두산), 김택연(두산), 나균안(롯데)"
910,"1군 제외 정철원, 퓨처스리그 등판서 사사구 4개...직구 구속도 뚝",지난 19일 1군 엔트리에서 제외된 롯데 자이언츠 셋업맨 정철원(27)이 퓨처스리그에서도 고전했다. 정철원은... 셋업맨 경험이 많은 편인 정철원은 여전히 롯데 불펜진 핵심 선수다. 그런 그가 퓨처스리그행 지시를...,isplus.com,2026-04-21T07:59:00,,INJURY_ROSTER,,1.0,,,True,정철원이 퓨처스리그에서 부진한 모습을 보였다.,정철원,negative,,True,"롯데 vs 두산 (홈) 2-6 패 | 결승타: 정수빈(3회) | 홈런: 정수빈1호 | 타자 키플레이어: 정수빈(두산), 노진혁(롯데), 박준순(두산) | 투수 키플레이어: 벤자민(두산), 김택연(두산), 나균안(롯데)"
911,키움도 6주 외국인 투수 긴급 수혈? KBO 10개 팀 중 반이 개막 한 달도 ...,4월 11일 롯데 자이언츠전에서 7이닝 5피안타 6탈삼진 무실점 완벽투로 반등에 성공하는가 했으나 17일 수원 KT전에서 6이닝 12피안타(1홈런) 5실점으로 부진했다. 키움은 와일스의 부상이 예상보다 깊어 6주 알바 외국인...,www.maniareport.com,2026-04-21T07:43:00,,INJURY_ROSTER,,1.0,,,True,키움이 외국인 투수 긴급 수혈을 고려하고 있다.,,neutral,,True,"롯데 vs 두산 (홈) 2-6 패 | 결승타: 정수빈(3회) | 홈런: 정수빈1호 | 타자 키플레이어: 정수빈(두산), 노진혁(롯데), 박준순(두산) | 투수 키플레이어: 벤자민(두산), 김택연(두산), 나균안(롯데)"
912,"사라진 마무리의 위력…김서현부터 류진욱까지, 흔들리는 '클로저'",롯데 자이언츠의 마무리 김원중도 힘겨운 시즌 초반을 보내고 있다. 지난해 9월26일 삼성 라이온즈전 8회... 그리고 지난 1일 NC 다이노스전에 9회 등판해 ⅓이닝 1피안타 3사사구 1실점으로 끝내기 패배를 당한 뒤로는...,www.newsis.com,2026-04-21T07:00:00,,ETC,,,gpt_missing_index,,True,롯데의 마무리 투수가 시즌 초반 어려움을 겪고 있다.,김원중,negative,,True,"롯데 vs 두산 (홈) 2-6 패 | 결승타: 정수빈(3회) | 홈런: 정수빈1호 | 타자 키플레이어: 정수빈(두산), 노진혁(롯데), 박준순(두산) | 투수 키플레이어: 벤자민(두산), 김택연(두산), 나균안(롯데)"
913,"'패패패' 롯데, 하필 이때 한국 돌아온 천적 만난다…벤자민 극복해야 ...","3연패의 수렁에 빠진 롯데 자이언츠가 2년 만에 '천적'과 다시 만난다. 두산 베어스 유니폼을 입고... 2025시즌을 앞두고 KT와 재계약 불발로 한국을 떠났지만, 올해 크리스 플렉센이 부상으로 이탈한 두산과 단기 대체...",www.xportsnews.com,2026-04-21T07:00:00,,INJURY_ROSTER,,1.0,,,True,롯데가 3연패 중 두산과 맞붙어 어려운 상황에 처했다.,정수빈;노진혁,negative,,True,"롯데 vs 두산 (홈) 2-6 패 | 결승타: 정수빈(3회) | 홈런: 정수빈1호 | 타자 키플레이어: 정수빈(두산), 노진혁(롯데), 박준순(두산) | 투수 키플레이어: 벤자민(두산), 김택연(두산), 나균안(롯데)"
914,"[프로야구] '신인'의 깜짝 비상…'MZ멘탈'로 1군 마운드, 삼성 장찬희·...","[사진=롯데 자이언츠] 2026.04.20 willowdy@newspim.com 롯데 역시 잠재력 있는 신인 투수 등장을 반기고 있다.... 지난 시즌 롯데는 정철원, 김강현, 박진, 정현수 등 불펜의 희망을 보긴 했지만, 한계도 절감했다. 시즌...",www.newspim.com,2026-04-21T06:21:00,,ETC,,,gpt_missing_index,,True,롯데의 신인 투수들이 1군에서 기대를 모으고 있다.,,positive,,True,"롯데 vs 두산 (홈) 2-6 패 | 결승타: 정수빈(3회) | 홈런: 정수빈1호 | 타자 키플레이어: 정수빈(두산), 노진혁(롯데), 박준순(두산) | 투수 키플레이어: 벤자민(두산), 김택연(두산), 나균안(롯데)"
915,"'한현희 보상선수' 158㎞ 파이어볼러 ""(안)우진이형 투구 보니 불타올라...",최고 시속 158km의 강속구를 뿌리며 팀의 차세대 핵심 불펜으로 기대를 모았던 그는 이제 '아픈 선수'가 아닌 '던질 준비가 된 선수'로 돌아올 준비를 마쳤다. 야구팬들에게는 한현희(33·롯데 자이언츠)의 보상 선수로도 잘...,www.starnewskorea.com,2026-04-21T06:01:00,,ETC,,,gpt_missing_index,,True,한현희의 보상 선수로 기대되는 투수가 복귀 준비를 마쳤다.,,positive,,True,"롯데 vs 두산 (홈) 2-6 패 | 결승타: 정수빈(3회) | 홈런: 정수빈1호 | 타자 키플레이어: 정수빈(두산), 노진혁(롯데), 박준순(두산) | 투수 키플레이어: 벤자민(두산), 김택연(두산), 나균안(롯데)"
916,"“영양가 좋은 투구 한다”…올해에도 상승세 이어가고 있는 LG 송승기,...","염경엽 감독은 지난 15일 잠실 롯데 자이언츠전을 앞두고 “송승기가 작년에도 고비마다 등판해 승리를... 현재 장현식, 우강훈, 김진성, 유영찬으로 이어지는 불펜진이 견고하기에 좋은 투구를 펼칠 경우 LG의 승리...",www.mk.co.kr,2026-04-21T05:41:00,,ETC,,,gpt_missing_index,,True,LG 송승기가 롯데전에서 좋은 투구를 이어가고 있다.,송승기,negative,,True,"롯데 vs 두산 (홈) 2-6 패 | 결승타: 정수빈(3회) | 홈런: 정수빈1호 | 타자 키플레이어: 정수빈(두산), 노진혁(롯데), 박준순(두산) | 투수 키플레이어: 벤자민(두산), 김택연(두산), 나균안(롯데)"
917,"""한국 다시 가고 싶다"" 그런데 ERA 8.76이라니…前 롯데 '10승 좌완', 트...","다시 한번 KBO리그에 도전할 의향이 있다고 밝힌 롯데 자이언츠 출신 '10승 좌완'이 마이너리그에서 부진을... 팀이 8회 초에 동점을 만든 덕에 데이비슨의 패전은 지워졌지만, 8회 말 곧바로 대량 실점하며 8-12 패배로...",www.sportalkorea.com,2026-04-21T01:00:00,,ETC,,,gpt_missing_index,,True,롯데 출신 투수가 KBO리그 복귀 의사를 밝혔지만 부진하다.,,negative,,True,"롯데 vs 두산 (홈) 2-6 패 | 결승타: 정수빈(3회) | 홈런: 정수빈1호 | 타자 키플레이어: 정수빈(두산), 노진혁(롯데), 박준순(두산) | 투수 키플레이어: 벤자민(두산), 김택연(두산), 나균안(롯데)"
918,LG·한화 눈은 틀리지 않았다,삼성 라이온즈 미야지 유라는 불펜으로 기용되는 아시아 쿼터 선수 가운데 가장 돋보인다. 일본 프로야구... 롯데 자이언츠 쿄야마 마사야도 8경기에서 평균자책점 7.00을 기록해 제 몫을 하지 못했다. 지난 19일...,www.joongang.co.kr,2026-04-21T00:01:00,,PERFORMANCE_ANALYSIS,,0.9,,,True,롯데의 외국인 투수가 기대 이하의 성적을 기록하고 있다.,쿄야마 마사야,negative,,True,"롯데 vs 두산 (홈) 2-6 패 | 결승타: 정수빈(3회) | 홈런: 정수빈1호 | 타자 키플레이어: 정수빈(두산), 노진혁(롯데), 박준순(두산) | 투수 키플레이어: 벤자민(두산), 김택연(두산), 나균안(롯데)"
919,"윤동희 2군행…김태형, ‘고구마 야구’에 극약처방",- 정철원·교야마 등도 1군서 제외 - 21일부터 두산 3연전 반전 기대 롯데 자이언츠 김태형 감독이 주전 선수... 정철원은 박정민과 최준용을 비롯한 불펜 투수들이 자리를 잡아가는 동안 침체했다. 최근 두 경기 동안...,www.kookje.co.kr,2026-04-20T19:06:00,,INJURY_ROSTER,,0.9,,,True,롯데가 주전 선수를 제외하고 반전을 노린다.,정철원,negative,,True,"롯데 vs 한화 (홈) 1-9 패 | 홈런: 문현빈4호 | 타자 키플레이어: 문현빈(한화), 강백호(한화), 최재훈(한화) | 투수 키플레이어: 에르난데스(한화), 김종수(한화), 김서현(한화)"
920,영점 잡은 '뱀직구' 사이드암... '홀드 1위' 우강훈이 뜬다,탄탄한 불펜진을 앞세워 선두 경쟁을 이어가고 있다. 10개 구단 중 가장 적은 볼넷(59개)과 유일한 3점대 팀... 2021 신인 드래프트에서 롯데 자이언츠의 지명(5라운드 41순위)을 받고 프로에 입단한 우강훈은 지난...,www.ohmynews.com,2026-04-20T17:31:00,,TRANSACTION_CONTRACT,,1.0,,,True,우강훈이 롯데의 불펜에서 두각을 나타내고 있다.,우강훈,positive,,True,"롯데 vs 한화 (홈) 1-9 패 | 홈런: 문현빈4호 | 타자 키플레이어: 문현빈(한화), 강백호(한화), 최재훈(한화) | 투수 키플레이어: 에르난데스(한화), 김종수(한화), 김서현(한화)"
921,"웰스·왕옌청 잘 뽑았네…아시아쿼터 한 달, 누가 웃고 누가 울었나",삼성 라이온즈 미야지 유라는 불펜으로 기용되는 아시아 쿼터 선수 가운데 가장 돋보인다. 일본 프로야구... 롯데 자이언츠 쿄야마 마사야도 8경기에서 평균자책점 7.00을 기록해 제 몫을 하지 못했다. 지난 19일...,www.joongang.co.kr,2026-04-20T15:54:00,,PERFORMANCE_ANALYSIS,,0.9,,,True,롯데 자이언츠의 아시아 쿼터 선수들이 부진을 겪고 있다.,쿄야마 마사야,negative,,True,"롯데 vs 한화 (홈) 1-9 패 | 홈런: 문현빈4호 | 타자 키플레이어: 문현빈(한화), 강백호(한화), 최재훈(한화) | 투수 키플레이어: 에르난데스(한화), 김종수(한화), 김서현(한화)"
922,‘북갑’ 좌표 찍은 한동훈 양면 전쟁,한 전 대표는 지난달 14일 부산 사직구장에서 롯데 자이언츠와 LG 트윈스의 시범 경기를 관람했다. 그는 고... 1·2차 세계대전에서 모두 양면 전쟁을 벌이다가 패배한 나라는 바로 독일이었다. 특히 제2차 세계대전에선...,www.ilyosisa.co.kr,2026-04-20T11:52:00,,ETC,,0.9,,,True,한동훈 전 대표가 롯데와 LG의 시범 경기를 관람했다.,,neutral,,True,"롯데 vs 한화 (홈) 1-9 패 | 홈런: 문현빈4호 | 타자 키플레이어: 문현빈(한화), 강백호(한화), 최재훈(한화) | 투수 키플레이어: 에르난데스(한화), 김종수(한화), 김서현(한화)"
923,"다시 만난 'KS 라이벌'…한화 vs LG, 주중 잠실 맞대결[주간 야구전망대...","한화는 지난주 삼성 라이온즈를 만나 LG 트윈스(1990년 5월5일 잠실 롯데 자이언츠전·17개)를 넘고 KBO 역대... KT는 직전(19일) 키움 히어로즈와의 경기에서 5안타를 뽑아내는 데 그치며 1-3으로 패배, 연승을 이어가지...",www.newsis.com,2026-04-20T11:44:00,,ETC,,0.9,,,True,한화와 LG의 맞대결이 주중 잠실에서 펼쳐진다.,,neutral,,True,"롯데 vs 한화 (홈) 1-9 패 | 홈런: 문현빈4호 | 타자 키플레이어: 문현빈(한화), 강백호(한화), 최재훈(한화) | 투수 키플레이어: 에르난데스(한화), 김종수(한화), 김서현(한화)"
924,"총체적 난국에 빠진 한화이글스, 반등의 해법은?","반면, 롯데자이언츠는 계속된 부진으로 하위권을 벗어나지 못하고 있다. 최약체로 지목된 키움히어로즈는... 패배하기 위해 경기를 뛰는 선수는 없다. 실책을 일부러 하는 선수도 없다. 하지만, 지금 한화이글스의...",www.dtnews24.com,2026-04-20T09:54:00,,PERFORMANCE_ANALYSIS,,0.9,,,True,롯데 자이언츠가 하위권에서 벗어나지 못하고 있다.,,negative,,True,"롯데 vs 한화 (홈) 1-9 패 | 홈런: 문현빈4호 | 타자 키플레이어: 문현빈(한화), 강백호(한화), 최재훈(한화) | 투수 키플레이어: 에르난데스(한화), 김종수(한화), 김서현(한화)"
925,[김수인 칼럼] 작은 일 못참으면 큰 도모 어지럽힌다!,만만한 롯데 자이언츠로 고르는 것이었다. 시즌 마지막 두경기에서 롯데가 연승을 하면 롯데가 후기... 이 패배로 SK는 16분 먼저 끝난 경기에서 5위를 확정한 고양 소노와 6강 PO에서 맞붙게 됐다. 상대 전적에서 4승...,www.nongaek.com,2026-04-20T07:26:00,,ETC,,0.9,,,True,롯데 자이언츠가 연승을 노리고 있다.,,neutral,,True,"롯데 vs 한화 (홈) 1-9 패 | 홈런: 문현빈4호 | 타자 키플레이어: 문현빈(한화), 강백호(한화), 최재훈(한화) | 투수 키플레이어: 에르난데스(한화), 김종수(한화), 김서현(한화)"
926,"""레이예스 혼자 야구한다"" 사령탑 깊은 한숨→롯데, 고승민-나승엽 복귀...","그러니까 투수들의 부담이 더 클 것 같아요."" 롯데 자이언츠는 지난 2월 중순 대만 타이난에서 1차... 18일에 이어 19일 경기에서도 패배한 롯데는 공동 8위에서 9위로 추락했다. 김태형 롯데 감독은 ""투수들은 너무 잘...",www.xportsnews.com,2026-04-20T05:30:00,,INJURY_ROSTER,,1.0,,,True,롯데 자이언츠가 부진으로 9위로 추락했다.,,negative,,True,"롯데 vs 한화 (홈) 1-9 패 | 홈런: 문현빈4호 | 타자 키플레이어: 문현빈(한화), 강백호(한화), 최재훈(한화) | 투수 키플레이어: 에르난데스(한화), 김종수(한화), 김서현(한화)"
927,"'이럴수가' KBO 출신의 뼈아픈 역전 3점포... 메츠 충격의 10연패, 2004년...","레일리는 2015년부터 5시즌 동안 롯데 자이언츠 유니폼을 입고 KBO리그 무대를 밟았다. 통산 152경기 48승 53패... 이날 패배로 메츠는 2004년 11연패 이후 처음으로 10연패에 빠졌다. 그러면서 ""공수 양면에서 완벽한 경기를...",www.mydaily.co.kr,2026-04-19T20:10:00,,ETC,,0.9,,,True,KBO 출신 레일리가 메츠의 10연패에 기여했다.,레일리,neutral,,True,"롯데 vs 한화 (홈) 1-9 패 | 홈런: 문현빈4호 | 타자 키플레이어: 문현빈(한화), 강백호(한화), 최재훈(한화) | 투수 키플레이어: 에르난데스(한화), 김종수(한화), 김서현(한화)"
928,"‘마운드 우위’ LG, 삼성 8연승 저지…주말 시리즈 ‘장군멍군’",전날 패배를 만회하려는 엘지 타자들의 집중력도 빛이 났다. 4회초 삼성 국내 에이스 선발 원태인을... 이는 프로야구 원년인 1982년 롯데 자이언츠 김용희가 세운 개막 이후 연속 경기 안타 기록과 같다. 역대 최다...,www.hani.co.kr,2026-04-19T17:36:00,,ETC,,0.9,,,False,LG가 삼성의 8연승을 저지하며 좋은 성적을 냈다.,,,,True,"롯데 vs 한화 (홈) 1-9 패 | 홈런: 문현빈4호 | 타자 키플레이어: 문현빈(한화), 강백호(한화), 최재훈(한화) | 투수 키플레이어: 에르난데스(한화), 김종수(한화), 김서현(한화)"
929,"미리 보는 KS? ‘장군멍군’…LG, 선두 싸움 불 지폈다",이로써 12승 6패를 달성한 LG는 전날 2대 7 패배를 되갚고 삼성(12승 1무 5패)과의 격차를 0.5경기로 좁혔다.... 한화는 이날 부산 사직구장에서 롯데 자이언츠를 9대 1로 제압하고 시즌 8승(10패)째를 올렸다. 한화는 전날...,www.kmib.co.kr,2026-04-19T17:35:00,,ETC,,0.9,,,False,롯데가 한화에 9-1로 패배하며 시즌 부진을 이어갔다.,문현빈,,,True,"롯데 vs 한화 (홈) 1-9 패 | 홈런: 문현빈4호 | 타자 키플레이어: 문현빈(한화), 강백호(한화), 최재훈(한화) | 투수 키플레이어: 에르난데스(한화), 김종수(한화), 김서현(한화)"
930,"""이렇게 잘 할 줄 몰랐다""고 했지만, 폰세급 맞네! 韓 45년 최초 20이닝...",7일 롯데 자이언츠 상대로 5이닝 1실점 호투로 승리투수가 됐다. 그러나 14일 NC 다이노스전에서는 4이닝 동안 12피안타(1피홈런) 2사사구 2탈삼진 7실점으로 무너졌다. 시즌 첫 패배. 고영표가 키움 상대로 직전 등판...,www.osen.co.kr,2026-04-19T17:06:00,,PERFORMANCE_ANALYSIS,MATCH_RELATED,0.9,,,True,고영표가 롯데전에서 호투했으나 NC전에서 부진했다.,고영표,neutral,,True,"롯데 vs 한화 (홈) 1-9 패 | 홈런: 문현빈4호 | 타자 키플레이어: 문현빈(한화), 강백호(한화), 최재훈(한화) | 투수 키플레이어: 에르난데스(한화), 김종수(한화), 김서현(한화)"
931,한화 또 이겼다! 문현빈 4안타+에르난데스 6이닝 무실점→롯데 9-1 제압...,"김경문 감독이 이끄는 한화는 19일 부산 사직야구장에서 열린 2026 신한 SOL KBO리그 롯데 자이언츠와의... 전날 패배로 공동 8위로 추락한 롯데는 엔트리에 큰 변화를 줬다. 시즌 초반 부진 중인 쿄야마, 정철원...",www.xportsnews.com,2026-04-19T16:54:00,,INJURY_ROSTER,,1.0,,,True,한화가 롯데를 9-1로 제압하며 연승을 이어갔다.,문현빈;에르난데스,negative,,True,"롯데 vs 한화 (홈) 1-9 패 | 홈런: 문현빈4호 | 타자 키플레이어: 문현빈(한화), 강백호(한화), 최재훈(한화) | 투수 키플레이어: 에르난데스(한화), 김종수(한화), 김서현(한화)"
932,"아직 QS가 없다고? 12안타 난타 그 후…사령탑이 지적한 반등 요소 ""생각...",7일 롯데 자이언츠전에서는 5이닝 1실점으로 호투를 하며 첫 승을 했다. 14일 NC 다이노스전이 '악몽의 시간'이 됐다. 4이닝 동안 12안타(1홈런) 4사구 2개 2탈삼진 7실점으로 무너졌다. 동시에 시즌 첫 패배를 당했다....,www.sportschosun.com,2026-04-19T16:10:00,,PERFORMANCE_ANALYSIS,MATCH_RELATED,0.9,,,True,고영표가 롯데전에서 첫 승을 거두었으나 이후 NC전에서 무너졌다.,고영표,neutral,,True,"롯데 vs 한화 (홈) 1-9 패 | 홈런: 문현빈4호 | 타자 키플레이어: 문현빈(한화), 강백호(한화), 최재훈(한화) | 투수 키플레이어: 에르난데스(한화), 김종수(한화), 김서현(한화)"
933,"'초대형 계약' 노시환, 2군에서도 삼진-삼진-삼진, 1타점 적시타 있긴 한...","한화는 19일 롯데 자이언츠와의 원정경기를 마친 후 21일부터 잠실로 이동해 LG 트윈스와의 주중 3연전을... 1실점, 하동준이 1이닝 3실점(2자책점)을 기록했다. 정민규가 투런포를 터뜨렸으나 팀 패배로 빛이 바랬다.",www.osen.co.kr,2026-04-19T16:02:00,,TRANSACTION_CONTRACT,,1.0,,,True,한화의 노시환이 2군에서 부진한 모습을 보였다.,노시환,negative,,True,"롯데 vs 한화 (홈) 1-9 패 | 홈런: 문현빈4호 | 타자 키플레이어: 문현빈(한화), 강백호(한화), 최재훈(한화) | 투수 키플레이어: 에르난데스(한화), 김종수(한화), 김서현(한화)"
934,"'ERA 7.07' 고영표 부진 털어낼까…이강철 감독, ""생각 비우고 던지길"" ...",7일 롯데 자이언츠 상대로 5이닝 1실점 호투로 승리투수가 됐다. 그러나 14일 NC 다이노스전에서는 4이닝 동안 12피안타(1피홈런) 2사사구 2탈삼진 7실점으로 무너졌다. 시즌 첫 패배. 고영표가 키움 상대로 직전 등판...,www.osen.co.kr,2026-04-19T15:15:00,,PERFORMANCE_ANALYSIS,MATCH_RELATED,0.9,,,True,고영표가 롯데전에서 승리했지만 이후 NC전에서 패배했다.,고영표,neutral,,True,"롯데 vs 한화 (홈) 1-9 패 | 홈런: 문현빈4호 | 타자 키플레이어: 문현빈(한화), 강백호(한화), 최재훈(한화) | 투수 키플레이어: 에르난데스(한화), 김종수(한화), 김서현(한화)"
935,"[속보] '충격' 정철원-윤동희-쿄야마-김민성, 동시에 사라졌다→2군행....",프로야구 롯데 자이언츠가 대규모 엔트리 변동을 단행했다. 롯데는 19일 부산 사직구장에서 열리는 한화... 전날 경기에서도 3선수 모두 부진한 모습으로 팀의 0-5 패배를 막지 못했다. 대타 자원인 김민성 역시 1군...,www.osen.co.kr,2026-04-19T11:17:00,,INJURY_ROSTER,,1.0,,,True,롯데가 대규모 엔트리 변동을 단행하며 부진을 탈피하고자 했다.,정철원;윤동희;쿄야마,negative,,True,"롯데 vs 한화 (홈) 0-5 패 | 결승타: 페라자(3회) | 타자 키플레이어: 페라자(한화), 강백호(한화), 문현빈(한화) | 투수 키플레이어: 류현진(한화), 현도훈(롯데), 조동욱(한화)"
936,"레이예스 빼면 '타율 리그 꼴찌'... 답도 없는 롯데 타선, 하다못해 '타...",롯데 자이언츠 타선에 김태형(59) 감독의 한숨도 깊어진다. 롯데는 18일 부산 사직야구장에서 열린 2026 신한 SOL KBO리그 정규시즌 홈경기(총 2만 3200명 입장)에서 한화 이글스에 0-5로 패배했다. 선발 투수 제레미 비슬리...,www.starnewskorea.com,2026-04-19T09:38:00,,PERFORMANCE_ANALYSIS,MATCH_RELATED,0.9,,,True,롯데 타선이 부진하며 한화에 0-5로 패배했다.,제레미 비슬리,negative,,True,"롯데 vs 한화 (홈) 0-5 패 | 결승타: 페라자(3회) | 타자 키플레이어: 페라자(한화), 강백호(한화), 문현빈(한화) | 투수 키플레이어: 류현진(한화), 현도훈(롯데), 조동욱(한화)"
937,추악한 '고의 패배' 역사는 기억한다 [스한 위클리],"서울 SK의 정규리그 최종전 논란은 단순한 경기 운영을 넘어 프로스포츠의 근간을 흔드는 '고의 패배... 그 유명한 1984년 롯데 자이언츠 최동원의 한국시리즈 4승, 2002년 삼성 라이온즈 이승엽-마해영의 홈런, 2009년 KIA...",sports.hankooki.com,2026-04-19T06:00:00,,ETC,,0.9,,,False,롯데가 한화에 0-5로 패배하며 논란이 일고 있다.,페라자;강백호;문현빈,,,True,"롯데 vs 한화 (홈) 0-5 패 | 결승타: 페라자(3회) | 타자 키플레이어: 페라자(한화), 강백호(한화), 문현빈(한화) | 투수 키플레이어: 류현진(한화), 현도훈(롯데), 조동욱(한화)"
938,"""라커룸에서 보고 있었죠"" 야탑고 9년 만에 전국대회 결승, 프로 선배들...","6-12로 패배해 준우승에 머물렀다. 1997년 창단 후 다섯 번째 전국대회 결승이었다. 이때까지 전국대회... 2022년 졸업생 윤동희(23·롯데 자이언츠) 역시 ""당연히 소식을 들어 알고 있다. 나 때도 결승은커녕 4강도 가보지...",www.starnewskorea.com,2026-04-18T12:05:00,,ETC,,0.9,,,True,롯데가 한화에 0-5로 패배하며 아쉬운 결과를 남겼다.,페라자;강백호;문현빈,negative,,True,"롯데 vs 한화 (홈) 0-5 패 | 결승타: 페라자(3회) | 타자 키플레이어: 페라자(한화), 강백호(한화), 문현빈(한화) | 투수 키플레이어: 류현진(한화), 현도훈(롯데), 조동욱(한화)"
939,16경기 만에 역대급 '100볼넷' 쇼크…한화 송두리째 '휘청',이는 지난 1990년 LG 트윈스가 잠실 롯데 자이언츠전에서 허용한 한 경기 최다 4사구 17개를 넘어선 '불명예... 충격적인 패배를 당한 한화는 끝없이 무너지고 있다. 15일 경기에선 외국인 투수 윌켈 에르난데스가 ⅓이닝...,www.news1.kr,2026-04-18T07:05:00,,ETC,,0.9,,,True,롯데가 한화에 0-5로 패배하며 한화의 불명예 기록이 세워졌다.,페라자;강백호;문현빈,negative,,True,"롯데 vs 한화 (홈) 0-5 패 | 결승타: 페라자(3회) | 타자 키플레이어: 페라자(한화), 강백호(한화), 문현빈(한화) | 투수 키플레이어: 류현진(한화), 현도훈(롯데), 조동욱(한화)"
940,"한화 '비디오 판독 패싱' 그 장면, 삼성은 어떻게 봤나…""당연히 아웃인...",삼자범퇴로 9회말이 막을 내리며 패배가 확정됐다. 이튿날인 17일 대구서 만난 박진만 감독은 관련 질문에... 우천으로 인해 대구 LG-삼성전과 부산 한화-롯데 자이언츠전이 각각 취소됐기 때문. 18일 경기서 삼성은 7연승에...,www.spotvnews.co.kr,2026-04-18T01:16:00,,ETC,,0.9,,,True,롯데가 한화에 0-5로 패배하며 경기 종료.,페라자;강백호;문현빈,negative,,True,"롯데 vs 한화 (홈) 0-5 패 | 결승타: 페라자(3회) | 타자 키플레이어: 페라자(한화), 강백호(한화), 문현빈(한화) | 투수 키플레이어: 류현진(한화), 현도훈(롯데), 조동욱(한화)"
941,"마운드 붕괴·타선 침묵·불안한 수비까지…한화, 기약 없는 반등","패배도 패배지만, 지난해 한국시리즈 준우승 팀 답지 않은 경기력으로 팬들에게 깊은 실망감을 안기고... 지난 1990년 5월5일 잠실에서 LG 트윈스 마운드가 롯데 자이언츠를 상대로 내줬던 기록(17개)을 무려 36년 만에...",www.newsis.com,2026-04-17T13:00:00,,ETC,,0.9,,,False,롯데가 LG에 4-7로 패배하며 실망스러운 경기력을 보였다.,레이예스;문성주;윤동희,,,True,"롯데 vs LG (원정) 4-7 패 | 결승타: 문성주(6회) | 홈런: 레이예스5호 | 타자 키플레이어: 레이예스(롯데), 문성주(LG), 윤동희(롯데) | 투수 키플레이어: 치리노스(LG), 우강훈(LG), 정철원(롯데)"
942,배동현 없었으면 어쩔 뻔했나…키움 선발진 채운 '복덩이 퍼즐',광주 3연전을 모두 패배로 마무리했다. 시즌 4승 12패를 기록한 키움은 리그 순위표 가장 낮은 자리를... 지난 12일 고척 롯데 자이언츠전에선 빛나는 조연을 자처했다. 955일 만에 1군 무대에 돌아온 키움 간판 안우진의...,www.newsis.com,2026-04-17T08:00:00,,ETC,,0.9,,,False,롯데가 LG에 4-7로 패배하며 시즌 성적이 좋지 않다.,레이예스;문성주;윤동희,,,True,"롯데 vs LG (원정) 4-7 패 | 결승타: 문성주(6회) | 홈런: 레이예스5호 | 타자 키플레이어: 레이예스(롯데), 문성주(LG), 윤동희(롯데) | 투수 키플레이어: 치리노스(LG), 우강훈(LG), 정철원(롯데)"
943,[현장 포커스] 득점권 타율 단 0.133... 롯데 공격 '혈' 막는 주장 전준...,"롯데가 오랜만에 타선에서 의미 있는 득점을 만들어냈지만, 결과는 아쉬운 패배였다. 득점력 회복의... [사진 = 롯데 자이언츠] 2026.04.16 wcn05002@newspim.com 이날 경기에서 롯데는 무려 8일 만에 4득점 이상을 기록했다....",www.newspim.com,2026-04-17T07:49:00,,PERFORMANCE_ANALYSIS,MATCH_RELATED,0.9,,,True,롯데가 LG에 4-7로 패배하며 득점력 회복이 필요하다.,레이예스,negative,,True,"롯데 vs LG (원정) 4-7 패 | 결승타: 문성주(6회) | 홈런: 레이예스5호 | 타자 키플레이어: 레이예스(롯데), 문성주(LG), 윤동희(롯데) | 투수 키플레이어: 치리노스(LG), 우강훈(LG), 정철원(롯데)"
944,"""방패 없는 창은 스스로를 찌른다"" 마운드·수비 연쇄 붕괴, 길 잃은 한...",16일 삼성 라이온즈전 1-6 패배를 포함해 최근 6연패의 늪에 빠진 한화는 어느새 공동 7위(6승 10패)까지... 초반 최대 위기를 맞은 한화는 17일부터 부산 사직구장으로 이동해 롯데 자이언츠와 원정 3연전을 치른다. 여기서...,www.fnnews.com,2026-04-17T07:01:00,,ETC,,0.9,,,False,롯데가 LG에 4-7로 패배하며 한화와의 경기를 앞두고 있다.,레이예스,,,True,"롯데 vs LG (원정) 4-7 패 | 결승타: 문성주(6회) | 홈런: 레이예스5호 | 타자 키플레이어: 레이예스(롯데), 문성주(LG), 윤동희(롯데) | 투수 키플레이어: 치리노스(LG), 우강훈(LG), 정철원(롯데)"
945,"""우승 못 해도 내 팀이니까""…국제대회 참패도 못 꺾은 팬심[K-야구 열풍...","롯데 자이언츠 팬이라고 밝힌 강 씨는 ""TV로 보는 것도 좋지만, 야구장 안에서 느낄 수 있는 현장감이 있다.... 비록 2013년, 2017년, 2023년 WBC 3연속 1라운드 탈락과 올해 WBC 8강에서 당한 콜드게임 패배에도 야구장을 찾는...",www.newsis.com,2026-04-17T07:00:00,,ETC,,0.9,,,True,롯데 팬들은 국제대회 패배에도 야구장을 찾는다.,,neutral,,True,"롯데 vs LG (원정) 4-7 패 | 결승타: 문성주(6회) | 홈런: 레이예스5호 | 타자 키플레이어: 레이예스(롯데), 문성주(LG), 윤동희(롯데) | 투수 키플레이어: 치리노스(LG), 우강훈(LG), 정철원(롯데)"
946,"폭투 막고 홈 쇄도 태그...자책한 포수까지 감싼 로드리게스, 투지와 동...","16일 잠실구장에서 열린 LG 트윈스와 롯데 자이언츠의 경기. 롯데 선발 로드리게스는 5이닝 6피안타 3볼넷... 결과는 패배였지만, 마운드 위에서 보여준 로드리게스의 투지와 동료를 배려하는 모습은 강하게 남았다.",www.sportschosun.com,2026-04-17T05:41:00,,PERFORMANCE_ANALYSIS,MATCH_RELATED,0.9,,,True,로드리게스의 투지는 패배 속에서도 빛났다.,로드리게스,negative,,True,"롯데 vs LG (원정) 4-7 패 | 결승타: 문성주(6회) | 홈런: 레이예스5호 | 타자 키플레이어: 레이예스(롯데), 문성주(LG), 윤동희(롯데) | 투수 키플레이어: 치리노스(LG), 우강훈(LG), 정철원(롯데)"
947,'3루타 대신 팀 배팅' 사이클링히트보다 팀이 먼저였던 레이예스...패한...,"롯데 자이언츠 리드오프 레이예스가 맹타를 휘두르고도 패하자 아쉬움을 삼켰다. 마지막 타석에서도 3루타... 맹타보다 더 강하게 남은 건, 팀을 먼저 생각한 리드오프의 헌신과 패배의 아쉬움이었다.",www.sportschosun.com,2026-04-17T03:20:00,,PERFORMANCE_ANALYSIS,MATCH_RELATED,0.9,,,True,레이예스는 팀을 먼저 생각하며 아쉬움을 삼켰다.,레이예스,negative,,True,"롯데 vs LG (원정) 4-7 패 | 결승타: 문성주(6회) | 홈런: 레이예스5호 | 타자 키플레이어: 레이예스(롯데), 문성주(LG), 윤동희(롯데) | 투수 키플레이어: 치리노스(LG), 우강훈(LG), 정철원(롯데)"
948,'똑딱이?' 누가 레이예스 바꾸자고 했나→벌써 '시즌 5호 아치' 쾅!…홈...,"롯데 자이언츠 외국인 타자 빅터 레이예스가 시즌 초반 남다른 홈런 페이스를 뽐내고 있다. 레이예스는... 레이예스는 이날 팀의 모든 득점 과정을 책임지며 '원맨쇼'를 펼쳤지만, 팀 패배로 활약에 빛이 바랬다....",www.xportsnews.com,2026-04-17T02:20:00,,PERFORMANCE_ANALYSIS,MATCH_RELATED,0.9,,,True,레이예스의 홈런에도 불구하고 팀은 패배했다.,레이예스,negative,,True,"롯데 vs LG (원정) 4-7 패 | 결승타: 문성주(6회) | 홈런: 레이예스5호 | 타자 키플레이어: 레이예스(롯데), 문성주(LG), 윤동희(롯데) | 투수 키플레이어: 치리노스(LG), 우강훈(LG), 정철원(롯데)"
949,"헬멧 내리치고, 머리 감싸쥐고…무기력한 6연패에 남은 자책, 근성 가득...",한화 이글스는 16일 대전 한화생명볼파크에서 열린 삼성 라이온즈와의 홈경기에서 1대6으로 패배했다. 6연패. 한화는 6승10패로 롯데 자이언츠와 함께 공동 7위에 머물렀다. 삼성과의 3연전. 한화는 무기력한 모습의...,www.sportschosun.com,2026-04-17T01:55:00,,ETC,,0.9,,,False,한화는 롯데와 함께 공동 7위에 머물렀다.,,,,True,"롯데 vs LG (원정) 4-7 패 | 결승타: 문성주(6회) | 홈런: 레이예스5호 | 타자 키플레이어: 레이예스(롯데), 문성주(LG), 윤동희(롯데) | 투수 키플레이어: 치리노스(LG), 우강훈(LG), 정철원(롯데)"
950,김경문 플랜A가 하나도 안 통한다…한화 대전에서 충격의 패패패패패패...,"한화는 이날 패배로 최근 2연속 스윕패, 6연패다. 6승10패다. 롯데 자이언츠와 공동 7위다. 초반이라 순위가 큰 의미는 없지만, 분명한 건 지금 한화 야구는 김경문 감독이 호주 멜버른~일본 오키나와에서 구상한 야구가...",www.mydaily.co.kr,2026-04-17T00:31:00,,ETC,,0.9,,,False,한화는 롯데와 공동 7위로 6연패에 빠졌다.,,,,True,"롯데 vs LG (원정) 4-7 패 | 결승타: 문성주(6회) | 홈런: 레이예스5호 | 타자 키플레이어: 레이예스(롯데), 문성주(LG), 윤동희(롯데) | 투수 키플레이어: 치리노스(LG), 우강훈(LG), 정철원(롯데)"
951,2경기 연속 '에이스 모드' 김진욱…“내가 바로 사직 스쿠발”,프로야구 롯데 자이언츠 김진욱이 2경기 연속 호투로 에이스의 탄생을 알렸다. 리그 1위 LG 트윈스 타선을... LG와의 지난 14일 2-3의 1점차 패배를 설욕하며 지난 12일 키움 히어로즈전에서 시작된 2연패를 끊었다. 선발...,www.busan.com,2026-04-16T14:46:00,,PERFORMANCE_ANALYSIS,MATCH_RELATED,0.9,,,True,김진욱이 2경기 연속 호투로 에이스로 자리매김했다.,김진욱,positive,,True,"롯데 vs LG (원정) 2-0 승 | 결승타: 손성빈(3회) | 홈런: 손성빈1호 | 타자 키플레이어: 장두성(롯데), 박해민(LG), 한태양(롯데) | 투수 키플레이어: 김진욱(롯데), 웰스(LG), 박정민(롯데)"
952,올해 롯데 에이스 누구? 김진욱! 8연패 탈출시키더니 LG전 역투로 2연패...,자이언츠 마운드의 에이스는 누구일까. 지금까지로는 단연 김진욱을 꼽지 않을 수 없다. 김진욱이 또 롯데의 연패를 끊어냈다. 롯데는 15일 열린 LG 트윈스와 잠실 원정경기에서 2-0 승리를 거뒀다. 전날 LG전 1-2 패배를...,www.mediapen.com,2026-04-16T10:28:00,,PERFORMANCE_ANALYSIS,MATCH_RELATED,0.9,,,True,김진욱이 연패를 끊고 에이스로서의 존재감을 드러냈다.,김진욱,positive,,True,"롯데 vs LG (원정) 2-0 승 | 결승타: 손성빈(3회) | 홈런: 손성빈1호 | 타자 키플레이어: 장두성(롯데), 박해민(LG), 한태양(롯데) | 투수 키플레이어: 김진욱(롯데), 웰스(LG), 박정민(롯데)"
953,염경엽 “노력하면 안 되는 게 없다? 안 되는 것 있더라” 공황장애 고...,"한편 LG는 롯데 자이언츠와의 경기에서 패배, 8연승 행진에 제동이 걸렸다. LG의 구단 최다 연승은 10연승이다. 다만, 연승을 이어가기 위해 무리한 불펜 운영이 이어지면 팀의 뿌리가 흔들리고 한 시즌 전체가 휘청일 수...",biz.heraldcorp.com,2026-04-16T09:18:00,,INTERVIEW,MATCH_RELATED,0.9,,,True,롯데가 LG의 8연승을 저지하며 승리했다.,손성빈;장두성;김진욱,positive,,True,"롯데 vs LG (원정) 2-0 승 | 결승타: 손성빈(3회) | 홈런: 손성빈1호 | 타자 키플레이어: 장두성(롯데), 박해민(LG), 한태양(롯데) | 투수 키플레이어: 김진욱(롯데), 웰스(LG), 박정민(롯데)"
954,"""공황장애도 이겼다""…염경엽, LG 통합우승 뒤 약 끊었다","서울 잠실구장에서 열린 15일 롯데 자이언츠전 준비 과정에서 염경엽 감독은 취재진과 만나 우승 뒤에 숨겨져... 한때는 실패를 용납하지 못해 패배한 날이면 밤잠을 설치곤 했지만, 지금은 ""최선을 다하고 안 되면...",www.topstarnews.net,2026-04-16T08:06:00,,INTERVIEW,,0.9,,,True,염경엽 감독이 LG와의 경기 준비 과정에서 소회를 밝혔다.,염경엽,neutral,,True,"롯데 vs LG (원정) 2-0 승 | 결승타: 손성빈(3회) | 홈런: 손성빈1호 | 타자 키플레이어: 장두성(롯데), 박해민(LG), 한태양(롯데) | 투수 키플레이어: 김진욱(롯데), 웰스(LG), 박정민(롯데)"
955,"'믿음 깨진' 믿음의 야구, '김경문 교체론' 고개 들다 [N-포커스]","또 삼성은 볼넷 16개, 몸에 맞는 공 2개로 총 18개의 4사구를 얻어내면서 1990년 5월 5일 롯데 자이언츠가 LG... 이런 변화에도 15일 한화는 또 삼성에게 굴욕적인 패배를 당했다. 5-13 대패를 당했다. 한화는 5연패에 빠졌다. 이...",www.newdaily.co.kr,2026-04-16T08:06:00,,ETC,,0.9,,,False,한화가 삼성에게 패배하며 5연패에 빠졌다.,,,,True,"롯데 vs LG (원정) 2-0 승 | 결승타: 손성빈(3회) | 홈런: 손성빈1호 | 타자 키플레이어: 장두성(롯데), 박해민(LG), 한태양(롯데) | 투수 키플레이어: 김진욱(롯데), 웰스(LG), 박정민(롯데)"
956,"김서현 46구, 황준서 이틀간 74구… 김경문 감독, 한화 미래까지 갉아먹...",이로써 5연패에 빠진 한화는 6승9패를 기록하며 롯데 자이언츠와 함께 공동 7위에 위치했다. 반면 5연승을... 전날 치명적인 패배를 당했기에 이날 어떻게든 만회하는 모습을 보여줘야만 했다. 조금 무리하더라도 팀의...,sports.hankooki.com,2026-04-16T06:00:00,,ETC,,0.9,,,False,한화가 롯데와 동률을 이루며 5연패에 빠졌다.,,,,True,"롯데 vs LG (원정) 2-0 승 | 결승타: 손성빈(3회) | 홈런: 손성빈1호 | 타자 키플레이어: 장두성(롯데), 박해민(LG), 한태양(롯데) | 투수 키플레이어: 김진욱(롯데), 웰스(LG), 박정민(롯데)"
957,"'우승후보' 삼성, 시즌 첫 선두 도약…'9연승 무산' LG, 2위로(종합)","5연승을 질주한 삼성은 10승1무5패를 기록, 이날 롯데 자이언츠에 덜미를 잡힌 '디펜딩 챔피언' LG 트윈스... 두산 손아섭은 이적 후 두 번째 경기에서 3타수 1안타 1볼넷으로 2경기 연속 멀티 출루를 했지만 팀 패배를...",www.news1.kr,2026-04-15T22:35:00,,TRANSACTION_CONTRACT,,1.0,,,True,삼성이 LG를 제치고 단독 선두로 올라섰다.,,neutral,,True,"롯데 vs LG (원정) 2-0 승 | 결승타: 손성빈(3회) | 홈런: 손성빈1호 | 타자 키플레이어: 장두성(롯데), 박해민(LG), 한태양(롯데) | 투수 키플레이어: 김진욱(롯데), 웰스(LG), 박정민(롯데)"
958,"‘1위는 우리 것!’ 삼성, ‘전병우 3안타 4타점+장찬희 역투’ 앞세워...","날 롯데 자이언츠에 0-2로 패한 LG 트윈스(10승 5패)를 제치고 단독 선두로 올라섰다. 반면 5연패 늪에 빠진... 1안타 1홈런 2타점), 페라자(4타수 1안타 1타점)는 분전했으나, 팀 패배로 빛이 바랬다. [이한주 MK스포츠 기자]",www.mk.co.kr,2026-04-15T22:00:00,,ETC,,0.9,,,False,LG가 롯데에 패하며 5연패에 빠졌다.,,,,True,"롯데 vs LG (원정) 2-0 승 | 결승타: 손성빈(3회) | 홈런: 손성빈1호 | 타자 키플레이어: 장두성(롯데), 박해민(LG), 한태양(롯데) | 투수 키플레이어: 김진욱(롯데), 웰스(LG), 박정민(롯데)"
959,"'1회 7실점' 한화 이래선 이길 수 없다, '패패패패패' 어쩌나…루키 장...","5연패를 당한 한화는 6승 9패로 롯데 자이언츠(6승 9패)와 동률을 이뤘다. 경기 전까지 단독 7위였지만, 패배로 공동 7위가 됐다. ▲선발 라인업 삼성 : 박승규(우익수)-김지찬(중견수)-최형우(지명타자)-르윈 디아즈...",www.mydaily.co.kr,2026-04-15T22:00:00,,ETC,,0.9,,,False,한화가 롯데와 동률을 이루며 5연패에 빠졌다.,,,,True,"롯데 vs LG (원정) 2-0 승 | 결승타: 손성빈(3회) | 홈런: 손성빈1호 | 타자 키플레이어: 장두성(롯데), 박해민(LG), 한태양(롯데) | 투수 키플레이어: 김진욱(롯데), 웰스(LG), 박정민(롯데)"
960,"롯데가 LG 9연승을 저지했다! 김진욱 6⅔이닝 무실점 완벽투, 손성빈 결...","롯데 자이언츠가 LG 트윈스의 9연승을 저지했다. 롯데는 15일 서울 잠실구장에서 열린 2026 신한 SOL KBO리그 LG와 원정경기서 2-0으로 이겼다. 전날 패배를 설욕한 롯데는 2연패에서 탈출했고, LG의 9연승을 막아냈다. LG는...",www.mydaily.co.kr,2026-04-15T21:09:00,,ETC,,,gpt_missing_index,,True,롯데가 LG의 9연승을 저지하며 승리했다.,손성빈;김진욱,positive,,True,"롯데 vs LG (원정) 2-0 승 | 결승타: 손성빈(3회) | 홈런: 손성빈1호 | 타자 키플레이어: 장두성(롯데), 박해민(LG), 한태양(롯데) | 투수 키플레이어: 김진욱(롯데), 웰스(LG), 박정민(롯데)"
961,"롯데, LG 10년 만의 9연승 저지…김진욱 6⅔이닝 무실점 역투",프로야구 롯데 자이언츠가 선발 투수 김진욱의 눈부신 호투를 내세워 LG 트윈스의 9연승 도전을... 이날 승리로 롯데(6승 9패)는 전날 1-2 패배를 설욕하며 2연패 수렁에서 벗어났다. 반면 LG는 거침없던 연승 행진이...,www.newsis.com,2026-04-15T21:09:00,,ETC,,,gpt_missing_index,,True,롯데가 LG의 9연승 도전을 저지하며 승리했다.,김진욱;손성빈;장두성,positive,,True,"롯데 vs LG (원정) 2-0 승 | 결승타: 손성빈(3회) | 홈런: 손성빈1호 | 타자 키플레이어: 장두성(롯데), 박해민(LG), 한태양(롯데) | 투수 키플레이어: 김진욱(롯데), 웰스(LG), 박정민(롯데)"
962,"'손호영 중견수' 롯데 김태형 감독 ""황성빈 허벅지 통증으로 휴식…장두...",롯데 자이언츠의 리드오프 황성빈을 대신해 손호영이 선발 라인업에 이름을 올렸다. 롯데는 15일 서울... 맞으면서 패배했다. 허나 박정민은 홈런을 맞은 뒤 문보경을 상대로 볼카운트가 2볼로 불리했음에도 스트라이크...,www.stoo.com,2026-04-15T17:26:00,,ETC,,,gpt_missing_index,,True,손호영이 황성빈 대신 선발로 나섰다.,손호영,neutral,,True,"롯데 vs LG (원정) 2-0 승 | 결승타: 손성빈(3회) | 홈런: 손성빈1호 | 타자 키플레이어: 장두성(롯데), 박해민(LG), 한태양(롯데) | 투수 키플레이어: 김진욱(롯데), 웰스(LG), 박정민(롯데)"
963,"롯데 포수는 오늘도 손성빈, 라인업 공개...손호영 중견수-레이예스 톱...",프로야구 롯데 자이언츠는 15일 잠실구장에서 LG 트윈스와 시즌 2차전 맞대결을 한다. 롯데는 전날 타선이 찬스에서 침묵하며 1-2로 패배했다. 롯데는 LG 좌완 선발 라클란 웰스 상대로 레이예스(좌익수) 손호영(중견수)...,www.osen.co.kr,2026-04-15T16:53:00,,ETC,,,gpt_missing_index,,True,롯데가 LG와의 2차전 라인업을 공개했다.,손호영;레이예스,neutral,,True,"롯데 vs LG (원정) 2-0 승 | 결승타: 손성빈(3회) | 홈런: 손성빈1호 | 타자 키플레이어: 장두성(롯데), 박해민(LG), 한태양(롯데) | 투수 키플레이어: 김진욱(롯데), 웰스(LG), 박정민(롯데)"
964,"[AI프리뷰] 15일 잠실 롯데-LG전, '부활 신호탄' 김진욱, LG 8연승 제동걸...","[사진 = 롯데자이언츠] 2026.04.15 wcn05002@newspim.com ◆팀 현황 -LG 트윈스 (10승 4패, 1위) LG는 14일 기준 10승 4패... 1차전에서도 1점 차를 끝내 뒤집지 못하면서 2-1로 패했고, 최근 패배 경기들의 공통점은 '한 점이 부족한...",www.newspim.com,2026-04-15T13:56:00,,ETC,,,gpt_missing_index,,True,김진욱이 LG의 8연승을 저지할 기회를 가졌다.,김진욱,neutral,,True,"롯데 vs LG (원정) 1-2 패 | 결승타: 오스틴(8회) | 홈런: 오스틴5호 | 타자 키플레이어: 오스틴(LG), 노진혁(롯데), 문보경(LG) | 투수 키플레이어: 송승기(LG), 유영찬(LG), 나균안(롯데)"
965,"'이닝마다 볼넷과 몸 맞는 공으로 평균 2명씩 내보낸' 한화, 어떻게 이길...",5-6 패배로 고개를 숙였다. 한 경기 팀 최다 4사구 18개로 이 부문 기록을 갈아치웠다. 불명예다. 종전까지는 1990년 5월 5일 LG 트윈스가 롯데 자이언츠전에서 기록한 팀 최다 4사구 17개 허용이 기록이었다. 볼넷으로만...,www.thesportstimes.co.kr,2026-04-15T12:41:00,,ETC,,,gpt_missing_index,,True,한화가 롯데와의 경기에서 불명예 기록을 세웠다.,,negative,,True,"롯데 vs LG (원정) 1-2 패 | 결승타: 오스틴(8회) | 홈런: 오스틴5호 | 타자 키플레이어: 오스틴(LG), 노진혁(롯데), 문보경(LG) | 투수 키플레이어: 송승기(LG), 유영찬(LG), 나균안(롯데)"
966,"""좋은 투수 확실하다, 무조건 KBO서 성공할 투수"" 홈런 친 타자도 장담…...","비록 패전투수는 됐지만, 박정민은 여전히 롯데 불펜의 핵심 역할을 수행할 예정이다. 이날의 패배가 어쩌면 박정민에게는 자극제가 될 수도 있다. 사진=엑스포츠뉴스 DB / LG 트윈스 / 롯데 자이언츠",www.xportsnews.com,2026-04-15T12:01:00,,ETC,,,gpt_missing_index,,True,박정민이 패전투수로서도 롯데의 핵심 역할을 이어간다.,박정민,neutral,,True,"롯데 vs LG (원정) 1-2 패 | 결승타: 오스틴(8회) | 홈런: 오스틴5호 | 타자 키플레이어: 오스틴(LG), 노진혁(롯데), 문보경(LG) | 투수 키플레이어: 송승기(LG), 유영찬(LG), 나균안(롯데)"
967,"‘6연속 무실점’ 롯데 괴물 신인, 홈런으로 데뷔 첫 실점했지만 'KKK'.....",프로야구 롯데 자이언츠의 신인 투수 박정민(23)이 6경기 연속 무실점이 중단되고 데뷔 첫 실점을 허용했다.... 롯데는 1-2로 패배했다. 지난 12일 고척 키움전에서 1⅔이닝 무실점으로 데뷔 첫 승을 기록한 박정민은 “운이...,www.osen.co.kr,2026-04-15T10:44:00,,ETC,,,gpt_missing_index,,True,박정민이 데뷔 첫 실점을 허용했지만 여전히 주목받고 있다.,박정민,negative,,True,"롯데 vs LG (원정) 1-2 패 | 결승타: 오스틴(8회) | 홈런: 오스틴5호 | 타자 키플레이어: 오스틴(LG), 노진혁(롯데), 문보경(LG) | 투수 키플레이어: 송승기(LG), 유영찬(LG), 나균안(롯데)"
968,"‘이럴 수가’ 도박 4인방 이탈했지만...50억+40억 FA, 김태형 구상에 없...","일본 미야자키에서 2차 스프링캠프를 진행 중인 프로야구 롯데 자이언츠. 고액 연봉자들이 시범경기에 앞서 연습경기를 통해 실전 감각을 끌어올리는 무대이지만, 롯데 애증의 FA 듀오는 모두 미야자키에 없다....",www.osen.co.kr,2026-02-27T07:11:00,,TRANSACTION_CONTRACT,,1.0,,,True,롯데가 스프링캠프에서 고액 연봉자들이 빠졌다.,,negative,,False,해당 날짜 경기 없음
969,"'롯데서 최고 유격수 활약' 마차도, 은퇴하고 지도자 새 출발…컵스 산...","KBO리그 롯데 자이언츠에서 최고 유격수로 활약했던 딕슨 마차도(34)가 은퇴하고 미국에서 지도자로 새 출발을 한다. 메이저리그 트레이드 루머스(MLBTR)는 지난 19일(한국시간) ""시카고 컵스가 딕슨 마차도를 구단...",www.mediapen.com,2026-02-21T10:48:00,,TRANSACTION_CONTRACT,,1.0,,,True,딕슨 마차도가 은퇴 후 지도자로 새 출발합니다.,딕슨 마차도,neutral,,False,해당 날짜 경기 없음
970,"롯데 유니폼 벗고도, 韓 잊지 못했던 유격수…'복덩이' 마차도 현역 마...","롯데 자이언츠 유니폼을 벗은지 4년의 시간이 지났음에도 불구하고 한국을 잊지 못했던 딕슨 마차도가 현역 커리어에 마침표를 찍고, 지도자로 유망주 육성을 시작한다. 미국 '메이저리그 트레이드 루머스(MLBTR)'는...",www.spotvnews.co.kr,2026-02-21T01:24:00,,ETC,INTERVIEW,0.9,,,True,마차도가 롯데를 잊지 못하고 지도자로 나섭니다.,딕슨 마차도,neutral,,False,해당 날짜 경기 없음
971,"부산을 너무 사랑했던 롯데 최고 유격수, 34세에 은퇴라니…마이너 감독...","롯데 자이언츠에서 활약하면서 메이저리그급 수비를 선보였던 유격수 딕슨 마차도가 34세에 현역에서 은퇴, 마이너리그 사령탑으로 부임했다. 메이저리그 시카고 컵스는 19일(이하 한국시간), 딕슨 마차도를...",www.osen.co.kr,2026-02-20T14:42:00,,ETC,INTERVIEW,0.9,,,True,마차도가 34세에 은퇴하고 마이너리그 감독으로 부임합니다.,딕슨 마차도,neutral,,False,해당 날짜 경기 없음
972,"짧지만 굵었던 18G, 美도 황재균 은퇴 조명했다…""한국서 길고 성공적 커...","히어로즈를 거쳐 롯데 자이언츠에서 전성기를 맞이했다. 2016시즌을 마치고 미국 도전을 선언했다. 당시 황재균은 ""재작년 메이저리그 포스팅 도전을 허락해 주고 올해도 진심으로 다가와 준 구단에 감사드린다....",www.mydaily.co.kr,2025-12-29T11:41:00,,ETC,PERFORMANCE_ANALYSIS,0.9,,,True,황재균이 한국에서의 성공적인 커리어를 회상합니다.,황재균,neutral,,False,해당 날짜 경기 없음
973,"4년 계약 마지막 해 앞둔 유강남-노진혁, 반등 흐름 이어 롯데에 긴장감...","롯데 자이언츠 유강남(33), 노진혁(36)의 내년 시즌 활약이 중요해졌다. 유강남, 노진혁은 나란히 4년 계약의 마지막 해를 앞두고 있다. 이들 2명은 2023시즌을 앞두고 롯데와 4년의 프리에이전트(FA) 계약을 맺었다....",sports.donga.com,2025-12-03T00:00:00,,PERFORMANCE_ANALYSIS,,0.9,,,True,유강남과 노진혁의 내년 시즌 활약이 중요해졌습니다.,유강남;노진혁,neutral,,False,해당 날짜 경기 없음
974,"'80억 유격수' 보낸 KIA, '만19세 유망주' 품었다","(키움)이 롯데 자이언츠로 이적했을 때도 우완 유망주 김현수(kt 외야수와 동명이인)를 보상선수로... 상황에서도 콜 어빈과 잭 로그, 최승용, 최원준, 최준호, 김유성 등으로 선발진을 꾸렸다. 홍민규는 시즌 개막 후...",www.ohmynews.com,2025-11-27T09:36:00,,TRANSACTION_CONTRACT,,1.0,,,True,KIA가 유망주를 영입하며 롯데와의 거래를 진행했습니다.,,neutral,,False,해당 날짜 경기 없음
975,"벌크업→美 유학→구속 상승...""다 좋아졌다"" 박준우, 롯데 운명의 날에...",롯데 자이언츠 박준우는 26일 부산 사직구장에서 열리는 ‘2025 신한 SOL뱅크 KBO리그’ 정규시즌 삼성 라이온즈와의 경기에 선발 등판한다. 롯데의 홈 최종전에 데뷔 첫 선발 등판 기회가 왔다. 롯데는 가을야구 탈락...,www.osen.co.kr,2025-09-26T14:21:00,,ETC,MATCH_RELATED,0.9,,,True,박준우가 롯데의 홈 최종전에서 선발로 나섭니다.,박준우,neutral,,True,해당 날짜 경기 없음
976,"이제 막 22살 '유격수 거포'… 이재현, 삼성 역대 유격수 '최다홈런' 기...",이재현은 24일 대구 삼성라이온즈파크에서 열린 2025 신한 SOL뱅크 KBO리그 롯데 자이언츠와의 경기에서... 이틀연속 1번 유격수로 선발 출전한 이재현은 23일 두산과의 경기에서 콜 어빈의 한가운데 몰린 132km...,www.stnsports.co.kr,2025-09-25T16:49:00,,PERFORMANCE_ANALYSIS,MATCH_RELATED,0.9,,,True,이재현이 삼성 역대 유격수 최다홈런 기록을 세웠습니다.,이재현,neutral,,True,해당 날짜 경기 없음
977,밥상 차린 이재현·타점 먹방 김영웅…국민 유격수의 광대 승천 [오!쎈 ...,"김민수 SPOTV 캐스터가 “미래의 영웅들이 꿈꾸던 활약을 재현해낸 오늘, 삼성 라이온즈 후라도의 14승과 함께 가을 바람을 기다린다”고 감동적인 클로징 멘트를 전한 지난 24일 대구 삼성 라이온즈-롯데 자이언츠전....",www.osen.co.kr,2025-09-25T16:39:00,,PERFORMANCE_ANALYSIS,MATCH_RELATED,0.9,,,True,롯데 자이언츠가 삼성 라이온즈와의 경기에서 감동적인 활약을 보여주었다.,,positive,,False,해당 날짜 경기 없음
978,"홈런이면 홈런, 눈야구면 눈야구, 철벽 수비까지…‘타율 .474’ 이재현...",1사 1루서 두산 선발 콜 어빈과 볼카운트 2B-2S에서 5구째 체인지업을 받아쳐 130m 짜리 대형 홈런으로... 이재현은 24일 롯데 자이언츠와의 홈경기에서도 미친 존재감을 뽐냈다. 이날도 리드오프 중책을 맡은 이재현은 1회...,www.osen.co.kr,2025-09-25T13:33:00,,PERFORMANCE_ANALYSIS,MATCH_RELATED,0.9,,,True,이재현이 롯데 자이언츠 홈경기에서 뛰어난 활약을 펼쳤다.,이재현,positive,,False,해당 날짜 경기 없음
979,"‘허리 통증’에 브레이크, 올해 3G 출전에 그쳤던 21년차 베테랑 돌아...","이원석은 2005 신인드래프트 2차 2라운드 9순위로 롯데 자이언츠에 입단해 프로 21년차를 맞이한 베테랑이다. 23일까지 1군에서만 통산 1817경기를 뛰며 1430개의 안타, 144홈런, 791타점을 기록했다. 그러나 이원석은...",sports.donga.com,2025-09-24T18:28:00,,TRANSACTION_CONTRACT,,1.0,,,True,이원석이 허리 통증으로 인해 출전이 제한된 상황이다.,이원석,negative,,False,해당 날짜 경기 없음
980,"'임시 선발' 김건우 12K 인생투, SSG 마운드 마지막 퍼즐 채울까",12탈삼진은 롯데 자이언츠 박세웅(4월 17일 키움 히어로즈전)과 함께 올해 KBO리그 토종 투수의 한 경기 최다 탈삼진 기록이다. 경기장을 찾은 1만9974명 관중이 감탄을 자아낼 만한 투구 내용이었다. 김건우가 23일...,www.hansbiz.co.kr,2025-09-24T15:30:00,,PERFORMANCE_ANALYSIS,MATCH_RELATED,0.9,,,True,김건우가 12탈삼진으로 인상적인 투구를 선보였다.,김건우,positive,,False,해당 날짜 경기 없음
981,"""본인 잘못이긴 한데…"" 홍종표 향한 호부지의 안타까움, ""이제 여기서 ...","23일 울산 롯데 자이언츠전을 앞두고 만난 이호준 NC 감독은 ""스핀이 살짝 걸리긴 했는데, (그 타구는)그냥 잡아야 한다""라며 ""제가 볼 때는 (홍)종표도 가진 건 좋은 선수다. 그런데 지금 본인이 가진 것에 반도 못하고...",www.xportsnews.com,2025-09-24T00:31:00,,INTERVIEW,MATCH_RELATED,0.9,,,True,이호준 감독이 홍종표 선수에 대한 아쉬움을 표현했다.,홍종표,negative,,False,해당 날짜 경기 없음
982,"'김건우 12K 쾌투' SSG, KIA 꺾고 3위 사수…삼성·KT도 나란히 승리(종합...",올해 3월27일 인천 롯데 자이언츠전에서 작성한 종전 7개를 훌쩍 넘어선 개인 한 경기 최다 탈삼진이다. 아울러 롯데 자이언츠 박세웅이 4월17일 사직 키움 히어로즈전에서 기록한 올 시즌 국내 투수 한 경기 최다...,www.newsis.com,2025-09-23T22:08:00,,PERFORMANCE_ANALYSIS,MATCH_RELATED,0.9,,,True,김건우가 개인 한 경기 최다 탈삼진 기록을 경신했다.,김건우,positive,,False,해당 날짜 경기 없음
983,"무려 '81일' 걸렸다, 오원석 후반기 첫 승+시즌 11승…알칸타라 무너트...",우타자로는 롯데 자이언츠 이대호(2004~2022년)에 이어 2번째다. 원정팀 키움은 박주홍(지명타자)-송성문(3루수)-임지열(좌익수)-이주형(중견수)-임병욱(우익수)-김건희(포수)-어준서(유격수)-여동욱(1루수)-염승원(2루수)...,www.spotvnews.co.kr,2025-09-23T21:08:00,,ETC,,0.9,,,True,오원석이 후반기 첫 승을 기록하며 시즌 11승을 달성했다.,오원석,positive,,False,해당 날짜 경기 없음
984,"라팍 안전 이상 無! 삼성, 신속 조치로 23일 두산전 ‘안심 직관’ 준비...",삼성은 지난 17일 대구삼성라이온즈파크에서 열릴 예정이었던 롯데 자이언츠전 직전 강풍으로 1루 익사이팅존 철골 기둥이 넘어지자 즉시 경기를 취소하고 긴급 점검에 착수했다. 이후 21일 KBO가 현장 실사를 실시해...,www.osen.co.kr,2025-09-23T16:44:00,,ETC,,0.9,,,True,삼성이 롯데 자이언츠전 안전 점검을 실시했다.,,neutral,,False,해당 날짜 경기 없음
985,"“직구 헛스윙이 안 나오더라”…절체절명 순간에 최악투, 감보아 어떻...",프로야구 롯데 자이언츠 알렉 감보아를 어떻게 봐야할까. 김태형 롯데 자이언츠 감독은 23일 울산 문수구장에서 열리는 프로야구 정규시즌 NC 다이노스와의 경기를 앞두고 지난 20일 키움과의 경기에서 최악의 피칭을...,www.osen.co.kr,2025-09-23T16:25:00,,PERFORMANCE_ANALYSIS,INTERVIEW,0.9,,,True,롯데 감보아의 피칭이 최악이었다는 평가가 나왔다.,알렉 감보아,negative,,False,해당 날짜 경기 없음
986,"최주환·김태진 동반 시즌 아웃…1승이라도 더하려는 키움, 아름다운 마...","키움은 LG 트윈스, 한화 이글스, 삼성 라이온즈, 롯데 자이언츠 등 순위 싸움으로 갈 길이 먼 팀들을 잡아내며 ‘고춧가루 부대’로서 역할을 톡톡히 하고 있다. 키움 외 5개 구단도 이날 엔트리를 교체하며 전력...",sports.donga.com,2025-09-22T19:11:00,,ETC,,0.9,,,True,키움이 롯데와의 순위 싸움에서 중요한 역할을 하고 있다.,,neutral,,False,해당 날짜 경기 없음
987,"'김재환·정수빈·양석환' 베테랑 다 사라졌다, 하지만 시즌 끝? NO…""경...","다만 오는 25일부터 28일까지 홈인 잠실야구장에서 한화 이글스, NC 다이노스, SSG 랜더스, 롯데 자이언츠를 연이어 만난다. 30일엔 잠실서 LG 트윈스전을 원정경기로 치른다. 조 대행은 ""단 몇 경기지만 베테랑과 젊은...",www.spotvnews.co.kr,2025-09-18T12:21:00,,ETC,,0.9,,,True,롯데는 베테랑과 젊은 선수들이 함께 경기를 치를 예정이다.,,neutral,,False,해당 날짜 경기 없음
988,"'LG-LG-LG-한화-한화-삼성' 3승 3패면 KT가 이득이라니, 이강철 감독 계산...","3위 SSG 랜더스부터 6위 롯데 자이언츠까지 4경기 차로 촘촘한 상황에서 KT가 홈에서 1위 LG, 2위 한화 이글스, 5위 삼성 라이온즈와 연달아 만나기 때문. 한 경기만 삐끗해도 어려운 상황에서 1위, 2위, 5위 팀을...",www.starnewskorea.com,2025-09-17T06:02:00,,ETC,,0.9,,,True,롯데와 SSG의 순위 경쟁이 치열해지고 있다.,,neutral,,False,해당 날짜 경기 없음
989,갈길 바쁜 롯데에 '천군만마' 왔다! 전준우 전격 콜업…'퓨처스 맹폭' 최...,롯데 자이언츠에 천군만마가 가세했다. '캡틴' 전준우가 1군의 부름을 받았다. 롯데는 16일 16일 대구 삼성라이온즈파크에서 열리는 2025 신한은행 SOL Bank KBO리그 삼성 라이온즈와 팀 간 시즌 14차전 원정 맞대결에 앞서...,www.mydaily.co.kr,2025-09-16T16:23:00,,TRANSACTION_CONTRACT,,0.9,,,True,전준우의 1군 콜업이 롯데에 큰 힘이 될 것으로 기대된다.,전준우,positive,,False,해당 날짜 경기 없음
990,"KIA 김태형, 1R 가능성 폭발시킬까","지난 주 삼성라이온즈, 롯데자이언츠, 두산베어스, LG트윈스까지 무려 4팀을 연달아 만난 KIA는 3승2패의 성적표를 거머쥐었다. 승패마진 +1을 기록했으나 연승흐름은 타지 못했다. 13경기를 남겨둔 KIA(61승 4무 66패)가...",www.mdilbo.com,2025-09-15T15:44:00,,ETC,,0.9,,,True,KIA가 롯데를 포함한 팀들과의 경기를 치르며 성적을 올렸다.,,neutral,,False,해당 날짜 경기 없음
991,"롯데 'ERA 8.87' 대체 외인 어떡하나…김태형 감독 ""3회 5점씩 주면 답 없...",롯데 자이언츠 빈스 벨라스케즈가 SSG 랜더스를 상대로 달라진 모습을 보여줄 수 있을까. 김태형 감독이 이끄는 롯데는 13일 부산 사직야구장에서 2025 신한 SOL Bank KBO리그 SSG와 홈경기를 치른다. 이날 롯데는 황성빈...,www.xportsnews.com,2025-09-13T15:59:00,,PERFORMANCE_ANALYSIS,,0.9,,,True,롯데의 벨라스케즈가 SSG와의 경기에서 변화를 보여줄지 주목된다.,빈스 벨라스케즈,neutral,,False,해당 날짜 경기 없음
992,"총액 '100만 달러'로 영입, 에이스 역할 기대했는데 '11패'라니…올해 외...","하영민, 김윤하(이상 키움), 박세웅(롯데 자이언츠)이 각각 12패로 공동 1위다. 그다음이 로건. 외국인 투수로 한정하면 패배가 가장 많다. KT 위즈에서 방출된 윌리엄 쿠에바스와 콜어빈(두산베어스)이 10패로 로건과...",www.mydaily.co.kr,2025-09-12T00:02:00,,TRANSACTION_CONTRACT,,1.0,,,True,롯데의 외국인 투수가 많은 패배를 기록하고 있다.,,negative,,False,해당 날짜 경기 없음
993,"'4연패→5할 붕괴' 위기의 롯데, 전민재 전격 콜업→유격수+8번 출격…감...",4연패의 늪에 빠지며 5할 승률이 붕괴된 롯데 자이언츠가 전민재를 콜업했다. 롯데는 10일 부산 사직구장에서 열리는 2025 신한은행 SOL Bank KBO리그 한화 이글스와 팀 간 시즌 15차전 홈 맞대결에 앞서 선발 라인업을...,www.mydaily.co.kr,2025-09-10T16:00:00,,TRANSACTION_CONTRACT,,0.9,,,True,롯데가 4연패에 빠지며 전민재를 콜업했다.,전민재,negative,,False,해당 날짜 경기 없음
994,"한화이글스 김경문 감독, 우승컵 안을 수 있을까?",롯데자이언츠를 끌어내리고 3위에 안착한 SSG랜더스는 이숭용 감독의 연장 계약을 이르게 발표하면서 팀에 안정을 더했다. 탄탄한 투수력을 바탕으로 5연승을 내달리면서 3위를 굳건하게 하고 있다. 삼성라이온즈는 최근...,www.dtnews24.com,2025-09-08T10:52:00,,TRANSACTION_CONTRACT,,1.0,,,True,SSG랜더스가 3위에 안착하며 롯데를 끌어내렸다.,,negative,,False,해당 날짜 경기 없음
995,"1군 감독 화나게 했던 유망주, 2군 감독 '보증' 대박 쳤다…""지금 올리면...","지난 5일 롯데 자이언츠전에서 홈런포를 가동, 5경기 연속 안타 행진을 이어갔다. 이숭용 SSG 감독은 6일 롯데 자이언츠전 우천취소에 앞서 ""유효승의 지난 5일 경기 홈런은 나도 깜짝 놀랐다. 쉽게 잡히는 뜬공이 될 줄...",www.xportsnews.com,2025-09-07T10:31:00,,PERFORMANCE_ANALYSIS,,0.9,,,True,유망주 유효승이 롯데전에서 홈런을 기록했다.,유효승,positive,,False,해당 날짜 경기 없음
996,'ERA 0.36 AAA발 괴물' 톨허스트... '잠실 라이벌' 두산 상대 5연승 정조...,이날 양 팀 선발로는 LG 앤더스 톨허스트와 두산 콜 어빈이 나선다. 톨허스트는 이번 시즌 4경기에 나서... 최근 등판이었던 지난 30일 사직 롯데 자이언츠전에서는 4.1이닝 6실점을 기록하며 아쉬운 모습을...,www.mhnse.com,2025-09-06T16:12:00,,PERFORMANCE_ANALYSIS,,0.9,,,True,톨허스트가 롯데전에서 아쉬운 성적을 남겼다.,,negative,,False,해당 날짜 경기 없음
997,'반전은 없었다' 홈런 3방+6실점 '최악투' 갱신 → ERA 8.87…5회도 못버...,"롯데 자이언츠 빈스 벨라스케즈는 5일 인천 SSG 랜더스전에 선발등판, 4⅓이닝 6실점을 기록한뒤 교체됐다. 홈런 3개 포함 7안타, 4사구 3개를 허용하며 난타당했다. 시즌 평균자책점은 8.87까지 올랐다. 지난 8월 7일 롯데...",www.sportschosun.com,2025-09-05T21:01:00,,PERFORMANCE_ANALYSIS,,0.9,,,True,벨라스케즈가 SSG전에서 최악의 투구를 했다.,빈스 벨라스케즈,negative,,False,해당 날짜 경기 없음
998,[엘롯기 가을 어셈블?①] 대흥행시대 ‘촉매제’… 첫 동반 PS 나들이 불...,"사진=롯데 자이언츠 제공 바야흐로 프로야구 관중 1200만명 시대다. 뜨거운 열기 속 최고 인기 구단으로 꼽히는, 이른바 ‘엘·롯·기(LG·롯데·KIA)’의 동반 가을야구 진출로 화룡점정을 찍을까. 2025시즌 정규리그가...",www.sportsworldi.com,2025-09-05T12:02:00,,ETC,,0.9,,,True,롯데가 가을야구 진출을 노리고 있다.,,positive,,False,해당 날짜 경기 없음
999,최준용 “가을 야구 순위 경쟁 즐겁다”,- 홍민기 빠져 부담 커졌지만 - 배터리 다 쓴다는 각오 다져 - “한국시리즈 트로피 들고파” 후반기 롯데 자이언츠 불펜의 필승조로 합류한 홍민기가 사실상 시즌 아웃됐다. 필승조가 다시 3인 체제로 되돌아가면서...,www.kookje.co.kr,2025-09-03T19:22:00,,INTERVIEW,,0.9,,,True,최준용이 가을 야구 순위 경쟁을 즐기고 있다.,최준용,positive,,False,해당 날짜 경기 없음
1000,염갈량이 키운 '클로저' 유영찬의 위엄 '리드 수성률 95.2%→2시즌 연속...,유영찬은 3일 서울 송파구에 위치한 잠실야구장에서 열린 2025 신한 SOL Bank KBO리그 롯데 자이언츠와 홈 경기에 3-0으로 앞선 9회초 등판해 1이닝 3피안타 2볼넷 3탈삼진 2실점으로 시즌 20번째 세이브를 수확했다. 3...,www.starnewskorea.com,2025-09-03T09:05:00,,PERFORMANCE_ANALYSIS,,0.9,,,True,유영찬이 시즌 20번째 세이브를 기록했다.,유영찬,positive,,False,해당 날짜 경기 없음
1001,"염경엽 LG 감독 ""8월 MVP, 톨허스트보다 유영찬…어려운 승리 지켜내""","이날 KBO리그 롯데 자이언츠와 홈 경기를 앞두고 취재진을 만난 염경엽 LG 감독은 '월간 MVP 투표권 한 장을 누구에게 행사할 것이냐'는 질문에 큰 고민 없이 ""유영찬""이라고 답했다. 염 감독은 ""사령탑 입장에서는 둘...",www.news1.kr,2025-09-02T16:50:00,,INTERVIEW,,0.9,,,True,염경엽 감독이 유영찬을 8월 MVP로 지목했다.,유영찬,neutral,,False,해당 날짜 경기 없음
1002,‘박찬형 경보’ 발령…KBO 뒤흔드는 '작은 거인',롯데 자이언츠 박찬형을 바라보는 9개 구단의 속마음이 아닐까? 지난 28일 부산 사직구장에서 열린 KT전에서 롯데는 연장 접전 끝에 3-2로 이겼다. 진땀이 절로 나는 승부였다. 박찬형이 없었다면 진땀만 잔뜩 흘렸을 뿐...,www.kookje.co.kr,2025-08-29T06:36:00,,PERFORMANCE_ANALYSIS,,0.9,,,True,박찬형의 활약으로 롯데가 연장전에서 승리했다.,박찬형,positive,,False,해당 날짜 경기 없음
1003,윤성빈 살린 '상동 화타' 결국 부산으로…'초비상' 롯데 코치진 개편 착...,가을야구를 못 갈 위기에 직면한 롯데 자이언츠가 코치진 개편 카드를 꺼냈다. '상동 화타'가 1군에 합류한다. 롯데는 28일 부산 사직야구장에서 열리는 2025 신한 SOL뱅크 KBO리그 KT 위즈와의 홈 경기를 앞두고 대대적인...,www.sportalkorea.com,2025-08-28T16:52:00,,CLUB_OPERATION,,0.9,,,True,롯데가 코치진 개편을 단행하며 위기를 극복하려 한다.,,negative,,False,해당 날짜 경기 없음
1004,"롯데 '윤나고황손' 단체 슬럼프, 김태형 감독도 당황스럽다…""선수들도...",11연패에 빠져 있는 김태형 롯데 자이언츠 감독이 타선 운영에 대한 어려움을 토로했다. 타격감 저조가 뚜렷한 베테랑 타자 김민성은 2군행을 통보받았다. 롯데는 23일 창원NC파크에서 열리는 2025 신한 SOL Bank KBO리그 NC...,www.xportsnews.com,2025-08-23T18:30:00,,PERFORMANCE_ANALYSIS,INJURY_ROSTER,0.9,,,True,롯데가 11연패에 빠져 김태형 감독이 어려움을 토로했다.,김민성,negative,,False,해당 날짜 경기 없음
1005,"골절된 손목으로 안타 투혼…‘롯데→KT’ 트레이드 이적생, 4주 이탈 날...","2021시즌 도중 트레이드를 통해 롯데 자이언츠에서 KT로 이적한 오윤석은 올 시즌 77경기 타율 2할5푼6리 19타점 OPS .656 득점권타율 3할2리를 기록 중이었다. 화려하지는 않지만, 2루수와 1루수를 맡으며 하위 타선에서...",www.osen.co.kr,2025-08-23T17:13:00,,TRANSACTION_CONTRACT,,1.0,,,True,오윤석이 부상에도 불구하고 꾸준한 활약을 이어가고 있다.,오윤석,neutral,,False,해당 날짜 경기 없음
1006,"'패패패패패패패패패' 위기의 롯데, 나승엽-최준용 콜업…'10G 0.147' 윤동...",20년 만의 9연패의 늪에 빠지게 된 롯데 자이언츠가 연패 탈출을 위해 2군에서 재정비를 하고 있던 나승엽을 콜업했다. 롯데는 20일 서울 잠실구장에서 열리는 2025 신한은행 SOL Bank KBO리그 LG 트윈스와 팀 간 시즌 13차전...,www.mydaily.co.kr,2025-08-20T16:28:00,,TRANSACTION_CONTRACT,MATCH_RELATED,0.9,,,True,롯데가 9연패 탈출을 위해 나승엽을 콜업했다.,나승엽,positive,,False,해당 날짜 경기 없음
1007,"'한화 어쩌나' 최악 시나리오 나왔다, '장염' 폰세 3G 연속 등판 불발→...",그러면서 2위 한화는 65승 3무 45패로 같은 날 롯데 자이언츠에 5-2 승리를 거둔 1위 LG와 승차가 3경기로 벌어졌다. 이제 시즌 75%를 소화해 31경기만 남겨둔 상황에서 한 경기 한 경기 결과가 무척 중요해진 상황.더욱이...,www.starnewskorea.com,2025-08-20T00:05:00,,ETC,,0.9,,,False,롯데가 LG에 패하며 한화와의 승차가 벌어졌다.,,,,False,해당 날짜 경기 없음
1008,"이래서 프로는 함부로 자리를 비우면 안 된다...김지찬 오는데 ""1번은 박...",15일 롯데 자이언츠전 홈런도 쳤고 볼넷을 꾸준히 얻어낸다. 5경기 총 5개의 볼넷을 골라냈다. 17일 롯데전에서도 경기 시작하자마자 끈질긴 커트로 롯데 선발 감보아가 공을 9개나 던지게 했다. 16일에는 중견수...,www.sportschosun.com,2025-08-18T14:14:00,,PERFORMANCE_ANALYSIS,MATCH_RELATED,0.9,,,True,김지찬이 롯데전에서 좋은 성적을 내고 있다.,,neutral,,False,해당 날짜 경기 없음
1009,"든든했던 롯데 5선발, 후반기 주춤 원인은 체력 문제일까 [부산 현장]",롯데 자이언츠 우완 파이어볼러 이민석이 3경기 연속 패전투수가 되는 쓴맛을 봤다. 올해 기대 이상의 성장세를 보여줬던 가운데 후반기 시작 후 성장통을 겪는 모양새다. 김태형 감독이 이끄는 롯데는 지난 15일...,www.xportsnews.com,2025-08-16T14:21:00,,PERFORMANCE_ANALYSIS,,0.9,,,True,롯데의 이민석이 후반기 성적 부진을 겪고 있다.,이민석,negative,,False,해당 날짜 경기 없음
1010,'4연패·타율 0.185' 롯데의 한숨… 설상가상 '천적' 와이스 만난다,'불안한 3위' 롯데 자이언츠가 '천적' 라이언 와이스(한화 이글스)를 만난다. 롯데는 13일 대전... 올시즌 두산 베어스의 외국인 투수 콜 어빈과 잭 로그는 현역 메이저리거 출신으로 많은 주목을 받았으나 기대만큼...,www.moneys.co.kr,2025-08-13T11:05:00,,PERFORMANCE_ANALYSIS,MATCH_RELATED,0.9,,,True,롯데가 '천적' 와이스를 만나며 4연패에 시달리고 있다.,,negative,,False,해당 날짜 경기 없음
1011,"""가을야구 가면 베테랑 힘 무시 못해"" 안치홍 2루수 깜짝 선발…""손아섭...","안치홍이 지난 4월 24일 사직 롯데 자이언츠전 이후 108일 만에 선발 2루수로 나선다. 경기를 앞두고 취재진을 만난 김경문 한화 감독은 ""(안치홍에게) 한 번 기회를 주고 얼마나 잘 움직이나 볼 생각이다. 또 나중에 (손)...",www.xportsnews.com,2025-08-10T17:59:00,,INTERVIEW,,0.9,,,True,안치홍이 108일 만에 선발 2루수로 출전한다.,안치홍,neutral,,False,해당 날짜 경기 없음
1012,"“1·2선발 아쉬운 점 발 빠르게 처리”…3위보다 높은 곳 보는 롯데, ‘...",다만 1·2선발을 책임지기에는 아쉬운 점이 있었죠.” 롯데 자이언츠는 7일 기존 외국인투수 터커 데이비슨의 대체 선수로 빈스 벨라스케즈(33·미국)와 33만 달러(약 4억5000만 원)에 계약했다고 밝혔다. 벨라스케즈는...,sports.donga.com,2025-08-07T16:47:00,,TRANSACTION_CONTRACT,,1.0,,,True,롯데가 벨라스케즈와 계약하며 선발 투수 보강에 나섰다.,벨라스케즈,positive,,False,해당 날짜 경기 없음
1013,[SW인터뷰] 4G 연속 멀티히트…장두성은 ‘비상’을 꿈꾼다 “자신감 있...,"그러면서 “언젠가 감독님께서 야구장서 ‘너무 조용해 보인다고, 활기차게 하라’고 하시더라. 열심히 준비했으니 자신감 있게 하려 한다”고 강조했다. 사진=롯데자이언츠 제공 사진=롯데자이언츠 제공",www.sportsworldi.com,2026-05-01T13:58:00,,INTERVIEW,,0.9,,,True,장두성이 4G 연속 멀티히트를 기록하며 자신감을 보이고 있다.,장두성,positive,,False,해당 날짜 경기 없음
1014,"안우진 미담 주인공, 양현종 아니고 이형종입니다 “10살 차이 후배가 ...",KBO리그’ 롯데 자이언츠와의 경기 전 인터뷰에서 “이럴 때 (안)우진이 덕분에 좋은 형 이미지를 얻을 수... 젊은 선수들이 주축을 이루고 있는 키움에서 중요한 베테랑 역할을 맡고 있는 이형종은 “우리 팀에는 새롭게...,www.osen.co.kr,2026-05-01T08:41:00,,INTERVIEW,,0.9,,,True,이형종이 후배 안우진에게 좋은 형 이미지를 주고 있다.,이형종;안우진,positive,,False,해당 날짜 경기 없음
1015,"10일째 미국에 묶여있는 로젠버그, 드디어 합류 가시화 “빠르면 5월초...",설종진 감독은 30일 부산 사직구장에서 열리는 ‘2026 신한은행 SOL Bank KBO리그’ 롯데 자이언츠와의 경기 전 인터뷰에서 “이제 내일 비자를 신청하면 스케줄이 나올 것이다. 최대한 빨리 입국해서 팀에 합류했으면...,www.osen.co.kr,2026-04-30T18:11:00,,INTERVIEW,MATCH_RELATED,0.9,,,True,로젠버그가 곧 팀에 합류할 예정이다.,로젠버그,positive,,True,"롯데 vs 키움 (홈) 5-6 패 | 결승타: 오선진(11회) | 홈런: 안치홍2호, 임병욱1호, 박승욱1호 | 타자 키플레이어: 박승욱(롯데), 장두성(롯데), 레이예스(롯데) | 투수 키플레이어: 박진형(키움), 정철원(롯데), 유토(키움)"
1016,"[인터뷰] ""기도하면서 봐야죠""…'전체 1순위' 박준현母→子 1군 선발출격...","키움 설종진 감독은 지난 22일 고척 NC 다이노스전에 앞서 ""박준현을 26일 삼성 라이온즈전에 선발 등판시킬... 어머니는 ""(박)준현이가 19일 롯데 자이언츠 경기에 선발 등판한 이후 1군에 올라갈 수도 있다는 언질을...",www.sportschosun.com,2026-04-23T15:17:00,,INTERVIEW,,0.9,,,True,박준현이 1군 선발 출격을 앞두고 있다.,박준현,neutral,,True,"롯데 vs 두산 (홈) 6-1 승 | 결승타: 전민재(2회) | 홈런: 카메론5호 | 타자 키플레이어: 전민재(롯데), 신윤후(롯데), 손성빈(롯데) | 투수 키플레이어: 로드리게스(롯데), 현도훈(롯데), 박정민(롯데)"
1017,"'롯데 꼭 가고 싶습니다!' 롯린이 꽉 붙든 김원중 존재감 ""부산 유망주 ...",부산 지역 야구 유망주에게 있어 롯데 자이언츠 김원중(33)의 존재감은 상상을 초월한다. 고교 현장을 다니다 보면 그해 가장 빛났던 KBO 리그 선수들이 누구인지 흐름을 알 수 있다. 3년 전에는 이정후(28·샌프란시스코...,www.starnewskorea.com,2026-04-21T14:49:00,,INTERVIEW,,0.9,,,True,롯데 자이언츠 김원중의 존재감이 부산 유망주들에게 큰 영향을 미친다.,김원중,positive,,True,"롯데 vs 두산 (홈) 2-6 패 | 결승타: 정수빈(3회) | 홈런: 정수빈1호 | 타자 키플레이어: 정수빈(두산), 노진혁(롯데), 박준순(두산) | 투수 키플레이어: 벤자민(두산), 김택연(두산), 나균안(롯데)"
1018,"롯데 '백업' 포수가 부린 마법...손성빈 ""타자보다 중요한 우리 투수"" [...","앞둔 롯데 자이언츠 더그아웃 앞. '백업' 포수 손성빈(24)이 수 많은 취재진에 둘러싸여 인터뷰를 하고... 손성빈은 ""마운드 위 투수나, 감독·코치님들이나 관중석 팬분들이 봤을 때 '안정감 있는 포수다'라는 인식을 주고...",isplus.com,2026-04-21T00:01:00,,INTERVIEW,MATCH_RELATED,0.9,,,True,손성빈이 롯데의 안정감 있는 백업 포수로서의 역할을 강조했다.,손성빈,positive,,True,"롯데 vs 두산 (홈) 2-6 패 | 결승타: 정수빈(3회) | 홈런: 정수빈1호 | 타자 키플레이어: 정수빈(두산), 노진혁(롯데), 박준순(두산) | 투수 키플레이어: 벤자민(두산), 김택연(두산), 나균안(롯데)"
1019,"'롯데 1R→한화 은퇴' 수베로도 기대했던 우완, 유망주가 전학 각오하고...","과거 롯데 자이언츠와 한화 이글스에서 활약했던 문동욱(34)이 은퇴 후 유망주도 서로 찾는 지도자로... 스타뉴스와 인터뷰에 응한 문동욱 코치는 ""나는 현역 시절 실패가 많았던 투수였다. 실패하지 않기 위해 많은 걸...",www.starnewskorea.com,2026-04-16T09:13:00,,INTERVIEW,,0.9,,,True,문동욱 코치가 유망주들에게 많은 기대를 걸고 있다.,문동욱,positive,,True,"롯데 vs LG (원정) 2-0 승 | 결승타: 손성빈(3회) | 홈런: 손성빈1호 | 타자 키플레이어: 장두성(롯데), 박해민(LG), 한태양(롯데) | 투수 키플레이어: 김진욱(롯데), 웰스(LG), 박정민(롯데)"
1020,"손아섭, 이렇게 가슴 뜨거운 남자였나…""시환아 너도 많이 쓰러졌는데,...","김원형 감독과는 롯데 자이언츠 시절부터 인연이 있다. 손아섭은 ""롯데 시절 수석코치님으로 계셨을 때부터 안부를 종종 물었다. 감독님이 그냥 편하게 네가 잘할 수 있는 거 해라고 하셨다. 오늘 바로 선발 라인업에...",www.xportsnews.com,2026-04-14T18:23:00,,INTERVIEW,PERFORMANCE_ANALYSIS,0.9,,,True,손아섭이 김원형 감독과의 인연을 회상하며 감정을 드러냈다.,손아섭,neutral,,True,"롯데 vs LG (원정) 1-2 패 | 결승타: 오스틴(8회) | 홈런: 오스틴5호 | 타자 키플레이어: 오스틴(LG), 노진혁(롯데), 문보경(LG) | 투수 키플레이어: 송승기(LG), 유영찬(LG), 나균안(롯데)"
1021,"롯데 자이언츠, 부산 지역 취약계층-다문화가정 학생 위해 나섰다! 한수...",협약식은 4월 29일 오후 6시 사직야구장에서 열린 키움 히어로즈와 홈 경기를 앞두고 이상욱 고리원자력본부장과 롯데자이언츠 구단 관계자들이 참석한 가운데 열렸다. 협약식 이후에는 '한국수력원자력 매치데이...,www.starnewskorea.com,2026-05-01T15:28:00,,CLUB_OPERATION,,0.9,,,True,롯데 자이언츠가 지역 취약계층을 위해 나섰다.,,positive,,False,해당 날짜 경기 없음
1022,"롯데와 고리원전의 만남…""사직구장서 지역 소외계층 야구 관람 지원""",롯데 자이언츠가 한국수력원자력 고리원자력본부와 손잡고 지역 상생을 위한 행보를 이어간다. 롯데 구단은 지난 29일 사직야구장에서 고리원자력본부와 상호협력 협약을 체결하고 '한국수력원자력 매치데이' 행사를...,www.spochoo.com,2026-05-01T12:07:00,,CLUB_OPERATION,,0.9,,,True,롯데가 고리원자력본부와 지역 소외계층을 위한 협약을 체결했다.,,positive,,False,해당 날짜 경기 없음
1023,"롯데, 고리원자력본부와 지역상생 위한 상호협력 협약 체결",협약식은 4월 29일 오후 6시 사직야구장에서 이상욱 고리원자력본부장과 롯데 자이언츠 구단 관계자들이 참석한 가운데 진행됐다. 협약식 이후에는 '한국수력원자력 매치데이' 행사가 열렸다. 경기 중에는 'OX퀴즈 이벤트...,www.sportalkorea.com,2026-05-01T11:30:00,,CLUB_OPERATION,,0.9,,,True,롯데가 고리원자력본부와의 협약식에서 지역 상생을 다짐했다.,,positive,,False,해당 날짜 경기 없음
1024,"[프로야구단 경영 성적표②] '7-10-7-8-8-7-7-7' 롯데자이언츠, 경영 성적...","롯데자이언츠는 구단명과 법인명이 일치하며 롯데지주가 98%, 롯데알미늄이 2%의 지분을 보유하고 있다. 씁쓸한 성적과 달리 경영 성적표는 준수하다. 프로야구 구단만 운영하고 있고, 별도로 병행 중인 사업이...",www.sisaweek.com,2026-04-30T17:54:00,,CLUB_OPERATION,,0.9,,,True,롯데자이언츠의 경영 성적표가 준수하다는 평가를 받았다.,,neutral,,True,"롯데 vs 키움 (홈) 5-6 패 | 결승타: 오선진(11회) | 홈런: 안치홍2호, 임병욱1호, 박승욱1호 | 타자 키플레이어: 박승욱(롯데), 장두성(롯데), 레이예스(롯데) | 투수 키플레이어: 박진형(키움), 정철원(롯데), 유토(키움)"
1025,"고리원전, 롯데와 ‘야구장 상생’…취약계층 관람 기회 넓힌다","한국수력원자력 고리원자력본부는 지난 29일 부산 동래구 사직야구장에서 롯데 자이언츠와 지역 상생을 위한 사회공헌 협약을 체결했다고 30일 밝혔다. 협약은 지난해에 이어 두 번째로, 유소년 야구단과 취약계층...",www.sedaily.com,2026-04-30T13:51:00,,CLUB_OPERATION,,0.9,,,True,롯데가 고리원전과 사회공헌 협약을 체결했다.,,positive,,True,"롯데 vs 키움 (홈) 5-6 패 | 결승타: 오선진(11회) | 홈런: 안치홍2호, 임병욱1호, 박승욱1호 | 타자 키플레이어: 박승욱(롯데), 장두성(롯데), 레이예스(롯데) | 투수 키플레이어: 박진형(키움), 정철원(롯데), 유토(키움)"
1026,“프로야구가 밥 먹여주냐고?”… 회장님 지원금 비웃는 ‘방망이 경제...,"롯데 자이언츠다. 10년 전인 2015년, 롯데의 전체 매출에서 그룹 지원금이 차지하는 비중은 59.4%에 달했다. 매출의 6할을 모기업에 기대야 했던 ‘천수답 구단’이었던 셈이다. 하지만 2025년 롯데의 모기업 의존도는 26.2...",www.segye.com,2026-04-30T02:06:00,,CLUB_OPERATION,,0.9,,,True,롯데의 모기업 의존도가 크게 줄어들었다.,,positive,,True,"롯데 vs 키움 (홈) 5-6 패 | 결승타: 오선진(11회) | 홈런: 안치홍2호, 임병욱1호, 박승욱1호 | 타자 키플레이어: 박승욱(롯데), 장두성(롯데), 레이예스(롯데) | 투수 키플레이어: 박진형(키움), 정철원(롯데), 유토(키움)"
1027,가정의 달 앞두고 캐릭터 협업 공간·굿즈 잇따라…전망대부터 야구장·...,"2025년 포켓몬데이 현장.(제공=롯데자이언츠)©열린뉴스통신ONA 롯데자이언츠는 28일부터 5월 14일까지... 최근 캐릭터 협업 행사는 단순 상품 판매보다 공간 체험과 굿즈, 팬 참여 프로그램을 결합하는 방식으로...",www.onews.tv,2026-04-28T07:02:00,,CLUB_OPERATION,,0.9,,,True,롯데가 캐릭터 협업으로 팬 참여 프로그램을 진행한다.,전민재;레이예스,positive,,True,"롯데 vs 키움 (홈) 5-4 승 | 결승타: 이호준(6회) | 타자 키플레이어: 전민재(롯데), 박주홍(키움), 레이예스(롯데) | 투수 키플레이어: 김원중(롯데), 현도훈(롯데), 박정민(롯데)"
1028,선수보다 굿즈가 인기…'발매 되면 다 팔린다'[K-야구 열풍④],롯데백화점이 잠실 롯데월드몰에 문을 연 롯데자이언츠 공식 굿즈샵은 오픈런을 기록하기도 했다고 한다.... 프로야구가 전년보다 더 흥행하면서 유통업계의 마케팅 경쟁은 한층 치열해 질 전망이다. 한 업계...,www.newsis.com,2026-04-19T06:00:00,,CLUB_OPERATION,,0.9,,,True,롯데의 공식 굿즈샵이 큰 인기를 끌고 있다.,,positive,,True,"롯데 vs 한화 (홈) 0-5 패 | 결승타: 페라자(3회) | 타자 키플레이어: 페라자(한화), 강백호(한화), 문현빈(한화) | 투수 키플레이어: 류현진(한화), 현도훈(롯데), 조동욱(한화)"
1029,'밑 빠진 독' 옛말…프로야구 1천만 열기→年 1조 가시권,"기반한 마케팅 수익이 실적을 견인하고 있다. 2025년 KBO리그 10개 구단의 총매출액 합계는 약 7795억8천만... 롯데 자이언츠가 165억6천만 원으로 가장 많은 영업이익을 남겼다. 이어 두산 베어스(87억1천만 원), 키움...",www.nocutnews.co.kr,2026-04-17T16:14:00,,CLUB_OPERATION,,0.9,,,True,롯데가 KBO리그에서 가장 많은 영업이익을 기록했다.,,positive,,True,"롯데 vs LG (원정) 4-7 패 | 결승타: 문성주(6회) | 홈런: 레이예스5호 | 타자 키플레이어: 레이예스(롯데), 문성주(LG), 윤동희(롯데) | 투수 키플레이어: 치리노스(LG), 우강훈(LG), 정철원(롯데)"
1030,"프로야구 10개 구단 총매출 7,800억…1조 '독립 산업'으로","등 마케팅 수익이 실적을 견인하고 있는 것으로 나타났다. 2025년 KBO리그 10개 구단의 총매출액 합계는 약 7,795억8천만 원에 달했다. 이 가운데 절반인 5개 구단이 영업이익 흑자를 냈다. 롯데 자이언츠가 165억6천만...",news.tvchosun.com,2026-04-17T14:29:00,,CLUB_OPERATION,,0.9,,,True,롯데가 KBO리그에서 영업이익 흑자를 기록했다.,,positive,,True,"롯데 vs LG (원정) 4-7 패 | 결승타: 문성주(6회) | 홈런: 레이예스5호 | 타자 키플레이어: 레이예스(롯데), 문성주(LG), 윤동희(롯데) | 투수 키플레이어: 치리노스(LG), 우강훈(LG), 정철원(롯데)"
1031,"매출 7천7백억·흑자 구단 5곳…프로야구, 독립 산업화 속도",관중이 지불한 입장료와 팬덤을 기반으로 한 마케팅 수입이 늘어나면서 구단들의 지갑이 두꺼워졌고... 롯데 자이언츠는 810억8천만원의 매출과 645억2천만원의 영업비용을 기록해 165억6천만원의 영업이익을 올리며...,www.topstarnews.net,2026-04-17T14:28:00,,CLUB_OPERATION,,0.9,,,True,롯데가 영업이익을 올리며 독립 산업화에 기여하고 있다.,레이예스,positive,,True,"롯데 vs LG (원정) 4-7 패 | 결승타: 문성주(6회) | 홈런: 레이예스5호 | 타자 키플레이어: 레이예스(롯데), 문성주(LG), 윤동희(롯데) | 투수 키플레이어: 치리노스(LG), 우강훈(LG), 정철원(롯데)"
1032,"'연 매출 1조원 시대' 앞둔 프로야구, 독립 산업으로 '성큼'","수익·마케팅 실적 견인 한국 프로야구가 단순한 기업 홍보 수단에서 벗어나 스스로 이윤을 창출하는... 롯데 자이언츠가 165억6천만원으로 가장 많은 영업이익을 남겼고, 두산 베어스(87억1천만원), 키움 히어로즈...",www.yna.co.kr,2026-04-17T14:15:00,,CLUB_OPERATION,,0.9,,,True,롯데가 가장 많은 영업이익을 남기며 독립 산업으로 성장하고 있다.,레이예스,positive,,True,"롯데 vs LG (원정) 4-7 패 | 결승타: 문성주(6회) | 홈런: 레이예스5호 | 타자 키플레이어: 레이예스(롯데), 문성주(LG), 윤동희(롯데) | 투수 키플레이어: 치리노스(LG), 우강훈(LG), 정철원(롯데)"
1033,"KIA가 카스트로 임시 대체자를 찾았나…마이너 215홈런, 일본에 멕시코...","타이거즈와 계약했다. 로드리게스는 멕시코리그의 토로스 데 티주아나에서 뛰었으며, 여러 차례... KIA는 카스트로가 25일 광주 롯데 자이언츠전서 김도영의 송구를 받다 다리를 찢는 과정에서 햄스트링을 다쳤다....",www.mydaily.co.kr,2026-04-30T15:03:00,,TRANSACTION_CONTRACT,,1.0,,,True,KIA가 카스트로의 대체자를 영입했다.,,neutral,,True,"롯데 vs 키움 (홈) 5-6 패 | 결승타: 오선진(11회) | 홈런: 안치홍2호, 임병욱1호, 박승욱1호 | 타자 키플레이어: 박승욱(롯데), 장두성(롯데), 레이예스(롯데) | 투수 키플레이어: 박진형(키움), 정철원(롯데), 유토(키움)"
1034,"국내 프로스포츠 '5연속 꼴찌' 불명예 삼성, 김효범 감독과 결별…'경험...","삼성은 28일 이번 시즌을 끝으로 계약이 만료된 김효범 감독과 재계약하지 않기로 결정했다고 공식... 종전 최다 기록은 롯데 자이언츠(야구·2001~2004), 광주 상무(축구·2005~2008), 우리은행(여자농구·2009~2012)...",www.dailysportshankook.co.kr,2026-04-28T17:52:00,,TRANSACTION_CONTRACT,,1.0,,,True,삼성이 김효범 감독과 결별했다.,,neutral,,True,"롯데 vs 키움 (홈) 5-4 승 | 결승타: 이호준(6회) | 타자 키플레이어: 전민재(롯데), 박주홍(키움), 레이예스(롯데) | 투수 키플레이어: 김원중(롯데), 현도훈(롯데), 박정민(롯데)"
1035,'롯데 악몽' 그 투수 맞나요?…오타니 땅볼 처리+김혜성은 3구 삼진→벨...,지난해 롯데 자이언츠 팬들에게 잊을 수 없는 '악몽'을 선사했던 빈스 벨라스케즈(시카고 컵스)가... 결국 롯데에서 짐을 싸야 했던 벨라스케즈는 미국으로 돌아가 시카고 컵스와 계약하며 재기를 노렸다. 마이너리그...,www.xportsnews.com,2026-04-26T15:50:00,,TRANSACTION_CONTRACT,,1.0,,,True,벨라스케즈가 롯데에서 짐을 쌌다.,,neutral,,True,"롯데 vs HT (원정) 5-5 무 | 홈런: 박재현1호, 노진혁4호, 전준우2호, 오선우2호 | 타자 키플레이어: 고종욱(HT), 오선우(HT), 전준우(롯데) | 투수 키플레이어: 성영탁(HT), 현도훈(롯데), 나균안(롯데)"
1036,"'1위-1위-1위' KIA도 충격, ML과 쩐의 전쟁 걱정해야 하나…""스트레스 한...","올러는 24일 광주 롯데 자이언츠전에서는 9이닝 103구 3안타 2볼넷 11삼진 무실점 완봉승을 거뒀다. 미국... 적극 영입하고 있다. 지난해 MVP 코디 폰세(토론토 블루제이스)와 라이언 와이스(휴스턴 애스트로스), 드류...",www.sportschosun.com,2026-04-25T06:03:00,,TRANSACTION_CONTRACT,,1.0,,,True,KIA가 롯데를 상대로 패배했다.,,negative,,True,"롯데 vs HT (원정) 0-4 패 | 결승타: 김도영(7회) | 홈런: 김도영7호, 김도영8호 | 타자 키플레이어: 김도영(HT), 고종욱(HT), 박재현(HT) | 투수 키플레이어: 올러(HT), 비슬리(롯데), 이영재(롯데)"
1037,'8연승 뒤 5연패' 롤러코스터 KIA... 믿을 건 에이스 올러 뿐?,연패가 더 길어질 경우 바로 8위로 떨어질 수 있는 절체절명의 위기 속에서 KIA는 9위팀 롯데 자이언츠를... 이후 FA 불펜 김범수와 조상우가 속절없이 6실점을 허용하며 3-8로 경기를 내줬다. 연패 탈출을 기대했던...,www.ohmynews.com,2026-04-24T17:41:00,,TRANSACTION_CONTRACT,,1.0,,,True,KIA가 롯데와의 경기에서 또 패배했다.,,negative,,True,"롯데 vs HT (원정) 0-4 패 | 결승타: 김도영(7회) | 홈런: 김도영7호, 김도영8호 | 타자 키플레이어: 김도영(HT), 고종욱(HT), 박재현(HT) | 투수 키플레이어: 올러(HT), 비슬리(롯데), 이영재(롯데)"
1038,"'트레이드' 손아섭, 두산 유니폼 입고 처음으로 오늘(24일) LG와 '잠실 라...",최근 트레이드를 통해 한화 이글스로부터 영입한 두산 베어스 베테랑 외야수 손아섭(38)이 LG 트윈스와... 두산은 롯데 자이언츠와 주중 3연전에서 2승 1패로 위닝시리즈에 성공한 뒤 서울로 올라왔다. 이번 LG와 잠실...,www.starnewskorea.com,2026-04-24T16:54:00,,TRANSACTION_CONTRACT,,0.9,,,True,손아섭이 두산 유니폼을 입고 LG와 경기를 치른다.,,neutral,,True,"롯데 vs HT (원정) 0-4 패 | 결승타: 김도영(7회) | 홈런: 김도영7호, 김도영8호 | 타자 키플레이어: 김도영(HT), 고종욱(HT), 박재현(HT) | 투수 키플레이어: 올러(HT), 비슬리(롯데), 이영재(롯데)"
1039,KBO 투타 휩쓰는 새 얼굴…이 선수가 왜 여기서 나와,"롯데 자이언츠 김용희가 프로야구 원년(1982년)에 달성한 종전 기록(18경기)을 무려 44년 만에 새로 썼다.... 2024년 3월 롯데에서 트레이드된 이후 지난해까지 1군과 2군을 오가며 추격조 정도의 역할을 소화했는데, 올 시즌...",www.joongang.co.kr,2026-04-24T00:01:00,,TRANSACTION_CONTRACT,,1.0,,,True,김용희가 44년 만에 새로운 기록을 세웠다.,김용희,positive,,True,"롯데 vs 두산 (홈) 6-1 승 | 결승타: 전민재(2회) | 홈런: 카메론5호 | 타자 키플레이어: 전민재(롯데), 신윤후(롯데), 손성빈(롯데) | 투수 키플레이어: 로드리게스(롯데), 현도훈(롯데), 박정민(롯데)"
1040,'80억 가치' 입증한 박찬호... 두산 반격의 선봉장,위즈)의 FA 이적으로 내야진 전면 개편이라는 난제를 안게 됐다. 젊은 내야 자원들의 도약에 기대를... 21일 롯데 자이언츠와의 주중 3연전 1차전에서 잘 드러났다. 해당 경기에 1번 타자 유격수로 선발 출장한 박찬호는...,www.ohmynews.com,2026-04-23T17:31:00,,TRANSACTION_CONTRACT,,1.0,,,True,박찬호가 두산의 반격을 이끌고 있다.,박찬호,negative,,True,"롯데 vs 두산 (홈) 6-1 승 | 결승타: 전민재(2회) | 홈런: 카메론5호 | 타자 키플레이어: 전민재(롯데), 신윤후(롯데), 손성빈(롯데) | 투수 키플레이어: 로드리게스(롯데), 현도훈(롯데), 박정민(롯데)"
1041,"정철원, KIA 신인 선수에게 홈런 허용...윤동희는 첫 타석부터 아치 그려",롯데 자이언츠 셋업맨 정철원(27)이 퓨처스리그에서 또 부진했다. 정철원은 23일 경남 김해 상동구장에서... 정철원에 앞서 6회 초 등판한 아시아 쿼터 영입 투수 코야마 마사야도 1이닝 동안 2피안타 1볼넷을 기록하며...,isplus.com,2026-04-23T16:07:00,,TRANSACTION_CONTRACT,,1.0,,,True,정철원이 KIA 신인에게 홈런을 허용하며 부진을 겪었다.,정철원,negative,,True,"롯데 vs 두산 (홈) 6-1 승 | 결승타: 전민재(2회) | 홈런: 카메론5호 | 타자 키플레이어: 전민재(롯데), 신윤후(롯데), 손성빈(롯데) | 투수 키플레이어: 로드리게스(롯데), 현도훈(롯데), 박정민(롯데)"
1042,이 선수가 타이틀 1위라고? 프로야구 ‘새 얼굴’ 레이스,프로야구 원년인 1982년 롯데 자이언츠 김용희가 달성했던 18경기를 뛰어넘어 새 역사를 썼다. 박성한은... 2024년 3월 롯데에서 트레이드된 우강훈은 지난해까지 1군과 2군을 오갔다. 구위가 올라오지 않아 겨우 추격조...,www.joongang.co.kr,2026-04-23T15:48:00,,TRANSACTION_CONTRACT,,1.0,,,True,박성한이 프로야구 새 얼굴 레이스에서 주목받고 있다.,박성한,positive,,True,"롯데 vs 두산 (홈) 6-1 승 | 결승타: 전민재(2회) | 홈런: 카메론5호 | 타자 키플레이어: 전민재(롯데), 신윤후(롯데), 손성빈(롯데) | 투수 키플레이어: 로드리게스(롯데), 현도훈(롯데), 박정민(롯데)"
1043,"'8이닝 무실점' 웰스, '최강 아시아쿼터' 등극",선수를 영입하기 위한 치열한 경쟁에 돌입했다. 아시아쿼터가 좋은 활약을 해주면 외국인 선수 4명을... 15일 롯데 자이언츠전에서는 7이닝 1실점으로 호투하고도 타선의 침묵으로 시즌 첫 패를 당했다. 하지만...,www.ohmynews.com,2026-04-23T09:26:00,,TRANSACTION_CONTRACT,,1.0,,,True,웰스가 8이닝 무실점으로 최강 아시아쿼터로 떠올랐다.,웰스,positive,,True,"롯데 vs 두산 (홈) 1-9 패 | 결승타: 정수빈(2회) | 홈런: 정수빈2호 | 타자 키플레이어: 정수빈(두산), 전민재(롯데), 양의지(두산) | 투수 키플레이어: 곽빈(두산), 최이준(롯데), 김정우(두산)"
1044,초대박 '80억 FA' 투자 이래서 진짜 잘했구나→'바로 이 순간' 한 장면으...,21일 부산 사직야구장에서 펼쳐진 두산 베어스와 롯데 자이언츠의 경기. 이날 두산은 3회 2점을 선취하며... 두산은 지난 시즌 종료 후 FA 박찬호를 4년 최대 80억원의 조건에 영입했다. 내야 자원이 풍부한 편이었지만...,www.starnewskorea.com,2026-04-22T11:28:00,,TRANSACTION_CONTRACT,,1.0,,,True,박찬호의 FA 영입이 두산과의 경기에서 빛을 발했다.,박찬호,positive,,True,"롯데 vs 두산 (홈) 2-6 패 | 결승타: 정수빈(3회) | 홈런: 정수빈1호 | 타자 키플레이어: 정수빈(두산), 노진혁(롯데), 박준순(두산) | 투수 키플레이어: 벤자민(두산), 김택연(두산), 나균안(롯데)"
1045,'일본 투수 좋다며?' 7명 중 4명이 'WAR 마이너스'라니…힘겨워하는 日 ...,KBO는 올 시즌을 앞두고 구단별로 1명씩 아시아 쿼터 외국인 선수를 새로 영입할 수 있도록 규정을... 부진에 시달리고 있는 두산 베어스 타무라 이치로 역시 롯데 자이언츠와의 원정 경기에서 불을 질렀다. 2-0으로...,www.sportalkorea.com,2026-04-22T00:40:00,,TRANSACTION_CONTRACT,,1.0,,,True,일본 투수들이 부진하며 두산과의 경기에서 힘겨운 상황을 겪었다.,,negative,,True,"롯데 vs 두산 (홈) 2-6 패 | 결승타: 정수빈(3회) | 홈런: 정수빈1호 | 타자 키플레이어: 정수빈(두산), 노진혁(롯데), 박준순(두산) | 투수 키플레이어: 벤자민(두산), 김택연(두산), 나균안(롯데)"
1046,'80억 하나도 안 아깝다!' 호수비 퍼레이드+쐐기점 만드는 안타까지…완...,박찬호는 21일 부산 사직야구장에서 열린 2026 신한 SOL KBO리그 롯데 자이언츠와의 원정 3연전 첫 경기에 1번... 원에 FA 계약을 맺고 유니폼을 갈아입었다. 개막 전부터 사비를 털어 후배 선수들을 훈련에 데려가고...,www.sportalkorea.com,2026-04-21T23:10:00,,TRANSACTION_CONTRACT,,1.0,,,True,박찬호가 호수비와 쐐기점을 만들어내며 활약했다.,박찬호,positive,,True,"롯데 vs 두산 (홈) 2-6 패 | 결승타: 정수빈(3회) | 홈런: 정수빈1호 | 타자 키플레이어: 정수빈(두산), 노진혁(롯데), 박준순(두산) | 투수 키플레이어: 벤자민(두산), 김택연(두산), 나균안(롯데)"
1047,"SSG 박성한 업그레이드, 돈방석 보인다 [프로야구]",개막 이후 전 경기 안타로 1982년 롯데 자이언츠 김용희가 세운 개막 후 최다 연속 경기 안타 기록과도... 리그 최고 유격수라는데 사실이다. 2027시즌 종료 후 자유계약(FA) 자격을 얻는데 돈방석에 앉을 게 확실시 된다.,www.sportsq.co.kr,2026-04-21T15:16:00,,TRANSACTION_CONTRACT,,1.0,,,True,SSG 박성한이 업그레이드되며 FA 자격을 기대하고 있다.,박성한,positive,,True,"롯데 vs 두산 (홈) 2-6 패 | 결승타: 정수빈(3회) | 홈런: 정수빈1호 | 타자 키플레이어: 정수빈(두산), 노진혁(롯데), 박준순(두산) | 투수 키플레이어: 벤자민(두산), 김택연(두산), 나균안(롯데)"
1048,"""기계처럼 던졌다"" 현도훈의 감정 배제 'T스러운 피칭', 김태형의 첫 칭...",“정말 기계처럼 던졌습니다.” 프로야구 롯데 자이언츠는 현재 3연패 수렁에 빠져 있고 6승 12패로 9위까지... 현도훈은 2018년이 끝나고 방출됐고 2021년 다시 입단했지만 2022년 재방출의 아픔을 겪었다. 2023년부터...,www.osen.co.kr,2026-04-21T13:40:00,,TRANSACTION_CONTRACT,,1.0,,,True,현도훈이 기계처럼 던지며 팀의 부진을 극복하려 했다.,현도훈,neutral,,True,"롯데 vs 두산 (홈) 2-6 패 | 결승타: 정수빈(3회) | 홈런: 정수빈1호 | 타자 키플레이어: 정수빈(두산), 노진혁(롯데), 박준순(두산) | 투수 키플레이어: 벤자민(두산), 김택연(두산), 나균안(롯데)"
1049,'대포 펑펑' 퓨처스 타격 양강이었는데…LG 이재원 2군행+롯데 한동희 0...,"LG 트윈스 이재원은 2군에서 재정비에 돌입했고, 롯데 자이언츠 한동희도 기대에 못 미치는 성적을 기록... 마침 베테랑 좌타자 김현수가 지난해 팀에 우승을 안긴 뒤 KT 위즈로 FA 이적, 좌익수와 지명타자...",www.xportsnews.com,2026-04-21T06:00:00,,TRANSACTION_CONTRACT,,1.0,,,True,롯데 한동희가 기대에 못 미치는 성적을 기록했다.,한동희,negative,,True,"롯데 vs 두산 (홈) 2-6 패 | 결승타: 정수빈(3회) | 홈런: 정수빈1호 | 타자 키플레이어: 정수빈(두산), 노진혁(롯데), 박준순(두산) | 투수 키플레이어: 벤자민(두산), 김택연(두산), 나균안(롯데)"
1050,"'노시환 없는데' 주간 팀 타율 1위…홈런왕 부활만 남았다, 한화 타선 더...",19일 롯데 자이언츠를 연달아 잡고 2연승에 성공했다. 주간 전적은 2승3패로 아쉬움이 남았지만 팀... 올 시즌을 앞두고는 11년 총액 307억원의 비FA 다년계약을 맺으며 구단의 확실한 핵심 자원으로 인정받았다....,www.osen.co.kr,2026-04-21T02:41:00,,TRANSACTION_CONTRACT,,1.0,,,True,롯데 자이언츠가 2연승을 기록했지만 아쉬움이 남았다.,,neutral,,True,"롯데 vs 두산 (홈) 2-6 패 | 결승타: 정수빈(3회) | 홈런: 정수빈1호 | 타자 키플레이어: 정수빈(두산), 노진혁(롯데), 박준순(두산) | 투수 키플레이어: 벤자민(두산), 김택연(두산), 나균안(롯데)"
1051,"'307억 대박 계약→충격 2군 강등' 노시환, 퓨처스리그 3경기서 도합 13...",올 시즌 전 비FA 다년계약으로 '대박'을 친 노시환이라 더 뼈아프다. 노시환은 2027년부터 시작되는 11년... 여기에 하주석이 주간 타율 0.100(10타수 1안타)에 그칠 정도로 침체에 빠지며 지난 롯데 자이언츠와의...,www.sportalkorea.com,2026-04-20T22:25:00,,TRANSACTION_CONTRACT,,1.0,,,True,노시환이 2군으로 강등되며 충격을 주었다.,노시환,negative,,True,"롯데 vs 한화 (홈) 1-9 패 | 홈런: 문현빈4호 | 타자 키플레이어: 문현빈(한화), 강백호(한화), 최재훈(한화) | 투수 키플레이어: 에르난데스(한화), 김종수(한화), 김서현(한화)"
1052,"3경기 2루타 4개→전력질주→헬멧도 4번 벗겨졌다, '제2의 이정후' 재능...",2023 KBO 신인 드래프트에서 1라운드 전체 3순위로 롯데 자이언츠에 지명된 김민석은 데뷔 첫해 129경기에... 그러나 2024년 41경기 타율 0.211에 그친 뒤 그해 11월 추재현 최우인과 함께 3:2 트레이드(↔정철원 전민재)로...,www.starnewskorea.com,2026-04-20T16:13:00,,TRANSACTION_CONTRACT,,1.0,,,True,김민석이 롯데에서 재능을 보였지만 트레이드됐다.,김민석,negative,,True,"롯데 vs 한화 (홈) 1-9 패 | 홈런: 문현빈4호 | 타자 키플레이어: 문현빈(한화), 강백호(한화), 최재훈(한화) | 투수 키플레이어: 에르난데스(한화), 김종수(한화), 김서현(한화)"
1053,"""무조건 올라올게"" 늑구 컴백→대전팀 연승? 한화 후배들이 믿는 노시환...","뒤이어 같은 날 프로야구에서도 한화가 롯데 자이언츠를 5-0으로 제압했고, 이튿날인 19일도 롯데에 9-1... 노시환은 올 시즌을 앞두고 한화와 11년 307억 원 비FA 다년계약을 체결했다. KBO 최초 9년 이상 300억 원대...",www.starnewskorea.com,2026-04-20T13:17:00,,TRANSACTION_CONTRACT,,1.0,,,True,노시환이 한화에서의 복귀를 다짐했다.,노시환,neutral,,True,"롯데 vs 한화 (홈) 1-9 패 | 홈런: 문현빈4호 | 타자 키플레이어: 문현빈(한화), 강백호(한화), 최재훈(한화) | 투수 키플레이어: 에르난데스(한화), 김종수(한화), 김서현(한화)"
1054,"왜 롯데 1라운더 포기했지? 초대박 트레이드 조짐…""19살? 20살? 때 보고...","롯데 자이언츠에 지명된 특급 유망주였다. 김민석은 데뷔 시즌에 102안타를 치는 등 재능을 보이긴 했지만, 롯데는 2025년 시즌을 앞두고 더 급한 포지션을 채우기 위해 과감히 트레이드 카드로 썼다. 2024년 11월 두산은...",www.sportschosun.com,2026-04-20T11:22:00,,TRANSACTION_CONTRACT,,1.0,,,True,롯데가 김민석을 트레이드하며 포지션을 채웠다.,김민석,negative,,True,"롯데 vs 한화 (홈) 1-9 패 | 홈런: 문현빈4호 | 타자 키플레이어: 문현빈(한화), 강백호(한화), 최재훈(한화) | 투수 키플레이어: 에르난데스(한화), 김종수(한화), 김서현(한화)"
1055,'이럴 수가' 롯데 10승 투수에게 무슨 일이? 마이너리그에서도 2G 13실점...,"롯데 자이언츠 출신의 터커 데이비슨이 마이너리그에서도 2경기 연속 6실점 이상을 기록하며 무너졌다.... 65, 10승5패로 활약했으나 8월 방출됐다. 롯데는 데이비슨을 내보내고 빈스 벨라스케즈를 영입했으나 11경기...",www.osen.co.kr,2026-04-20T10:21:00,,TRANSACTION_CONTRACT,,1.0,,,True,터커 데이비슨이 마이너리그에서 부진을 겪고 있다.,터커 데이비슨,negative,,True,"롯데 vs 한화 (홈) 1-9 패 | 홈런: 문현빈4호 | 타자 키플레이어: 문현빈(한화), 강백호(한화), 최재훈(한화) | 투수 키플레이어: 에르난데스(한화), 김종수(한화), 김서현(한화)"
1056,"'첫 멀티홈런' 박준순, 곰 군단 3번 찾았다",패한 롯데 자이언츠를 제치고 단독 8위로 올라섰다(7승 1무 11패). 두산은 선발 최민석이 6이닝 5피안타... 안재석은 두산이 FA시장에서 박찬호를 영입하면서 3루수로 변신했지만 투타에서 기대에 미치지 못했고 지난...,www.ohmynews.com,2026-04-20T09:16:00,,TRANSACTION_CONTRACT,,1.0,,,True,박준순이 첫 멀티홈런을 기록하며 주목받았다.,박준순,positive,,True,"롯데 vs 한화 (홈) 1-9 패 | 홈런: 문현빈4호 | 타자 키플레이어: 문현빈(한화), 강백호(한화), 최재훈(한화) | 투수 키플레이어: 에르난데스(한화), 김종수(한화), 김서현(한화)"
1057,"행복한 고민, 박진만 감독 ""김영웅 돌아와도, 병우가 경기에..."" [IS 대구...",2015 롯데 자이언츠 2차 3라운드 28순위로 입단한 베테랑 내야수인 전병우는 2020년 4월 트레이드를 통해 키움 히어로즈로 옮겼다. 이어 2차 드래프트를 통해 2024년부터 삼성 유니폼을 입고 있다. 2024년과 2025년 백업...,isplus.com,2026-04-20T08:52:00,,TRANSACTION_CONTRACT,,1.0,,,True,박진만 감독이 김영웅 복귀에도 전병우를 기용할 것이라 밝혔다.,전병우,neutral,,True,"롯데 vs 한화 (홈) 1-9 패 | 홈런: 문현빈4호 | 타자 키플레이어: 문현빈(한화), 강백호(한화), 최재훈(한화) | 투수 키플레이어: 에르난데스(한화), 김종수(한화), 김서현(한화)"
1058,‘대박’ 롯데-두산 초대형 트레이드 전격 단행→두산에 투혼의 복덩이...,2025시즌에 앞서 초대형 트레이드를 단행한 롯데 자이언츠와 두산 베어스. 지난해 롯데가 트레이드 효과를 톡톡히 봤다면 올해는 두산에 트레이드 성공신화가 쓰여질 조짐이 보이고 있다. 프로야구 두산 베어스...,www.osen.co.kr,2026-04-20T07:14:00,,TRANSACTION_CONTRACT,,1.0,,,True,롯데와 두산의 초대형 트레이드가 성사되었다.,,neutral,,True,"롯데 vs 한화 (홈) 1-9 패 | 홈런: 문현빈4호 | 타자 키플레이어: 문현빈(한화), 강백호(한화), 최재훈(한화) | 투수 키플레이어: 에르난데스(한화), 김종수(한화), 김서현(한화)"
1059,"홈런·타점 1위 경쟁, KT 장성우가 누리는 '우산 효과'","그는 2008년 롯데 자이언츠에서 프로에 데뷔한 후 통산 1501경기에서 타율 0.261(4247타수 1106안타) 139홈런... KT는 비시즌 자유계약선수(FA) 시장에서 간판 강백호(27)와 재계약에 실패했으나, 김현수(38)와 최원준(29)을...",www.hansbiz.co.kr,2026-04-20T07:00:00,,TRANSACTION_CONTRACT,,1.0,,,True,KT 장성우가 홈런과 타점 1위 경쟁을 이어가고 있다.,,neutral,,True,"롯데 vs 한화 (홈) 1-9 패 | 홈런: 문현빈4호 | 타자 키플레이어: 문현빈(한화), 강백호(한화), 최재훈(한화) | 투수 키플레이어: 에르난데스(한화), 김종수(한화), 김서현(한화)"
1060,패패패패패패패패패패패패…'21억' 3선발은 어쩌다 '필패의 아이콘'이 ...,팀 내 최고 연봉을 받는 롯데 자이언츠 박세웅이 또 다시 승리를 얻는데 실패했다. 결국 개인 10연패와... 12경기에서 롯데는 모두 패했다. 개인 10연패에 팀도 12연패 중이다. 2022시즌이 끝나고 5년 90억원의 비FA...,www.osen.co.kr,2026-04-20T01:01:00,,TRANSACTION_CONTRACT,,1.0,,,True,박세웅이 개인 10연패에 빠지며 팀도 12연패 중이다.,박세웅,negative,,True,"롯데 vs 한화 (홈) 1-9 패 | 홈런: 문현빈4호 | 타자 키플레이어: 문현빈(한화), 강백호(한화), 최재훈(한화) | 투수 키플레이어: 에르난데스(한화), 김종수(한화), 김서현(한화)"
1061,"""오늘도 쳤어요?"" 노시환 소식에 함박미소, 문현빈은 믿는다 ""걱정? 결국...","연패의 모든 원인은 아니지만, 이번 겨울 11년 총액 307억원의 초대형 장기계약(비FA 다년계약)을 맺은... 19일 사직 롯데 자이언츠전에서 4안타(1홈런) 4타점 2득점으로 불방망이를 휘두르며 한화의 2연승을 견인한...",www.spotvnews.co.kr,2026-04-20T00:32:00,,TRANSACTION_CONTRACT,,1.0,,,True,문현빈이 롯데전에서 4안타로 한화의 연승을 이끌었다.,문현빈,negative,,True,"롯데 vs 한화 (홈) 1-9 패 | 홈런: 문현빈4호 | 타자 키플레이어: 문현빈(한화), 강백호(한화), 최재훈(한화) | 투수 키플레이어: 에르난데스(한화), 김종수(한화), 김서현(한화)"
1062,"'복병 등장' KIA, 단돈 2억 투자 또 성공하나…""난 항상 마지막"" 간절했...","이호연은 광주제일고를 졸업하고 2018년 롯데 자이언츠에 6라운드 지명을 받아 프로 생활을 시작했다. 2023년 KT로 트레이드됐고, 프로 데뷔 8년 만에 고향팀 KIA에서 새로운 시작을 준비했다. 이호연은 지난 2월...",www.sportschosun.com,2026-04-19T17:53:00,,TRANSACTION_CONTRACT,,0.9,,,True,이호연이 KIA에서 새로운 시작을 준비하고 있다.,이호연,neutral,,True,"롯데 vs 한화 (홈) 1-9 패 | 홈런: 문현빈4호 | 타자 키플레이어: 문현빈(한화), 강백호(한화), 최재훈(한화) | 투수 키플레이어: 에르난데스(한화), 김종수(한화), 김서현(한화)"
1063,"""100억은 시작가일 수도, 혹시 목표가 MVP?""... 44년 전 전설 소환한 박성...","이는 프로야구 원년인 1982년, 롯데 자이언츠의 '미스터 올스타' 김용희가 세웠던 개막 이후 최다 연속... 대체 불가의 센터라인 내야수가 이토록 파괴적인 공격력까지 뿜어내고 있으니, 다가올 FA 시장에서 그의...",www.fnnews.com,2026-04-19T15:21:00,,TRANSACTION_CONTRACT,,1.0,,,True,FA 시장에서 김용희의 기록이 다시 주목받고 있다.,,neutral,,True,"롯데 vs 한화 (홈) 1-9 패 | 홈런: 문현빈4호 | 타자 키플레이어: 문현빈(한화), 강백호(한화), 최재훈(한화) | 투수 키플레이어: 에르난데스(한화), 김종수(한화), 김서현(한화)"
1064,"선발 재편 두산, 이영하 불펜 전환·벤자민 21일 선발","이런 활약을 인정받아 지난해 11월 두산과 계약기간 4년, 총액 최대 52억 원 규모의 자유계약선수(FA) 계약을... 김원형 감독은 벤자민을 21일 부산 사직구장에서 열리는 롯데 자이언츠전 선발 투수로 예고했다. 2022년부터...",www.topstarnews.net,2026-04-19T12:38:00,,TRANSACTION_CONTRACT,,1.0,,,True,두산이 롯데전에서 벤자민을 선발 투수로 예고했다.,벤자민,neutral,,True,"롯데 vs 한화 (홈) 0-5 패 | 결승타: 페라자(3회) | 타자 키플레이어: 페라자(한화), 강백호(한화), 문현빈(한화) | 투수 키플레이어: 류현진(한화), 현도훈(롯데), 조동욱(한화)"
1065,"무사 만루 위기서 두산 구한 윤태호…""더 성장하는 계기 되길""",트레이드를 통해 두산으로 이적한 뒤 꾸준히 선발 출장했던 손아섭은 선발 명단에서 제외됐다. 이에 김... 플렉센의 대체 외국인 투수 웨스 벤자민이 21일 롯데 자이언츠를 상대로 시즌 첫 등판에 임한다. 김 감독은...,www.newsis.com,2026-04-19T12:27:00,,TRANSACTION_CONTRACT,,1.0,,,True,롯데가 한화에 패하며 어려운 상황에 직면했다.,,negative,,True,"롯데 vs 한화 (홈) 0-5 패 | 결승타: 페라자(3회) | 타자 키플레이어: 페라자(한화), 강백호(한화), 문현빈(한화) | 투수 키플레이어: 류현진(한화), 현도훈(롯데), 조동욱(한화)"
1066,"두산 이영하, 불펜으로 보직 이동…벤자민 21일 첫 선발 등판","05의 성적을 낸 뒤 지난해 11월 두산과 계약기간 4년 최대 52억원의 조건으로 자유계약선수(FA) 계약을 했다.... 김원형 감독은 ""벤자민은 화요일(21일 부산 롯데 자이언츠전)에 선발 등판할 예정""이라고 전했다....",www.yna.co.kr,2026-04-19T12:26:00,,TRANSACTION_CONTRACT,,1.0,,,True,두산의 벤자민이 롯데와의 경기에서 첫 선발 등판을 준비한다.,벤자민,neutral,,True,"롯데 vs 한화 (홈) 0-5 패 | 결승타: 페라자(3회) | 타자 키플레이어: 페라자(한화), 강백호(한화), 문현빈(한화) | 투수 키플레이어: 류현진(한화), 현도훈(롯데), 조동욱(한화)"
1067,"""어제처럼 던지면 못써"" 허무한 볼볼볼볼…'초대형 트레이드' 김태형의...",“어제처럼 던지면 1군에서 못 써” 김태형 롯데 자이언츠 감독이 19일 부산 사직구장에서 열린 프로야구... 특히 2024년 시즌이 끝나고 두산과의 초대형 트레이드를 통해 합류한 정철원의 경우 전날(18일) 경기 허무한...,www.osen.co.kr,2026-04-19T12:03:00,,TRANSACTION_CONTRACT,,1.0,,,True,김태형 감독이 선수들의 성적에 불만을 표출했다.,정철원,negative,,True,"롯데 vs 한화 (홈) 0-5 패 | 결승타: 페라자(3회) | 타자 키플레이어: 페라자(한화), 강백호(한화), 문현빈(한화) | 투수 키플레이어: 류현진(한화), 현도훈(롯데), 조동욱(한화)"
1068,"'승률 0,353' 8위 추락 → '칼'뽑은 롯데, 윤동희·정철원 등 4명 동시 말...",김태형 롯데 자이언츠 감독의 인내심에 금이 갔다. 롯데는 19일 부산 사직구장에서 열리는 한화 이글스전을... 박세웅의 동생인 박세진은 지난해 6월 이정훈과의 맞트레이드로 롯데 유니폼을 입었다. 올해 1군...,www.sportschosun.com,2026-04-19T11:22:00,,TRANSACTION_CONTRACT,,1.0,,,True,롯데가 8위로 추락하며 선수단에 변화가 필요하다.,윤동희;정철원,negative,,True,"롯데 vs 한화 (홈) 0-5 패 | 결승타: 페라자(3회) | 타자 키플레이어: 페라자(한화), 강백호(한화), 문현빈(한화) | 투수 키플레이어: 류현진(한화), 현도훈(롯데), 조동욱(한화)"
1069,"'와' 롯데가 기다릴 만했네! 첫 등판부터 3⅔이닝 무실점 쾌투, '어지럼...",롯데 자이언츠 베테랑 우완 현도훈(33)이 기다리고 기다리던 시즌 첫 등판에서 최고의 피칭으로 희망을... 이후 군 복무 후 두산에 재입단해 또 한 번 방출의 아픔을 겪었다. 롯데는 그에게 다시 기회를 준 팀이었다....,www.starnewskorea.com,2026-04-18T21:41:00,,TRANSACTION_CONTRACT,,1.0,,,True,현도훈이 첫 등판에서 무실점으로 좋은 성적을 거두었다.,현도훈,positive,,True,"롯데 vs 한화 (홈) 0-5 패 | 결승타: 페라자(3회) | 타자 키플레이어: 페라자(한화), 강백호(한화), 문현빈(한화) | 투수 키플레이어: 류현진(한화), 현도훈(롯데), 조동욱(한화)"
1070,"빛났던 스위퍼! 7이닝 틀어막은 류현진, 한화 6연패 끊었다…노시환 23일...","류현진은 18일 부산 사직야구장에서 펼쳐진 ‘2026 신한 SOL KBO리그’ 롯데 자이언츠전에 선발 등판, 7이닝... 올 시즌 한화와 10년 307억원 비FA 연장계약을 맺으며 큰 기대를 모았지만, 지난 13일 성적 부진으로 1군에서...",www.dailian.co.kr,2026-04-18T21:12:00,,TRANSACTION_CONTRACT,,1.0,,,True,류현진이 롯데를 상대로 7이닝을 무실점으로 막았다.,류현진,negative,,True,"롯데 vs 한화 (홈) 0-5 패 | 결승타: 페라자(3회) | 타자 키플레이어: 페라자(한화), 강백호(한화), 문현빈(한화) | 투수 키플레이어: 류현진(한화), 현도훈(롯데), 조동욱(한화)"
1071,"'2군행' 노시환 컴백 로드맵 나왔다!...김경문 감독 ""21일 1군 선수단 합...",원래대로라면 노시환은 2026시즌을 마친 뒤 FA(자유계약) 자격을 취득할 예정이었다. 하지만 지난 2월... 김경문 한화 감독은 18일 부산 사직야구장에서 펼쳐지는 2026 신한 SOL KBO리그 롯데 자이언츠와의 정규시즌...,www.xportsnews.com,2026-04-18T16:45:00,,TRANSACTION_CONTRACT,,1.0,,,True,노시환의 복귀 일정이 발표되었다.,노시환,neutral,,True,"롯데 vs 한화 (홈) 0-5 패 | 결승타: 페라자(3회) | 타자 키플레이어: 페라자(한화), 강백호(한화), 문현빈(한화) | 투수 키플레이어: 류현진(한화), 현도훈(롯데), 조동욱(한화)"
1072,"""이제 시간이 없다""…이영하, 피치클락→스리런포, 불펜행까지 남은 선...",올시즌을 앞두고 두산과 총액 52억원 FA 계약을 체결한 이영하는 김원형 감독의 구상 속에 선발로 시즌을... 이로 인해 당초 김 감독이 예고한 대로 21일 롯데 자이언츠 전에서는 이영하가 선발로 나서고 그 이후는 웨스...,www.sportschosun.com,2026-04-18T16:08:00,,TRANSACTION_CONTRACT,,1.0,,,True,이영하가 선발에서 불펜으로 이동할 가능성이 있다.,이영하,neutral,,True,"롯데 vs 한화 (홈) 0-5 패 | 결승타: 페라자(3회) | 타자 키플레이어: 페라자(한화), 강백호(한화), 문현빈(한화) | 투수 키플레이어: 류현진(한화), 현도훈(롯데), 조동욱(한화)"
1073,"'6일 만에 퓨처스 출전' 한화 노시환, 다음주 잠실 LG전서 1군 돌아온다...",한화 김경문 감독은 18일 부산 사직야구장에서 열릴 2026 신한 SOL KBO리그 정규시즌 롯데 자이언츠와 방문... 노시환은 올 시즌을 앞두고 한화와 11년 307억 원 비FA 다년계약을 체결했다. KBO 최초 9년 이상 300억 원대...,www.starnewskorea.com,2026-04-18T16:08:00,,TRANSACTION_CONTRACT,,1.0,,,True,노시환이 다음주 LG전에서 1군으로 복귀할 예정이다.,노시환,negative,,True,"롯데 vs 한화 (홈) 0-5 패 | 결승타: 페라자(3회) | 타자 키플레이어: 페라자(한화), 강백호(한화), 문현빈(한화) | 투수 키플레이어: 류현진(한화), 현도훈(롯데), 조동욱(한화)"
1074,"[속보] 초대형 다년계약 맺고 ""감독급 스트레스"" 노시환, LG 3연전에 돌아...",정규시즌 롯데 자이언츠와의 경기를 앞두고 슬럼프로 2군에 내려간 노시환의 향후 합류 계획을 전했다. 노시환은 올 시즌을 앞두고 11년 307억원의 초대형 비FA 다년계약을 맺었다. 역대 최초로 300억원 규모의 계약을...,www.osen.co.kr,2026-04-18T15:56:00,,TRANSACTION_CONTRACT,,1.0,,,True,노시환이 LG 3연전에 복귀할 계획을 밝혔다.,노시환,negative,,True,"롯데 vs 한화 (홈) 0-5 패 | 결승타: 페라자(3회) | 타자 키플레이어: 페라자(한화), 강백호(한화), 문현빈(한화) | 투수 키플레이어: 류현진(한화), 현도훈(롯데), 조동욱(한화)"
1075,'스캠 출발 전날 FA 계약' KT 장성우 대박! 벌써 '혜자' 평가→2년 16억인...,"시즌을 앞두고 FA(프리에이전트) 계약이 조금 늦어졌음에도 자신의 가치를 제대로 선보이고 있다. 장성우는... 이 홈런으로 장성우는 시즌 6호포를 기록, 김도영(KIA 타이거즈), 레이예스(롯데 자이언츠), 오스틴(LG...",www.starnewskorea.com,2026-04-18T11:11:00,,TRANSACTION_CONTRACT,,1.0,,,True,장성우가 시즌 6호 홈런을 기록하며 주목받고 있다.,장성우,neutral,,True,"롯데 vs 한화 (홈) 0-5 패 | 결승타: 페라자(3회) | 타자 키플레이어: 페라자(한화), 강백호(한화), 문현빈(한화) | 투수 키플레이어: 류현진(한화), 현도훈(롯데), 조동욱(한화)"
1076,"한화 트레이드 이적생, 1군 호출 '하루 만에' 2군행...왜? ""제구 좀 더 다...","한화는 17일 부산 사직야구장에서 열릴 예정이었던 2026 신한 SOL KBO리그 롯데 자이언츠와의 정규시즌... 한화는 지난 14일 두산 베어스와 트레이드를 통해 외야수 손아섭을 두산에 보내고 이교훈, 현금 1억5000만원을...",www.xportsnews.com,2026-04-18T11:10:00,,TRANSACTION_CONTRACT,,1.0,,,True,한화의 이적생이 하루 만에 2군으로 내려갔다.,,negative,,True,"롯데 vs 한화 (홈) 0-5 패 | 결승타: 페라자(3회) | 타자 키플레이어: 페라자(한화), 강백호(한화), 문현빈(한화) | 투수 키플레이어: 류현진(한화), 현도훈(롯데), 조동욱(한화)"
1077,"""세게 던져도 제구가 된다"" 염갈량도 감탄했다...롯데 출신 이적생, 154k...","야탑고 출신 우강훈은 2021년 프로야구 롯데 자이언츠에 입단한 뒤 2024년 3월 손호영과의 1대1 트레이드를 통해 LG 유니폼을 입었다. 최고 150km 안팎의 빠른 공이 강점이었지만, 들쭉날쭉한 제구가 늘 발목을 잡았다. 2024년...",www.osen.co.kr,2026-04-18T09:11:00,,TRANSACTION_CONTRACT,,1.0,,,True,롯데 출신 이적생이 제구 문제를 극복하고 있다.,우강훈,neutral,,True,"롯데 vs 한화 (홈) 0-5 패 | 결승타: 페라자(3회) | 타자 키플레이어: 페라자(한화), 강백호(한화), 문현빈(한화) | 투수 키플레이어: 류현진(한화), 현도훈(롯데), 조동욱(한화)"
1078,우우우우우우우우좌 초강수도 무소용…외인 득타율 0.000+78억 1루수 KK 교...,"첫날 손아섭 트레이드 효과에 힘입어 11-3 대승을 거뒀으나 평화도 잠시 15일 0-6, 16일 1-2로 연달아 패하며... 5경기로 유지됐지만, 공동 7위 한화 이글스, 롯데 자이언츠와 승차는 1경기로 벌어졌다. 최근 3경기 27이닝...",www.osen.co.kr,2026-04-18T02:43:00,,TRANSACTION_CONTRACT,,1.0,,,True,롯데가 최근 3경기에서 연달아 패하며 부진하다.,,negative,,True,"롯데 vs 한화 (홈) 0-5 패 | 결승타: 페라자(3회) | 타자 키플레이어: 페라자(한화), 강백호(한화), 문현빈(한화) | 투수 키플레이어: 류현진(한화), 현도훈(롯데), 조동욱(한화)"
1079,KIA가 2차 드래프트서 품은 이 선수…퓨처스 3G서 7타점 활약→'1군 콜업...,1995년생인 이호연은 광주수창초-진흥중-광주제일고-성균관대를 거쳐 2018년 2차 6라운드 53순위로 롯데 자이언츠에 입단했다. 이후 2023년 5월 좌완 심재민과의 1대1 트레이드를 통해 KT 위즈 유니폼을 입었다....,www.xportsnews.com,2026-04-18T01:01:00,,TRANSACTION_CONTRACT,,1.0,,,True,이호연이 퓨처스에서 활약하며 1군 콜업을 기대하고 있다.,이호연,positive,,True,"롯데 vs 한화 (홈) 0-5 패 | 결승타: 페라자(3회) | 타자 키플레이어: 페라자(한화), 강백호(한화), 문현빈(한화) | 투수 키플레이어: 류현진(한화), 현도훈(롯데), 조동욱(한화)"
1080,"'이의리 쾌투' KIA, 시즌 첫 '박찬호 더비' 잡고 8연승…'3연승' KT, 단독...","프리에이전트(FA) 계약을 맺었다. 이날 경기는 박찬호가 KIA를 적으로 상대하는 첫 경기였다. 박찬호는 첫... 한편 이날 사직구장(한화 이글스-롯데 자이언츠), 대구 삼성라이온즈파크(LG-삼성 라이온즈), 창원 NC파크...",www.newsis.com,2026-04-17T22:06:00,,TRANSACTION_CONTRACT,,1.0,,,True,KIA가 롯데를 상대로 8연승을 기록했다.,,negative,,True,"롯데 vs LG (원정) 4-7 패 | 결승타: 문성주(6회) | 홈런: 레이예스5호 | 타자 키플레이어: 레이예스(롯데), 문성주(LG), 윤동희(롯데) | 투수 키플레이어: 치리노스(LG), 우강훈(LG), 정철원(롯데)"
1081,'100억 거포' 깜짝 라인업 제외 왜? '타점 1위+홈런 4개' 위력 제대로인...,'100억 FA 거포' 강백호가 라인업에서 빠졌다. 대신 4번타자 자리에 페라자가 배치됐다. 17일 부산 사직구장에서 열릴 예정이던 한화 이글스와 롯데 자이언츠의 주말시리즈 1차전은 오후 2시 50분쯤부터 거듭 내린 비로...,www.sportschosun.com,2026-04-17T19:31:00,,TRANSACTION_CONTRACT,,1.0,,,True,강백호가 라인업에서 제외되며 페라자가 대신 출전한다.,강백호;페라자,negative,,True,"롯데 vs LG (원정) 4-7 패 | 결승타: 문성주(6회) | 홈런: 레이예스5호 | 타자 키플레이어: 레이예스(롯데), 문성주(LG), 윤동희(롯데) | 투수 키플레이어: 치리노스(LG), 우강훈(LG), 정철원(롯데)"
1082,"2군으로 보냈지만, 가치가 없어서는 절대 아니다…이적생 매력 본 달감...",한화 이글스와 롯데 자이언츠의 17일 부산 사직야구장에서 치러질 예정이었던 2026 신한SOL KBO리그 경기가... 손아섭과의 트레이드를 통해 한화에 합류한 뒤 16일에 실전을 소화했던 이교훈은 한 경기만을 치르고 다시...,www.mydaily.co.kr,2026-04-17T19:29:00,,TRANSACTION_CONTRACT,,1.0,,,True,이교훈이 한 경기 후 2군으로 내려갔지만 여전히 가치가 있다.,이교훈,neutral,,True,"롯데 vs LG (원정) 4-7 패 | 결승타: 문성주(6회) | 홈런: 레이예스5호 | 타자 키플레이어: 레이예스(롯데), 문성주(LG), 윤동희(롯데) | 투수 키플레이어: 치리노스(LG), 우강훈(LG), 정철원(롯데)"
1083,"KT 장성우, 키움전 시즌 6호포… 홈런·타점 1위","이 홈런으로 장성우는 LG 트윈스 오스틴 딘, 롯데 자이언츠 빅터 레이예스, KIA 타이거즈 김도영(이상... 장성우는 지난 시즌 직후 자유계약선수(FA) 자격을 얻어 2년 총액 16억원에 재계약했다. 그는 이날 전까지...",www.hansbiz.co.kr,2026-04-17T19:22:00,,TRANSACTION_CONTRACT,,1.0,,,True,장성우가 홈런과 타점 1위를 기록하며 주목받고 있다.,장성우,neutral,,True,"롯데 vs LG (원정) 4-7 패 | 결승타: 문성주(6회) | 홈런: 레이예스5호 | 타자 키플레이어: 레이예스(롯데), 문성주(LG), 윤동희(롯데) | 투수 키플레이어: 치리노스(LG), 우강훈(LG), 정철원(롯데)"
1084,"하늘 넌 눈치가 없냐…비에 막힌 ‘정훈 은퇴식’, 창원·대구도 우천 취...","전 롯데 자이언츠 정훈(39)의 은퇴식이 봄비로 미뤄졌다. 롯데는 17일 사직 한화 이글스와 홈경기를... 프로 첫해를 보낸 뒤 방출됐고, 이후 입단테스트를 거쳐 롯데 유니폼을 입었다. 정훈은 2010시즌 롯데서 1군에...",sports.donga.com,2026-04-17T19:04:00,,TRANSACTION_CONTRACT,,1.0,,,True,정훈의 은퇴식이 비로 인해 연기되었다.,정훈,negative,,True,"롯데 vs LG (원정) 4-7 패 | 결승타: 문성주(6회) | 홈런: 레이예스5호 | 타자 키플레이어: 레이예스(롯데), 문성주(LG), 윤동희(롯데) | 투수 키플레이어: 치리노스(LG), 우강훈(LG), 정철원(롯데)"
1085,"'오 정훈' 언제 외칠 수 있을까…롯데-한화전 우천 취소, 은퇴식 일정 재...",롯데 자이언츠의 '프랜차이즈 스타' 정훈의 은퇴식은 결국 뒤로 미뤄지게 됐다. 17일 부산 사직야구장에서... 정훈은 2006년 현대 유니콘스에 신고선수로 입단했으나 1년 만에 방출당한 뒤 현역으로 군 생활을 마쳤다....,www.sportalkorea.com,2026-04-17T17:50:00,,TRANSACTION_CONTRACT,,1.0,,,True,정훈의 은퇴식이 우천으로 인해 다시 연기되었다.,정훈,negative,,True,"롯데 vs LG (원정) 4-7 패 | 결승타: 문성주(6회) | 홈런: 레이예스5호 | 타자 키플레이어: 레이예스(롯데), 문성주(LG), 윤동희(롯데) | 투수 키플레이어: 치리노스(LG), 우강훈(LG), 정철원(롯데)"
1086,마운드 붕괴에 사령탑은 판독 미신청 ‘직무 유기’로 안타 날려버리고...,"있었고, FA 최대어 강백호 영입을 통한 타선 보강에 새로 영입한 윌켈 에르난데스와 오웬 화이트가 폰와... 지난 1990년 5월5일 잠실에서 LG 트윈스 마운드가 롯데 자이언츠를 상대로 내줬던 기록(17개)을 무려 36년 만에...",www.segye.com,2026-04-17T16:09:00,,TRANSACTION_CONTRACT,,1.0,,,True,롯데의 마운드가 붕괴되며 경기에서 패배했다.,,negative,,True,"롯데 vs LG (원정) 4-7 패 | 결승타: 문성주(6회) | 홈런: 레이예스5호 | 타자 키플레이어: 레이예스(롯데), 문성주(LG), 윤동희(롯데) | 투수 키플레이어: 치리노스(LG), 우강훈(LG), 정철원(롯데)"
1087,"정훈 은퇴식, 만약 우천 취소되면 어떻게?…'6연패' 한화 만난 롯데 → ...",롯데 자이언츠는 17일 부산 사직구장에서 한화 이글스와의 주말시리즈 1차전을 치른다. 기상청은 이날 오후... 투수총괄이 롯데로 부임하면서 함께 유니폼을 갈아입은 선수다. 엘빈 로드리게스와 함께 지난 겨울 FA 시장에...,www.sportschosun.com,2026-04-17T14:31:00,,TRANSACTION_CONTRACT,,1.0,,,True,롯데가 한화와의 경기를 앞두고 우천 취소 가능성을 고려하고 있다.,,neutral,,True,"롯데 vs LG (원정) 4-7 패 | 결승타: 문성주(6회) | 홈런: 레이예스5호 | 타자 키플레이어: 레이예스(롯데), 문성주(LG), 윤동희(롯데) | 투수 키플레이어: 치리노스(LG), 우강훈(LG), 정철원(롯데)"
1088,"'오 정훈, 자이언츠 정훈' 마지막으로 울려 퍼지는 날…은퇴선수 특별엔...",2006년 현대 유니콘스에 육성선수로 입단했지만 방출 당했다. 이후 현역으로 군 문제를 해결한 뒤 모교인 마산 양덕초등학교 코치로도 재직하는 등 프로 커리어가 끝날 위기였다. 하지만 롯데 자이언츠에 다시...,www.osen.co.kr,2026-04-17T13:40:00,,TRANSACTION_CONTRACT,,1.0,,,True,정훈의 마지막 경기가 다가오고 있다.,정훈,neutral,,True,"롯데 vs LG (원정) 4-7 패 | 결승타: 문성주(6회) | 홈런: 레이예스5호 | 타자 키플레이어: 레이예스(롯데), 문성주(LG), 윤동희(롯데) | 투수 키플레이어: 치리노스(LG), 우강훈(LG), 정철원(롯데)"
1089,"역대 23번째 '2000경기 출장' 베테랑 오지환, 만족은 없다…""아직 더 갈...","오지환은 지난 16일 서울 잠실야구장에서 열린 2026 신한 SOL Bank KBO리그 정규시즌 롯데 자이언츠와... 20대 후반부터 제 야구를 할 수 있었는데, 못했던 시간이 아까웠다""며 ""두 번의 FA를 하고 한 팀에서만 뛰다 보니까...",www.xportsnews.com,2026-04-17T11:01:00,,TRANSACTION_CONTRACT,,1.0,,,True,오지환이 2000경기 출장 기록을 세웠지만 만족하지 않는다.,오지환,negative,,True,"롯데 vs LG (원정) 4-7 패 | 결승타: 문성주(6회) | 홈런: 레이예스5호 | 타자 키플레이어: 레이예스(롯데), 문성주(LG), 윤동희(롯데) | 투수 키플레이어: 치리노스(LG), 우강훈(LG), 정철원(롯데)"
1090,"154km 구위가 너무 아깝다...이영하의 반전투, 벤자민 선발 일정도 바꾸...",21일 부산에서 열리는 롯데 자이언츠전 선발 구상에 변수가 생겼기 때문이다. 두산은 15일 인천에서 열린 SSG... 올시즌을 앞두고 두산과 총액 52억원 FA 계약을 체결한 이영하는 김원형 감독의 구상 속에 선발로 시즌을...,www.sportschosun.com,2026-04-17T05:07:00,,TRANSACTION_CONTRACT,,1.0,,,True,이영하의 선발 일정에 변수가 생겼다.,이영하,neutral,,True,"롯데 vs LG (원정) 4-7 패 | 결승타: 문성주(6회) | 홈런: 레이예스5호 | 타자 키플레이어: 레이예스(롯데), 문성주(LG), 윤동희(롯데) | 투수 키플레이어: 치리노스(LG), 우강훈(LG), 정철원(롯데)"
1091,2000경기를 유격수로만 뛰었다…늙지 않는 124억 FA 오지환 “우승 5번까...,"오지환은 16일 잠실구장에서 열린 롯데 자이언츠와 경기에 5번 유격수로 선발 출장했다. 9회까지 교체 없이... 그리고 두 번의 FA를 하고 나서는 좀 더 책임감을 갖고, 이제 한 팀에서만 뛰다 보니까 고참이 되어 있더라....",www.osen.co.kr,2026-04-17T04:34:00,,TRANSACTION_CONTRACT,,1.0,,,True,오지환이 2000경기를 유격수로 뛰며 책임감을 느낀다.,오지환,positive,,True,"롯데 vs LG (원정) 4-7 패 | 결승타: 문성주(6회) | 홈런: 레이예스5호 | 타자 키플레이어: 레이예스(롯데), 문성주(LG), 윤동희(롯데) | 투수 키플레이어: 치리노스(LG), 우강훈(LG), 정철원(롯데)"
1092,"흔한 2000경기 아닙니다…KBO 역사에 36살 주전 유격수? 없었다, 그것도...","오지환은 16일 서울 잠실야구장에서 열린 '2026 신한 SOL뱅크 KBO리그' 롯데 자이언츠와 경기에 5번타자... 그리고 두 번의 FA 계약을 한 팀에서만 했다는 책임감을 갖고 뛰고 있는데 어느새 고참이 됐더라""라며 커리어를...",www.spotvnews.co.kr,2026-04-17T00:56:00,,TRANSACTION_CONTRACT,,1.0,,,True,오지환이 2000경기 출장으로 KBO 역사에 남는다.,오지환,positive,,True,"롯데 vs LG (원정) 4-7 패 | 결승타: 문성주(6회) | 홈런: 레이예스5호 | 타자 키플레이어: 레이예스(롯데), 문성주(LG), 윤동희(롯데) | 투수 키플레이어: 치리노스(LG), 우강훈(LG), 정철원(롯데)"
1093,"역대 유격수 2호 2000G 출장...오지환 ""포지션이 바뀌지 않고 이뤄내 더...",오지환은 16일 서울 잠실구장에서 열린 2026 KBO리그 정규시즌 롯데 자이언츠와의 홈 주중 3연전 3차전에 5번... 자유계약선수(FA) 계약을 하며 LG에서 오래 뛰고 있는 점에 대해서도 자부심을 전했다. 2023·2025시즌 팀...,isplus.com,2026-04-17T00:10:00,,TRANSACTION_CONTRACT,,1.0,,,True,오지환이 유격수로 2000경기를 뛰며 자부심을 느낀다.,오지환,positive,,True,"롯데 vs LG (원정) 4-7 패 | 결승타: 문성주(6회) | 홈런: 레이예스5호 | 타자 키플레이어: 레이예스(롯데), 문성주(LG), 윤동희(롯데) | 투수 키플레이어: 치리노스(LG), 우강훈(LG), 정철원(롯데)"
1094,"슈퍼스타 오타니 롤모델로 꼽은 LG 우강훈 ""성실함·멘털 본받고 싶다""",우강훈은 16일 잠실구장에서 열린 2026 신한 쏠 KBO리그 롯데 자이언츠와의 경기에 구원 등판해 1이닝... 2023년 처음으로 1군 마운드에 올랐으나 3경기 출전에 그쳤던 우강훈은 2024년 3월 외야수 손호영과 트레이드돼 LG에...,www.newsis.com,2026-04-16T23:05:00,,TRANSACTION_CONTRACT,,1.0,,,True,우강훈이 롯데를 상대로 구원 등판하며 성과를 올렸다.,우강훈,negative,,True,"롯데 vs LG (원정) 4-7 패 | 결승타: 문성주(6회) | 홈런: 레이예스5호 | 타자 키플레이어: 레이예스(롯데), 문성주(LG), 윤동희(롯데) | 투수 키플레이어: 치리노스(LG), 우강훈(LG), 정철원(롯데)"
1095,"'홀드 공동 선두' LG 우강훈 ""직구만 있다고? 변화구도 던진다""",LG 트윈스 투수 우강훈이 '친정팀' 롯데 자이언츠를 상대로 시즌 5번째 홀드를 따내며 이 부문 공동 선두에... 41순위로 롯데에 지명된 우강훈은 2024년 3월 베테랑 내야수 김민성과 트레이드를 통해 LG 유니폼으로...,www.news1.kr,2026-04-16T22:40:00,,TRANSACTION_CONTRACT,,1.0,,,True,우강훈이 롯데를 상대로 홀드 공동 선두에 올랐다.,우강훈,negative,,True,"롯데 vs LG (원정) 4-7 패 | 결승타: 문성주(6회) | 홈런: 레이예스5호 | 타자 키플레이어: 레이예스(롯데), 문성주(LG), 윤동희(롯데) | 투수 키플레이어: 치리노스(LG), 우강훈(LG), 정철원(롯데)"
1096,[MD포토] 천성호 'LG 트레이드 복덩이 되나',16일 오후 서울 잠실구장에서 열린 '2026 신한 SOL KBO리그' 롯데 자이언츠와 LG 트윈스의 경기 LG 천성호가 2회말 1사 2루서 1타점 동점 2루타를 친 뒤 기뻐하고 있다.,www.mydaily.co.kr,2026-04-16T20:21:00,,TRANSACTION_CONTRACT,,1.0,,,True,천성호가 롯데를 상대로 동점 2루타를 기록했다.,천성호,negative,,True,"롯데 vs LG (원정) 4-7 패 | 결승타: 문성주(6회) | 홈런: 레이예스5호 | 타자 키플레이어: 레이예스(롯데), 문성주(LG), 윤동희(롯데) | 투수 키플레이어: 치리노스(LG), 우강훈(LG), 정철원(롯데)"
1097,"'생존이다' 52억 FA 대반전, 3이닝 3실점 패전인데 합격 판정 왜? “괜찮...",다음 등판은 21일 사직 롯데 자이언츠전이다. 김원형 감독은 “어제 투구가 다음 경기에 또 선발로 들어갈 수 있는 괜찮은 투구였다. 일단 지금 시점에서는 21일 선발은 이영하다”라고 신뢰를 보였다. 다만 21일 등판을...,www.osen.co.kr,2026-04-16T18:34:00,,TRANSACTION_CONTRACT,,1.0,,,True,"롯데가 LG와의 경기에서 패했지만, 이영하에 대한 신뢰를 보였다.",이영하,neutral,,True,"롯데 vs LG (원정) 4-7 패 | 결승타: 문성주(6회) | 홈런: 레이예스5호 | 타자 키플레이어: 레이예스(롯데), 문성주(LG), 윤동희(롯데) | 투수 키플레이어: 치리노스(LG), 우강훈(LG), 정철원(롯데)"
1098,"베일에 싸여있던 한화 17일 선발, 드디어 나왔다… 주인공은 박준영","그동안 미궁 속에 빠져있었던 한화 이글스의 17일 롯데 자이언츠전 선발투수가 드디어 공개됐다. 주인공은... 또한 15일 2.1이닝 4실점(2자책)으로 부진했던 이상규가 2군으로 내려가고 지난 14일, 손아섭과 트레이드로...",sports.hankooki.com,2026-04-16T16:28:00,,TRANSACTION_CONTRACT,,1.0,,,True,한화의 17일 롯데전 선발투수가 드디어 공개되었다.,,neutral,,True,"롯데 vs LG (원정) 4-7 패 | 결승타: 문성주(6회) | 홈런: 레이예스5호 | 타자 키플레이어: 레이예스(롯데), 문성주(LG), 윤동희(롯데) | 투수 키플레이어: 치리노스(LG), 우강훈(LG), 정철원(롯데)"
1099,"1~5위와 6~10위 차이점, '얻은 볼넷' 숫자와 정확히 일치 [신화섭의 스포...","오히려 하위권인 NC 다이노스와 롯데 자이언츠가 16개로 팀 홈런 공동 2위를 달리고 있다.... 트레이드 첫 날인 14일 SSG전부터 선발 2번타자로 나서 볼넷 2개와 홈런 1개, 15일에는 볼넷과 안타를 1개씩 얻어냈다....",www.starnewskorea.com,2026-04-16T12:05:00,,TRANSACTION_CONTRACT,,1.0,,,True,롯데와 NC가 팀 홈런 공동 2위를 기록하고 있다.,,neutral,,True,"롯데 vs LG (원정) 2-0 승 | 결승타: 손성빈(3회) | 홈런: 손성빈1호 | 타자 키플레이어: 장두성(롯데), 박해민(LG), 한태양(롯데) | 투수 키플레이어: 김진욱(롯데), 웰스(LG), 박정민(롯데)"
1100,"폰와한김이 투수진 본체였나…한화 마운드 15경기는 참사, 남은 129경기...",김범수(KIA 타이거즈)는 FA 계약을 통해 광주로 떠났다. 한승혁은 71경기에서 16홀드 평균자책점 2.25를... 당장 17일 롯데 자이언츠전 선발투수가 미정이다. 아직 129경기가 남았다. 15경기만 놓고 보면 폰세-와이스...,www.mydaily.co.kr,2026-04-16T09:41:00,,TRANSACTION_CONTRACT,,1.0,,,True,한화의 17일 롯데전 선발투수가 아직 미정이다.,,neutral,,True,"롯데 vs LG (원정) 2-0 승 | 결승타: 손성빈(3회) | 홈런: 손성빈1호 | 타자 키플레이어: 장두성(롯데), 박해민(LG), 한태양(롯데) | 투수 키플레이어: 김진욱(롯데), 웰스(LG), 박정민(롯데)"
1101,15G 꼴찌해도 KS 갔다…'1할 타율→6점대 ERA' 팀컬러 변신도 극복할 수...,"6승9패로 롯데 자이언츠와 공동 7위. 올 시즌 한화는 FA로 강백호를 영입하는 등 타선 보강에 힘을 썼다. '역대 최강 외인 듀오'라 불린 폰세와 와이스가 떠난 만큼, 타격으로 마운드의 부담을 덜어주겠다는 계산이었다....",www.sportschosun.com,2026-04-16T09:33:00,,TRANSACTION_CONTRACT,,1.0,,,True,한화가 FA 영입으로 타선 보강에 힘쓰고 있다.,,neutral,,True,"롯데 vs LG (원정) 2-0 승 | 결승타: 손성빈(3회) | 홈런: 손성빈1호 | 타자 키플레이어: 장두성(롯데), 박해민(LG), 한태양(롯데) | 투수 키플레이어: 김진욱(롯데), 웰스(LG), 박정민(롯데)"
1102,"57실점→6실점, 포수 하나 바꿨을 뿐인데… 손성빈, 롯데 마운드에 벌어...",손성빈의 폭풍 성장은 현재 롯데 구단의 장기적인 로스터 구성과도 직결돼 있다. 주전 포수 유강남의 4년 FA... 자신의 가치를 폭등시키고 있는 2002년생 특급 재능. 롯데 자이언츠의 새로운 안방마님 시대가 활짝 열렸다.,www.fnnews.com,2026-04-16T09:26:00,,TRANSACTION_CONTRACT,,1.0,,,True,손성빈의 성장이 롯데의 미래에 긍정적인 영향을 미치고 있다.,손성빈,positive,,True,"롯데 vs LG (원정) 2-0 승 | 결승타: 손성빈(3회) | 홈런: 손성빈1호 | 타자 키플레이어: 장두성(롯데), 박해민(LG), 한태양(롯데) | 투수 키플레이어: 김진욱(롯데), 웰스(LG), 박정민(롯데)"
1103,"[게임노트] 2026년 4월 15일...'5연승' 삼성, 단독 선두 등극…KIA는 6연승...","[잠실] 롯데 [2:0] LG / 관중 23,750(매진) [승]김진욱 [세]최준용 [패]웰스 롯데 자이언츠는 LG와 원정... 전날 한화 이글스에서 두산으로 트레이드된 손아섭은 2번 타자 좌익수로 선발 출전, 3타수 1안타에 볼넷 1개와...",www.thesportstimes.co.kr,2026-04-16T06:15:00,,TRANSACTION_CONTRACT,,1.0,,,True,롯데가 LG를 상대로 2-0으로 승리하며 좋은 성적을 이어갔다.,김진욱;손성빈,positive,,True,"롯데 vs LG (원정) 2-0 승 | 결승타: 손성빈(3회) | 홈런: 손성빈1호 | 타자 키플레이어: 장두성(롯데), 박해민(LG), 한태양(롯데) | 투수 키플레이어: 김진욱(롯데), 웰스(LG), 박정민(롯데)"
1104,韓 최고 타자 계보 잇는다…KIA ‘4도영’ 프로젝트 순항 중,"최형우(43)가 삼성 라이온즈와 프리에이전트(FA) 계약을 체결하며 떠난 빈 자리를 채워야 했기 때문이다.... 한국 야구를 이끌었던 이승엽(전(前)삼성), 이대호(前롯데 자이언츠), 김태균(前 한화 이글스)처럼 가능성을...",sports.donga.com,2026-04-16T06:10:00,,TRANSACTION_CONTRACT,,1.0,,,True,KIA가 한국 야구의 전통을 이어가고 있다.,,neutral,,True,"롯데 vs LG (원정) 2-0 승 | 결승타: 손성빈(3회) | 홈런: 손성빈1호 | 타자 키플레이어: 장두성(롯데), 박해민(LG), 한태양(롯데) | 투수 키플레이어: 김진욱(롯데), 웰스(LG), 박정민(롯데)"
1105,"'ERA 1.75' KIA 46억 올인 초대박, 여기서 끝 아니라고?…""더 강해질 겁니...",롯데 자이언츠(0.71)에 이어 리그 2위. 격세지감이다. 좋아진 이유는 명확하다. 투자 효과다. KIA는 겨우내... 외부 FA 김범수를 3년 20억원에 영입한 것도 큰 성과였다. 원소속팀 한화 이글스와 협상에 진전이 없자 김범수의...,www.sportschosun.com,2026-04-16T06:03:00,,TRANSACTION_CONTRACT,,1.0,,,True,롯데가 KIA와의 경쟁에서 2위로 올라섰다.,,positive,,True,"롯데 vs LG (원정) 2-0 승 | 결승타: 손성빈(3회) | 홈런: 손성빈1호 | 타자 키플레이어: 장두성(롯데), 박해민(LG), 한태양(롯데) | 투수 키플레이어: 김진욱(롯데), 웰스(LG), 박정민(롯데)"
1106,[오늘의 KBO]프로야구 삼성 '5연승' 단독 선두…SSG는 6연패 탈출,"잠실구장에서 벌어진 LG트윈스와 롯데자이언츠의 경기는 롯데가 2-0으로 승리하며 LG의 8연승을 끊었다.... 전날 한화 이글스에서 두산으로 트레이드된 손아섭은 2번 타자 좌익수로 선발 출전, 3타수 1안타에 볼넷...",www.m-i.kr,2026-04-15T23:36:00,,TRANSACTION_CONTRACT,,1.0,,,True,롯데가 LG를 2-0으로 이기며 8연승을 저지했다.,손성빈,positive,,True,"롯데 vs LG (원정) 2-0 승 | 결승타: 손성빈(3회) | 홈런: 손성빈1호 | 타자 키플레이어: 장두성(롯데), 박해민(LG), 한태양(롯데) | 투수 키플레이어: 김진욱(롯데), 웰스(LG), 박정민(롯데)"
1107,"프로야구 삼성, 4년 6개월만에 단독 1위 등극…KIA는 6연승 질주(종합2보...","롯데 자이언츠는 LG와 원정 경기에서 2-0으로 승리, LG의 8연승 행진에 제동을 걸었다. 롯데는 왼팔 투수... 전날 한화 이글스에서 두산으로 트레이드된 손아섭은 2번 타자 좌익수로 선발 출전, 3타수 1안타에 볼넷...",www.yna.co.kr,2026-04-15T22:57:00,,TRANSACTION_CONTRACT,,1.0,,,True,롯데가 LG를 2-0으로 이기며 연승을 저지했다.,,positive,,True,"롯데 vs LG (원정) 2-0 승 | 결승타: 손성빈(3회) | 홈런: 손성빈1호 | 타자 키플레이어: 장두성(롯데), 박해민(LG), 한태양(롯데) | 투수 키플레이어: 김진욱(롯데), 웰스(LG), 박정민(롯데)"
1108,"'김진욱 쾌투' 롯데, LG 10년 만의 9연승 저지…'5연승' 삼성, 단독 선두...",김희준 박윤서 기자 = 프로야구 롯데 자이언츠가 선발 투수 김진욱의 눈부신 호투를 내세워 LG 트윈스의... 지난 14일 트레이드 직후 첫 경기에서 홈런포를 가동했던 손아섭은 이날도 3타수 1안타 1볼넷으로 두 차례...,www.newsis.com,2026-04-15T22:53:00,,TRANSACTION_CONTRACT,,1.0,,,True,김진욱의 호투로 롯데가 LG의 9연승을 저지했다.,김진욱,positive,,True,"롯데 vs LG (원정) 2-0 승 | 결승타: 손성빈(3회) | 홈런: 손성빈1호 | 타자 키플레이어: 장두성(롯데), 박해민(LG), 한태양(롯데) | 투수 키플레이어: 김진욱(롯데), 웰스(LG), 박정민(롯데)"
1109,"프로야구 삼성, 5연승 단독 선두 등극…KIA도 6연승 질주(종합)","롯데 자이언츠는 LG와 원정 경기에서 2-0으로 승리, LG의 8연승 행진에 제동을 걸었다. 롯데는 왼팔 투수... 전날 한화 이글스에서 두산으로 트레이드된 손아섭은 2번 타자 좌익수로 선발 출전, 3타수 1안타에 볼넷...",www.yna.co.kr,2026-04-15T22:38:00,,TRANSACTION_CONTRACT,,1.0,,,True,롯데가 LG를 2-0으로 이기며 연승을 저지했다.,,positive,,True,"롯데 vs LG (원정) 2-0 승 | 결승타: 손성빈(3회) | 홈런: 손성빈1호 | 타자 키플레이어: 장두성(롯데), 박해민(LG), 한태양(롯데) | 투수 키플레이어: 김진욱(롯데), 웰스(LG), 박정민(롯데)"
1110,"함덕주 돌발 교체, 허리 근육통 때문…LG ""선수 보호 차원, 병원 검진 계...",함덕주는 15일 서울 잠실야구장에서 열린 '2026 신한 SOL뱅크 KBO리그' 롯데 자이언츠와 경기에서 LG의 세... 함덕주는 2021년 양석환과 트레이드로 LG 유니폼을 입었다. 2023년 57경기에서 4승 무패 16홀드 4세이브...,www.spotvnews.co.kr,2026-04-15T21:05:00,,TRANSACTION_CONTRACT,,1.0,,,True,함덕주가 부상으로 교체되었다.,함덕주,neutral,,True,"롯데 vs LG (원정) 2-0 승 | 결승타: 손성빈(3회) | 홈런: 손성빈1호 | 타자 키플레이어: 장두성(롯데), 박해민(LG), 한태양(롯데) | 투수 키플레이어: 김진욱(롯데), 웰스(LG), 박정민(롯데)"
1111,"이제 수비 안 되는 선수 아니었나...손아섭, 전격 좌익수 선발 ""잠실에서...","트레이드 첫 날 2번-지명타자로 투입해 홈런 재미를 봤고, 두 번째 경기에서는 좌익수 수비까지 맡긴다.... 손아섭을 전성기 롯데 자이언츠 시절 우익수로 오랜 시간 뛰었다. 원래 수비가 좋았던 유형의 선수가 아니라...",www.sportschosun.com,2026-04-15T17:27:00,,TRANSACTION_CONTRACT,,1.0,,,True,손아섭이 좌익수로 선발 출전했다.,손아섭,neutral,,True,"롯데 vs LG (원정) 2-0 승 | 결승타: 손성빈(3회) | 홈런: 손성빈1호 | 타자 키플레이어: 장두성(롯데), 박해민(LG), 한태양(롯데) | 투수 키플레이어: 김진욱(롯데), 웰스(LG), 박정민(롯데)"
1112,"돌아온 손아섭, 다시 움직이는 최다안타 시계",하지만 트레이드로 기회가 찾아왔다. 지난 14일 두산은 한화에 투수 이교훈과 현금 1억 5000만 원을 내주고 손아섭을 영입했다. 2007년 롯데 자이언츠에서 선수 생활을 시작한 손아섭은 2022년 FA 계약으로 NC...,www.busan.com,2026-04-15T14:04:00,,TRANSACTION_CONTRACT,,1.0,,,True,손아섭이 트레이드로 기회를 얻었다.,손아섭,neutral,,False,"롯데 vs LG (원정) 1-2 패 | 결승타: 오스틴(8회) | 홈런: 오스틴5호 | 타자 키플레이어: 오스틴(LG), 노진혁(롯데), 문보경(LG) | 투수 키플레이어: 송승기(LG), 유영찬(LG), 나균안(롯데)"
1113,"""임찬규, 잠실의 주인이 누군지 알려줄게""…두산 트레이드 이적생, 손아...","임찬규는 서울을 연고로 하는 LG에 줄곧 몸담아왔지만 손아섭은 부산의 롯데 자이언츠, 창원의 NC 다이노스, 대전의 한화 이글스 등을 거쳤다. 14일 손아섭이 한화에서 서울팀인 두산으로 트레이드되며 두 선수의 거리가...",www.spotvnews.co.kr,2026-04-15T13:06:00,,TRANSACTION_CONTRACT,MATCH_RELATED,0.9,,,True,임찬규와 손아섭의 트레이드로 두 선수의 거리가 멀어졌다.,임찬규;손아섭,negative,,True,"롯데 vs LG (원정) 1-2 패 | 결승타: 오스틴(8회) | 홈런: 오스틴5호 | 타자 키플레이어: 오스틴(LG), 노진혁(롯데), 문보경(LG) | 투수 키플레이어: 송승기(LG), 유영찬(LG), 나균안(롯데)"
1114,"'No.8' 손아섭이 홈런으로 보낸 메시지, 이제 노시환이 답장할 차례…'충...","손아섭이 갑작스레 트레이드되며 아쉬움을 품게 된 선수가 있다. 노시환이다. 같은 부산 출신인 둘은 최준용(롯데 자이언츠)과의 친분을 계기로 서로 가까운 사이가 됐고, 지난해 손아섭이 한화에 합류하며 한솥밥도...",www.sportalkorea.com,2026-04-15T12:05:00,,TRANSACTION_CONTRACT,,1.0,,,True,손아섭의 트레이드로 노시환이 아쉬움을 느끼고 있다.,손아섭;노시환,negative,,True,"롯데 vs LG (원정) 1-2 패 | 결승타: 오스틴(8회) | 홈런: 오스틴5호 | 타자 키플레이어: 오스틴(LG), 노진혁(롯데), 문보경(LG) | 투수 키플레이어: 송승기(LG), 유영찬(LG), 나균안(롯데)"
1115,"""노시환 위해 식당까지 예약했는데"" 손아섭의 애틋한 마음…트레이드 후...",2007년 롯데 자이언츠 소속으로 데뷔한 손아섭은 2021시즌 종료 후 NC 다이노스로 자유계약(FA) 이적했다. 2025시즌 후반기엔 NC에서 한화로 트레이드됐다. 평소 절친한 사이였던 노시환과 같은 유니폼을 입고 그라운드를...,www.spotvnews.co.kr,2026-04-15T11:06:00,,TRANSACTION_CONTRACT,INTERVIEW,0.9,,,True,손아섭이 노시환과의 우정을 아쉬워하며 트레이드됐다.,손아섭;노시환,negative,,True,"롯데 vs LG (원정) 1-2 패 | 결승타: 오스틴(8회) | 홈런: 오스틴5호 | 타자 키플레이어: 오스틴(LG), 노진혁(롯데), 문보경(LG) | 투수 키플레이어: 송승기(LG), 유영찬(LG), 나균안(롯데)"
1116,"두산 손아섭, 첫 판부터 증명한 절호의 기회 [프로야구]",손아섭은 14일 좌완투수 이교훈과 현금 1억5000만원의 반대급부로 두산으로 트레이드됐다. 지난해 7월 NC... 2000년대 후반부터 롯데 자이언츠의 중심으로 자리잡았을 때만 해도 상상하기 힘들었던 시나리오. 부산이...,www.sportsq.co.kr,2026-04-15T10:28:00,,TRANSACTION_CONTRACT,,1.0,,,True,손아섭이 두산으로 트레이드되며 새로운 기회를 맞이했다.,손아섭,neutral,,True,"롯데 vs LG (원정) 1-2 패 | 결승타: 오스틴(8회) | 홈런: 오스틴5호 | 타자 키플레이어: 오스틴(LG), 노진혁(롯데), 문보경(LG) | 투수 키플레이어: 송승기(LG), 유영찬(LG), 나균안(롯데)"
1117,"LG 오스틴, ‘8연승’ 쏘아 올리고 롯데 신인 박정민에 엄지척… “KBO ...","사진 | 롯데 자이언츠 비록 첫 실점과 패배를 안았지만, 박정민에게는 잊지 못할 밤이 됐다. 리그 최고의... 김태형 감독이 시범경기부터 공들여 키운 이 대졸 신인은 ‘안타 왕’ 손아섭이 트레이드되고 ‘에이스’...",www.sportsseoul.com,2026-04-15T10:22:00,,TRANSACTION_CONTRACT,,1.0,,,True,롯데가 패배했지만 신인 박정민에게는 특별한 날이 되었다.,박정민,neutral,,True,"롯데 vs LG (원정) 1-2 패 | 결승타: 오스틴(8회) | 홈런: 오스틴5호 | 타자 키플레이어: 오스틴(LG), 노진혁(롯데), 문보경(LG) | 투수 키플레이어: 송승기(LG), 유영찬(LG), 나균안(롯데)"
1118,"'ERA 0.51' 최민석, 유망주넘어 에이스로 성장",230)에 머물러 있던 두산은 이날 시즌 개막 후 처음으로 두 자리 수 득점을 올리는 화력쇼로 SSG를 6연패에 빠트리며 롯데 자이언츠를 반 경기 차이로 제치고 8위로 올라섰다(5승1무8패). 두산은 이날 트레이드로 합류한...,www.ohmynews.com,2026-04-15T09:31:00,,TRANSACTION_CONTRACT,,1.0,,,True,두산이 롯데를 제치고 8위로 올라섰다.,,negative,,True,"롯데 vs LG (원정) 1-2 패 | 결승타: 오스틴(8회) | 홈런: 오스틴5호 | 타자 키플레이어: 오스틴(LG), 노진혁(롯데), 문보경(LG) | 투수 키플레이어: 송승기(LG), 유영찬(LG), 나균안(롯데)"
1119,"트레이드 손아섭, '홈런'으로 답하다",뉴데일리 최용재 기자 = 한화 이글스의 손아섭이 14일 두산 베어스로 트레이드됐다. 한화는 손아섭을... LG는 롯데 자이언츠를 2-1로 잡았다. 8회 말 오스틴 딘의 결승 홈런이 터졌다. 오스틴은 결승 홈런을 포함해...,www.newdaily.co.kr,2026-04-15T07:16:00,,TRANSACTION_CONTRACT,,1.0,,,True,손아섭이 두산으로 트레이드되며 홈런으로 답했다.,손아섭,neutral,,True,"롯데 vs LG (원정) 1-2 패 | 결승타: 오스틴(8회) | 홈런: 오스틴5호 | 타자 키플레이어: 오스틴(LG), 노진혁(롯데), 문보경(LG) | 투수 키플레이어: 송승기(LG), 유영찬(LG), 나균안(롯데)"
1120,"한화도 트레이드 덕 보나? ""여기선 꽃 못 피웠지만…"" 어린왕자 작별 인...",두산은 지난 14일 투수 이교훈과 현금 1억 5000만원을 주고 한화로부터 베테랑 외야수 손아섭을 트레이드... 종전 기록은 지난 1990년 5월 5일 LG 트윈스가 롯데 자이언츠에게 내준 4사구 17개였다. 적시타를 맞지 않았음에도...,www.xportsnews.com,2026-04-15T06:00:00,,TRANSACTION_CONTRACT,,1.0,,,True,손아섭의 트레이드가 한화에 긍정적인 영향을 미칠지 주목된다.,손아섭,neutral,,True,"롯데 vs LG (원정) 1-2 패 | 결승타: 오스틴(8회) | 홈런: 오스틴5호 | 타자 키플레이어: 오스틴(LG), 노진혁(롯데), 문보경(LG) | 투수 키플레이어: 송승기(LG), 유영찬(LG), 나균안(롯데)"
1121,"'와' 5년 만에 ML 컴백, 이제 KBO가 넘보지 못하나…'롯데 선배' 원조 좌...","롯데 자이언츠 출신 찰리 반즈가 ‘역수출 신화’, 그리고 롯데 선배의 길을 따라가려고 한다. 시카고... 반즈는 신시내티에서 다시 방출됐다. 그리고 1월 말, 시카고 컵스와 마이너리그 계약을 맺었다. 반즈는...",www.osen.co.kr,2026-04-14T06:41:00,,TRANSACTION_CONTRACT,,1.0,,,True,찰리 반즈가 롯데 선배의 길을 따라가고 있다.,찰리 반즈,neutral,,True,"롯데 vs LG (원정) 1-2 패 | 결승타: 오스틴(8회) | 홈런: 오스틴5호 | 타자 키플레이어: 오스틴(LG), 노진혁(롯데), 문보경(LG) | 투수 키플레이어: 송승기(LG), 유영찬(LG), 나균안(롯데)"
1122,"'ERA 7.87' 괜히 쫄았다, 亞쿼터 고평가였나…""이 정도 수준은 안 통하는...","삼성 라이온즈(미야지 유라), 롯데 자이언츠(쿄야마 마사야), SSG 랜더스(타케다 쇼타), 두산 베어스(타무라... 일본프로야구(NPB) 1군 또는 2군에서 방출돼 재기를 노리는 선수들, 일본독립리그에서 한 단계 도약하길...",www.sportschosun.com,2026-04-14T06:01:00,,TRANSACTION_CONTRACT,,1.0,,,True,일본에서 방출된 선수들이 KBO에서 재기를 노리고 있다.,,negative,,True,"롯데 vs LG (원정) 1-2 패 | 결승타: 오스틴(8회) | 홈런: 오스틴5호 | 타자 키플레이어: 오스틴(LG), 노진혁(롯데), 문보경(LG) | 투수 키플레이어: 송승기(LG), 유영찬(LG), 나균안(롯데)"
1123,"""韓 다시 가고 싶다""던 롯데 아픈 손가락, 볼넷-볼넷-볼넷-안타-2루타-폭...",롯데 자이언츠에서 뛰었던 터커 데이비슨(리하이 벨리 아이언피그스)이 처참하게 무너졌다. 데이비슨은... 지난해 롯데에서 22경기 10승 5패 평균자책점 3.65로 활약했다. 호투했지만 방출을 당했다. 6월 부진이 컸다....,www.mydaily.co.kr,2026-04-13T12:01:00,,TRANSACTION_CONTRACT,,1.0,,,True,터커 데이비슨이 롯데에서 방출된 후 부진을 겪고 있다.,터커 데이비슨,negative,,True,"롯데 vs 키움 (원정) 0-2 패 | 결승타: 이주형(1회) | 홈런: 이주형1호 | 타자 키플레이어: 이주형(키움), 안치홍(키움), 노진혁(롯데) | 투수 키플레이어: 배동현(키움), 김재웅(키움), 박세웅(롯데)"
1124,'시범경기 2홈런→1타석 뛰고 2군행' 롯데 만년 유망주 외야수 다시 기...,'만년 유망주' 꼬리표를 못 떼고 있는 신윤후(롯데 자이언츠)에게 2군은 확실히 좁다. 신윤후는 12일 부산... 이에 시즌 후 방출해 버리라는 극단적인 반응까지 나왔을 정도다. 하지만 신윤후는 1년 더 기회를 얻었다....,www.sportalkorea.com,2026-04-13T05:20:00,,TRANSACTION_CONTRACT,,1.0,,,True,신윤후가 2군에서 기회를 얻었다.,신윤후,neutral,,True,"롯데 vs 키움 (원정) 0-2 패 | 결승타: 이주형(1회) | 홈런: 이주형1호 | 타자 키플레이어: 이주형(키움), 안치홍(키움), 노진혁(롯데) | 투수 키플레이어: 배동현(키움), 김재웅(키움), 박세웅(롯데)"
1125,"'키움서 방출→치어리더와 결혼→울산 웨일즈행' 변상권, 3타점 싹쓸이...",키움 히어로즈에서 방출되는 아픔을 겪고 울산 웨일즈에 새 둥지를 튼 외야수 변상권(29)이 결정적인 한... 남부리그 선두 롯데 자이언츠와 격차는 1.5경기 차이다. 이날 경기는 중반까지 팽팽한 투수전으로 전개됐다....,www.starnewskorea.com,2026-04-13T03:33:00,,TRANSACTION_CONTRACT,,1.0,,,True,변상권이 울산 웨일즈에서 활약 중이다.,변상권,neutral,,True,"롯데 vs 키움 (원정) 0-2 패 | 결승타: 이주형(1회) | 홈런: 이주형1호 | 타자 키플레이어: 이주형(키움), 안치홍(키움), 노진혁(롯데) | 투수 키플레이어: 배동현(키움), 김재웅(키움), 박세웅(롯데)"
1126,"'만 43세' 고효준, 퓨처스리그서 구원승…최고령 승리 기록","2002년 롯데 자이언츠에 입단해 프로 생활을 시작한 고효준은 지난 시즌 두산 베어스에서 45경기에 등판한 뒤 방출됐고, 신생팀 울산에 입단해 현역 생활을 이어가고 있다.",www.news1.kr,2026-04-11T18:50:00,,TRANSACTION_CONTRACT,,1.0,,,True,고효준이 퓨처스리그에서 최고령 승리 기록을 세웠다.,고효준,positive,,True,"롯데 vs 키움 (원정) 3-1 승 | 결승타: 한동희(10회) | 타자 키플레이어: 장두성(롯데), 레이예스(롯데), 박승욱(롯데) | 투수 키플레이어: 와일스(키움), 비슬리(롯데), 박정민(롯데)"
1127,"가성비 노림수, 대박이냐 짐이냐…KBO리그 흔드는 아시아쿼터 열전","요미우리 자이언츠 유니폼을 입었으나 결국 자리를 잡지 못하고 2025시즌 방출된 바 있다. 뚜껑을 연 2026... #쿄야마, 입스 탈피가 관건 롯데 자이언츠에 영입된 쿄야마는 요코하마 유니폼을 입고 장기간 NPB 1군...",ilyo.co.kr,2026-04-09T17:58:00,,TRANSACTION_CONTRACT,,1.0,,,True,쿄야마가 롯데에서 새로운 기회를 찾고 있다.,쿄야마,neutral,,True,"롯데 vs KT (홈) 6-1 승 | 결승타: 손성빈(4회) | 홈런: 힐리어드3호, 김민성1호 | 타자 키플레이어: 손성빈(롯데), 레이예스(롯데), 힐리어드(KT) | 투수 키플레이어: 김진욱(롯데), 주권(KT), 최준용(롯데)"
1128,"""롯데서 무너졌던 그 투수, 미국서 펄펄! ML 콜업 보인다"" 컵스 에이스 ...",벨라스케즈는 2025시즌 중반 최상위권 경쟁을 이어가던 롯데 자이언츠가 전력 강화를 위해 영입한 카드였다. 이미 10승(22경기)을 달성한 터커 데이비슨을 방출하는 초강수를 두면서까지 던진 승부수였지만 결과는...,www.xportsnews.com,2026-04-08T14:40:00,,TRANSACTION_CONTRACT,,1.0,,,True,벨라스케즈가 미국에서 좋은 성적을 내고 있다.,벨라스케즈,negative,,True,"롯데 vs KT (홈) 3-7 패 | 결승타: 장성우(3회) | 타자 키플레이어: 안현민(KT), 노진혁(롯데), 장성우(KT) | 투수 키플레이어: 고영표(KT), 김민수(KT), 스기모토(KT)"
1129,“아프냐 나도 아프다”…외국인 투수에 속 썩는 프로야구,삼성 라이온즈의 맷 매닝은 정규시즌 무대를 밟기도 전에 팔꿈치 인대를 다쳐 방출됐고 삼성은 호주... 첫 등판에서 강렬한 인상을 심어줬던 롯데 자이언츠의 원투펀치 엘빈 로드리게스와 제러미 비슬리는 두 번째...,www.seoul.co.kr,2026-04-07T17:21:00,,TRANSACTION_CONTRACT,,1.0,,,True,롯데 자이언츠의 외국인 투수들이 부진을 겪고 있다.,엘빈 로드리게스;제러미 비슬리,negative,,True,"롯데 vs KT (홈) 3-7 패 | 결승타: 장성우(3회) | 타자 키플레이어: 안현민(KT), 노진혁(롯데), 장성우(KT) | 투수 키플레이어: 고영표(KT), 김민수(KT), 스기모토(KT)"
1130,아프고 부진하고…외국인 투수로 한숨짓는 KBO리그 팀들,삼성 라이온즈가 야심 차게 영입한 맷 매닝은 정규시즌 무대를 밟기도 전에 팔꿈치 인대를 다쳐 방출됐고... 버하겐 역시 지난 2일 롯데 자이언츠전에 선발 등판해 3이닝 3피안타 1볼넷 2탈삼진 1실점 했다. 첫 등판...,www.yna.co.kr,2026-04-07T13:49:00,,TRANSACTION_CONTRACT,,1.0,,,True,롯데 자이언츠의 외국인 투수들이 부진한 상황이다.,버하겐,negative,,True,"롯데 vs KT (홈) 3-7 패 | 결승타: 장성우(3회) | 타자 키플레이어: 안현민(KT), 노진혁(롯데), 장성우(KT) | 투수 키플레이어: 고영표(KT), 김민수(KT), 스기모토(KT)"
1131,"10승하고 방출됐지만 ""韓 돌아갈 의향 있어""…前 롯데 투수 무력시위, 또...","지난 시즌에 앞서 롯데 자이언츠의 유니폼을 입고 10승 5패 평균자책점 3.65를 기록하던 중 방출을 경험한 까닭이다. 당시 롯데는 상위권 경쟁을 펼치고 있었고, 더 높은 곳을 바라보고 있던 롯데는 이닝 소화 능력과 경기...",www.spotvnews.co.kr,2026-04-07T02:23:00,,TRANSACTION_CONTRACT,,1.0,,,True,롯데 자이언츠의 전 투수가 방출 후 한국 복귀 의사를 밝혔다.,,neutral,,True,"롯데 vs KT (홈) 3-7 패 | 결승타: 장성우(3회) | 타자 키플레이어: 안현민(KT), 노진혁(롯데), 장성우(KT) | 투수 키플레이어: 고영표(KT), 김민수(KT), 스기모토(KT)"
1132,"""한국서 즐거웠다"" 10승에도 방출…롯데 출신 데이비슨, ERA 0.00→ML 기회...",지난해 프로야구 롯데 자이언츠 소속으로 10승을 거두고도 시즌 중 방출되는 비운의 투수 터커 데이비슨(30)이 트리플A에서 무실점 투구를 이어가고 있다. 데이비슨은 6일(히하 한국시간) 미국 노스ㅋ롤라이나주 더럼에...,www.osen.co.kr,2026-04-06T16:41:00,,TRANSACTION_CONTRACT,,1.0,,,True,롯데 출신 터커 데이비슨이 무실점 투구를 이어가고 있다.,터커 데이비슨,positive,,True,"롯데 vs SSG (홈) 3-4 패 | 결승타: 고명준(9회) | 홈런: 윤동희3호 | 타자 키플레이어: 최정(SSG), 정준재(SSG), 한유섬(SSG) | 투수 키플레이어: 조병현(SSG), 김민(SSG), 정철원(롯데)"
1133,"""주인공 욕심 없다""는데 득타율 4할6푼2리, 3루 도루에 번트안타 호시탐...",지난 25일 롯데 자이언츠와의 광주경기에서 9번타자 좌익수로 선발출전해 귀중한 활약을 펼쳤다. 1-3으로... 21경기 62타석 타율 2할8푼8리 7타점 8득점 3도루 OPS .661를 기록중이다. 작년 8푼1리의 타격에서 크게 발전했다....,www.osen.co.kr,2026-04-26T10:05:00,,PERFORMANCE_ANALYSIS,MATCH_RELATED,0.9,,,True,롯데 자이언츠의 선수가 귀중한 활약을 펼쳤다.,,positive,,True,"롯데 vs HT (원정) 3-4 패 | 결승타: 김도영(5회) | 홈런: 유강남2호 | 타자 키플레이어: 김도영(HT), 김선빈(HT), 박재현(HT) | 투수 키플레이어: 성영탁(HT), 정해영(HT), 박정민(롯데)"
1134,"""미쳤다, 0.494""...박성한, 21경기 연속 안타 '신기록' 폭주",출루율과 장타율 역시 각각 0.586과 0.671로 높은 수치를 기록하며 OPS도 1.257로 1위 자리를 지키고 있다.... 박성한은 지난 21일 19경기 연속 안타를 기록하며 1982년 롯데 자이언츠 김용희가 세운 18경기 연속 안타...,www.ppss.kr,2026-04-24T18:05:00,,PERFORMANCE_ANALYSIS,MATCH_RELATED,0.9,,,True,박성한이 21경기 연속 안타를 기록하며 신기록을 세웠다.,박성한,positive,,True,"롯데 vs HT (원정) 0-4 패 | 결승타: 김도영(7회) | 홈런: 김도영7호, 김도영8호 | 타자 키플레이어: 김도영(HT), 고종욱(HT), 박재현(HT) | 투수 키플레이어: 올러(HT), 비슬리(롯데), 이영재(롯데)"
1135,[3~4월 쉘힐릭스플레이어 경쟁 레이스] ‘5할 육박’ 박성한 압도적 선...,"586), OPS(1.257) 등에서 1위에 올라 있다. 이외에도 박성한은 21경기에서 전 경기 안타를 기록, 개막 이후 최다 경기 연속 안타 신기록을 세워나가고 있다. 종전 기록은 1982시즌 롯데 자이언츠 내야수 김용희의...",ilyo.co.kr,2026-04-24T16:12:00,,PERFORMANCE_ANALYSIS,MATCH_RELATED,0.9,,,True,박성한이 연속 안타 신기록을 세우며 활약하고 있다.,박성한,positive,,True,"롯데 vs HT (원정) 0-4 패 | 결승타: 김도영(7회) | 홈런: 김도영7호, 김도영8호 | 타자 키플레이어: 김도영(HT), 고종욱(HT), 박재현(HT) | 투수 키플레이어: 올러(HT), 비슬리(롯데), 이영재(롯데)"
1136,2연속 GG 수상자는 다르네…변하지 않는 팀의 중심 오스틴·레이예스,"오스틴 딘(33·LG 트윈스)과 빅터 레이예스(32·롯데 자이언츠)가 이 각 팀의 중심타자로서 꾸준한 활약을... 오스틴은 22일까지 올해 20경기서 타율 0.325, 5홈런, 14타점, OPS(출루율+장타율) 0.990을 기록했다....",sports.donga.com,2026-04-24T06:11:00,,PERFORMANCE_ANALYSIS,,0.9,,,True,롯데 자이언츠의 레이예스가 팀의 중심으로 활약하고 있다.,빅터 레이예스,positive,,True,"롯데 vs 두산 (홈) 6-1 승 | 결승타: 전민재(2회) | 홈런: 카메론5호 | 타자 키플레이어: 전민재(롯데), 신윤후(롯데), 손성빈(롯데) | 투수 키플레이어: 로드리게스(롯데), 현도훈(롯데), 박정민(롯데)"
1137,'2G 연속 멀티 히트+더블 스틸' 잠실 빅보이 2군에서 반등할까? '타율 0....,이재원은 지난해 퓨처스리그 78경기에 출전해 타율 0.329 26홈런 91타점 OPS 1.100으로 불방망이를 휘두르며 홈런과 타점 모두 상무 동기 한동희(롯데 자이언츠)에 이어 2위에 올랐다. 이에 시즌 후 네이버 K-베이스볼...,www.sportalkorea.com,2026-04-23T00:30:00,,PERFORMANCE_ANALYSIS,,0.9,,,True,이재원이 퓨처스리그에서 뛰어난 성적을 기록했다.,이재원,positive,,True,"롯데 vs 두산 (홈) 1-9 패 | 결승타: 정수빈(2회) | 홈런: 정수빈2호 | 타자 키플레이어: 정수빈(두산), 전민재(롯데), 양의지(두산) | 투수 키플레이어: 곽빈(두산), 최이준(롯데), 김정우(두산)"
1138,"‘13연속 경기 무승’ 롯데 박세웅, 불운의 싹 잘라낼까?",롯데 자이언츠의 ‘안경 쓴 에이스’ 박세웅(31)이 불운을 떨쳐낼지 관심이 쏠린다. 박세웅은 올 시즌 4경기에 등판해 승리 없이 3패만 떠안았다. 평균자책점(ERA)은 3.00으로 준수했지만 불운한 장면이 많았다. 수비가...,sports.donga.com,2026-04-21T13:16:00,,PERFORMANCE_ANALYSIS,MATCH_RELATED,0.9,,,True,박세웅이 불운을 떨쳐낼 수 있을지 주목된다.,박세웅,negative,,True,"롯데 vs 두산 (홈) 2-6 패 | 결승타: 정수빈(3회) | 홈런: 정수빈1호 | 타자 키플레이어: 정수빈(두산), 노진혁(롯데), 박준순(두산) | 투수 키플레이어: 벤자민(두산), 김택연(두산), 나균안(롯데)"
1139,"""선발 투수 ERA 1위 팀 9위 추락이 말이 돼나""... 롯데 김태형의 깊은 한...","하지만 2026년 4월의 롯데 자이언츠를 보면 이 공식마저 처참하게 빗나가는 듯하다. 정확하게 4월 18일까지 롯데 선발진의 평균자책점은 3.43이었다. 5승 5패에 퀄리티스타트(QS)를 5번이나 기록했고, 그중 2번은 8이닝...",www.fnnews.com,2026-04-20T19:27:00,,PERFORMANCE_ANALYSIS,,0.9,,,True,롯데의 선발 투수들이 기대에 미치지 못하고 있다.,,negative,,True,"롯데 vs 한화 (홈) 1-9 패 | 홈런: 문현빈4호 | 타자 키플레이어: 문현빈(한화), 강백호(한화), 최재훈(한화) | 투수 키플레이어: 에르난데스(한화), 김종수(한화), 김서현(한화)"
1140,"롯데, ‘토종 선발’은 괜찮은데…뭔가 애매한 로드리게스·비슬리, 반...","롯데, 8일 이후 선발 ERA 리그 1위 ‘안정감’ 토종 선발-‘기복’ 외국인 투수 시즌 초 빈공 시달리는 롯데... 사진 | 롯데 자이언츠 [스포츠서울 | 강윤식 기자] 롯데 선발진 분위기가 많이 달라졌다. 김진욱(24)을...",www.sportsseoul.com,2026-04-20T13:40:00,,PERFORMANCE_ANALYSIS,CLUB_OPERATION,0.9,,,True,롯데의 선발진은 안정적이나 외국인 투수는 기복이 심하다.,,neutral,,True,"롯데 vs 한화 (홈) 1-9 패 | 홈런: 문현빈4호 | 타자 키플레이어: 문현빈(한화), 강백호(한화), 최재훈(한화) | 투수 키플레이어: 에르난데스(한화), 김종수(한화), 김서현(한화)"
1141,"잘 던지고도 0승 3패, ‘윤석민 상’ 소환한 롯데 박세웅",롯데 자이언츠의 토종 에이스 박세웅이 또 한 번 잘 던지고도 승리를 챙기지 못하는 ‘불운의 아이콘’이 되어가고 있다. 박세웅은 19일 부산 사직구장에서 열린 ‘2026 신한 SOL KBO리그’ 한화 이글스와의 홈경기에...,www.dailian.co.kr,2026-04-20T08:28:00,,PERFORMANCE_ANALYSIS,MATCH_RELATED,0.9,,,True,박세웅이 잘 던지고도 승리를 못하고 있다.,박세웅,negative,,True,"롯데 vs 한화 (홈) 1-9 패 | 홈런: 문현빈4호 | 타자 키플레이어: 문현빈(한화), 강백호(한화), 최재훈(한화) | 투수 키플레이어: 에르난데스(한화), 김종수(한화), 김서현(한화)"
1142,"'볼넷+사구+폭투' 와르르 무너진 윤성빈, 2군에서도 ERA 16.20 부진…""필...",시즌 전 필승조 자원으로도 기대를 모으던 윤성빈(롯데 자이언츠)의 부진이 2군에서도 이어지고 있다. 윤성빈은 19일 경기 고양 국가대표 야구훈련장에서 열린 2026 메디힐 KBO 퓨처스리그 고양 히어로즈(키움 2군)와의...,www.sportalkorea.com,2026-04-20T00:30:00,,PERFORMANCE_ANALYSIS,INJURY_ROSTER,0.9,,,True,윤성빈이 2군에서도 부진을 겪고 있다.,윤성빈,negative,,True,"롯데 vs 한화 (홈) 1-9 패 | 홈런: 문현빈4호 | 타자 키플레이어: 문현빈(한화), 강백호(한화), 최재훈(한화) | 투수 키플레이어: 에르난데스(한화), 김종수(한화), 김서현(한화)"
1143,"'FC 롯데'? 1점 내기가 축구만큼 힘들다니...타점이 꼴찌, kt보다 2배 적...","롯데 자이언츠의 방망이가 차갑게 식다 못해 꽁꽁 얼어붙었다. 마운드는 리그 중위권인 6위권의 평균자책점(ERA)을 유지하며 제 몫을 다하고 있지만, 타선은 좀처럼 점수를 뽑아내지 못하며 '독박 야구'를 강요하고 있다....",www.maniareport.com,2026-04-19T05:15:00,,PERFORMANCE_ANALYSIS,CLUB_OPERATION,0.9,,,True,롯데의 타선이 점수를 내지 못해 고전하고 있다.,,negative,,True,"롯데 vs 한화 (홈) 0-5 패 | 결승타: 페라자(3회) | 타자 키플레이어: 페라자(한화), 강백호(한화), 문현빈(한화) | 투수 키플레이어: 류현진(한화), 현도훈(롯데), 조동욱(한화)"
1144,"‘시즌 첫 무실점 투구’…ERA 7.36 화이트, QS로 에이스의 자존심 되찾...","그는 시즌 두 번째 등판이었던 3일 사직 롯데 자이언츠전서 7이닝 2실점으로 반등했지만, 10일 잠실 LG 트윈스전서 3.2이닝 5실점으로 조기 강판됐다. 올해 치른 3경기서 1승1패, 평균자책점(ERA) 7.36을 기록하며...",sports.donga.com,2026-04-16T21:55:00,,PERFORMANCE_ANALYSIS,MATCH_RELATED,0.9,,,True,화이트가 QS로 에이스의 자존심을 되찾았다.,화이트,positive,,True,"롯데 vs LG (원정) 4-7 패 | 결승타: 문성주(6회) | 홈런: 레이예스5호 | 타자 키플레이어: 레이예스(롯데), 문성주(LG), 윤동희(롯데) | 투수 키플레이어: 치리노스(LG), 우강훈(LG), 정철원(롯데)"
1145,"롯데 김진욱 환골탈태, 무엇이 바뀌었나 [프로야구]",'사직 스쿠발' 김진욱(24·롯데 자이언츠)의 피칭을 보고 감탄한 야구팬의 문구다. 타릭 스쿠발... 지난 시즌에는 27이닝 1승 3패 평균자책점(ERA) 10.00으로 커리어 최악의 시간을 보냈다. 김진욱이 역투하고 있다....,www.sportsq.co.kr,2026-04-16T16:44:00,,PERFORMANCE_ANALYSIS,INTERVIEW,0.9,,,True,롯데 김진욱이 피칭에서 감탄을 자아내고 있다.,김진욱,neutral,,True,"롯데 vs LG (원정) 4-7 패 | 결승타: 문성주(6회) | 홈런: 레이예스5호 | 타자 키플레이어: 레이예스(롯데), 문성주(LG), 윤동희(롯데) | 투수 키플레이어: 치리노스(LG), 우강훈(LG), 정철원(롯데)"
1146,"“공 좋고, 디셉션 좋고, 제구력 되니까 좋네” 염갈량도 쿨인정…롯데...","롯데 자이언츠 좌완 김진욱(24)이 데뷔 6년차를 맞이해 마침내 포텐셜을 터트릴 조짐이다. 김진욱은 15일 잠실 LG 트윈스전에 선발 등판, 6⅔이닝 3피안타 5탈삼진 2볼넷 무실점으로 시즌 2승을 거뒀다. 김진욱은 올 시즌...",www.mydaily.co.kr,2026-04-16T16:37:00,,PERFORMANCE_ANALYSIS,MATCH_RELATED,0.9,,,True,김진욱이 LG전에서 무실점으로 시즌 2승을 기록했다.,김진욱,positive,,True,"롯데 vs LG (원정) 4-7 패 | 결승타: 문성주(6회) | 홈런: 레이예스5호 | 타자 키플레이어: 레이예스(롯데), 문성주(LG), 윤동희(롯데) | 투수 키플레이어: 치리노스(LG), 우강훈(LG), 정철원(롯데)"
1147,"포수가 바뀌니까 ERA 6.20→1.19 실화인가, 왜 그럴까 “자기 자신을 믿...","프로야구 롯데 자이언츠 포수 손성빈이 선발 출장하면서 롯데 선발투수들이 모두 호투하고 있다. 손성빈은 지난 8일 사직구장에서 열린 KT 위즈와 경기부터, 10~12일 고척 키움 히어로즈전, 14~15일 잠실구장에서 열린 LG...",www.osen.co.kr,2026-04-16T12:22:00,,PERFORMANCE_ANALYSIS,MATCH_RELATED,0.9,,,True,손성빈의 선발 출장으로 롯데 투수들이 호투하고 있다.,손성빈,positive,,True,"롯데 vs LG (원정) 2-0 승 | 결승타: 손성빈(3회) | 홈런: 손성빈1호 | 타자 키플레이어: 장두성(롯데), 박해민(LG), 한태양(롯데) | 투수 키플레이어: 김진욱(롯데), 웰스(LG), 박정민(롯데)"
1148,"'ERA 0.59인데' 아직 빌드업 과정이라고? LG 5선발 향한 강한 확신, ""구속...","송승기는 지난 14일 잠실 롯데 자이언츠전에 선발 등판해 6이닝 3피안타 1볼넷 5탈삼진 무실점을 기록했다. 경기가 막판까지 팽팽하게 흘러가면서 선발승을 챙기진 못했지만, 지난 7일 창원 NC 다이노스전(5이닝 무실점)...",www.xportsnews.com,2026-04-16T12:03:00,,PERFORMANCE_ANALYSIS,MATCH_RELATED,0.9,,,True,송승기가 LG전에서 무실점을 기록하며 좋은 모습을 보였다.,송승기,positive,,True,"롯데 vs LG (원정) 2-0 승 | 결승타: 손성빈(3회) | 홈런: 손성빈1호 | 타자 키플레이어: 장두성(롯데), 박해민(LG), 한태양(롯데) | 투수 키플레이어: 김진욱(롯데), 웰스(LG), 박정민(롯데)"
1149,"'ERA 13.03·12.86'…타케다·타무라, 아시아 쿼터 발목 잡았다","롯데 자이언츠의 쿄야마 마사야는 6경기에서 1패, 1홀드, 평균자책점 6.75를 기록하며 불펜에서 기복 있는 투구 내용을 보이고 있다. kt wiz의 스기모토 고우키도 초반에는 고전 중이다. 스기모토는 9경기에서 1홀드를...",www.topstarnews.net,2026-04-16T09:12:00,,PERFORMANCE_ANALYSIS,MATCH_RELATED,0.9,,,True,롯데의 쿄야마가 기복 있는 투구를 이어가고 있다.,쿄야마,negative,,True,"롯데 vs LG (원정) 2-0 승 | 결승타: 손성빈(3회) | 홈런: 손성빈1호 | 타자 키플레이어: 장두성(롯데), 박해민(LG), 한태양(롯데) | 투수 키플레이어: 김진욱(롯데), 웰스(LG), 박정민(롯데)"
1150,"'충격!' KBO 호령했던 사직예수, 이제 대만서도 '쩔쩔'→ERA 6.92 부진 3G ...",지난 2023시즌과 2024시즌 KBO 리그 롯데 자이언츠에서 준수한 모습으로 사직 마운드를 호령했던 애런 윌커슨(36·푸방 가디언스)이 대만 무대 상륙 직후 최대 위기에 봉착했다. 압도적이었던 한국 시절과는 딴판인 성적표...,www.starnewskorea.com,2026-04-15T06:01:00,,PERFORMANCE_ANALYSIS,,0.9,,,True,애런 윌커슨이 대만에서 부진한 성적을 기록하고 있다.,애런 윌커슨,negative,,False,"롯데 vs LG (원정) 1-2 패 | 결승타: 오스틴(8회) | 홈런: 오스틴5호 | 타자 키플레이어: 오스틴(LG), 노진혁(롯데), 문보경(LG) | 투수 키플레이어: 송승기(LG), 유영찬(LG), 나균안(롯데)"
1151,"김태형 감독 고민 “1~5번은 괜찮은데…” 꽉 막힌 롯데, ‘전·윤·손’...",사진 | 롯데 자이언츠 [스포츠서울 | 강윤식 기자] “1~5번은 괜찮은데…” 롯데가 공격에서 애를 먹고 있다.... 일단 타이밍 자체가 좀 안 맞는다”고 분석했다. 롯데 전민재가 10일 서울 고척스카이돔에서 열린 2026...,www.sportsseoul.com,2026-04-14T13:30:00,,PERFORMANCE_ANALYSIS,,0.9,,,True,롯데가 공격에서 어려움을 겪고 있다는 분석이 나왔다.,,negative,,True,"롯데 vs LG (원정) 1-2 패 | 결승타: 오스틴(8회) | 홈런: 오스틴5호 | 타자 키플레이어: 오스틴(LG), 노진혁(롯데), 문보경(LG) | 투수 키플레이어: 송승기(LG), 유영찬(LG), 나균안(롯데)"
1152,"공교롭다, '유강남→손성빈' 포수 바꾸자마자, 2G 연속 도미넌트 스타트...",프로야구 롯데 자이언츠는 11년 만에 대기록을 소환했다. 공교롭게도 포수를 바꾸고 만들어진 대기록이다.... 그런데 포수를 바꾸니 퀄리티스타트를 뛰어넘는 성적을 기록했다. 첫 9경기에서 투수진은 78⅓이닝 동안...,www.osen.co.kr,2026-04-11T12:16:00,,PERFORMANCE_ANALYSIS,,0.9,,,True,포수 교체 후 롯데가 대기록을 세우며 좋은 성적을 기록했다.,노진혁,positive,,True,"롯데 vs 키움 (원정) 3-1 승 | 결승타: 노진혁(1회) | 홈런: 최주환1호, 레이예스4호 | 타자 키플레이어: 황성빈(롯데), 레이예스(롯데), 박주홍(키움) | 투수 키플레이어: 로드리게스(롯데), 최준용(롯데), 박정훈(키움)"
1153,'충격 골든글러브 불발' 올해는 없다! '단타·2루타·3루타' 풀세트→3번...,데이터 분석 업체 '스포츠투아이'가 측정한 김성윤의 WAR(대체 선수 대비 승리 기여도)은 무려 5.78로 리그... 빅터 레이예스(롯데 자이언츠)에게 밀렸다. 일부 누적 지표만 레이예스가 앞설 뿐 비율 지표와 각종 2차...,www.sportalkorea.com,2026-04-02T05:20:00,,PERFORMANCE_ANALYSIS,,0.9,,,True,김성윤이 골든글러브 후보에서 제외됐다.,김성윤;빅터 레이예스,negative,,True,"롯데 vs NC (원정) 4-5 패 | 결승타: 김휘집(9회) | 홈런: 윤동희2호, 박민우1호, 레이예스3호, 신재인1호 | 타자 키플레이어: 박민우(NC), 신재인(NC), 김휘집(NC) | 투수 키플레이어: 박정민(롯데), 류진욱(NC), 신민혁(NC)"
1154,"외인 ‘원투펀치’ 롯데, 가을 야구 도전","[카네무라 사토루/롯데 자이언츠 투수 총괄 : ""작년 팀 방어율이 4.7이었는데 올해는 3.7까지 만들어보겠습니다.""] 토종 선발진에는 박세웅과 나균안에 이어 김진욱이 유력한 5선발로 꼽힙니다. [박세웅/롯데 자이언츠 투수...",news.kbs.co.kr,2026-03-05T08:06:00,,PERFORMANCE_ANALYSIS,INTERVIEW,0.9,,,True,롯데가 가을 야구를 목표로 방어율 개선에 나선다.,박세웅;나균안;김진욱,positive,,False,해당 날짜 경기 없음
1155,마운드 재정비…‘원투펀치’로 반등 노린다,"[카네무라 사토루/롯데 자이언츠 투수 총괄 : ""작년 팀 방어율이 4.7이었는데 올해는 3.7까지 만들어보겠습니다.""] 토종 선발진에는 박세웅과 나균안에 이어 김진욱이 유력한 5선발로 꼽힙니다. [박세웅/롯데 자이언츠 투수...",news.kbs.co.kr,2026-03-04T21:56:00,,PERFORMANCE_ANALYSIS,INTERVIEW,0.9,,,True,롯데가 방어율 개선을 위해 마운드를 재정비한다.,박세웅;나균안;김진욱,positive,,False,해당 날짜 경기 없음
1156,[IS 피플] 롯데 동료들이 더 반긴 구승민 인터뷰...마운드 '정신적 지주...,"롯데 자이언츠 투수진 '정신적 지주' 구승민(36)이 비로소 2026시즌 1군 기록을 새겼다. 홀드 재생산 기대감이... 롯데 프랜차이즈 최다 홀드 투수의 레이스는 아직 끝나지 않았다. 인터뷰를 하는 그를 보며, 롯데 동료들이...",isplus.com,2026-05-07T11:33:00,,INTERVIEW,CLUB_OPERATION,0.9,,,True,구승민이 롯데의 정신적 지주로서 1군에 복귀했다.,구승민,positive,,False,해당 날짜 경기 없음
1157,"첫 홈런에도 웃지 않았다, 울컥한 롯데 천재타자 ""응원가 안 불러주실 ...","""안 불러주실 것 같았는데…"" 롯데 자이언츠 나승엽은 6일 수원 KT위즈파크에서 열린 2026 신한은행 SOL Bank... 전날(5일) 인터뷰와 이날 인터뷰의 분위기는 분명 달랐다. 5일의 경우 사죄의 시간이었다면, 6일은 수훈 인터뷰....",www.spotvnews.co.kr,2026-05-07T06:30:00,,INTERVIEW,MATCH_RELATED,0.9,,,True,나승엽이 첫 홈런에도 아쉬움을 드러냈다.,나승엽,negative,,False,해당 날짜 경기 없음
1158,"'前 롯데' 감보아, MLB 데뷔전 후 울컥 ""가족과 함께한 인고의 시간, 마...",지난 2025시즌 KBO리그 롯데 자이언츠에서 활약했던 투수 알렉 감보아(29·보스턴 레드삭스)가 그토록 꿈꾸던 미국 메이저리그(MLB) 무대에서 성공적인 데뷔전을 치렀다. 마운드를 내려온 그는 경기를 마친 뒤 가진 인터뷰...,www.starnewskorea.com,2026-05-07T03:33:00,,INTERVIEW,ETC,0.9,,,False,알렉 감보아가 MLB 데뷔전을 성공적으로 치렀다.,알렉 감보아,,,False,해당 날짜 경기 없음
1159,"고개 숙인 김세민-고승민-나승엽, 야구선수 이전 좋은 사람이 되겠다","5일 오후 수원KT위즈파크에서 열린 '2026 신한 SOL Bank KBO리그' 롯데 자이언츠와 KT 위즈의 경기, 징계를 마치고 선수단에 합류한 롯데 고승민 나승엽 김세민은 경기 전 언론과의 인터뷰를 가지며 진심어린 사과를 전했다....",www.xportsnews.com,2026-05-06T13:20:00,,INTERVIEW,MATCH_RELATED,0.9,,,True,징계를 마친 롯데 선수들이 진심어린 사과를 전했다.,김세민;고승민;나승엽,negative,,False,해당 날짜 경기 없음
1160,던지면 던질수록 강해진다? '혹사 논란' 제2의 오승환 직접 입 열다 “차...,프로야구 KT 마무리 박영현은 지난 5일 수원KT위즈파크에서 열린 2026 신한 SOL KBO리그 롯데 자이언츠와의... 수훈선수 인터뷰를 통해 혹사 여론에 대한 박영현의 솔직한 생각도 들을 수 있었다. 올 시즌 데뷔 첫 2이닝...,www.osen.co.kr,2026-05-06T11:43:00,,INTERVIEW,MATCH_RELATED,0.9,,,True,박영현이 혹사 논란에 대한 생각을 밝혔다.,박영현,neutral,,False,해당 날짜 경기 없음
1161,"""죄송합니다"" 롯데 도박 3인방 대신 회초리 맞았던 사장-단장-프런트도...","""사과를 드렸다"" 롯데 자이언츠 고승민, 나승엽, 김세민은 5일 수원 KT위즈파크에서 열린 2026 신한은행 SOL Bank... 너무 죄송하다""고 인터뷰 내내 반성의 뜻을 드러냈다. 이들의 존재감은 확실했다. 없는 것과 있는 것은 분명...",www.spotvnews.co.kr,2026-05-06T09:24:00,,INTERVIEW,MATCH_RELATED,0.9,,,True,롯데 도박 3인방이 사과의 뜻을 전했다.,고승민;나승엽;김세민,negative,,False,해당 날짜 경기 없음
1162,누구는 진짜 범법행위 해도 사과 없는데…롯데 '도박 3인방' 제대로 고...,"KT 위즈와 롯데 자이언츠의 2026 신한 SOL Bank KBO 리그 정규시즌 맞대결이 열리기 전인 오후 12시 50분경. 세 명의 선수가 인터뷰실 안으로 들어온다. 짧은 머리를 한 이들은 자리에 온 뒤, 고개를 숙여 인사를 했다. 가장...",www.xportsnews.com,2026-05-06T04:40:00,,INTERVIEW,MATCH_RELATED,0.9,,,True,롯데 도박 3인방이 인터뷰에서 고개를 숙였다.,고승민;나승엽;김세민,negative,,False,해당 날짜 경기 없음
1163,"“말은 쉽다, 행동으로 보여줘야”…‘도박 스캔들’ 고승민·나승엽·...","취재진과 인터뷰를 하고 있다. 세 선수는 올해 초 대만 스프링캠프 중 도박장 출입으로 출전정지 징계를... 사진 | 롯데 자이언츠 간단하다. 하지 말라는 건, 하지 않으면 된다. 규정을 준수하고, 상식을 지키면 된다....",www.sportsseoul.com,2026-05-05T19:00:00,,INTERVIEW,,0.9,,,True,도박 스캔들에 대한 선수들의 반성이 이어졌다.,고승민;나승엽;김세민,negative,,False,해당 날짜 경기 없음
1164,"""죄송합니다"" 고개 숙인 롯데 '도박 3인방', 김태형 감독은 ""당연히 죄송...","30경기 출전 정지 징계에서 돌아온 롯데 자이언츠의 고승민과 나승엽, 김세민에게 사령탑은 어떤 말을... 경기 전 김태형 롯데 감독은 라인업 구성에 대해 ""기존 선수들이 (먼저) 나가고, (나승엽, 김세민은) 상황 봐서...",www.xportsnews.com,2026-05-05T15:15:00,,INTERVIEW,,0.9,,,True,김태형 감독이 도박 3인방에게 사과를 요구했다.,고승민;나승엽;김세민,negative,,False,해당 날짜 경기 없음
1165,"박승규의 '월간 씬-스틸러상' 수상 위해 사령탑 발벗고 나섰다…""받아 ...",중계 방송사와의 인터뷰에서 '팀보다 위대한 선수는 없다'며 팬들에게 감동을 줬다. 선수들도 감동을... 1982년 김용희(롯데 자이언츠)의 18경기 연속 안타를 44년 만에 갱신했다. 오지환은 4월 8일 NC 다이노스전 36세...,www.mydaily.co.kr,2026-05-04T12:01:00,,INTERVIEW,,0.9,,,True,박승규가 팬들에게 감동적인 메시지를 전했다.,,positive,,False,해당 날짜 경기 없음
1166,"'허슬두' 정신 보인다… '간절함 장착' 두산 김민석, 2023년 활약 재현하...","김민석은 데뷔 첫해였던 2023년, 롯데 자이언츠 소속으로 역대 KBO 8번째 고졸 신인 100안타에 성공했다.... 김원형 감독은 이날 경기 전 인터뷰에서 김민석에 대해 ""SSG랜더스 감독 시절 롯데에서 뛰는 것을 봤을 때는...",sports.hankooki.com,2026-04-20T05:30:00,,INTERVIEW,PERFORMANCE_ANALYSIS,0.9,,,True,김민석이 2023년 활약을 재현할 준비를 하고 있다.,김민석,positive,,True,"롯데 vs 한화 (홈) 1-9 패 | 홈런: 문현빈4호 | 타자 키플레이어: 문현빈(한화), 강백호(한화), 최재훈(한화) | 투수 키플레이어: 에르난데스(한화), 김종수(한화), 김서현(한화)"
1167,"""(손)성빈이한테 항상 기사 링크 보내요"", ""난 안 보낸다"" 김진욱 일방통...","롯데 자이언츠 최근 상승세를 이끄는 2002년생 배터리 김진욱(24)-손성빈(24)이 티격태격 찐한 우정을... 김태형(59) 롯데 감독은 안방에 손성빈을 과감하게 기용하며 반전을 노렸고, 최상의 결과가 나왔다. 2021 KBO...",www.starnewskorea.com,2026-04-17T12:22:00,,INTERVIEW,MATCH_RELATED,0.9,,,True,김진욱과 손성빈의 우정이 돋보였다.,김진욱;손성빈,positive,,True,"롯데 vs LG (원정) 4-7 패 | 결승타: 문성주(6회) | 홈런: 레이예스5호 | 타자 키플레이어: 레이예스(롯데), 문성주(LG), 윤동희(롯데) | 투수 키플레이어: 치리노스(LG), 우강훈(LG), 정철원(롯데)"
1168,“아빠는 나의 영웅… 엄마랑 동생은 내가 지킬게”[금주의 말말말],"트윈스 감독, 15일 서울 잠실구장에서 롯데 자이언츠와 경기를 앞두고 취재진과 만나 과거 자신이 겪었던... △“세상 바뀌었는데, 북에 돈 줬단 진술은 안 바뀌었다” ―박상용 검사, 16일 보도된 언론 인터뷰에서...",www.munhwa.com,2026-04-17T09:24:00,,INTERVIEW,MATCH_RELATED,0.9,,,True,트윈스 감독이 롯데와의 경기를 앞두고 인터뷰를 진행했다.,,neutral,,True,"롯데 vs LG (원정) 4-7 패 | 결승타: 문성주(6회) | 홈런: 레이예스5호 | 타자 키플레이어: 레이예스(롯데), 문성주(LG), 윤동희(롯데) | 투수 키플레이어: 치리노스(LG), 우강훈(LG), 정철원(롯데)"
1169,"김태형 감독도 김진욱 성장이 흐뭇하다...""연패 부담감 안고도 잘 던져...",김태형 롯데 자이언츠 감독이 두 경기 연속 호투한 소속팀 국내 선발 투수 김진욱(24)을 칭찬했다.... 김진욱은 16일 훈련을 마치고 방송사 카메라 4대가 지켜보는 가운데서 인터뷰를 소화했다. 롯데팬뿐 아니라...,isplus.com,2026-04-16T17:33:00,,INTERVIEW,PERFORMANCE_ANALYSIS,0.9,,,True,김태형 감독이 김진욱의 호투를 칭찬했다.,김진욱,positive,,True,"롯데 vs LG (원정) 4-7 패 | 결승타: 문성주(6회) | 홈런: 레이예스5호 | 타자 키플레이어: 레이예스(롯데), 문성주(LG), 윤동희(롯데) | 투수 키플레이어: 치리노스(LG), 우강훈(LG), 정철원(롯데)"
1170,환한 미소의 염경엽 감독[포토],16일 오후 서울 송파구 잠실야구장에서 열리는 '2026 신한 SOL Bank KBO리그' 롯데 자이언츠와 LG 트윈스의 경기에 앞서 LG 염경엽 감독이 취재진과 인터뷰를 나누고 있다.,www.xportsnews.com,2026-04-16T16:06:00,,INTERVIEW,MATCH_RELATED,0.9,,,True,염경엽 감독이 인터뷰를 진행했다.,,neutral,,True,"롯데 vs LG (원정) 4-7 패 | 결승타: 문성주(6회) | 홈런: 레이예스5호 | 타자 키플레이어: 레이예스(롯데), 문성주(LG), 윤동희(롯데) | 투수 키플레이어: 치리노스(LG), 우강훈(LG), 정철원(롯데)"
1171,"롯데 자이언츠, 일본 커넥션 쏠쏠하네...이번엔 독립리그 유망주 파견→...","롯데 자이언츠가 유망주 육성을 위해 일본 실전 무대를 택했다. 실제 순위 경쟁이 벌어지는 독립리그에... 도쿠시마, 가가와, 고치, 에히메 등 4개 구단에 일본프로야구(NPB) 루키팀 2개가 교류 형식으로 참가한다. NPB...",www.spochoo.com,2026-05-07T14:32:00,,CLUB_OPERATION,,0.9,,,True,롯데가 일본에서 유망주 육성을 위해 파견한다.,,positive,,False,해당 날짜 경기 없음
1172,"시코쿠 리그 12경기 파견…롯데, 유망주 35명 일본 실전 투입",박준혁 롯데 자이언츠 단장은 구단이 추진하는 중장기 육성 방향과 이번 프로그램의 취지를 함께 언급했다. 박준혁 단장은 유망주들에게 실전 기회를 제공하기 위한 차원에서 이번 일본 파견을 준비했다고 설명하며...,www.topstarnews.net,2026-05-07T14:30:00,,CLUB_OPERATION,,0.9,,,True,롯데가 유망주 35명을 일본에 파견한다.,,positive,,False,해당 날짜 경기 없음
1173,"롯데, 일본 독립 리그에 유망주 위주 선수단 35명 파견",프로야구 롯데 자이언츠가 구단 유망주들의 실전 경험을 늘리기 위해 일본 독립 리그 참가 및 요미우리 자이언츠 육성팀과의 교류전을 진행한다. 롯데 구단은 오는 19일부터 6월 25일까지 약 6주 동안 일본 시코쿠...,www.yna.co.kr,2026-05-07T14:18:00,,CLUB_OPERATION,,0.9,,,True,롯데가 일본 독립 리그에 유망주를 파견한다.,,positive,,False,해당 날짜 경기 없음
1174,"팬 비하 논란 롯데 자이언츠 최충연…KBO ""징계 등 조치 검토""","국민신문고를 통해 제기된 롯데 자이언츠 투수 최충연의 팬 비하 발언 관련 민원에 대해 한국야구위원회... 최근 공개된 국민신문고 민원 답변에 따르면 문화체육관광부는 ""롯데 구단은 해당 선수에 대해 징계성 2군...",www.asiatoday.co.kr,2026-05-07T10:24:00,,CLUB_OPERATION,,0.9,,,True,최충연의 팬 비하 발언에 대한 징계 검토가 진행 중이다.,최충연,negative,,False,해당 날짜 경기 없음
1175,롯데자이언츠와 10년 동행…한성모터스 '패밀리 야구 페스티벌' 개최,롯데 자이언츠와 10년째 파트너십을 이어 온 메르세데스-벤츠 공식 딜러 한성모터스가 롯데 팬과 함께하는 '2026 패밀리 야구 페스티벌'을 개최했다. 이번 행사는 지난달 25일 부산 사직야구장에서 한성모터스 고객 가족...,www.spochoo.com,2026-05-06T10:07:00,,CLUB_OPERATION,,0.9,,,True,롯데와 한성모터스가 패밀리 야구 페스티벌을 개최했다.,,positive,,False,해당 날짜 경기 없음
1176,"前 롯데 자이언츠 외국인 투수 벨라스케즈, 시카고 컵스와 마이너 계약",롯데 자이언츠에 악몽을 선사했던 외국인 투수 빈스 벨라스케즈가 시카고 컵스로 돌아갔다. 미국 매체 'MLB... 베테랑 선수인 벨라스케즈는 메이저리그에서 뛸 수 있는 팀을 찾아 FA를 선택했으나 그를 원하는 팀은...,www.sportalkorea.com,2026-05-07T13:29:00,,TRANSACTION_CONTRACT,,1.0,,,True,벨라스케즈가 시카고 컵스와 계약했다.,벨라스케즈,neutral,,False,해당 날짜 경기 없음
1177,"공 '81개' 던질 동안 3회도 못 막았다... '사사구'로 자멸한 최승용, 대...","30이닝 이상을 소화한 선발투수 가운데 아직 승리가 없는 투수는 두산 베어스의 최승용과 롯데 자이언츠의... 한편, 두산은 이날 경기에 앞서 삼성 라이온즈와의 깜짝 1대1 트레이드 소식도 발표했다. 내야수 박계범을...",www.mhnse.com,2026-05-07T13:05:00,,TRANSACTION_CONTRACT,,1.0,,,True,최승용이 승리가 없는 투수로 남았다.,최승용,negative,,False,해당 날짜 경기 없음
1178,"“저 투수 누구냐, 혹시 트레이드라도…” 60세 투수 조련사, 왜 타 팀 ...",KT 위즈 이강철 감독은 지난 6일 수원KT위즈파크에서 열린 2026 신한 SOL KBO리그 롯데 자이언츠와의 시즌... 이강철 감독은 급기야 “혹시 트레이드로 영입할 수 없나”라는 농담을 건네며 껄껄 웃었다. 최주형이 두산...,www.osen.co.kr,2026-05-07T11:43:00,,TRANSACTION_CONTRACT,,1.0,,,True,이강철 감독이 롯데 투수에 관심을 보였다.,,neutral,,False,해당 날짜 경기 없음
1179,"'은퇴 4개월' 황재균, 올해 수입 '0원'…""주식도 마이너스"" [MHN:픽]","이후 히어로즈, 롯데 자이언츠, 샌프란시스코 자이언츠, KT 위즈 등에서 활약하며 KBO리그 대표 내야수로 자리 잡았다. 특히 두 차례 FA 계약을 통해 누적 연봉 약 148억 원을 기록했고, 2023시즌과 2024시즌에는 연봉 10억...",www.mhnse.com,2026-05-06T14:05:00,,TRANSACTION_CONTRACT,,1.0,,,True,황재균이 올해 수입이 없다고 밝혔다.,황재균,negative,,False,해당 날짜 경기 없음
1180,"황재균, 누적 연봉 100억 넘었는데…""마이너스 30%"" 주식 투자 실패했다...","그는 2006년 현대 유니콘스에 입단해, 히어로즈, 롯데 자이언츠, 샌프란시스코 자이언츠 등의 팀에서 뛰었다. 2025년 KT 위즈에서 20년간의 야구선수 생활을 마무리했다. 황재균은 KBO리그에서 2번의 FA계약을 맺으면서...",www.tenasia.co.kr,2026-05-06T08:03:00,,TRANSACTION_CONTRACT,,1.0,,,True,황재균이 주식 투자에서 실패했다고 전했다.,황재균,negative,,False,해당 날짜 경기 없음
1181,[굿모닝위즈·32] 찬스엔 이정훈,이날 호투하던 롯데 자이언츠 선발 로드리게스를 상대로 2회말 솔로 홈런을 때려내며 기선제압에... 휘문고를 졸업하고 2017년 KIA 타이거즈에서 데뷔한 이정훈은 롯데를 거쳐 지난해 박세진과의 트레이드로 마법사...,www.kyeongin.com,2026-05-06T07:48:00,,TRANSACTION_CONTRACT,,1.0,,,True,이정훈이 롯데를 상대로 홈런을 기록했다.,이정훈,positive,,False,해당 날짜 경기 없음
1182,"로스터 보장 제안 받았다고? 前 롯데 160km 좌완, 감격적인 콜업→화들...","'메이저리그 트레이드 루머스(MLBTR)'는 ""감보아는 KBO 롯데 자이언츠 19경기에서 평균자책점 3.58을 기록했다. 삼진 비율은 약 25%에 가까웠고, 볼넷 비율은 10.3%, 땅볼 비율은 55.2%였다. 한국의 타자 친화적인 환경을...",www.spotvnews.co.kr,2026-05-05T16:27:00,,TRANSACTION_CONTRACT,,1.0,,,True,감보아가 KBO에서 좋은 성적을 기록했다.,감보아,positive,,False,해당 날짜 경기 없음
1183,"[오피셜] '롯데 고맙습니다, KBO리그 또 해냈다'…월간 MVP 탔던 감보아...","KBO리그 롯데 자이언츠 출신 좌완 투수 알렉 감보아(29)가 마침내 꿈꿔왔던 미국 메이저리그(MLB) 무대에... 미국 야구 전문 매체 'MLB 트레이드 루머스'는 5일(한국시간) ""보스턴이 트리플A 우스터 레드삭스에서 뛰던 좌완...",www.xportsnews.com,2026-05-05T15:59:00,,TRANSACTION_CONTRACT,,1.0,,,True,감보아가 메이저리그에 진출했다.,감보아,positive,,False,해당 날짜 경기 없음
1184,"한동희 충격 2군행, 자존심 상할 수 있지만…노시환도 다녀왔다, 여전히...","롯데 자이언츠 한동희에 대한 이야기다. 한동희는 롯데의 선택을 받을 때부터 '제2의 이대호', '포스트... 지난 겨울 307억원의 연장계약(비FA 다년계약)을 맺은 노시환도 시범경기와 정규시즌 초반 단 한 개의 홈런도...",www.spotvnews.co.kr,2026-05-05T06:42:00,,TRANSACTION_CONTRACT,,1.0,,,True,한동희가 2군으로 내려갔다.,한동희,negative,,False,해당 날짜 경기 없음
1185,"손아섭, 1군 제외 후 퓨처스서도 고전… 재기 가능할까","타이거즈전과 롯데 자이언츠전에서 안타 1개씩을 보탰을 뿐이다. 김원형(52) 두산 감독은 손아섭의 1군 제외 배경에 대해 ""베테랑이고 트레이드돼 왔는데 잘 안 되니까 부담감이 크고, 잘 해야겠다는 생각이 많아...",mdtoday.co.kr,2026-05-04T22:20:00,,TRANSACTION_CONTRACT,,1.0,,,True,손아섭이 퓨처스에서도 고전하며 재기 가능성에 의문이 제기된다.,손아섭,negative,,False,해당 날짜 경기 없음
1186,[특별기고] ‘야구 취재 40년’ 통해본 한국 프로야구 어제-오늘-내일,"경기 수준이 높아진 것은 MLB 경력의 외국인 선수 유입, 1999년부터 도입된 FA(자유계약선수)의 동기 유발이... 이를 안타깝게 여겨 필자를 엄청 신뢰하던 롯데 자이언츠 A사장에게 부탁, 이듬해 롯데 코치가 됐다. 그는...",www.mydaily.co.kr,2026-05-04T16:30:00,,TRANSACTION_CONTRACT,,1.0,,,True,한국 프로야구의 발전을 회고하며 롯데 자이언츠의 코치 경험을 언급한다.,,neutral,,False,해당 날짜 경기 없음
1187,‘KIA 충격 방출’ 201안타 전설 돌아온다…불의의 손가락 골절→인고의...,2024년 빅터 레이예스(롯데 자이언츠)가 202안타를 치기 전까지 200안타 고지를 밟은 선수는 서건창이... 원에 FA 계약했으나 2025시즌 10경기 타율 1할3푼6리를 남기고 방출됐다. 서건창은 지난 1월 키움과 연봉 1억2000만...,www.osen.co.kr,2026-05-04T01:03:00,,TRANSACTION_CONTRACT,,1.0,,,True,서건창이 방출된 후 롯데 자이언츠의 201안타 전설이 돌아올 가능성이 있다.,서건창,neutral,,False,해당 날짜 경기 없음
1188,"삼성 최형우, 손아섭 넘고 통산 최다 안타 신기록…'4연승' 롯데, 꼴찌 ...",롯데 자이언츠는 인천 SSG랜더스필드에서 벌어진 SSG 랜더스와의 경기에서 8회 터진 빅터 레이예스의 역전... LG에서 뛰다 2022년 말 퓨처스(2군)리그 프리에이전트(FA) 자격을 갖춰 NC로 이적한 한석현은 친정팀에...,www.newsis.com,2026-05-03T18:09:00,,TRANSACTION_CONTRACT,,1.0,,,True,롯데가 SSG와의 경기에서 역전승을 거두며 4연승을 기록했다.,빅터 레이예스,positive,,True,해당 날짜 경기 없음
1189,'와 토종 1위' 선발의 가치 매일 치솟는다…엄상백 78억-이영하 52억인데...,이제 롯데 자이언츠도 팀의 확실한 토종 에이스로 거듭나고 있는 나균안(28)에 대한 고민을 이어가야... 이런 투수가 이제 곧 프리에이전트(FA)가 된다. 2017년 신인드래프트 2차 1라운드로 지명된 나균안은 본래...,www.osen.co.kr,2026-05-03T07:41:00,,TRANSACTION_CONTRACT,,1.0,,,True,롯데 자이언츠는 나균안의 FA 계약에 대한 고민을 이어가고 있다.,나균안,neutral,,False,해당 날짜 경기 없음
1190,김도영 잇는 광주의 슈퍼스타 탄생? 80억 FA 공백 꽉채운 존재감…공수...,4월 26일 롯데 자이언츠전을 기점으로 리드오프를 꿰찬 박재현은 이날도 KIA 1번타자로 나섰다. 1회말 첫... 지난 시즌까지 주로 리드오프를 치던 '80억 FA' 박찬호의 공백을 완벽히 메운 존재감이다. 외야에서도 넓은...,www.sportschosun.com,2026-05-03T00:05:00,,TRANSACTION_CONTRACT,,1.0,,,True,박재현이 80억 FA의 공백을 메우며 KIA에서 리드오프 역할을 수행하고 있다.,박재현,positive,,False,해당 날짜 경기 없음
1191,"[오피셜] 이럴수가! 롯데 망쳤던 외국인 투수, '슈퍼팀' 다저스 상대 2⅓...",베테랑 선수인 벨라스케즈는 마이너리그로 강등된 뒤 FA 자격을 택했다. 통상적으로 FA 자격을 다시 취득할... KBO리그 롯데 자이언츠에 합류했다. 당시 정규리그에서 3위를 달렸던 롯데는 코디 폰세(토론토 블루제이스)...,www.sportalkorea.com,2026-05-02T02:00:00,,TRANSACTION_CONTRACT,,1.0,,,True,롯데의 외국인 투수가 다저스와의 경기에서 좋은 성적을 거두었다.,벨라스케즈,positive,,False,해당 날짜 경기 없음
1192,"[IS 부산] 7번까지 밀린 한동희, 변하지 않으면 불가피한 2군행","""한 번 더 봐야지."" 롯데 자이언츠 거포 기대주 한동희(27)가 다시 선발 라인업에 이름을 올렸다. 한동희는... 롯데는 지난겨울 자유계약선수(FA) 시장에서 대어급 선수 영입에 실패했지만, 한동희가 전역해 합류하는...",isplus.com,2026-04-30T16:40:00,,TRANSACTION_CONTRACT,,1.0,,,True,한동희가 선발 라인업에 복귀했지만 2군행이 불가피할 수 있다.,한동희,negative,,True,"롯데 vs 키움 (홈) 5-6 패 | 결승타: 오선진(11회) | 홈런: 안치홍2호, 임병욱1호, 박승욱1호 | 타자 키플레이어: 박승욱(롯데), 장두성(롯데), 레이예스(롯데) | 투수 키플레이어: 박진형(키움), 정철원(롯데), 유토(키움)"
1193,"'또또또 패전' 참 안 풀리는 롯데 안경 에이스, 승리가 이렇게 어려웠나...","롯데 자이언츠의 '안경 에이스' 박세웅이 5이닝까지 끌고 갔지만, 시즌 첫 승을 다음 기회로 미뤘다.... 박세웅은 2022년 10 롯데와 5년 총액 90억원 규모의 비FA 다년계약을 체결했다. 지난해 팀 내 최다인 11승을 올리는...",www.xportsnews.com,2026-04-20T08:30:00,,TRANSACTION_CONTRACT,,1.0,,,True,롯데가 한화에 패하며 박세웅의 첫 승은 다음으로 미뤄졌다.,박세웅,negative,,True,"롯데 vs 한화 (홈) 1-9 패 | 홈런: 문현빈4호 | 타자 키플레이어: 문현빈(한화), 강백호(한화), 최재훈(한화) | 투수 키플레이어: 에르난데스(한화), 김종수(한화), 김서현(한화)"
1194,"""미안하다"" 무거운 마음으로 2군 향한 노시환…동료들 믿음 변치 않았다...",올 시즌을 앞두고는 한화와 11년 총액 307억원 규모의 초대형 비FA 다년계약을 체결했다. 그만큼 한화의... 6연패 중이었던 한화는 18일 사직 롯데 자이언츠전에서 5-0으로 승리하며 연패를 끊었다. 19일에도 롯데를...,www.xportsnews.com,2026-04-20T05:45:00,,TRANSACTION_CONTRACT,,1.0,,,True,한화가 롯데를 상대로 연패를 끊으며 승리했다.,,negative,,True,"롯데 vs 한화 (홈) 1-9 패 | 홈런: 문현빈4호 | 타자 키플레이어: 문현빈(한화), 강백호(한화), 최재훈(한화) | 투수 키플레이어: 에르난데스(한화), 김종수(한화), 김서현(한화)"
1195,"""감독급 스트레스 받았다"" MOON의 노시환 향한 걱정, 실력이 아닌 '마음...",KBO리그 롯데 자이언츠와 팀 간 시즌 1차전에 앞서 노시환에 대해 이야기 하는 시간을 가졌다. 지난 2019년... 이에 한화는 FA(자유계약선수) 자격 취득을 앞두고 있는 노시환의 시장 진출을 막기 위해 이번 겨울 12년 총액...,www.spotvnews.co.kr,2026-04-19T07:38:00,,TRANSACTION_CONTRACT,,1.0,,,True,노시환에 대한 걱정이 커지며 한화의 FA 시장 진출이 우려된다.,,neutral,,True,"롯데 vs 한화 (홈) 0-5 패 | 결승타: 페라자(3회) | 타자 키플레이어: 페라자(한화), 강백호(한화), 문현빈(한화) | 투수 키플레이어: 류현진(한화), 현도훈(롯데), 조동욱(한화)"
1196,"'이게 가능해?' 타율 .000→.390 대반전 미쳤다, 1.3억 2루수 어떻게 슬럼...","이 기간 정준재보다 높은 타율을 기록한 선수는 없다. NC 다이노스 이우성 0.384(73타수 28안타), 롯데 자이언츠 빅터 레이예스 0.378(90타수 34안타)을 기록했고 개막 후 22경기 연속 안타를 치며 KBO 역사를 바꾼...",www.mydaily.co.kr,2026-05-07T12:01:00,,PERFORMANCE_ANALYSIS,MATCH_RELATED,0.9,,,True,정준재가 타율을 대폭 상승시키며 KBO 역사에 남는 기록을 세웠다.,,neutral,,False,해당 날짜 경기 없음
1197,"KIA 올러, 쉘힐릭스플레이어 투수 부문 선정",특히 지난달 24일 광주-기아 챔피언스필드에서 열린 롯데 자이언츠와의 홈경기에서 9이닝 103구... 71)이 선정됐다. 박성한은 3·4월 27경기에 출전해 102타수 45안타 2홈런 22타점 타율 0.441를 기록했다.,www.jnilbo.com,2026-05-06T14:45:00,,PERFORMANCE_ANALYSIS,MATCH_RELATED,0.9,,,True,KIA의 박성한이 롯데와의 경기에서 뛰어난 성적을 기록했다.,박성한,neutral,,False,해당 날짜 경기 없음
1198,"팀타율 1위 → 소총타선? '8G 4홈런' 검증된 거포가 마침내 눈을 떴다 ""...",팀 OPS(출루율+장타율)은 3위. KT 위즈의 '소총타선'에 최근 변화가 생겼다. 4번타자 장성우에 이어 또 한명의 거포가 눈을 떴다. KT 위즈 샘 힐리어드가 그 주인공이다. 5일 수원 롯데 자이언츠전 2회말 롯데...,www.sportschosun.com,2026-05-06T10:46:00,,PERFORMANCE_ANALYSIS,MATCH_RELATED,0.9,,,True,KT 위즈의 거포가 롯데와의 경기에서 눈에 띄는 활약을 보였다.,,neutral,,False,해당 날짜 경기 없음
1199,"“타격에선 말할 게 없다” 엄청난 자신감, 이대호 후계자 꿈꾸는 경남...",주말리그를 포함한 이번 시즌 8경기서 타율이 무려 0.600(30타수 18안타·11타점)에 달한다. 출루율은 0.639다.... 초등학교 4학년 때 롯데 자이언츠의 홈인 부산 사직구장을 방문했다가 야구의 매력에 흠뻑 빠진 이호민의 롤...,sports.donga.com,2026-05-06T00:16:00,,PERFORMANCE_ANALYSIS,,0.9,,,True,이호민이 롯데 자이언츠의 후계자로서 뛰어난 성적을 기록하고 있다.,,neutral,,False,해당 날짜 경기 없음
1200,개막 직후 연속 안타 신기록 박성한+2026시즌 첫 두 자릿수 홈런 김도영...,"3,4월 타율, 최다 안타, 장타율, 출루율 주요 공격 지표서 리그 전체 1위에 올랐다. 김도영은 생애 첫... 지난달 24일 광주 롯데 자이언츠전서 올해 첫 완봉승을 기록한 올러도 6경기서 ERA 1.64로 흔들림 없이 뛰어난...",sports.donga.com,2026-05-05T13:49:00,,PERFORMANCE_ANALYSIS,MATCH_RELATED,0.9,,,True,김도영이 롯데와의 경기에서 두 자릿수 홈런을 기록하며 주목받고 있다.,김도영,neutral,,False,해당 날짜 경기 없음
1201,팀타율 3위 롯데 자이언츠…중위권 도전,올 시즌 첫 4연승을 기록한 프로야구 롯데 자이언츠가 이번 주 중위권 도약에 나섭니다. 8위에 올라선 롯데... 이상 소화하고 4차례 퀄리티스타트를 작성했으며 타선도 살아나면서 팀 타율을 전체 3위까지 끌어올렸습니다.,news.kbs.co.kr,2026-05-05T07:51:00,,PERFORMANCE_ANALYSIS,,0.9,,,True,롯데가 팀 타율 3위로 중위권 도전에 나선다.,,positive,,False,해당 날짜 경기 없음
1202,"""케이브 다시 데려와라"" 목소리 어디로 갔나, '득점권 10타수 8안타' 달...","이날 경기 결과로 카메론의 시즌 성적은 31경기 타율 0.303 6홈런 20타점 OPS 0.925가 됐다. KBO리그 외국인 타자 가운데 LG 트윈스 오스틴 딘(1.063), 한화 이글스 요나단 페라자(1.018), 롯데 자이언츠 빅터 레이예스(0.974)에...",www.sportalkorea.com,2026-05-04T23:20:00,,PERFORMANCE_ANALYSIS,,0.9,,,True,카메론이 득점권에서 뛰어난 성적을 기록했다.,카메론,positive,,False,해당 날짜 경기 없음
1203,"""설명 필요없는 선수"" 복덩이 안타왕 믿으니 롯데도 올라간다…4월 암흑...",프로야구 롯데 자이언츠가 4월 어두운 긴 터널을 빠져나왔다. ‘복덩이 안타왕’ 외국인 타자 빅터... 레이예스는 3일까지 30경기에서 타율 3할4푼7리 6홈런 21타점 출루율 .412 장타율 .562 OPS .974 득점권 타율 .440으로...,www.osen.co.kr,2026-05-04T15:21:00,,PERFORMANCE_ANALYSIS,,0.9,,,True,빅터 레이예스의 활약으로 롯데가 상승세를 타고 있다.,빅터 레이예스,positive,,False,해당 날짜 경기 없음
1204,"배지환, 콜업 무산 뒤 1안타 1타점 기록했으나 병살타 2개로 아쉬움 남...","6회말 무사 만루의 결정적인 기회에서 배지환은 지난해 롯데 자이언츠에서 뛰었던 터커 데이비슨과... 이날 하루에만 2개의 병살타와 도루 실패를 기록한 배지환의 시즌 타율은 0.322, OPS는 0.850으로 소폭 하락했다....",www.dailysportshankook.co.kr,2026-05-04T14:46:00,,PERFORMANCE_ANALYSIS,,0.9,,,True,배지환이 아쉬운 경기력을 보였지만 1안타를 기록했다.,배지환,negative,,False,해당 날짜 경기 없음
1205,"토종 선발 ERA 1위 등극한 나균안… 김태형 감독 ""1승해서 다행""","ⓒ롯데자이언츠 롯데는 3일 오후 2시 인천 SSG랜더스필드에서 2026 신한 SOL뱅크 KBO리그 SSG랜더스와... 아무리 방어율이 좋아도 조급해질 수 있기에 눈에 보이는 승수가 있어야 한다""고 밝혔다. 그러면서 아직 승리를...",sports.hankooki.com,2026-05-03T13:00:00,,PERFORMANCE_ANALYSIS,,0.9,,,True,나균안이 토종 선발 ERA 1위에 올랐다.,나균안,positive,,False,해당 날짜 경기 없음
1206,"“첫째 대학 가면 셋째 혜택 끊긴다”…박형준, 다자녀 기준 뒤집는다","박 후보는 BTS 콘서트와 부산불꽃축제, 롯데자이언츠 경기 등 주요 행사 티켓을 부산 시민이 구하기 어려운 현실을 개선하겠다며 주요 공연·축제 좌석의 10%를 시민 우선 배정 방식으로 운영하겠다고 밝혔다. 또 공연 당일...",www.sedaily.com,2026-05-07T14:46:00,,ETC,,0.9,,,True,부산 시민을 위한 문화 행사 티켓 우선 배정이 논의되고 있다.,,neutral,,False,해당 날짜 경기 없음
1207,[6·3부산]박형준 국힘 부산시장 후보 2호 공약 '부산 찬스 패키지',"BTS 콘서트, 부산불꽃축제, 롯데자이언츠 프로야구 경기 등 부산에서 열리는 큰 행사의 표를 부산시민이 예매할 수 있도록 한다는 방침이다. 주요 공연·전시·축제 좌석 10%를 부산 시민에게 우선 할당하고, 당일 노쇼...",www.newsis.com,2026-05-07T14:36:00,,ETC,,0.9,,,True,부산 시민을 위한 주요 행사 티켓 우선 배정 방침이 발표되었다.,,neutral,,False,해당 날짜 경기 없음
1208,러닝메이트 이범석에 손 내미는 김영환,"청주시 서원구 사직동 일원에는 청주실내체육관과 청주종합경기장, 청주야구장 등 체육시설이 있지만, 1970년대 준공돼 현대 스포츠 경기를 치르기에는 시설이 낡고, 규모도 작다는 지적을 받고 있다. 이 때문에 청주시는...",www.inews24.com,2026-05-07T14:23:00,,ETC,,0.9,,,False,청주 체육시설의 현대화 필요성이 제기되고 있다.,,,,False,해당 날짜 경기 없음
1209,"김현수·최원준에 강했다...'15G 연속 무승' 박세웅, 마침 좋은 기운 있...",롯데 자이언츠 토종 에이스 박세웅(31)이 16경기 만에 승리 투수를 노린다. 박세웅은 7일 수원 케이티위즈파크에서 열린 2026 KBO리그 정규시즌 KT 위즈와의 원정 주중 3연전 3차전에 롯데 선발 투수로 등판한다....,isplus.com,2026-05-07T14:12:00,,MATCH_RELATED,PERFORMANCE_ANALYSIS,0.9,,,True,박세웅이 16경기 만에 승리 투수를 노린다.,박세웅,neutral,,False,해당 날짜 경기 없음
1210,"[AI프리뷰] 7일 수원 KT-롯데전, 승운 없는 고영표vs박세웅","2026 KBO 리그 KT 위즈 vs 롯데 자이언츠 수원 경기 분석 (5월 7일) 5월 7일 오후 6시 30분, 수원 케이티위즈파크에서 리그 선두 KT 위즈(22승 11패)와 8위 롯데 자이언츠(13승 1무 18패)가 맞대결을 펼친다. 선발 투수는 KT...",www.newspim.com,2026-05-07T13:56:00,,MATCH_RELATED,PERFORMANCE_ANALYSIS,0.9,,,True,KT 위즈와의 맞대결에서 롯데의 승운을 분석한다.,,neutral,,False,해당 날짜 경기 없음
1211,"""죄인 같은 표정 그만, 약해지면 안돼"" 트라우마보단 패기있게! 82G 던진...","젊은 선수답게 패기 넘치는 모습을 기대한다."" 2025년 롯데 자이언츠 불펜의 한 축으로 우뚝 섰다. 하지만 올해는 캠프부터 부진을 거듭했다. 롯데 정현수가 반전 포인트를 마련했다. 결국 구위가 관건이다. 정현수는...",www.sportschosun.com,2026-05-07T13:51:00,,PERFORMANCE_ANALYSIS,,0.9,,,True,정현수가 반전 포인트를 마련할 수 있을지 주목된다.,정현수,neutral,,False,해당 날짜 경기 없음
1212,"'속죄의 맹타' 고승민·나승엽 합류…롯데, 5월 타선·불펜 안정 '중위권...",도박 징계 풀린 고승민·나승엽 복귀전부터 안타 행진 불펜진 평균자책점 안정화·구승민 복귀로 뒷문 강화  프로야구 롯데 자이언츠가 이달 들어 살아난 타격과 단단해진 불펜진을 앞세워 리그 순위표를 빠르게...,www.youthdaily.co.kr,2026-05-07T13:46:00,,INJURY_ROSTER,,1.0,,,True,고승민과 나승엽의 복귀로 롯데의 타선과 불펜이 안정화되었다.,고승민;나승엽,positive,,False,해당 날짜 경기 없음
1213,“2군에서 이것저것 다해봤다” 21억 FA 계약→ERA 7.00…롯데 최초 사나...,FA 계약 후 인고의 시간을 보낸 롯데 자이언츠 마운드의 최초 사나이가 223일 만에 부활 신호탄을 쐈다. 롯데 베테랑 우완투수 구승민은 지난 6일 수원KT위즈파크에서 열린 2026 신한 SOL KBO리그 KT 위즈와의 시즌 4차전에...,www.osen.co.kr,2026-05-07T13:43:00,,TRANSACTION_CONTRACT,,1.0,,,True,구승민이 223일 만에 부활 신호탄을 쐈다.,구승민,positive,,False,해당 날짜 경기 없음
1214,"'왜 네모 안에 못 던져?' 씁쓸한 대볼넷 시대, '일단 던져라' 류현진의 ...",지난달 14일 한화 투수들이 역대 KBO 단일팀 최다인 18사사구를 허용하며 불명예 기록을 세우자 18일 롯데 자이언츠전 7이닝 무사사구 무실점 투구로 본보기를 보이기도 했던 류현진은 6일 KIA 타이거즈전에서도 6이닝 1볼넷...,www.starnewskorea.com,2026-05-07T13:34:00,,PERFORMANCE_ANALYSIS,,0.9,,,True,류현진이 무사사구 무실점 투구로 본보기를 보였다.,류현진,neutral,,False,해당 날짜 경기 없음
1215,“부족한 날 채워준 건 팬” 20년간 롯데 지킨 조지훈 응원단장의 진심...,“팬 여러분과 세 번째 우승을 함께하는 게 제 꿈입니다.” 조지훈 롯데 자이언츠 응원단장(47)은 올해 20주년을 맞았다. 프로야구 역사상 한 팀서 20년 이상 활동한 응원단장은 그가 처음이다. 조 단장의 공로에 고마워한...,sports.donga.com,2026-05-07T13:22:00,,INTERVIEW,,0.9,,,True,조지훈 응원단장이 20년간 롯데를 지켰다.,조지훈,positive,,False,해당 날짜 경기 없음
1216,"""타선·불펜 동반 반등"" 롯데, 13승째로 중위권 추격 가속","5월 들어 롯데 자이언츠의 순위판 위치가 달라졌다. 시즌 초 리그 최하위에 머물렀던 롯데는 타선과 불펜이 동시에 살아나며 13승 1무 18패, 승률 0.419로 리그 8위에 자리하고 있다. 7위 두산 베어스와 격차도 0.5경기...",www.topstarnews.net,2026-05-07T13:06:00,,MATCH_RELATED,PERFORMANCE_ANALYSIS,0.9,,,True,롯데가 5월에 중위권으로 올라가고 있다.,,positive,,False,해당 날짜 경기 없음
1217,"강해진 타선·불펜…롯데, 5월 돌풍 일으켜 중위권 진입 노린다",도박장 징계 멤버 합류로 타선 화력 상승…제 폼 찾는 불펜진 프로야구 롯데 자이언츠가 이달 들어 화력이 붙은 타선과 단단해진 불펜진을 통해 중위권 진입을 노린다. 롯데는 그동안 팀 평균자책점 1위(3.44·6일...,www.yna.co.kr,2026-05-07T12:59:00,,MATCH_RELATED,PERFORMANCE_ANALYSIS,0.9,,,True,롯데가 타선과 불펜의 반등으로 중위권 진입을 노린다.,,positive,,False,해당 날짜 경기 없음
1218,"어제 kt야구장 '불' 끈 사람들 정체, 알고 보니…댓글창이 뒤집어졌다","롯데-KT 경기 7회에 갑자기 멈춘 이유 이날 수원 KT위즈파크에서는 2026 신한 SOL KBO리그 롯데 자이언츠와 KT 위즈의 맞대결이 열리고 있었다. 이날 관중 수는 1만 2531명. 롯데가 6-1로 앞선 7회초, 선두타자 빅터 레이예스가...",www.wikitree.co.kr,2026-05-07T12:52:00,,MATCH_RELATED,,0.9,,,True,롯데-KT 경기에서 7회에 경기가 중단된 이유가 화제다.,,neutral,,False,해당 날짜 경기 없음
1219,"LG에 쫓기는 KT, 소형준 최소 2주 이탈 공백…그래도 당장은 걱정 없다 ...","이강철 KT 감독은 지난 6일 수원 KT위즈파크에서 열린 2026 신한 SOL KBO리그 롯데 자이언츠와의 팀 간 4차전에 앞서 ""소형준이 전날 등판을 마친 뒤 오른쪽 어깨 근육에 불편함을 느꼈다""며 ""다행히 큰 부상은 아니다. 2주...",www.xportsnews.com,2026-05-07T12:26:00,,INJURY_ROSTER,,1.0,,,True,KT 소형준이 부상으로 2주간 이탈할 예정이다.,,neutral,,False,해당 날짜 경기 없음
1220,"‘뒤늦은 봄바람’ 롯데, 도박 3인방 복귀로 탄력 받나",프로야구 롯데 자이언츠의 최근 상승세가 심상치 않다. 롯데는 6일 수원 kt위즈파크에서 열린 '2026 신한 SOL KBO리그' 정규시즌 kt위즈와 원정 경기서 8-1로 승리했다. 롯데는 장단 16개 안타를 몰아쳐 전날 석패(4-5)를...,www.dailian.co.kr,2026-05-07T12:25:00,,INJURY_ROSTER,,1.0,,,True,롯데가 KT를 상대로 8-1로 승리하며 상승세를 이어갔다.,,positive,,True,해당 날짜 경기 없음
1221,"[야구] 김혜성, 3루타 포함 '멀티히트'… 이정후·송성문은 맞대결에서...",이정후(샌프란시스코 자이언츠)와 송성문(샌디에이고 파드리스)은 캘리포니아주 샌프란시스코 오라클 파크에서 맞대결을 펼쳤다. 이정후와 송성문은 KBO리그 키움 히어로즈에서 한솥밥을 먹은 절친 선후배 동료다....,www.newscj.com,2026-05-07T12:08:00,,ETC,,,gpt_missing_index,,True,이정후와 송성문이 샌프란시스코에서 맞대결을 펼쳤다.,이정후;송성문,neutral,,False,해당 날짜 경기 없음
1222,"홈런 치고도 고개 숙인 나승엽 ""응원가 불러주시니 울컥, 아직도 계속 죄...","롯데 자이언츠 나승엽(24)이 홈런을 치고도 고개를 숙였다. 나승엽은 지난 6일 수원 KT위즈파크에서 열린 KT 위즈전을 마친 후 기자들과 만나 ""솔직히 팬분들께서 응원가를 안 불러주실 줄 알았는데, 해주시니 울컥했다...",www.starnewskorea.com,2026-05-07T12:05:00,,INTERVIEW,MATCH_RELATED,0.9,,,True,나승엽이 홈런 후 팬들의 응원에 감동을 받았다.,나승엽,positive,,False,해당 날짜 경기 없음
1223,MLB 감독 선임 → 17연패로 퇴출 → CNN 설립… 테드 터너 별세 [후일담...,이 파티 참가자 중에는 이날 브레이브스 1번 타자 유격수로 선발 출전했던 제리 로이스터(74) 전 한국프로야구 롯데 자이언츠 감독도 있었습니다. 삼가 고인의 명복을 빕니다.,www.donga.com,2026-05-07T12:00:00,,ETC,,,gpt_missing_index,,True,전 롯데 감독 제리 로이스터가 고인이 되었다.,,neutral,,False,해당 날짜 경기 없음
1224,'벌써 5일째 안 보인다' KIA '0점대' 클로저에게 무슨 일이? 사령탑이 직...,성영탁은 지난달 25일 롯데 자이언츠전에서 1⅓이닝 1탈삼진 퍼펙트 투구를 펼치며 세이브를 챙겼다. 그리고 다음 날인 26일 롯데전에서는 2이닝 투구와 함께 1피안타 5탈삼진 무실점 역투를 해내며 진가를 발휘했다....,www.starnewskorea.com,2026-05-07T11:52:00,,PERFORMANCE_ANALYSIS,,0.9,,,True,KIA 클로저 성영탁이 롯데전에서 뛰어난 투구를 했다.,,neutral,,False,해당 날짜 경기 없음
1225,"""발버둥치고 있다"" 223일만의 1군, '5년간 101홀드' 빛바랜 영광 → 147㎞...","""동생들과 시간을 많이 보내다보니 오히려 내가 많이 배웠다."" 오랜만에 보는 롯데 자이언츠 구승민(36)의 표정은 말못할 감정으로 물결쳤다. 구승민은 6일 수원 KT 위즈전 8-1로 앞선 9회말 등판, 권동진 유준규 이강민을...",www.sportschosun.com,2026-05-07T11:51:00,,INTERVIEW,,0.9,,,True,구승민이 1군 복귀 후 감정이 복잡하다.,구승민,neutral,,False,해당 날짜 경기 없음
1226,"기다린 이유 있구나…‘징계 끝난’ 고승민·나승엽, 침체한 롯데 공격...","사진 | 롯데 자이언츠 6일 경기에서도 고승민과 나승엽의 방망이가 불을 뿜었다. 고승민은 팀이 0-1로 뒤진 3회초 1사 1,2루에서 결정적인 역전 2타점 적시타를 작렬했다. 이날 경기 결승타다. 나승엽은 팀이 2-1로 앞선...",www.sportsseoul.com,2026-05-07T11:48:00,,MATCH_RELATED,PERFORMANCE_ANALYSIS,0.9,,,True,롯데가 고승민과 나승엽의 활약으로 공격력을 회복했다.,고승민;나승엽,positive,,False,해당 날짜 경기 없음
1227,'화마도 못 껐다' 연기 뚫고 KT 폭격한 거인의 '불방망이',"초반 실책에도 무너지지 않은 비슬리와 식지 않은 타선, 롯데 자이언츠가 수원 원정에서 완승을 챙겼다. 롯데는 지난 6일 수원 KT위즈파크에서 열린 2026 신한 SOL KBO리그 정규시즌 KT위즈와의 경기에서 8-1로 승리를...",www.mhnse.com,2026-05-07T11:45:00,,MATCH_RELATED,PERFORMANCE_ANALYSIS,0.9,,,True,롯데가 KT를 상대로 완승을 거두며 타선이 빛났다.,,positive,,True,해당 날짜 경기 없음
1228,"[야구] 롯데 나승엽 ""팬들 응원가 불러주셔서 울컥… 이기기만 하겠다""",6일 수원 케이티위즈파크에서 kt wiz와 롯데 자이언츠의 경기가 열렸다. 방문 경기를 펼친 롯데의 내야수 내야수 나승엽(24)은 4번 타자 1루수로 선발 출전했다. 그는 5타수 2안타(1홈런) 2득점 3타점을 올리며 팀의 8-1 승리에...,www.newscj.com,2026-05-07T11:42:00,,MATCH_RELATED,INTERVIEW,0.9,,,True,나승엽이 팬들의 응원에 힘입어 좋은 성적을 냈다.,나승엽,positive,,True,해당 날짜 경기 없음
1229,"1회 연속 실책으로 아쉬운 실점, 그러나 비슬리는 야수 탓하지 않았다…...",롯데 자이언츠 외국인 투수 제레미 비슬리의 강한 멘탈이 화제다. 야수 실책으로 주지 않아도 될 점수를 내줬다. 오히려 비슬리는 감사를 전했다. 비슬리는 6일 수원 KT 위즈파크에서 열린 2026 신한 SOL KBO리그 KT와의...,www.mydaily.co.kr,2026-05-07T11:41:00,,PERFORMANCE_ANALYSIS,MATCH_RELATED,0.9,,,True,비슬리가 실책에도 불구하고 긍정적인 태도를 보였다.,제레미 비슬리,neutral,,True,해당 날짜 경기 없음
1230,"팬에게 '뚱녀' 막말 내뱉은 최충연, KBO도 나섰다 [포크뉴스]","지난해 12월 지인들과 있던 자리에서 여성들로부터 사진 촬영을 요청 받은 롯데 자이언츠 투수 최충연 선수. 그런데, 대뜸 외모 비하 발언을 내뱉습니다. ▶ 인터뷰 : 최충연 / 롯데 자이언츠 투수 - ""진짜 타이어, 이거...",www.mbn.co.kr,2026-05-07T11:28:00,,ETC,,0.9,,,True,최충연의 외모 비하 발언이 논란이 되고 있다.,최충연,negative,,False,해당 날짜 경기 없음
1231,"롯데 2루 주인 복귀, 한태양 공백 없다…'고승민 효과' 바로 나왔다 [수...",롯데 자이언츠 내야수 고승민이 1군 복귀와 동시에 존재감을 발휘하고 있다. 2루수의 주인이 돌아오면서 2군으로 내려간 한태양의 공백도 전혀 느껴지지 않는다. 김태형 감독이 이끄는 롯데는 지난 6일 수원 KT...,www.xportsnews.com,2026-05-07T11:22:00,,INJURY_ROSTER,,1.0,,,True,고승민의 복귀로 롯데의 2루수 공백이 메워졌다.,고승민,positive,,False,해당 날짜 경기 없음
1232,"'홈런-홈런-홈런' KIA 새 외인 대박 조짐, KBO 역대 5번째 기록 작성했다...","카스트로는 지난달 25일 광주 롯데 자이언츠전을 소화하던 중 왼쪽 햄스트링(허벅지 뒤 근육)을 다쳤다. KIA는 대체 외국인 선수 제도를 활용하기로 했고, 빠르게 영입 작업에 나섰다. 후보군에 오른 선수들을 살핀...",www.xportsnews.com,2026-05-07T11:06:00,,TRANSACTION_CONTRACT,,1.0,,,True,KIA가 외국인 선수 영입을 추진하고 있다.,,neutral,,False,해당 날짜 경기 없음
1233,"두산 팔로우한 '호주 국대 1루수', SNS에서는 '외국인 목격담'까지…혹...",지난 2025-2026시즌 ABL에서는 39경기 타율 0.292 7홈런 26타점 OPS 0.895의 성적을 남겼다 3월 WBC에서는 일본전에서 오타 타이세이(요미우리 자이언츠)를 상대로 홈런을 치기도 했으나 종합적으로는 4경기 타율 0.143(14타수...,www.sportalkorea.com,2026-05-07T11:00:00,,ETC,,,gpt_missing_index,,True,호주 국대 1루수가 SNS에서 외국인 목격담으로 화제.,,neutral,,False,해당 날짜 경기 없음
1234,"'마침내 터졌다' 나승엽 시즌 1호포+3타점…롯데, KT 꺾고 완승",|중앙이코노미뉴스 김영진 기자|  롯데 자이언츠가 5월 6일 수원케이티위즈파크에서 열린 2026 신한 SOL KBO리그 KT 위즈전에서 8-1로 승리했다. 롯데 자이언츠 제공 롯데는 장단 16안타를 몰아치며 전날 패배를 설욕했고...,www.joongangenews.com,2026-05-07T10:56:00,,MATCH_RELATED,PERFORMANCE_ANALYSIS,0.9,,,True,나승엽이 시즌 첫 홈런과 3타점으로 팀 승리에 기여했다.,나승엽,positive,,True,해당 날짜 경기 없음
1235,"야구장에 자욱했던 연기, 아찔했던 '23분'…외부 화재 소동에도 흔들리...","뜻밖의 중단에도 롯데 자이언츠의 타선이 식지 않았다. 지난 6일 KT 위즈의 홈구장인 수원 KT위즈파크에서 열린 롯데와 KT의 2026 신한 SOL KBO리그 정규시즌 경기 도중, 인근 분리수거장에서 발생한 화재로 경기가 일시...",www.mhnse.com,2026-05-07T10:50:00,,MATCH_RELATED,ETC,0.9,,,True,화재로 경기가 중단되었지만 롯데 타선은 흔들리지 않았다.,,neutral,,True,해당 날짜 경기 없음
1236,"'징계 복귀' 나승엽·고승민, 롯데 대승 이끈 막강 화력",합작 5타점 3득점 맹타…선두 KT 마운드 무너뜨리며 팀 분위기 반전 롯데자이언츠가 나승엽과 고승민의 활약으로 선두 KT위즈에 승리했다. 롯데는 6일 수원케이티위즈파크에서 열린 2026 신한 SOL KBO리그 KT와 원정...,www.sisajournal.com,2026-05-07T10:27:00,,INJURY_ROSTER,,1.0,,,True,나승엽과 고승민의 활약으로 롯데가 KT를 이겼다.,나승엽;고승민,positive,,True,해당 날짜 경기 없음
1237,의문의 연기 덮쳐 23분간 멈춘 '롯데-KT'... 알고보니 야구장 밖 '담배꽁...,지난 6일 열린 '2026 신한 쏠 KBO리그' 롯데 자이언츠와 KT 위즈의 맞대결 도중 갑작스러운 연기가 그라운드를 덮치며 7회 말 경기가 약 23분간 지연됐다. 현장 확인 결과 불은 경기장 외부 쓰레기장에서 시작됐으며...,www.insight.co.kr,2026-05-07T10:24:00,,MATCH_RELATED,,0.9,,,True,경기 중 연기로 23분간 지연된 롯데-KT 경기.,,neutral,,True,해당 날짜 경기 없음
1238,"277일째 무승 수렁…롯데 '안경 에이스' 박세웅, 6전7기 첫 승 도전",프로야구 롯데 자이언츠의 '안경 에이스' 박세웅의 체면이 말이 아니다. 어느새 개인 11연패에 빠졌다. 올 시즌 7번째 선발 마운드에 오르는 박세웅이 개인 연패 탈출과 함께 팀의 상승세를 이어갈 수 있을까. 박세웅은...,www.newsis.com,2026-05-07T10:24:00,,PERFORMANCE_ANALYSIS,MATCH_RELATED,0.9,,,True,"박세웅, 11연패 탈출을 노리는 상황.",박세웅,negative,,False,해당 날짜 경기 없음
1239,"'사실상 데뷔전서 MVP' SD 송성문, '유격수 가능성 입증'-타석에선 무안...",송성문은 7일(한국시간) 미국 캘리포니아주 샌프란시스코 오라클 파크에서 열린 샌프란시스코 자이언츠와 2026 미국프로야구 메이저리그(MLB) 원정경기에서 9번 타자 유격수로 선발 출전해 2타수 무안타 1삼진으로...,www.starnewskorea.com,2026-05-07T10:17:00,,ETC,,,gpt_missing_index,,True,"송성문, MLB 데뷔전에서 유격수 가능성을 입증.",송성문,neutral,,False,해당 날짜 경기 없음
1240,KIA 믿었던 '원투펀치' 동반 부진에 마운드 비상,시즌 4승을 거뒀으며 지난달 24일 광주 롯데 자이언츠전에서는 선발로 등판해 완봉을 해내기도 했다. 하지만 그 여파인 탓인지 4월 30일 창원 NC 다이노스전에서 5이닝 85구 4실점을 당하며 패전 투수가 됐다. 외국인...,www.jnilbo.com,2026-05-07T10:13:00,,ETC,,,gpt_missing_index,,True,KIA의 원투펀치가 부진하며 마운드에 비상이 걸렸다.,,neutral,,False,해당 날짜 경기 없음
1241,"현장은 아수라장, 경기까지 중단…어제 롯데-kt전 야구장 발칵 뒤집은 ...","연기가 그라운드를 덮친 순간, 경기도 관중도 모두 멈췄다.지난 6일 오후 수원 KT위즈파크에서 벌어진 롯데 자이언츠와 kt 위즈의 경기가 느닷없이 중단됐다. 원인은 야구장 외부 쓰레기장에서 발생한 화재였다. 1만...",www.wikitree.co.kr,2026-05-07T10:12:00,,MATCH_RELATED,,0.9,,,True,롯데와 kt의 경기가 화재로 중단됐다.,,negative,,False,해당 날짜 경기 없음
1242,"[KBO] 롯데, 선두 KT 완파..2위 LG 1위 반게임 차 추격",한강타임즈 백진아 기자 = 롯데 자이언츠가 단독 선두 KT 위즈를 완파했다. 롯데는 지난 6일 수원 KT위즈파크에서 벌어진 2026 신한 쏠 KBO리그 원정 경기에서 KT를 8-1로 꺾었다. 이날 승리로 롯데는 시즌 13승...,www.hg-times.com,2026-05-07T10:04:00,,MATCH_RELATED,PERFORMANCE_ANALYSIS,0.9,,,True,롯데가 KT를 완파하며 2위 LG를 추격했다.,,positive,,True,해당 날짜 경기 없음
1243,"프로의 벽 확인한 롯데 신인왕 후보 박정민, 6일 KT전 무실점 투구 의미",롯데 자이언츠 신인 우완 투수 박정민(23)이 반등 발판을 만들었다. 박정민은 지난 6일 수원 케이티위즈파크에서 열린 2026 KBO리그 정규시즌 KT 위즈와의 원정 주중 3연전 2차전에서 소속팀 롯데가 8-1로 앞선 8회 말...,isplus.com,2026-05-07T10:01:00,,PERFORMANCE_ANALYSIS,MATCH_RELATED,0.9,,,True,박정민이 KT전에서 무실점 투구로 반등했다.,박정민,positive,,False,해당 날짜 경기 없음
1244,'승리 확률 13.5% → 100%' 개막 7경기 무안타 타자의 대반전 끝내기,"지난 주중 대전 원정을 2승1패 '위닝시리즈'로 장식한 후, 주말 롯데 자이언츠를 홈에서 만나 모든 게 꼬이면서 스윕패를 당했다. 여기에 5일 NC와의 시리즈 첫 경기마저 연장 11회 무승부. 양팀 모두 역전 다시 동점, 또...",www.sportschosun.com,2026-05-07T10:01:00,,MATCH_RELATED,,0.9,,,True,롯데가 NC와의 시리즈에서 무승부를 기록했다.,,negative,,False,해당 날짜 경기 없음
1245,"“아직도 죄송스러워, 이기기만 하겠다”…속죄의 맹활약 펼친 롯데 나...",앞으로 매 경기 이기기만 하겠다.” 나승엽(롯데 자이언츠)이 앞으로의 활약을 예고했다. 김태형 감독이 이끄는 롯데는 6일 수원 KT위즈파크에서 열린 2026 프로야구 KBO리그 정규시즌 원정경기에서 이강철 감독의...,www.mk.co.kr,2026-05-07T09:42:00,,INTERVIEW,PERFORMANCE_ANALYSIS,0.9,,,True,나승엽이 앞으로의 활약을 다짐했다.,나승엽,positive,,False,해당 날짜 경기 없음
1246,불씨 남은 채 버린 담배꽁초 때문에...야구팬 혼란 만든 '경기 중단' 사...,"6일 수원 KT위즈파크에서 열린 2026 신한 SOL KBO리그 롯데 자이언츠와 KT 위즈의 경기가 화재 여파로 중단됐습니다. 롯데가 6-1로 앞선 7회초, 선두타자 빅터 레이예스가 2루타로 추가 득점 기회를 만든 상황에서 김갑수...",www.ytn.co.kr,2026-05-07T09:36:00,,MATCH_RELATED,ETC,0.9,,,True,담배꽁초로 인해 롯데와 KT의 경기가 중단됐다.,,negative,,False,해당 날짜 경기 없음
1247,"'징계 복귀' 고승민-나승엽, 위기의 롯데 구할까","▲  지난 2월 대만 전지훈련 중 도박장에 출입해 징계를 받고 복귀한 프로야구 롯데 자이언츠 김세민(왼쪽부터), 고승민, 나승엽이 5일 경기도 수원케이티위즈파크에서 경기 시작에 앞서 취재진 질문에 답하고 있다....",www.ohmynews.com,2026-05-07T09:31:00,,INJURY_ROSTER,,1.0,,,True,징계 복귀한 선수들이 롯데를 구할지 주목된다.,고승민;나승엽,neutral,,False,해당 날짜 경기 없음
1248,"롯데 최충연, 여성 팬에 ""타이어보다 못한 뚱녀"" 막말…KBO 징계 검토",팬의 외모를 비하하며 '막말' 논란에 휘말린 롯데 자이언츠 투수 최충연에 대해 KBO가 징계 검토에 들어갔다. 6일 문화체육관광부에 따르면 KBO는 국민신문고를 통해 접수된 관련 민원에 대해 현재 사실관계 확인과 내부...,www.topstarnews.net,2026-05-07T09:30:00,,ETC,,0.9,,,True,최충연이 팬 비하 발언으로 논란에 휘말렸다.,최충연,negative,,False,해당 날짜 경기 없음
1249,담배꽁초 하나에 경기 중단…수원 야구장 '연기 소동' [이슈PICK],6일 수원 KT위즈파크에서 열린 롯데 자이언츠와 KT 위즈의 2026 신한 SOL KBO리그 경기에서는 예상치 못한 '연기 소동'이 발생했다. 상황은 7회초 벌어졌다. 롯데가 6-1로 앞선 가운데 선두타자 빅터 레이예스가 2루타를 치며...,www.metroseoul.co.kr,2026-05-07T09:28:00,,MATCH_RELATED,ETC,0.9,,,True,롯데와 KT의 경기 중 담배꽁초로 인한 연기 소동 발생.,,neutral,,True,해당 날짜 경기 없음
1250,"""야구장 여신 811만뷰→AI였다…국내 야덕들이 바로 알아챈 이유""","두산과 한화를 시작으로 기아 타이거즈, 롯데 자이언츠, LG 트윈스 등 다른 구단 버전의 AI 영상과 사진이 대량으로 제작·유포되고 있으며, ""○○ 야구여신 만들어줘"" 식의 AI 콘텐츠 제작 요청도 유행하고 있다....",www.jnilbo.com,2026-05-07T09:08:00,,ETC,,,gpt_missing_index,,True,AI로 제작된 야구장 여신 콘텐츠가 유행하고 있다.,,neutral,,False,해당 날짜 경기 없음
1251,"롯데자이언츠, KT에 8대1 완승","부산MBC)프로야구 롯데자이언츠가 어제(6) 수원KT위즈파크에서 열린 KT와의 원정 경기에서 8대1로 승리했습니다.1회 말 선취점을 내준 롯데는 3회 초 1사 1·2루에서 고승민의 2타점 2루타로 경기를 뒤집었고, 6회 초...",busanmbc.co.kr,2026-05-07T09:02:00,,MATCH_RELATED,PERFORMANCE_ANALYSIS,0.9,,,True,롯데가 KT를 상대로 8대1로 완승을 거두었다.,,positive,,True,해당 날짜 경기 없음
1252,"[게임노트] 2026년 5월 6일...'정준재 끝내기 2루타' SSG, 9회말 뒤집기쇼...","[수원] 롯데 [8:1] kt / 관중 12,531 [승]비슬리 [패]보쉴리 수원을 방문한 롯데 자이언츠는 단독 선두 kt wiz를 8-1로 대파했다. kt는 1회말 볼넷을 고른 김민혁이 2루 도루와 상대 악송구로 3루까지 간 뒤 최원준의...",www.thesportstimes.co.kr,2026-05-07T09:02:00,,MATCH_RELATED,PERFORMANCE_ANALYSIS,0.9,,,True,롯데가 KT를 대파하며 관중 앞에서 승리를 거두었다.,,positive,,True,해당 날짜 경기 없음
1253,"재선 무덤 '동래구청장'...장준용 ""중단 없는 동래 발전 필요""",박형준 후보는 동래구에 사직야구장을 메이저리그급으로 재건축하겠다는 공약을 내놓았습니다. 최근 국토교통부 중앙투자심사를 통과하며 국비 확보를 통해 본격적으로 궤도에 오른 상황입니다. 장준용은 박형준 후보와...,news.bbsi.co.kr,2026-05-07T09:00:00,,ETC,,,gpt_missing_index,,True,동래구청장 후보가 사직야구장 재건축 공약을 발표했다.,,neutral,,False,해당 날짜 경기 없음
1254,[스타in수원] 선두 KT 타선 잠재운 롯데 비슬리...리그 최강 선발 자리 ...,이웅희 기자·한지용 인턴기자 = 프로야구 롯데 자이언츠 외국인 투수 제레미 비슬리가 선두 KT 위즈 타선을 잠재우며 리그 최상위급 선발 기량임을 입증했다. 비슬리는 6일 수원 KT위즈파크에서 열린 2026 신한 SOL...,www.newspim.com,2026-05-07T08:51:00,,PERFORMANCE_ANALYSIS,MATCH_RELATED,0.9,,,True,비슬리가 KT 타선을 잠재우며 리그 최상위급 기량을 입증했다.,제레미 비슬리,positive,,True,해당 날짜 경기 없음
1255,"음주운전 이어 ""뚱녀"" 팬 조롱까지... 롯데 최충연, KBO 제재 받는다","프로야구 롯데 자이언츠 투수 최충연이 여성 팬을 비하했다는 논란에 휩싸인 가운데 KBO가 본격적인 징계 검토에 들어갔다. 지난 6일 문화체육관광부에 따르면 KBO는 국민신문고에 접수된 관련 민원에 ""현재 조사와 내부...",www.insight.co.kr,2026-05-07T08:48:00,,TRANSACTION_CONTRACT,ETC,0.9,,,True,최충연이 팬을 비하해 KBO 제재를 받을 예정이다.,최충연,negative,,False,해당 날짜 경기 없음
1256,"'롯데 최초-최다' 투수진 모두의 멘토, 울림을 준 147km…'구스타'의 야...","프로야구 롯데 자이언츠는 구단 전통적으로 ‘불펜 잔혹사’를 겪었던 팀이다. 잠깐 반짝였던 선수들이 없던 것은 아니지만, 구단을 대표할 수 있는 불펜 투수이자 내세울 수 있는 얼굴이 없었다. 지금은 아니다....",www.osen.co.kr,2026-05-07T08:41:00,,PERFORMANCE_ANALYSIS,ETC,0.9,,,True,롯데의 불펜 투수들이 구단의 전통을 이어가고 있다.,,positive,,False,해당 날짜 경기 없음
1257,불씨 남은 담배꽁초 때문에...KBO '경기 중단' 사태,"6일 수원 KT위즈파크에서 열린 2026 신한 SOL KBO리그 롯데 자이언츠와 KT 위즈의 경기가 화재 여파로 중단됐다. 롯데가 6-1로 앞선 7회초, 선두타자 빅터 레이예스가 2루타로 추가 득점 기회를 만든 상황에서 김갑수 주심이...",www.ytn.co.kr,2026-05-07T08:35:00,,MATCH_RELATED,ETC,0.9,,,True,롯데와 KT의 경기가 화재로 중단됐다.,,neutral,,True,해당 날짜 경기 없음
1258,"""롯데 좋은 흐름 타고 있어""…3G 연속 QS 비슬리, 거인 '뉴 에이스' 꿰찼...",롯데 자이언츠 외국인 투수 제레미 비슬리가 '거인군단'의 새 에이스로 거듭나고 있다. 1위를 달리고 있는 KT 위즈 타선을 압도하고 시즌 3승을 수확했다. 김태형 감독이 이끄는 롯데는 6일 수원 KT위즈파크에서 열린...,www.xportsnews.com,2026-05-07T08:20:00,,PERFORMANCE_ANALYSIS,MATCH_RELATED,0.9,,,True,제레미 비슬리가 롯데의 새 에이스로 자리잡았다.,제레미 비슬리,positive,,True,해당 날짜 경기 없음
1259,“청년 모이는 도시”…“명품 교육 도시”,"또, 사직야구장 재건축에 따라 동래온천과 사직구장을 연결하는 스포츠 기반 시설 건립 계획도 공약으로 내걸었습니다. 구청장 재임 때 받은 공약 이행률 '최우수' 등급과 월급 기부 이행 경험을 바탕으로 약속을 지키는...",news.kbs.co.kr,2026-05-07T08:09:00,,ETC,,,gpt_missing_index,,True,사직야구장 재건축과 관련된 공약이 발표됐다.,,neutral,,False,해당 날짜 경기 없음
1260,"""타이어보다 못한 뚱녀"" 막말…'롯데' 최충연, 2군 강등 이어 징계 검토",롯데 자이언츠 소속 투수 최충연이 여성 팬 외모 비하 발언으로 '막말 논란'에 휩싸인 가운데 KBO가 징계 검토에 착수했다. 지난 6일 뉴스1에 따르면 문화체육관광부는 국민신문고를 통해 접수된 '롯데 자이언츠 최충연...,www.sidae.com,2026-05-07T08:02:00,,TRANSACTION_CONTRACT,ETC,0.9,,,True,최충연이 여성 팬 비하 발언으로 논란에 휘말렸다.,최충연,negative,,False,해당 날짜 경기 없음
1261,"이정후·송성문, '코리안 더비'서 무안타…샌디에이고 5-1 승리",미국 프로야구 메이저리그(MLB)에서 코리안 더비 맞대결을 벌인 이정후(샌프란시스코 자이언츠)와 송성문(샌디에이고 파드리스)이 나란히 무안타로 침묵했다. 샌디에이고는 7일(한국 시간) 미국 캘리포니아주...,www.newsis.com,2026-05-07T08:01:00,,ETC,,,gpt_missing_index,,True,이정후와 송성문이 코리안 더비에서 무안타를 기록했다.,이정후;송성문,neutral,,False,해당 날짜 경기 없음
1262,"타격감 절정! 30경기 빠졌던 선수 맞나…고승민 또 약속했다 ""선수 이전...","""선수 이전에 좋은 사람이 되겠습니다"" 롯데 자이언츠 고승민은 6일 수원 KT위즈파크에서 열린 2026 신한은행 SOL Bank KBO리그 KT 위즈와 팀 간 시즌 4차전 원정 맞대결에 2루수, 2번 타자로 선발 출전해 5타수 2안타 2타점...",www.spotvnews.co.kr,2026-05-07T08:00:00,,MATCH_RELATED,PERFORMANCE_ANALYSIS;INTERVIEW,0.9,,,True,고승민이 타격감이 절정에 달하며 팀에 기여하겠다고 다짐했다.,고승민,positive,,True,해당 날짜 경기 없음
1263,[굿모닝위즈·33] ‘부실이’ 말고 ‘복실이’로 돌아와,"롯데 자이언츠는 이날 경기에서 장단 16안타를 몰아치며 kt 마운드를 폭격했다. 보쉴리가 6이닝 6실점, 주권이 1이닝 2실점하며 완전히 무너졌다. 패색이 짙어진 경기였지만, 이후 마운드에 올라 8·9회를 씩씩하게...",www.kyeongin.com,2026-05-07T07:58:00,,MATCH_RELATED,,0.9,,,True,롯데가 kt 마운드를 폭격하며 승리했다.,,positive,,True,해당 날짜 경기 없음
1264,"김태형 감독도 반긴 '불펜 마당쇠' 정현수 반등...""중요한 순간에 다시...",김태형 롯데 자이언츠 감독도 '불펜 살림꾼' 정현수(25)의 반등을 반겼다. 롯데 좌완 투수 정현수는 지난 5일 수원 케이티위즈파크에서 열린 2026 KBO리그 정규시즌 KT 위즈와의 원정 주중 3연전 1차전에서 롯데가 2-4로 지고...,isplus.com,2026-05-07T07:52:00,,PERFORMANCE_ANALYSIS,MATCH_RELATED,0.9,,,True,정현수가 중요한 순간에 반등하며 감독의 기대를 받았다.,정현수,positive,,True,해당 날짜 경기 없음
1265,"""응원가 안 불러주실 줄 알았는데…"" 돌아온 탕아 나승엽, 롯데 팬 사랑...","30경기 출장 정지 징계를 마치고 돌아온 나승엽(롯데 자이언츠)이 팬들의 사랑 덕분에 맹타를 휘둘렀다. 나승엽은 6일 수원 KT 위즈파크에서 열린 2026 신한 SOL KBO리그 KT와의 원정 경기에 4번 타자, 1루수로 선발 출전해...",www.mydaily.co.kr,2026-05-07T07:41:00,,MATCH_RELATED,PERFORMANCE_ANALYSIS,0.9,,,True,나승엽이 팬들의 사랑으로 맹타를 휘둘렀다.,나승엽,positive,,True,해당 날짜 경기 없음
1266,"류현진의 존재 이유, 한화의 구세주","롯데 자이언츠는 나승엽의 3타점 활약을 앞세워 kt 위즈를 8-1로 대파했다. '디펜딩 챔피언' LG 트윈스는 두산 베어스를 6-1로 제압했고, 삼성 라이온즈는 키움에 2-1 승리를 챙겼다. 뉴데일리 최용재",www.newdaily.co.kr,2026-05-07T07:36:00,,MATCH_RELATED,,0.9,,,True,롯데가 나승엽의 활약으로 kt를 대파했다.,나승엽,positive,,True,해당 날짜 경기 없음
1267,"담배꽁초가…'롯데-KT전' 야구장 뒤덮은 연기, 1만 관중 '깜짝' 무슨 일",지난 6일 수원 KT위즈파크에서는 '2026 신한 쏠 KBO리그' 롯데 자이언츠와 KT 위즈경기가 진행됐다. 사건은 7회 초 발생했다. 경기 도중 갑작스럽게 연기가 유입되면서 야구장을 가득 채웠고 약 23분간 경기가 중단됐다. 짙은...,www.sidae.com,2026-05-07T07:27:00,,ETC,,0.9,,,True,경기 중 갑작스러운 연기로 23분간 중단됐다.,,neutral,,False,해당 날짜 경기 없음
1268,"KBO 프로야구, 6일 경기 결과→현재 팀 순위?","지난 6일(수) 오후 6시 30분에는 두산 베어스-LG 트윈스(서울 잠실야구장), NC 다이노스-SSG 랜더스(인천 SSG랜더스필드), 롯데 자이언츠-KT wiz(수원 KT위즈파크), 키움 히어로즈-삼성 라이온즈(대구...",www.topstarnews.net,2026-05-07T07:22:00,,ETC,,0.9,,,True,6일 KBO 리그 경기 결과와 팀 순위가 발표됐다.,,neutral,,False,해당 날짜 경기 없음
1269,"'외인 최다승 3위' 롯데 35승 그 투수, 트리플A서 5이닝 KKKK 무실점 호투...",프로야구 롯데 자이언츠에서 활약했던 투수 찰리 반즈가 마이너리그 경기에서 무실점 투구를 했다. 시카고 컵스 산하 트리플A 아이오와 컵스에서 활약 중인 반즈는 7일(이하 한국시간) 미국 아이오와주에 있는...,www.osen.co.kr,2026-05-07T07:21:00,,TRANSACTION_CONTRACT,,0.9,,,True,찰리 반즈가 마이너리그에서 무실점 투구를 했다.,찰리 반즈,neutral,,False,해당 날짜 경기 없음
1270,"‘야유 없었다’ 도박 파문에도 쏟아진 응원가, 논란 속 복귀→울컥하다...","도박 징계 이후 처음 그라운드에 선 나승엽을 향해 롯데 자이언츠 팬들은 야유 대신 응원가를 불렀고, 그는 승부의 쐐기를 박는 홈런으로 화답했다. 나승엽은 “솔직히 응원가를 안 불러주실 줄 알았다”라며 울컥한...",www.osen.co.kr,2026-05-07T07:19:00,,INJURY_ROSTER,,1.0,,,True,팬들이 나승엽을 응원하며 홈런으로 화답했다.,나승엽,positive,,False,해당 날짜 경기 없음
1271,오효정 치어리더 ‘미소에 반하다’[엑's HD포토],"6일 오후 수원KT위즈파크에서 열린 '2026 신한 SOL Bank KBO리그' 롯데 자이언츠와 KT 위즈의 경기, 오효정 치어리더가 열띤 응원을 선보이고 있다.",www.xportsnews.com,2026-05-07T07:15:00,,ETC,,,gpt_missing_index,,True,오효정 치어리더가 열띤 응원을 선보였다.,,neutral,,False,해당 날짜 경기 없음
1272,김가현 치어리더 ‘멀리서도 시선 집중’[엑's HD포토],"6일 오후 수원KT위즈파크에서 열린 '2026 신한 SOL Bank KBO리그' 롯데 자이언츠와 KT 위즈의 경기, 김가현 치어리더가 그라운드를 빠져나가고 있다.",www.xportsnews.com,2026-05-07T07:15:00,,ETC,,,gpt_missing_index,,True,김가현 치어리더가 그라운드를 빠져나갔다.,,neutral,,False,해당 날짜 경기 없음
1273,김가현 치어리더 ‘커피 마시며 퇴근’[엑's HD포토],"6일 오후 수원KT위즈파크에서 열린 '2026 신한 SOL Bank KBO리그' 롯데 자이언츠와 KT 위즈의 경기, 김가현 치어리더가 그라운드를 빠져나가고 있다.",www.xportsnews.com,2026-05-07T07:15:00,,ETC,,,gpt_missing_index,,True,김가현 치어리더가 그라운드를 빠져나갔다.,,neutral,,False,해당 날짜 경기 없음
1274,오효정 치어리더 ‘예쁨 가득’[엑's HD포토],"6일 오후 수원KT위즈파크에서 열린 '2026 신한 SOL Bank KBO리그' 롯데 자이언츠와 KT 위즈의 경기, 오효정 치어리더가 열띤 응원을 선보이고 있다.",www.xportsnews.com,2026-05-07T07:15:00,,ETC,,,gpt_missing_index,,True,오효정 치어리더가 열띤 응원을 선보였다.,,neutral,,False,해당 날짜 경기 없음
1275,계유진 치어리더 ‘눈에 확 들어오는 쇄골라인’[엑's HD포토],"6일 오후 수원KT위즈파크에서 열린 '2026 신한 SOL Bank KBO리그' 롯데 자이언츠와 KT 위즈의 경기, 계유진 치어리더가 그라운드를 빠져나가고 있다.",www.xportsnews.com,2026-05-07T07:14:00,,ETC,,,gpt_missing_index,,True,계유진 치어리더가 그라운드를 빠져나갔다.,계유진,neutral,,False,해당 날짜 경기 없음
1276,계유진 치어리더 ‘인형같은 모습’[엑's HD포토],"6일 오후 수원KT위즈파크에서 열린 '2026 신한 SOL Bank KBO리그' 롯데 자이언츠와 KT 위즈의 경기, 계유진 치어리더가 그라운드를 빠져나가고 있다.",www.xportsnews.com,2026-05-07T07:14:00,,ETC,,,gpt_missing_index,,True,계유진 치어리더가 인형같은 모습으로 그라운드를 떠났다.,계유진,neutral,,False,해당 날짜 경기 없음
1277,"“타이어보다 못한 뚱녀”…팬 외모 비하 논란 최충연, KBO 징계 검토",프로야구 롯데 자이언츠 투수 최충연의 여성 팬 비하 발언 논란과 관련해 KBO가 징계 검토에 착수했다. 6일 문화체육관광부에 따르면 KBO는 국민신문고를 통해 접수된 관련 민원에 대해 “현재 조사와 내부 검토가 진행...,www.joongang.co.kr,2026-05-07T06:50:00,,ETC,,,gpt_missing_index,,True,최충연의 여성 팬 비하 발언 논란으로 KBO가 징계 검토에 착수했다.,최충연,negative,,False,해당 날짜 경기 없음
1278,"야구장 뒤덮은 연기에 1만 관중 깜짝...""외부 담배꽁초에 불"" 아찔 상황",지난 6일 수원 KT위즈파크에서 벌어진 '2026 신한 쏠 KBO리그' 롯데 자이언츠와 KT 위즈경기 도중 갑작스럽게 연기가 유입되면서 7회 약 23분간 경기가 중단됐다. 짙은 연기가 빠르게 그라운드까지 번지며 시야 확보가...,www.mt.co.kr,2026-05-07T06:46:00,,ETC,,,gpt_missing_index,,True,경기 중 갑작스러운 연기로 7회 약 23분간 경기가 중단됐다.,,negative,,True,해당 날짜 경기 없음
1279,안산 차량 돌진으로 4명 다쳐…종로에선 버스 추돌로 11명 부상,"이 불로 다친 사람은 없었지만 연기가 경기장으로 들어오면서 프로야구 롯데 자이언츠와 kt wiz의 경기가 7회 초, 약 20분간 중단됐다가 재개됐습니다. KBS 뉴스 민정희입니다. 촬영기자:서원철/영상편집:김종선/영상제공...",news.kbs.co.kr,2026-05-07T06:27:00,,INJURY_ROSTER,,1.0,,,True,연기가 경기장으로 들어와 경기가 20분간 중단됐다.,,negative,,True,해당 날짜 경기 없음
1280,"3G 연속 QS...인성 좋고 열정 가득한 비슬리, 복덩이 외국인 투수 얻은 ...",롯데 자이언츠 외국인 투수 제레미 비슬리(31)가 세 경기 연속 퀄리티스타트(QS·6이닝 3자책점 이하 투구)를 기록하며 KBO리그에 완벽하게 적응한 모습을 보였다. 비슬리는 6일 수원 케이티위즈파크에서 열린 2026 KBO리그...,isplus.com,2026-05-07T06:08:00,,PERFORMANCE_ANALYSIS,MATCH_RELATED,0.9,,,True,비슬리가 세 경기 연속 퀄리티스타트를 기록하며 적응했다.,제레미 비슬리,positive,,True,해당 날짜 경기 없음
1281,대체 마무리도 못 정했는데…4번타자까지 잃은 LG,개막전 선발 투수를 맡은 요니 치리노스가 지난달 16일 롯데 자이언츠전을 끝으로 팔꿈치 부상으로 이탈했다. 지난해 데뷔 첫 두 자릿수 승리를 따낸 '차세대 토종 에이스' 손주영은 개막 직전 옆구리를 다쳐 아직...,www.news1.kr,2026-05-07T06:00:00,,INJURY_ROSTER,,1.0,,,True,롯데 자이언츠의 부상으로 인한 선수 이탈이 심각하다.,요니 치리노스;손주영,negative,,False,해당 날짜 경기 없음
1282,"팬에 ""뚱녀"" 막말한 최충연…2군 강등 이어 KBO 징계 검토","여성 팬 외모를 비하하는 발언으로 '막말' 논란을 빚은 롯데 자이언츠 투수 최충연에 대해 KBO가 징계 검토에 들어갔다. 6일 뉴스1에 따르면, 국민신문고를 통해 접수된 '롯데 자이언츠 최충연 선수에 대한 품위손상 행위...",www.mt.co.kr,2026-05-07T05:55:00,,TRANSACTION_CONTRACT,ETC,0.9,,,True,최충연이 팬에게 막말을 해 KBO 징계 검토 중이다.,최충연,negative,,False,해당 날짜 경기 없음
1283,"“좀 뛰면 와야지” 공격첨병 기다리는 김태형 롯데 감독, 복귀 시동 건...",“좀 더 뛰다 이상 없으면 바로 와야죠.” 김태형 롯데 자이언츠 감독(59)은 6일 수원 KT 위즈전을 앞두고 이날 퓨처스(2군)리그서 재활 경기를 소화한 황성빈(29)의 복귀 계획을 밝혔다. 황성빈은 상동구장서 열린...,sports.donga.com,2026-05-07T05:48:00,,INJURY_ROSTER,,1.0,,,True,김태형 감독이 황성빈의 복귀 계획을 밝혔다.,황성빈,positive,,False,해당 날짜 경기 없음
1284,'충격' 담배꽁초 하나가 재앙 될 뻔 했다…검은 연기에 휩싸인 롯데-KT전...,지난 6일 수원KT위즈파크에서 열린 2026 신한 SOL KBO리그 KT 위즈와 롯데 자이언츠의 시즌 4번째 맞대결. KT가 1-6으로 뒤진 7회초 무사 2루 상황이었다. KT 투수 주권이 롯데 4번타자 나승엽을 상대하던 도중 볼카운트 1B-1S에서...,www.osen.co.kr,2026-05-07T05:32:00,,MATCH_RELATED,ETC,0.9,,,True,KT와의 경기 중 담배꽁초로 인한 사고가 발생했다.,,neutral,,True,해당 날짜 경기 없음
1285,"'타이어보다 못한 뚱녀' 막말 최충연, KBO 제재 받는다…""가볍게 못 넘겨...",여성 팬에 대한 외모 비하로 '막말 논란'에 휩싸인 롯데 자이언츠 투수 최충연에 대해 KBO가 품위손상 행위 적용에 착수한 것으로 확인됐다. 6일 뉴스1 제보에 따르면 국민신문고를 통해 접수된 '롯데 자이언츠 최충연...,www.news1.kr,2026-05-07T05:20:00,,TRANSACTION_CONTRACT,ETC,0.9,,,True,최충연이 여성 팬 비하로 KBO 제재를 받는다.,최충연,negative,,False,해당 날짜 경기 없음
1286,음주운전 용서해 줬더니 '뚱녀 조롱'…선 넘은 최충연에 등 돌린 팬심,"프로야구 롯데 자이언츠 투수 최충연이 자신에게 사진을 요청한 여성 팬의 외모를 비하하고 조롱한 사실이 알려져 파문이 커지고 있는 가운데, 한국야구위원회(KBO)도 공식 조사에 돌입했다. 6일 야구계 등에 따르면...",www.fnnews.com,2026-05-07T05:20:00,,TRANSACTION_CONTRACT,ETC,0.9,,,True,최충연의 조롱 발언으로 팬들이 등을 돌리고 있다.,최충연,negative,,False,해당 날짜 경기 없음
1287,"'5볼넷 7실점' 이럴 수가! 롯데 156km 파이어볼러, 2군에서도 '오락가락...",2군에서 안정을 찾아가는 듯하던 이민석(롯데 자이언츠)이 다시금 부진한 투구 내용을 선보이며 아쉬움을 남겼다. 이민석은 6일 경남 김해 상동야구장에서 열린 2026 메디힐 KBO 퓨처스리그 한화 이글스와의 홈경기에...,www.sportalkorea.com,2026-05-07T05:10:00,,PERFORMANCE_ANALYSIS,ETC,0.9,,,True,이민석이 2군에서도 부진한 투구를 이어갔다.,이민석,negative,,False,해당 날짜 경기 없음
1288,플랜A는 잊어라… 플랜B가 일낸다,롯데 자이언츠는 김원중③이 부진해 최준용⑦을 마무리로 돌렸는데 5세이브를 거두며 안정감을 찾았다. KIA도 부진한 정해영을 2군으로 내린 사이 성영탁이 평균자책점 0.57로 엄청난 활약을 보여줬다. 키움도 김재웅④...,www.seoul.co.kr,2026-05-07T05:05:00,,CLUB_OPERATION,ETC,0.9,,,True,롯데가 마무리 투수를 변경하며 안정감을 찾았다.,김원중;최준용,positive,,False,해당 날짜 경기 없음
1289,"최고 155km 던지는데 직구 RPM 2600, 韓 최고 수준…롯데에 '역대급' 외인...",하지만 롯데 자이언츠 '158km 에이스' 제레미 비슬리는 동요하지 않았다. 그리고 최고의 결과를 만들어냈다. 비슬리는 6일 6일 수원 KT위즈파크에서 열린 2026 신한은행 SOL Bank KBO리그 KT 위즈와 팀 간 시즌 4차전 원정...,www.spotvnews.co.kr,2026-05-07T04:42:00,,PERFORMANCE_ANALYSIS,MATCH_RELATED,0.9,,,True,롯데의 제레미 비슬리가 뛰어난 성과를 거두었다.,제레미 비슬리,positive,,False,해당 날짜 경기 없음
1290,"홈런 치고도 ""롯데팬들에게 죄송합니다""…나승엽, 다시 들은 응원가에 ...",롯데 자이언츠 내야수 나승엽이 1군 복귀와 동시에 불방망이를 휘두르고 있다. 마수걸이 홈런을 예상보다 더 빠르게 터뜨리면서 팀을 중위권으로 이끌 채비를 마쳤다. 김태형 감독이 이끄는 롯데는 6일 수원...,www.xportsnews.com,2026-05-07T04:20:00,,INJURY_ROSTER,,1.0,,,True,나승엽이 홈런을 치고 팬들에게 사과했다.,나승엽,neutral,,False,해당 날짜 경기 없음
1291,“(이)의리가 안 좋으면 다른 생각도 해봐야…” KIA 150km 좌완 파이어...,이의리를 10일 부산 롯데 자이언츠전까지 기회를 줘보고 나아지지 않으면 선발투수 보직 유지를 다시 생각해볼 수도 있다고 했다. 이의리는 올 시즌 7경기서 1승3패 평균자책점 8.53이다. 5일 어린이날 한화전서도 1⅔이닝...,www.mydaily.co.kr,2026-05-07T04:01:00,,PERFORMANCE_ANALYSIS,MATCH_RELATED,0.9,,,True,이의리가 성적 부진으로 선발 보직 위기를 맞았다.,이의리,negative,,False,해당 날짜 경기 없음
1292,"몰상식한 흡연자가 버린 담배꽁초, 1만2531명 팬들 큰 피해봤다…인명피...",6일 수원 KT위즈파크에서 열린 2026 신한 SOL KBO리그 롯데 자이언츠와 KT 위즈의 팀 간 4차전은 뜻밖의 게임 중단 사태를 겪었다. 롯데는 6-1로 앞선 7회초 선두타자 빅터 레이예스가 2루타를 치고 나가면서 추가 득점 기회를...,www.xportsnews.com,2026-05-07T03:25:00,,MATCH_RELATED,ETC,0.9,,,True,롯데와 KT의 경기 중단 사태가 발생했다.,,negative,,True,해당 날짜 경기 없음
1293,롯데 도박 징계 해제 효과 엄청나다! 나승엽-고승민 미친 활약→미소 되...,프로야구 롯데 자이언츠는 6일 수원KT위즈파크에서 열린 2026 신한 SOL KBO리그 KT 위즈와의 시즌 4차전에서 8-1 완승을 거뒀다. 롯데는 전날 패배를 설욕하며 시즌 13승 1무 18패를 기록했다. 반면 3연승 도전이 좌절된 KT는...,www.osen.co.kr,2026-05-07T02:43:00,,MATCH_RELATED,PERFORMANCE_ANALYSIS,0.9,,,True,롯데가 kt를 상대로 완승을 거두었다.,나승엽;고승민,positive,,True,해당 날짜 경기 없음
1294,"롯데 역사에 단 1명뿐인 투수, 부활 청신호 켰다…구승민 무실점에 담긴...",롯데 자이언츠 베테랑 우완 구승민이 '부활'의 신호탄을 쐈다. 2026시즌 첫 1군 등판을 성공적으로 마치고 한층 자신감을 얻게 됐다. 김태형 감독이 이끄는 롯데는 6일 수원 KT위즈파크에서 열린 2026 신한 SOL KBO리그 KT...,www.xportsnews.com,2026-05-07T02:38:00,,PERFORMANCE_ANALYSIS,MATCH_RELATED,0.9,,,True,구승민이 1군에서 성공적인 복귀를 했다.,구승민,positive,,False,해당 날짜 경기 없음
1295,'화재로 23분간 중단 후' 나승엽은 첫 공을 노려 쳤다→쐐기 적시타 '승...,"6-1로 앞선 롯데 자이언츠의 공격 무사 2루, 나승엽을 상대로 KT 위즈 투수 주권이 볼카운트 1-1에서 3구째를 던지기 직전이었다. 오른쪽 외야 인근에서 갑자기 연기가 유입됐다. 야구장 인근 쓰레기장에서 화재가 발생한...",www.starnewskorea.com,2026-05-07T02:09:00,,MATCH_RELATED,ETC,0.9,,,True,나승엽이 화재 중단 후 쐐기 적시타를 기록했다.,나승엽,positive,,True,해당 날짜 경기 없음
1296,"'러브캐처' 김지연, 정철원과 이혼 소송 승소? 근황 들어보니…""잘되고...",지난 2018년 엠넷 연애 예능 '러브 캐처'에 출연해 화제를 모았던 김지연은 롯데 자이언츠 소속 야구선수 정철원과 혼전임신 후 지난 2024년 아들을 출산했다. 두 사람은 지난해 12월 결혼식을 올렸으나 결혼생활 약 한 달...,www.topstarnews.net,2026-05-07T01:24:00,,ETC,,0.9,,,True,정철원과 김지연의 결혼 생활에 대한 소식이 전해졌다.,정철원,neutral,,False,해당 날짜 경기 없음
1297,수원 KT 야구장 외부 소각장서 불...한때 경기 중단,"어제(6일) 오후 8시 20분 경기도 수원에서 열린 롯데 자이언츠와 KT 위즈의 경기가 외부 쓰레기 소각장 화재로 잠시 중단됐습니다. 관중석과 구장 내부에 연기가 휩싸이며 심판은 경기 중단을 선언했고, 20여 분 뒤 구장 내...",www.ytn.co.kr,2026-05-07T01:24:00,,MATCH_RELATED,ETC,0.9,,,True,롯데와 KT의 경기가 화재로 잠시 중단됐다.,,neutral,,True,해당 날짜 경기 없음
1298,"김태형 감독 ""타선이 안정 찾고 있다"" 만족, '복귀' 나승엽-고승민 5타점...","""타선이 안정감을 찾아가고 있다."" 김태형(59) 롯데 자이언츠 감독이 팀 타자들의 활약에 만족감을 드러냈다. 김 감독은 6일 수원 KT위즈파크에서 열린 KT 위즈와 경기에서 8-1로 승리한 뒤 구단을 통해 ""선발 비슬리가...",www.starnewskorea.com,2026-05-07T01:17:00,,INJURY_ROSTER,,1.0,,,True,김태형 감독이 타선의 안정감에 만족감을 표했다.,김태형,positive,,False,해당 날짜 경기 없음
1299,"""담배꽁초 발견"" 수원구장 화재 사건 원인이었나…'천만다행' 인명피해...","""쓰레기장 내에서 담배 꽁초가 발견됐다"" 롯데 자이언츠와 KT 위즈의 팀 간 시즌 4차전이 열린 수원 KT위즈파크에서 6일 경기가 갑작스럽게 중단되는 일이 벌어졌다. 경기는 약 23분 동안 중단된 후에야 재개됐다. 상황은...",www.spotvnews.co.kr,2026-05-07T01:06:00,,MATCH_RELATED,ETC,0.9,,,True,담배 꽁초가 화재 원인으로 지목되며 경기가 중단됐다.,,neutral,,True,해당 날짜 경기 없음
1300,"'나승엽 홈런 포함 3타점' 롯데, 선두 KT 꺾고 완승",롯데 나승엽 (사진=롯데 자이언츠 제공) 롯데 자이언츠가 선두 KT 위즈를 상대로 압도적인 투타 조화를 선보이며 완승을 거뒀다. 롯데는 6일 수원KT위즈파크에서 열린 2026 신한 SOL KBO리그 KT와의 원정 경기에서 8-1로...,www.gukjenews.com,2026-05-07T00:30:00,,MATCH_RELATED,PERFORMANCE_ANALYSIS,0.9,,,True,롯데가 선두 kt를 꺾고 완승을 거두었다.,나승엽,positive,,True,해당 날짜 경기 없음
1301,K-오타니 진짜 나오나…OPS 1.056 타자였는데? S비율 80% 괴물 피칭 시동...,"2024년 신인드래프트 1라운드(전체 3순위)로 롯데 자이언츠에 입단한 전미르는 고교 시절 투타 모두에서 재능을 뽐냈다. 투수로서는 150㎞가 넘는 강속구를 던졌고, 타자로서는 장타력을 과시했다. 롯데 역시 투타 모두...",www.sportschosun.com,2026-05-07T00:15:00,,TRANSACTION_CONTRACT,,1.0,,,True,전미르가 롯데에 입단하며 투타 모두에서 기대를 모은다.,전미르,positive,,False,해당 날짜 경기 없음
1302,"[프로야구] 한화팬 트럭 시위한 날, 팀 연패 끊은 류현진의 의미있는 12...","한화는 지난달 대전 홈구장에서 열린 6연전 전패 후 좋지 않은 분위기 속에서 사직으로 이동했다. 우천 취소 후 다음 날인 지난달 18일, 류현진은 사직 롯데전에서 선발로 나서 7이닝 동안 86개의 공을 던지며...",www.newspim.com,2026-05-07T00:13:00,,ETC,,0.9,,,False,"한화가 연패를 끊은 날, 류현진이 좋은 피칭을 했다.",류현진,,,False,해당 날짜 경기 없음
1303,[IS 포커스] 여전히 차가운 시선...롯데 탕아들의 맹타 릴레이→공력력...,불법 오락실 출입이 발각돼 징계를 소화하고 복귀한 고승민(26) 나승엽(24)이 두 경기 연속 팀 공격을 이끌었다. 두 선수가 롯데 자이언츠 핵심 선수라는 건 부정할 수 없을 것 같다. 롯데는 6일 수원...,isplus.com,2026-05-07T00:10:00,,INJURY_ROSTER,,1.0,,,True,고승민과 나승엽이 팀 공격을 이끌며 활약하고 있다.,고승민;나승엽,positive,,False,해당 날짜 경기 없음
1304,"""담배꽁초가 발견됐다"" 수원 롯데-KT전 화재 사건의 전말…구단 빠른 대...",야구장 외부 화재로 롯데 자이언츠-KT 위즈전이 잠시 중단됐다. 구단의 빠른 대처로 인명피해를 막을 수... 20시 22분 경기도 중단됐다. 선수와 팬의 안전을 고려한 조치. 다행히 작은 소동으로 끝났다. KT는 구장...,www.mydaily.co.kr,2026-05-07T00:06:00,,MATCH_RELATED,ETC,0.9,,,True,롯데-KT전 화재 사건이 구단의 빠른 대처로 마무리됐다.,,neutral,,True,해당 날짜 경기 없음
1305,"[IS 피플] '복귀 두 번째 출전 만에 수훈 선수' 나승엽 ""응원가 못 들을...",나승엽(24·롯데 자이언츠) 1군 복귀 두 번째 출전 만에 수훈 선수가 됐다. 그는 롯데팬 응원에 감사 인사를... 2차전에 롯데의 4번 타자·1루수로 선발 출전해 5타수 2안타(1홈런) 3타점 1득점을 기록하며 롯데의 8-1 승리를...,isplus.com,2026-05-07T00:05:00,,INJURY_ROSTER,,1.0,,,True,나승엽이 복귀 두 번째 출전 만에 수훈 선수로 활약했다.,나승엽,positive,,False,해당 날짜 경기 없음
1306,"""내 응원가, 이젠 안 부르실줄…"" 죄인 → 영웅 나승엽, 어제와 다른 오...",롯데 자이언츠 나승엽이 어제와 다른 오늘을 만끽했다. 나승엽은 6일 수원 KT위즈파크에서 열린 KT 위즈와의 주중시리즈 2차전에서 쐐기포 포함 2안타 3타점 2득점을 몰아치며 팀 승리의 1등 공신이 됐다. 특히 이날 0-1로...,www.sportschosun.com,2026-05-07T00:05:00,,MATCH_RELATED,PERFORMANCE_ANALYSIS,0.9,,,True,나승엽이 팀 승리의 1등 공신이 되었다.,나승엽,positive,,True,해당 날짜 경기 없음
1307,"발버둥치며 피땀흘렸고, 구스타가 복귀를 알렸다…건재함+경쟁력 증명한...","롯데 자이언츠 '필승조' 구승민이 돌아왔다. 다시 예전의 폼을 되찾았고, 구속까지 회복했다. 아직... 수확하며 롯데의 허리를 든든하게 지켜왔다. 그런데 생애 첫 FA(자유계약선수) 자격을 앞둔 2024시즌 5승 3패 13홀드...",www.spotvnews.co.kr,2026-05-07T00:05:00,,INJURY_ROSTER,,1.0,,,True,구승민이 복귀하며 롯데의 경쟁력을 증명했다.,구승민,positive,,False,해당 날짜 경기 없음
1308,"LG, 4번타자마저…",4경기 1승2패 평균자책점 6.75로 부진한 데다 지난달 16일 롯데 자이언츠전 이후 팔꿈치 통증으로 등판하지 못 하고 있다. WBC 대회 기간 중 팔꿈치를 다친 좌완 3선발 손주영도 아직 돌아오지 못 했다. 지난해 각각 12승...,www.joongang.co.kr,2026-05-07T00:02:00,,INJURY_ROSTER,,0.9,,,True,LG의 부진과 부상으로 롯데와의 경기에 어려움이 있다.,,neutral,,False,해당 날짜 경기 없음
1309,응원가 듣고 울컥한 롯데 나승엽 “안 불러주실 줄 알았다. 내일 다시 복...,“안 불러주실 줄 알았는데….” 롯데 자이언츠 나승엽(24)은 6일 수원KT위즈파크서 열린 ‘2026 신한 SOL KBO리그’ KT 위즈와 원정경기에 4번타자 1루수로 선발출전해 5타수 2안타 1홈런 3타점 2득점으로 팀의 8-1 승리를...,sports.donga.com,2026-05-07T00:01:00,,INTERVIEW,MATCH_RELATED,0.9,,,True,나승엽이 팬들의 응원에 감동하며 팀 승리를 이끌었다.,나승엽,positive,,False,해당 날짜 경기 없음
1310,"기분좋은 승승승!…‘최형우 3G 연속포+최원태 첫 승’ 삼성, 키움 꺾고...","선발투수 배동현(5이닝 5피안타 1피홈런 3사사구 3탈삼진 2실점)은 분전했지만, 득점 지원을 받지 못해 시즌 첫 패전(4승)을 떠안았다. 한편 수원 KT위즈파크에서는 롯데 자이언츠가 KT위즈를 8-1로 완파했다. 이날 결과로...",www.mk.co.kr,2026-05-07T00:01:00,,MATCH_RELATED,,0.9,,,True,롯데가 kt를 완파하며 기분 좋은 승리를 거두었다.,,positive,,True,해당 날짜 경기 없음
1311,"'나승엽-고승민 효과' 롯데, 방망이 '확' 달라졌다…""타선 안정감 찾아...",김태형 감독이 이끄는 롯데 자이언츠가 투타의 조화 속에 KT 위즈를 상대로 완승을 따냈다. 징계 해제와... 롯데는 이날 선발투수로 출격한 외국인 투수 제레미 비슬리의 호투로 승리의 발판을 놨다. 비슬리는 6이닝...,www.xportsnews.com,2026-05-06T23:31:00,,PERFORMANCE_ANALYSIS,,0.9,,,True,롯데가 KT 위즈를 상대로 타선의 안정감을 찾았다.,,positive,,False,해당 날짜 경기 없음
1312,"롯데면세점, 장애인 운동선수 5명 직접 고용…ESG 경영·스포츠 지원 확...",고용 계약 체결식 후 기념 촬영을 하고 있는 모습. 롯데면세점이 장애인 운동선수 직접 고용에 나서며 스포츠... 롯데그룹은 프로야구단 롯데 자이언츠 운영과 함께 대한스키·스노보드협회 지원 등 다양한 스포츠 후원을...,www.thefirstmedia.net,2026-05-06T23:10:00,,TRANSACTION_CONTRACT,,1.0,,,True,롯데면세점이 장애인 운동선수 고용으로 ESG 경영을 실천하고 있다.,,positive,,False,해당 날짜 경기 없음
1313,"'129m 2점포' 나승엽, 롯데 복귀 후 이틀 연속 맹타",수원 케이티위즈파크에서 열린 kt wiz와 원정 경기에 4번 타자 1루수로 나선 나승엽이 롯데 자이언츠 중심... 롯데가 2-1로 근소하게 앞선 6회초 1사 1루에서 타석에 들어선 나승엽은 kt 선발 우완 케일럽 보쉴리가 던진 시속...,www.topstarnews.net,2026-05-06T23:04:00,,INJURY_ROSTER,,1.0,,,True,나승엽이 롯데 복귀 후 이틀 연속 맹타를 이어갔다.,나승엽,positive,,False,해당 날짜 경기 없음
1314,KIA 네일이 아트를 잃었는데 올러까지… 6시야구 흔들리면 팀은 사상누...,"올러는 6일 광주 한화 이글스전에 선발 등판, 6이닝 7피안타(1피홈런) 4탈삼진 3사사구 5실점으로 시즌 2패... 34의 나균안(롯데 자이언츠), 2.37의 왕옌청(한화 이글스)이었다. 올러는 이날 부진으로 이 선수들에게 밀렸다....",www.mydaily.co.kr,2026-05-06T23:00:00,,MATCH_RELATED,,0.9,,,True,KIA 올러가 부진하며 롯데의 나균안에게 밀렸다.,,neutral,,False,해당 날짜 경기 없음
1315,"비슬리 6이닝 1실점·나승엽 3타점…롯데, 선두 kt 제압",프로야구 롯데 자이언츠가 우완 선발 제러미 비슬리의 6이닝 1실점 호투와 나승엽의 대형 2점 홈런을 앞세워 kt wiz를 꺾었습니다. 롯데는 오늘 수원 케이티위즈파크에서 열린 2026 신한 SOL KBO리그 정규시즌 kt wiz와 방문...,news.sbs.co.kr,2026-05-06T22:59:00,,MATCH_RELATED,PERFORMANCE_ANALYSIS,0.9,,,True,롯데가 kt를 8-1로 제압하며 승리했다.,제러미 비슬리;나승엽,positive,,True,해당 날짜 경기 없음
1316,"롯데 나승엽 ""응원가 들을 때 울컥…이기기만 하겠다""",프로야구 롯데 자이언츠 내야수 나승엽(24)이 6일 경기에선 팀 승리에 쐐기를 박는 대형 2점 홈런을 터뜨리며 팬들에게 보답했다. 나승엽은 이날 수원 케이티위즈파크에서 열린 kt wiz와 방문 경기에 4번 타자 1루수로 선발...,www.yna.co.kr,2026-05-06T22:54:00,,INTERVIEW,MATCH_RELATED,0.9,,,True,나승엽이 팬들에게 보답하는 홈런을 터뜨렸다.,나승엽,positive,,False,해당 날짜 경기 없음
1317,"LG, 이재원 홈런포로 '잠실 라이벌' 두산에 2연승",수원에서는 롯데 자이언츠가 우완 선발 제러미 비슬리의 6이닝 1실점 호투와 나승엽의 투런포로 kt 위즈를 꺾었다. 롯데는 수원 케이티위즈파크에서 열린 kt 원정 경기에서 8-1로 이겼다. 이날 롯데는 장단 16개...,www.m-i.kr,2026-05-06T22:34:00,,MATCH_RELATED,,0.9,,,True,롯데가 kt를 8-1로 이기며 연승을 이어갔다.,제러미 비슬리;나승엽,positive,,True,해당 날짜 경기 없음
1318,"'3연패 탈출' SSG 이숭용 감독 ""투지 보여준 덕에 연패 끊을 수 있었다""","지난 1~3일 안방에서 열린 롯데 자이언츠와의 3연전을 내리 진 SSG는 전날에도 NC와의 홈 경기에서 7-7로 비겼지만, 이날은 홈 팬들에게 승리를 선사했다. 이 감독은 ""최근 홈에서 열린 4경기에서 승리를 하지...",www.newsis.com,2026-05-06T22:33:00,,MATCH_RELATED,,0.9,,,True,SSG가 롯데와의 3연전에서 연패를 끊었다.,,neutral,,False,해당 날짜 경기 없음
1319,비슬리 좋아! 구승민 233일만의 첫 1군 등판…'7점차 완승' 김태형 감독...,"롯데 자이언츠는 6일 수원 KT위즈파크에서 열린 KT 위즈와의 원정경기에서 8대1로 완승을 거뒀다. 경기 초반 연달아 실책이 쏟아지며 선취점을 내줬지만, 선발 제레미 비슬리의 호투와 타선 대폭발로 역전승을 거뒀다....",www.sportschosun.com,2026-05-06T22:31:00,,MATCH_RELATED,PERFORMANCE_ANALYSIS,0.9,,,True,롯데가 kt를 상대로 8-1로 완승을 거두었다.,제러미 비슬리,positive,,True,해당 날짜 경기 없음
1320,"'비슬리 6이닝 1실점 활약에 나승엽 3타점 화답' 롯데, 선두 kt 8-1 승리",롯데 자이언츠가 우완 선발 제러미 비슬리의 6이닝 1실점 호투와 나승엽의 대형 2점 홈런을 앞세워 kt wiz를 꺾었다. 롯데는 6일 수원 케이티위즈파크에서 열린 2026 신한 SOL KBO리그 정규시즌 kt wiz와 방문 경기에 8-1로...,www.thesportstimes.co.kr,2026-05-06T22:30:00,,MATCH_RELATED,PERFORMANCE_ANALYSIS,0.9,,,True,롯데가 kt를 8-1로 이기며 선두를 제압했다.,제러미 비슬리;나승엽,positive,,True,해당 날짜 경기 없음
1321,"[AI상보] '복귀 듀오' 나승엽·고승민 폭발…롯데, KT 8-1로 완파하고 전...",한지용 인턴기자 = 프로야구 롯데 자이언츠가 징계 복귀 선수들의 맹타에 힘입어 선두 KT 위즈를... 롯데 선발 비슬리는 6이닝 3피안타 3사사구 6탈삼진 1실점(무자책)으로 호투하며 시즌 3승째를 따냈다. 이어 현도훈...,www.newspim.com,2026-05-06T22:30:00,,INJURY_ROSTER,,1.0,,,True,롯데가 복귀 선수들의 활약으로 KT를 8-1로 이겼다.,나승엽;고승민,positive,,False,해당 날짜 경기 없음
1322,"'류현진 호투' 한화, KIA전 4연패 탈출…나승엽 홈런에 롯데 '방긋'(종합...",한화는 4회초에도 황영묵의 1타점 적시타와 KIA 선발투수 아담 올러의 폭투를 묶어 2점을 추가해 5-0으로... 대만 스프링캠프 중 도박장에 출입해 출전정지 징계를 받은 롯데 자이언츠 나승엽과 고승민이 복귀 두...,www.news1.kr,2026-05-06T22:27:00,,INJURY_ROSTER,,1.0,,,True,롯데의 나승엽과 고승민이 복귀하며 팀에 긍정적인 영향을 미쳤다.,나승엽;고승민,positive,,False,해당 날짜 경기 없음
1323,"정준재, 끝내기 2루타…SSG, 9회말 뒤집기로 3연패 탈출(종합)",수원을 방문한 롯데 자이언츠는 단독 선두 kt wiz를 8-1로 대파했다. kt는 1회말 볼넷을 고른 김민혁이 2루... LG 선발 임찬규는 6회까지 6안타 1실점으로 막아 승리투수가 됐다. 삼성 라이온즈는 대구 안방에서 키움...,www.yna.co.kr,2026-05-06T22:24:00,,MATCH_RELATED,,0.9,,,True,롯데가 kt를 8-1로 대파하며 승리했다.,,positive,,True,해당 날짜 경기 없음
1324,"롯데 35세 아픈 손가락, 323일 만에 삼자 범퇴 감동…""잘 던져줬다"" 명장...",롯데 자이언츠의 아픈 손가락 구승민이 드디어 마운드에 올랐다. 김태형 감독도 구승민의 투구에... 선발 제레미 비슬리는 6이닝 3피안타 3볼넷 6탈삼진 1실점 비자책으로 시즌 3승(2패)을 챙겼다. 1회 무사 1루에서...,www.mydaily.co.kr,2026-05-06T22:22:00,,MATCH_RELATED,PERFORMANCE_ANALYSIS,0.9,,,True,롯데의 구승민이 323일 만에 마운드에 올랐다.,구승민;제러미 비슬리,positive,,True,해당 날짜 경기 없음
1325,"""응원가 안 불러주실 줄 알았는데..."" 결승타 고승민, 쐐기포 나승엽......","30경기 징계를 마치고 1군에 돌아온 롯데 자이언츠 나승엽과 고승민이 나란히 맹타를 휘두르며 팀 승리를... 선발투수 제레미 비슬리도 6이닝 1실점 호투로 마운드를 굳건하게 지켰다. 1회 실책 고승민, 3회 역전 2루타로...",www.spochoo.com,2026-05-06T22:22:00,,MATCH_RELATED,PERFORMANCE_ANALYSIS,0.9,,,True,롯데의 나승엽과 고승민이 팀 승리를 이끌었다.,나승엽;고승민,positive,,True,해당 날짜 경기 없음
1326,"'ERA 0.81 위력 어디 갔나'…KIA 외인 투수 또 무너졌다, 한화 상대 5실점...",올러는 올 시즌 초반 리그 전체 선발투수 중에서 가장 컨디션이 좋았다. 시즌 첫 등판이었던 3월 31일 잠실 LG 트윈스전부터 4월 24일 광주 롯데 자이언츠전까지 5경기 33⅓이닝 4승 평균자책점 0.81로 호투를 펼쳤다....,www.xportsnews.com,2026-05-06T22:20:00,,ETC,,,gpt_missing_index,,True,KIA의 외인 투수가 한화에 무너져 롯데에 긍정적인 소식이 전해졌다.,,neutral,,False,해당 날짜 경기 없음
1327,"7위 두산 0.5경기 차 추격...'승장' 김태형 감독 ""오랜만에 1군 등판한 구...",롯데 자이언츠가 연패를 막고 7위와의 승차를 0.5경기 차로 좁혔다. 롯데는 6일 수원 케이티위즈파크에서 열린 2026 KBO리그 정규시즌 KT 위즈와의 원정 주중 3연전 2차전에서 8-1로 승리했다. 선발 투수 제레미 비슬리는...,isplus.com,2026-05-06T22:19:00,,MATCH_RELATED,PERFORMANCE_ANALYSIS,0.9,,,True,롯데가 kt를 이기고 7위와의 승차를 좁혔다.,제러미 비슬리,positive,,True,해당 날짜 경기 없음
1328,"나승엽, 고승민만 수확? 구스타의 복귀, 김태형 감독 콕 집었다 ""구승민...","""구승민이 잘 던져줬다"" 롯데 자이언츠는 6일 수원 KT위즈파크에서 열린 2026 신한은행 SOL Bank KBO리그 KT... 못했던 롯데가 시리즈를 원점으로 돌렸다. 이날 롯데는 경기 시작부터 점수를 내줬다. 선발 제레미 비슬리가...",www.spotvnews.co.kr,2026-05-06T22:18:00,,INJURY_ROSTER,,1.0,,,True,구승민의 복귀가 롯데에 긍정적인 영향을 미쳤다.,구승민,positive,,False,해당 날짜 경기 없음
1329,"징계 풀린 나승엽-고승민 나란히 속죄포...롯데, 선두 KT에 완승",롯데자이언츠가 징계에서 돌아온 나승엽과 고승민의 활약을 앞세워 선두 KT위즈의 덜미를 잡았다. 롯데는... 롯데 선발 비슬리는 6이닝 동안 안타 3개와 볼넷 3개를 내주고 삼진 6개를 잡았다. 1실점은 비자책이었다....,www.edaily.co.kr,2026-05-06T22:11:00,,MATCH_RELATED,PERFORMANCE_ANALYSIS,0.9,,,True,롯데가 선두 KT를 상대로 완승을 거두었다.,나승엽;고승민,positive,,True,해당 날짜 경기 없음
1330,"롯데면세점, 탁구·수영·배드민턴 5명 장애인 선수 직접 고용…스포츠...","롯데면세점은 지난 4일 서울 중구 본사에서 '장애인 스포츠 선수 고용 계약 체결식'을 개최했다. 기업의... 롯데 자이언츠 운영과 함께 대한스키·스노보드협회 회장사를 맡고 있으며, 2022년부터는 휠체어펜싱·탁구·수영...",www.econonews.co.kr,2026-05-06T22:06:00,,CLUB_OPERATION,ETC,0.9,,,True,롯데면세점이 장애인 스포츠 선수 고용 계약을 체결했다.,,positive,,False,해당 날짜 경기 없음
1331,"'KT전 완승' 김태형 롯데 감독 ""타선 전체적으로 안정감 찾아""","/롯데 자이언츠 제공 경기 후 김태형 감독은 먼저 마운드에 대해 ""선발 비슬리가 6이닝 1실점으로 좋은 투구를 해주며 승리의 발판을 마련할 수 있었다. 이어 나온 중간 투수들과 오랜만에 1군 등판한 구승민이 잘...",www.hansbiz.co.kr,2026-05-06T22:02:00,,MATCH_RELATED,INTERVIEW,0.9,,,True,김태형 감독이 타선의 안정감을 언급했다.,비슬리;구승민,positive,,True,해당 날짜 경기 없음
1332,"'나승엽 복귀포' 롯데, 선두 KT 제압…류현진은 KBO 통산 120승(종합)",문채현 김희준 기자 = 외부 화재로 인해 경기 중단 해프닝이 발생한 가운데 롯데 자이언츠가 변수를 뚫고... 롯데 선발 제레미 비슬리는 6이닝 3피안타 1실점(비자책점)으로 승리투수가 됐다. 시즌 3승(2패)째다. 이어...,www.newsis.com,2026-05-06T22:01:00,,INJURY_ROSTER,,1.0,,,True,롯데가 KT를 제압하며 나승엽의 복귀를 기념했다.,나승엽,positive,,True,해당 날짜 경기 없음
1333,"돌아온 ‘잠실 빅보이’ 결승포…LG, 두산 잡고 어린이날 시리즈 2승 확...",2회 말 1사 1루 첫 타석에서 두산 선발 최승용과 11구까지 끈질긴 승부를 벌인 끝에 한가운데로 낮게 들어온... 롯데 자이언츠는 수원에서 KT에 8-1로 완승했다. 불법 도박장 출입 관련 징계를 마치고 복귀한 나승엽이...,www.joongang.co.kr,2026-05-06T22:00:00,,INJURY_ROSTER,,1.0,,,True,롯데가 KT에 8-1로 완승하며 나승엽의 복귀를 축하했다.,나승엽,positive,,True,해당 날짜 경기 없음
1334,"""16안타 폭발"" 롯데 타선, kt 원정서 8-1 완승","수원 케이티위즈파크에서 열린 2026 신한 SOL KBO리그 정규시즌 경기에서 롯데 자이언츠 타선이 장단 16안타를... 수비에서 롯데는 연속 실책으로 선취점을 내줬고, 분위기를 내줄 수 있는 장면이 나왔다. 그러나 선발...",www.topstarnews.net,2026-05-06T21:54:00,,MATCH_RELATED,PERFORMANCE_ANALYSIS,0.9,,,True,롯데 타선이 16안타를 기록하며 완승을 거두었다.,,positive,,True,해당 날짜 경기 없음
1335,"6경기 만에 첫 승 거둔 70억 FA, 기쁨보다 미안함 더 컸다 ""저 때문에 팀...","최원태는 6일 대구삼성라이온즈파크에서 열린 키움 히어로즈와의 홈경기에 선발 등판, 6⅓이닝 3피안타... 최원태는 시즌 첫 등판이었던 3월 29일 대구 롯데 자이언츠전(6이닝 7피안타(2피홈런) 2볼넷 5탈삼진 2실점)을...",www.osen.co.kr,2026-05-06T21:48:00,,TRANSACTION_CONTRACT,,1.0,,,True,최원태가 첫 승을 거두었지만 팀에 미안함을 표했다.,최원태,neutral,,False,해당 날짜 경기 없음
1336,롯데 ‘KT에 8:1 승리’[포토],"6일 오후 수원KT위즈파크에서 열린 '2026 신한 SOL Bank KBO리그' 롯데 자이언츠와 KT 위즈의 경기, 롯데가 나승엽의 투런포를 포함 16안타를 몰아치며 KT에 8:1 승리를 거뒀다. 이날 경기에서 승리한 롯데...",www.xportsnews.com,2026-05-06T21:44:00,,MATCH_RELATED,,0.9,,,True,롯데가 KT를 상대로 8:1로 승리했다.,나승엽,positive,,True,해당 날짜 경기 없음
1337,"김태형 감독 ‘뜨거운 응원, 감사합니다’[포토]","6일 오후 수원KT위즈파크에서 열린 '2026 신한 SOL Bank KBO리그' 롯데 자이언츠와 KT 위즈의 경기, 롯데가 나승엽의 투런포를 포함 16안타를 몰아치며 KT에 8:1 승리를 거뒀다. 이날 경기에서 승리한 롯데 김태형...",www.xportsnews.com,2026-05-06T21:44:00,,MATCH_RELATED,INTERVIEW,0.9,,,True,김태형 감독이 팬들에게 감사 인사를 전했다.,,positive,,True,해당 날짜 경기 없음
1338,구승민-손성빈 ‘이겼다’[포토],"6일 오후 수원KT위즈파크에서 열린 '2026 신한 SOL Bank KBO리그' 롯데 자이언츠와 KT 위즈의 경기, 롯데가 나승엽의 투런포를 포함 16안타를 몰아치며 KT에 8:1 승리를 거뒀다. 이날 경기에서 승리한 롯데...",www.xportsnews.com,2026-05-06T21:44:00,,MATCH_RELATED,INTERVIEW,0.9,,,True,롯데가 KT에 승리하며 기쁨을 나누었다.,구승민;손성빈,positive,,True,해당 날짜 경기 없음
1339,고승민-나승엽 ‘함께 수훈선수 인터뷰’[포토],"6일 오후 수원KT위즈파크에서 열린 '2026 신한 SOL Bank KBO리그' 롯데 자이언츠와 KT 위즈의 경기, 롯데가 나승엽의 투런포를 포함 16안타를 몰아치며 KT에 8:1 승리를 거뒀다. 경기종료 후 롯데 고승민과 나승엽이...",www.xportsnews.com,2026-05-06T21:44:00,,MATCH_RELATED,INTERVIEW,0.9,,,True,고승민과 나승엽이 수훈선수 인터뷰를 진행했다.,고승민;나승엽,positive,,True,해당 날짜 경기 없음
1340,고승민-나승엽 ‘응원해준 관중들에게 인사’[포토],"6일 오후 수원KT위즈파크에서 열린 '2026 신한 SOL Bank KBO리그' 롯데 자이언츠와 KT 위즈의 경기, 롯데가 나승엽의 투런포를 포함 16안타를 몰아치며 KT에 8:1 승리를 거뒀다. 경기종료 후 롯데 고승민과 나승엽이...",www.xportsnews.com,2026-05-06T21:44:00,,ETC,,,gpt_missing_index,,True,롯데가 KT를 상대로 8:1로 승리했습니다.,고승민;나승엽,positive,,False,해당 날짜 경기 없음
1341,김태형 감독 ‘나승엽 홈런 좋았어’[포토],"6일 오후 수원KT위즈파크에서 열린 '2026 신한 SOL Bank KBO리그' 롯데 자이언츠와 KT 위즈의 경기, 롯데가 나승엽의 투런포를 포함 16안타를 몰아치며 KT에 8:1 승리를 거뒀다. 이날 경기에서 승리한 롯데 김태형...",www.xportsnews.com,2026-05-06T21:44:00,,ETC,,,gpt_missing_index,,True,롯데가 KT를 상대로 8:1로 승리했습니다.,김태형,positive,,False,해당 날짜 경기 없음
1342,"KT 위즈, '대량 실점' 허용하며 연승 행진 마감",[ 경기신문 = 김우혁 기자 ] 6일 수원 KT 위즈파크에서 열린 2026 신한 SOL 뱅크 KBO리그 KT 위즈와 롯데 자이언츠 경기에서 KT 선발 보쉴리가 투구하고 있다. (사진=KT 위즈 제공),www.kgnews.co.kr,2026-05-06T21:42:00,,ETC,,,gpt_missing_index,,True,KT가 롯데에게 대량 실점을 허용하며 연승이 마감되었습니다.,,negative,,False,해당 날짜 경기 없음
1343,"비슬리 6이닝 1실점·나승엽 3타점…롯데, kt 8-1 제압",프로야구 롯데 자이언츠가 우완 선발 제러미 비슬리의 6이닝 1실점 호투와 나승엽의 대형 2점 홈런을 앞세워 kt wiz를 꺾었다. 롯데는 6일 수원 케이티위즈파크에서 열린 2026 신한 SOL KBO리그 정규시즌 kt wiz와 방문...,www.yna.co.kr,2026-05-06T21:40:00,,ETC,,,gpt_missing_index,,True,롯데가 KT를 8:1로 제압하며 승리했습니다.,제러미 비슬리;나승엽,positive,,False,해당 날짜 경기 없음
1344,"‘정준재 끝내기’ SSG, 홈런 6방 난타전 끝에 NC 제압…류현진 120승",LG와 삼성 라이온즈는 각각 두산 베어스와 키움 히어로즈를 누르며 위닝 시리즈를 확보했다. 수원에선 롯데 자이언츠가 KT 위즈를 누르고 전날 패배를 설욕했다. 인천=,www.kmib.co.kr,2026-05-06T21:40:00,,ETC,,,gpt_missing_index,,True,롯데가 KT를 상대로 승리하며 전날 패배를 설욕했습니다.,,positive,,False,해당 날짜 경기 없음
1345,"‘죄송합니다 또 죄송합니다’ 고승민 결승타+나승엽 쐐기포 쾅! 롯데,...",프로야구 롯데 자이언츠는 6일 수원KT위즈파크에서 열린 2026 신한 SOL KBO리그 KT 위즈와의 시즌 4차전에서 8-1... KT는 롯데 선발 제레미 비슬리 상대 김민혁(좌익수) 최원준(우익수) 김현수(1루수) 장성우(지명타자) 샘...,www.osen.co.kr,2026-05-06T21:38:00,,ETC,,,gpt_missing_index,,True,롯데가 KT를 상대로 8-1로 승리했습니다.,고승민;나승엽,positive,,False,해당 날짜 경기 없음
1346,"'도박장 출입 징계' 나승엽·고승민, 속죄 맹타…롯데 8-1 역전승 견인",대만 스프링캠프 중 도박장에 출입해 출전정지 징계를 받은 롯데 자이언츠 나승엽과 고승민이 복귀 두... 롯데 선발투수 제레미 비슬리는 6이닝 3피안타 3볼넷 6탈삼진 1실점(비자책) 호투를 펼쳐 시즌 3승(2패)째를...,www.news1.kr,2026-05-06T21:36:00,,INJURY_ROSTER,,1.0,,,True,징계 복귀한 나승엽과 고승민이 활약하며 롯데가 승리했습니다.,나승엽;고승민,positive,,False,해당 날짜 경기 없음
1347,"'나승엽+고승민 4안타 5타점 합작' 롯데, 비슬리 호투 힙입어 KT 8-1 격파",롯데 자이언츠가 KT 위즈에 투타를 압도하며 완승을 거뒀다. 롯데는 6일 수원KT위즈파크에서 열린 2026 신한... 롯데 선발투수 제레미 비슬리는 6이닝 3피안타 6탈삼진 3사사구 1실점(무자책)으로 호투하며 시즌 3승째를...,www.stoo.com,2026-05-06T21:36:00,,ETC,,,gpt_missing_index,,True,롯데가 KT를 8-1로 격파하며 완승을 거두었습니다.,제레미 비슬리,positive,,False,해당 날짜 경기 없음
1348,"'야구로 보답했다' 나승엽-고승민, KT 격침 견인…롯데 8-1 승→7위 두산...",김태형 감독이 이끄는 롯데 자이언츠가 돌아온 나승엽의 맹타와 외국인 투수 제레미 비슬리의 호투를... 롯데는 이날 선발투수 제레미 비슬리가 6이닝 3피안타 3볼넷 6탈삼진 1실점(비자책) 쾌투로 시즌 3승을 손에...,www.xportsnews.com,2026-05-06T21:36:00,,ETC,,,gpt_missing_index,,True,나승엽과 제레미 비슬리의 활약으로 롯데가 KT를 이겼습니다.,나승엽;제레미 비슬리,positive,,False,해당 날짜 경기 없음
1349,"'징계 복귀 5타점 합작' 나승엽 투런포-고승민 역전 결승타, 롯데 7명이...",롯데 자이언츠가 '징계 복귀' 타자들의 활약으로 승리를 거뒀다. 롯데는 6일 수원 KT위즈파크에서 열린 KT 위즈와 경기에서 8-1로 이겼다. 선두 KT는 믿었던 선발 보쉴리가 무너지며 2연승을 마감했다. 승리의 주역은...,www.starnewskorea.com,2026-05-06T21:30:00,,INJURY_ROSTER,,1.0,,,True,징계 복귀한 나승엽과 고승민의 활약으로 롯데가 승리했습니다.,나승엽;고승민,positive,,False,해당 날짜 경기 없음
1350,"[AI그래픽] 롯데 제레미 비슬리, 5월 6일 수원 KT전 투구분석",롯데 비슬리가 6일 2026 KBO 정규시즌 수원 KT전에 선발 등판해 6이닝 3피안타 3사사구 6탈삼진 1실점... 사진과 함께 그래픽 제작해줘) [사진 = 롯데 자이언츠] [일러스트=CHAT GPT] 2026.05.06 football1229@newspim.com,www.newspim.com,2026-05-06T21:26:00,,PERFORMANCE_ANALYSIS,,0.9,,,True,제레미 비슬리가 KT전에서 뛰어난 투구를 선보였습니다.,제레미 비슬리,positive,,False,해당 날짜 경기 없음
1351,"이의리-네일 부진한데 올러까지 주춤… KIA 선발진, 빨간불 들어왔다[초...",KIA는 현재 선발진 부진으로 골머리를 앓고 있다. 지난해까지 1선발 역할을 해줬던 네일은 올 시즌... 다만 지난달 24일 롯데 자이언츠전 9이닝 완봉승 후 2경기 연속으로 무너졌다. 당시 투구수는 103개로 충분히...,sports.hankooki.com,2026-05-06T21:20:00,,ETC,,,gpt_missing_index,,True,KIA의 선발진이 부진하여 롯데와의 경기에 영향을 미쳤습니다.,,neutral,,False,해당 날짜 경기 없음
1352,"'드디어 120승' 한화는 류현진이다, 역대 공동 3위 영광…KIA 7대2 완파[광...",(유격수)으로 선발 라인업을 꾸렸다. 선발투수는 류현진. KIA는 박재현(좌익수)-김호령(중견수)-김선빈... 지난달 24일 광주 롯데 자이언츠전 9이닝 완봉승 이후 2경기 연속 패전이다. KIA 타선은 아데를린의 솔로포...,www.sportschosun.com,2026-05-06T21:19:00,,ETC,,,gpt_missing_index,,True,한화가 KIA를 이기며 류현진이 활약했습니다.,,neutral,,False,해당 날짜 경기 없음
1353,"'최원태 역투로 시즌 첫 승' 삼성 라이온즈, 키움 히어로즈 꺾고 3연승","시즌 첫 등판인 3월 29일 롯데 자이언츠전에서 6이닝 2실점을 기록한 이후 투구 내용이 들쭉날쭉했다. 지난해... 급히 마운드에 오른 불펜 이승민이 최원태와 삼성을 구했다. 두 타자를 연속 삼진으로 정리, 홈 팬들의...",www.imaeil.com,2026-05-06T21:10:00,,ETC,,,gpt_missing_index,,True,최원태가 삼성의 승리를 이끌며 3연승을 달성했다.,최원태,negative,,False,해당 날짜 경기 없음
1354,[IS 수원] 그라운드에 퍼진 연기...위즈파크 외부 쓰레기장에서 화재......,수원 케이티위즈파크에서 진행 중인 KT 위즈와 롯데 자이언츠의 주중 3연전 2차전이 7회 초 진행 중 중단됐다.... 시점에서도 연기는 그라운드를 맴돌았다. 오른쪽 불펜 뒤 좌석에 있었던 관중들은 내야 통로로 이동했다. 수원=,isplus.com,2026-05-06T20:34:00,,ETC,,,gpt_missing_index,,True,KT 위즈파크에서 화재로 경기가 중단되었다.,,neutral,,False,해당 날짜 경기 없음
1355,"롯데 나승엽, 속죄포 폭발!…1군 등록 '이튿날' 마수걸이 홈런 터졌다 [...",롯데 자이언츠 내야수 나승엽이 2026시즌 마수걸이 홈런을 쏘아 올렸다. 1군 복귀와 동시에 맹타를 휘두르면서 페넌트레이스 초반 공백을 무색케하고 있다. 나승엽은 6일 수원 KT위즈파크에서 열린 2026 신한 SOL KBO리그...,www.xportsnews.com,2026-05-06T20:34:00,,INJURY_ROSTER,,1.0,,,True,나승엽이 1군 복귀 후 첫 홈런을 기록했다.,나승엽,positive,,False,해당 날짜 경기 없음
1356,235일만의 속죄포 터졌다! 김태형도 인정한 '중심타자' 맞네…고승민 →...,"롯데 자이언츠 나승엽은 6일 수원 KT위즈파크에서 열린 KT 위즈와의 주중시리즈 2차전 6회초, 오른쪽 담장을 넘기는 투런포를 터뜨렸다. 시즌전 도박 이슈로 30경기 출전정지 징계를 받은 이후 복귀한지 2경기만에 홈런...",www.sportschosun.com,2026-05-06T20:29:00,,INJURY_ROSTER,,1.0,,,True,나승엽이 235일 만에 홈런을 터뜨렸다.,나승엽,positive,,False,해당 날짜 경기 없음
1357,"돌아온 NC 에이스 라일리, 시즌 첫 등판서 피홈런 3방…5이닝 4실점","재활에 매달린 라일리는 부상에서 회복해 4월 중순부터 불펜 투구, 라이브 피칭을 실시했고, 4월 30일 롯데 자이언츠와의 퓨처스(2군)리그 경기에 선발 등판해 실전 감각을 끌어올렸다. 당시 라일리는 5이닝 1피안타...",www.newsis.com,2026-05-06T20:17:00,,INJURY_ROSTER,,1.0,,,True,NC 라일리가 시즌 첫 등판에서 피홈런 3방을 허용했다.,,negative,,False,해당 날짜 경기 없음
1358,"롯데 나승엽, 징계 복귀 두 경기째 만에 대포…KT 상대 6회 투런포","프로야구 롯데 자이언츠의 나승엽이 징계 복귀 두 경기째 만에 대포를 쏘아 올렸다. 나승엽은 6일 수원... 징계 해제일인 전날(5일) 1군 엔트리에 돌아온 나승엽은 7회 대타로 그라운드를 밟았고, 2타수 2안타로 녹슬지...",www.newsis.com,2026-05-06T20:13:00,,INJURY_ROSTER,,1.0,,,True,나승엽이 징계 복귀 후 두 경기 만에 홈런을 쏘았다.,나승엽,positive,,False,해당 날짜 경기 없음
1359,‘초대박’ 롯데가 포기한 외인 대반전! 29살 빅리그 데뷔 감격…155km 강...,롯데 자이언츠와 재계약이 불발된 투수가 마이너리그를 거쳐 29살에 메이저리그 무대에 데뷔하는 감격의 순간을 맞이했다. 알렉 감보아(보스턴 레드삭스)는 6일(이하 한국시간) 미국 미시간주 디트로이트...,www.osen.co.kr,2026-05-06T20:12:00,,TRANSACTION_CONTRACT,,1.0,,,True,롯데가 포기한 외인이 메이저리그에 데뷔했다.,,neutral,,False,해당 날짜 경기 없음
1360,"이래서 롯데가 기다렸구나, 나승엽 달아나는 투런 홈런 폭발…235일 만에...",괜히 롯데 자이언츠가 징계가 끝나자마자 콜업한 것이 아니다. 나승엽이 올 시즌 첫 선발 출전 경기에서 홈런을 때려냈다. 나승엽은 6일 수원 KT 위즈파크에서 열린 2026 신한 SOL KBO리그 KT 위즈와의 원정 경기에서...,www.mydaily.co.kr,2026-05-06T20:09:00,,PERFORMANCE_ANALYSIS,MATCH_RELATED,0.9,,,True,나승엽이 첫 선발 경기에서 홈런을 기록했다.,나승엽,positive,,False,해당 날짜 경기 없음
1361,치열한 그들만의 리그…‘롯·한·키’ 하위권 탈출 전쟁,"5경기 차 접전 치열 “‘반등’의 롯데, ‘안갯속’ 한화, ‘탈꼴찌’ 키움.” 롯데 자이언츠와 한화 이글스... 선발 투수들은 줄줄이 부상당했고, 불펜 마운드까지 난조를 겪고 있기 때문이다. 지난 3월 왼쪽 햄스트링...",www.kookje.co.kr,2026-05-06T19:27:00,,INJURY_ROSTER,,1.0,,,True,롯데가 하위권 탈출을 위한 치열한 경쟁에 나섰다.,,neutral,,False,해당 날짜 경기 없음
1362,'김태형도 허탈' 돌발 2루 송구 → 텅빈 3루까지…'롯데병' 내야 대혼란...,"롯데 자이언츠 팬들에겐 익숙한 패배의 냄새다. 과거 이에 대한 질문에 김태형 롯데 감독은 ""그게 강팀과 약팀의 차이다. 그런 수비 하나, 디테일 하나에서 삐걱거리느냐 아니냐가 강팀과 약팀을 나누는 기준""이라고...",www.sportschosun.com,2026-05-06T19:18:00,,PERFORMANCE_ANALYSIS,MATCH_RELATED,0.9,,,True,롯데의 내야 수비에서 혼란이 발생하며 패배의 원인이 되었다.,김태형,negative,,False,해당 날짜 경기 없음
1363,"[야구] kt 소형준, 오른쪽 어깨 소완근 염좌로 엔트리 말소… 배제성 기...","롯데 자이언츠를 상대로 펼친 홈경기에서 선발 등판해 6이닝을 던졌다. 소형준은 삼진 6개를 뽑아내고, 안타 3개와 볼넷 1개를 내주며 2실점했다. kt의 어린이날 징크스도 씻어냈다. 소형준은 올 시즌 패배 없이 3승에...",www.newscj.com,2026-05-06T19:16:00,,INJURY_ROSTER,,1.0,,,True,소형준이 롯데를 상대로 호투했으나 부상으로 엔트리에서 제외되었다.,,neutral,,False,해당 날짜 경기 없음
1364,'복귀 하루 만에' 롯데 나승엽 4번-고승민 2번타자 전격 선발→김태형 ...,롯데 자이언츠 내야수 나승엽(24)과 고승민(26)이 복귀 하루 만에 상위 타선에 전격 배치됐다. 롯데는 6일... 이들은 드림팀(3군 및 재활군)에 합류해 대학팀들을 상대로 훈련하며 복귀를 기다렸다. 전날 경기에 앞서...,www.starnewskorea.com,2026-05-06T18:48:00,,INJURY_ROSTER,,1.0,,,True,나승엽과 고승민이 복귀 후 상위 타선에 배치되었다.,나승엽;고승민,positive,,False,해당 날짜 경기 없음
1365,'KT 선발진 첫 변수' 소형준 2주간 이탈…배제성 '부상 복귀'로 응급 처...,"소형준은 올 시즌 패배 없이 3승, 평균자책점 3.69를 기록하며 팀의 상승세를 이끌어왔다. 전날 수원 케이티위즈파크에서 열린 롯데 자이언츠전에서도 6이닝 2실점(3피안타 6탈삼진)으로 호투하며 제 몫을 다했다. 개막...",www.nocutnews.co.kr,2026-05-06T18:39:00,,INJURY_ROSTER,,1.0,,,True,소형준이 부상으로 2주간 이탈하게 되어 KT에 타격이 예상된다.,,negative,,False,해당 날짜 경기 없음
1366,"'이럴수가' 리그 1위 KT, 날벼락! 선발 로테이션 첫 균열...ERA 3점대 에이...","선발진의 한 축을 맡아온 소형준이 어깨 부상으로 잠시 전열에서 이탈하게 됐다. KT 구단은 6일 ""소형준이 5일 롯데 자이언츠와 경기에 등판한 뒤 오른쪽 어깨 부위에 불편함을 호소했다""며 ""검진 결과, 소원근 염좌...",www.sportalkorea.com,2026-05-06T18:30:00,,INJURY_ROSTER,,1.0,,,True,KT의 소형준이 부상으로 선발 로테이션에서 이탈하게 되었다.,,negative,,False,해당 날짜 경기 없음
1367,"‘어제 징계 복귀했는데’ 나승엽 왜 4번타자인가, 김태형 직접 밝혔다...",프로야구 롯데 자이언츠는 6일 수원KT위즈파크에서 열리는 2026 신한 SOL KBO리그 KT 위즈와의 시즌 4번째... 김태형 감독은 사전 브리핑에서 전날 패배의 빌미가 된 두 장면을 복기하는 시간도 가졌다. 먼저 6회말 무사 1...,www.osen.co.kr,2026-05-06T18:22:00,,INJURY_ROSTER,,1.0,,,True,김태형 감독이 나승엽의 4번 타자 기용 이유를 설명했다.,나승엽;김태형,neutral,,False,해당 날짜 경기 없음
1368,"""최고 146㎞ 회복""…롯데 정현수, 불펜 핵심 재도약 예고",6일 수원 케이티위즈파크에서 열리는 kt wiz와 롯데 자이언츠의 주중 2차전을 앞두고 시선은 롯데 좌완 불펜 투수 정현수에게 향했다. 전날 같은 장소에서 위기 상황에 등판해 무실점으로 이닝을 정리하며 마운드를 지킨...,www.topstarnews.net,2026-05-06T18:22:00,,PERFORMANCE_ANALYSIS,MATCH_RELATED,0.9,,,True,정현수가 불펜에서 중요한 역할을 할 것으로 기대된다.,정현수,positive,,False,해당 날짜 경기 없음
1369,"[핌in수원] '도박 징계' 나승엽·고승민 각각 4번과 2번 배치...""팀 중심...","한지용 인턴기자 = 프로야구 롯데 자이언츠 김태형 감독이 징계를 마치고 돌아온 나승엽과 고승민을 중심... 기존 4번타자 한동희가 햄스트링 부상과 부진(타율 0.233, 무홈런)으로 2군으로 내려간 만큼 나승엽의...",www.newspim.com,2026-05-06T18:17:00,,INJURY_ROSTER,,1.0,,,True,롯데가 나승엽과 고승민을 중심으로 팀을 재편성했다.,나승엽;고승민,positive,,False,해당 날짜 경기 없음
1370,"이범석 청주시장 예비후보 ""돔구장 유치해 종합 스포츠콤플렉스 완성""","이날 이 예비후보는 사직동 일원 청주실내체육관과 청주종합경기장, 청주야구장 등 기존 체육시설 노후화와 주차난, 편의시설 부족 문제를 언급하며 전면 이전 방식의 종합 스포츠콤플렉스 조성 필요성을 강조했다....",www.jbnews.com,2026-05-06T18:16:00,,ETC,,,gpt_missing_index,,True,청주시장이 돔구장 유치로 스포츠콤플렉스 조성을 강조했다.,,neutral,,False,해당 날짜 경기 없음
1371,kt 소형준 어깨 불편 호소 ‘1군 말소’… 배제성이 메운다,소형준은 전날 롯데 자이언츠와의 홈 경기에 선발 등판해 승패를 기록하진 못했지만 6이닝 2실점으로... 소형준이 빠진 선발 자리는 앞서 스프링캠프에서 부상을 입고 재활에 매진해 온 배제성이 메울 전망이다....,www.kyeongin.com,2026-05-06T18:14:00,,INJURY_ROSTER,,1.0,,,True,소형준이 어깨 불편으로 1군에서 말소되었다.,소형준,negative,,False,해당 날짜 경기 없음
1372,"'돌아온 철인' 정현수…김태형 롯데 감독 ""위기 때 기용할 것""","전날 위기 상황에 구원 투수로 등판해 무실점으로 틀어막은 프로야구 롯데 자이언츠 좌완 정현수가 다시... 정현수는 지난 시즌 82경기에 등판해 47⅔이닝 동안 패배 없이 2승 12홀드, 평균자책점 3.97을 기록했다. 지난...",www.yna.co.kr,2026-05-06T18:09:00,,PERFORMANCE_ANALYSIS,INTERVIEW,0.9,,,True,정현수가 위기 상황에서 무실점으로 팀을 구했다.,정현수,positive,,False,해당 날짜 경기 없음
1373,"[핌in수원] KT '토종 에이스' 소형준 엔트리 말소, 어깨 염좌로 2주 휴식",한지용 인턴기자 = 프로야구 KT 위즈의 토종 에이스 소형준이 어깨 부상으로 1군 엔트리에서 말소됐다. KT는 6일 수원 KT위즈파크에서 열리는 2026 신한 SOL KBO리그 정규시즌 롯데 자이언츠와의 홈경기에 앞서 소형준을...,www.newspim.com,2026-05-06T18:09:00,,INJURY_ROSTER,,1.0,,,True,KT 소형준이 어깨 부상으로 1군에서 말소되었다.,소형준,negative,,False,해당 날짜 경기 없음
1374,"한성모터스, 롯데 자이언츠와 '2026 패밀리 야구 페스티벌' 실시",메르세데스-벤츠 공식 파트너사인 한성모터스가 지난달 25일 부산 사직야구장에서 롯데 자이언츠와 공동으로 '2026 패밀리 야구 페스티벌'을 성황리에 마쳤다고 6일 밝혔다. 이번 행사는 한성모터스 고객 30팀(부모 1명...,www.enewstoday.co.kr,2026-05-06T18:06:00,,CLUB_OPERATION,,0.9,,,True,한성모터스가 롯데와 함께 야구 페스티벌을 개최했다.,,positive,,False,해당 날짜 경기 없음
1375,"KT 선발 소형준, 어깨 부상으로 1군 말소…2주 휴식 후 복귀 예정","KT는 6일 수원 KT위즈파크에서 열린 롯데 자이언츠와의 시즌 4차전을 앞두고 소형준을 말소하고 김정운을... 이강철 감독은 ""배제성을 일요일(10일) 선발로 기용할 예정이며, 50구 정도를 소화한 뒤 불펜 투수들을 투입할...",www.sisunnews.co.kr,2026-05-06T18:02:00,,INJURY_ROSTER,,1.0,,,True,KT 소형준이 어깨 부상으로 1군에서 말소되었다.,소형준,negative,,False,해당 날짜 경기 없음
1376,"'반전 복귀' 한화 양상문, 1군 대신 '잔류군 투수코치' 보직 변경","당시 그는 구장에 출근한 뒤 김 감독과 면담을 갖고, 직접 엔트리 말소를 요청했다. 롯데 자이언츠와 LG 트윈스에서 사령탑을 지낸 양 코치는 2025시즌 한화 마운드를 안정적으로 재편하며 팀의 19년 만의 한국시리즈...",www.stnsports.co.kr,2026-05-06T17:53:00,,INJURY_ROSTER,,1.0,,,True,양상문이 1군 대신 잔류군 투수코치로 보직 변경되었다.,,neutral,,False,해당 날짜 경기 없음
1377,"이범석 ""돔구장 등 스포츠콤플렉스 건설"" 1호 공약","그는 사직동 일대 청주실내체육관, 청주종합경기장, 청주야구장 등이 1970년대 조성돼 시설 노후화와 경기장 규격 미달, 주차난 등으로 대규모 대회 유치와 시민 이용에 한계가 있다고 설명했다. 이 후보는 2036년 준공을...",www.goodmorningcc.com,2026-05-06T17:50:00,,ETC,,,gpt_missing_index,,True,이범석 후보가 스포츠콤플렉스 건설 공약을 발표했다.,,neutral,,False,해당 날짜 경기 없음
1378,"KT 소형준, 어깨 불편감으로 엔트리 제외…삼성 백정현·한화 채은성도...",KT는 6일 수원 KT위즈파크에서 열리는 2026 신한 쏠 KBO리그 롯데 자이언츠와의 경기를 앞두고 소형준을 1군... 같은 날 삼성 라이온즈는 베테랑 불펜 백정현을 1군 엔트리에서 내리고 양창섭을 올렸다. 백정현은 올 시즌...,www.newsis.com,2026-05-06T17:42:00,,INJURY_ROSTER,,1.0,,,True,KT 소형준이 어깨 불편감으로 엔트리에서 제외되었다.,소형준,negative,,False,해당 날짜 경기 없음
1379,"'9이닝당 볼넷 8.17개' KIA, 이의리 때문에 고민 또 고민…""한계 뛰어넘...",야구 통계사이트 '스탯티즈'에 따르면 이의리는 9이닝당 볼넷 8.17개를 기록 중이다. 올 시즌 7경기 이상... 10일 사직 롯데 자이언츠전에 선발투수로 나설 예정이다. 다만 사령탑은 이의리가 5일 경기처럼 일찍 교체될 수...,www.xportsnews.com,2026-05-06T17:35:00,,ETC,,,gpt_missing_index,,True,KIA 이의리가 볼넷 문제로 고민에 빠졌다.,이의리,neutral,,False,해당 날짜 경기 없음
1380,"""못할 때도 자신 있게"" 김태형 감독이 롯데 선수단에 전한 메시지","/롯데 자이언츠 제공 | 수원=한스경제 신희재 기자 | 프로야구 롯데 자이언츠를 이끄는 김태형(59) 감독이... 그는 지난달 29일 1군에 올라와 3차례 등판한 좌완 불펜 정현수에 대해 이야기하던 도중 ""몸 풀 때부터 자신의...",www.hansbiz.co.kr,2026-05-06T17:34:00,,INTERVIEW,PERFORMANCE_ANALYSIS,0.9,,,True,김태형 감독이 롯데 선수단에 자신감을 주었다.,,positive,,False,해당 날짜 경기 없음
1381,"'어깨 염좌' KT 소형준, 1군 엔트리 말소…""2주 휴식""","KT 구단은 6일 ""소형준이 5일 롯데 자이언츠와 경기에 등판한 뒤 오른쪽 어깨 부위에 불편함을 호소했다.... '4번타자' 문보경과 '대주자' 최원영이 발목 부상으로 전열에서 이탈한 LG 트윈스는 투수 배재준, 내야수...",www.news1.kr,2026-05-06T17:25:00,,INJURY_ROSTER,,1.0,,,True,KT 소형준이 어깨 염좌로 1군 엔트리에서 말소되었다.,소형준,negative,,False,해당 날짜 경기 없음
1382,"“빨리 말해 다행이지” 어깨 이상 감지한 KT 소형준, 2주 휴식…대체자...",“더 악화되기 전에 얘기해서 다행이지.” 이강철 KT 위즈 감독(60)은 6일 수원 롯데 자이언츠전을 앞두고... 이 감독은 부상이 악화되기 전 발견된 걸 다행으로 여겼다. 소형준은 5일 경기가 끝난 뒤 곧바로 구단에 몸의...,sports.donga.com,2026-05-06T17:23:00,,INJURY_ROSTER,,1.0,,,True,KT 소형준이 어깨 이상을 조기에 발견해 2주 휴식한다.,소형준,positive,,False,해당 날짜 경기 없음
1383,"‘이럴 수가’ 부상 악령, 1위팀 또 덮쳤다…롯데전 QS→어깨 통증 호소...",프로야구 KT 위즈는 6일 수원KT위즈파크에서 열리는 2026 신한 SOL KBO리그 롯데 자이언츠와의 시즌 4차전에... 일요일 경기라서 뒤에 쓸 수 있는 불펜 자원들이 많다. 그 다음 등판은 70개다”라며 “배제성은 1군에서 쓸...,www.osen.co.kr,2026-05-06T17:20:00,,INJURY_ROSTER,,1.0,,,True,KT가 롯데전에서 부상 문제로 어려움을 겪고 있다.,,negative,,False,해당 날짜 경기 없음
1384,"KT 소형준, 오른쪽 어깨 불편함으로 엔트리에서 말소","소형준은 올 시즌 패배 없이 3승에 평균자책점 3.69를 기록했습니다. 전날 수원 케이티위즈파크에서 열린 롯데 자이언츠와 홈경기에서도 선발 등판해 6이닝 동안 삼진 6개를 잡고, 안타 3개, 볼넷 1개를 내줘 2실점 호투를...",news.sbs.co.kr,2026-05-06T17:19:00,,INJURY_ROSTER,,1.0,,,True,소형준이 롯데전에서 호투했으나 어깨 불편으로 말소되었다.,소형준,negative,,False,해당 날짜 경기 없음
1385,"""어깨 이상에 2주 휴식""…kt 소형준 말소, 배제성 선발 카드 가동",수원 케이티위즈파크에서 열린 5일 롯데 자이언츠와 홈경기에서도 선발 등판해 6이닝 동안 안타 3개와 볼넷... 일요일 롯데전 선발 투수로 배제성을 기용할 구상이라고 밝혔다. 주말 시리즈 마지막 경기 특성상 불펜...,www.topstarnews.net,2026-05-06T17:06:00,,INJURY_ROSTER,,1.0,,,True,kt 소형준이 어깨 이상으로 2주간 휴식에 들어갑니다.,소형준,neutral,,False,해당 날짜 경기 없음
1386,"""롯데 고마워요"" 그 투수, MLB 데뷔하고 눈물 '글썽'…가족들도 함께 울...","롯데에서 자신감을 얻은 감보아는 시즌 종료 후 보스턴과 마이너리그 계약을 맺었다. 미국으로 돌아가게 된 그는 자신의 사회관계망서비스(SNS) 계정을 통해 ""KBO에서 활약할 수 있는 기회를 주신 롯데 자이언츠에...",www.xportsnews.com,2026-05-06T17:02:00,,TRANSACTION_CONTRACT,,1.0,,,True,감보아가 롯데에서의 경험을 감사하며 MLB로 복귀합니다.,감보아,positive,,False,해당 날짜 경기 없음
1387,"kt 소형준, 오른쪽 어깨 불편함으로 엔트리 말소…배제성 기용","소형준은 올 시즌 패배 없이 3승에 평균자책점 3.69를 기록했다. 전날 수원 케이티위즈파크에서 열린 롯데 자이언츠와 홈경기에서도 선발 등판해 6이닝 동안 삼진 6개를 잡고, 안타 3개, 볼넷 1개를 내줘 2실점 호투를...",www.yna.co.kr,2026-05-06T16:54:00,,INJURY_ROSTER,,1.0,,,True,소형준이 어깨 불편으로 엔트리에서 말소되었습니다.,소형준,neutral,,False,해당 날짜 경기 없음
1388,"KT 소형준, 호투 다음날 1군 엔트리 말소 왜? ""소원근, 극하근 염좌...2주...","이강철 KT 감독은 6일 수원케이티위즈파크에서 롯데 자이언츠전을 앞두고 취재진과 만나 ""오늘 소형준이 1군... 배제성이 50구 정도를 던지고 그 이후로는 불펜 투수들을 총동원해서 막는다""고 했다. 2군에서 한 번 더...",www.spochoo.com,2026-05-06T16:54:00,,INJURY_ROSTER,,1.0,,,True,KT 감독이 소형준의 엔트리 말소 이유를 설명했습니다.,소형준,neutral,,False,해당 날짜 경기 없음
1389,"""찝찝한 게 있었대요"" 소형준 어깨 불편감으로 1군 말소…1위는 다르네...",소형준은 5일 수원 KT 위즈파크에서 열린 2026 신한 SOL KBO리그 롯데 자이언츠와의 홈 경기에 선발 등판해 6이닝 3피안타 1볼넷 6탈삼진 2실점 노디시전을 기록했다. 승리 요건을 갖췄으나 불펜 난조로 승리가 날아갔다. 올...,www.mydaily.co.kr,2026-05-06T16:40:00,,INJURY_ROSTER,,1.0,,,True,소형준이 호투했으나 불펜 난조로 승리를 놓쳤습니다.,소형준,negative,,False,해당 날짜 경기 없음
1390,"'이럴수가' 잘 나가던 KT 날벼락! 소형준, 어깨 부상으로 이탈→배제성...",그래도 큰 부상은 아니라는 점에서 안도의 한숨을 내쉴 수 있게 됐다. 소형준이 전열에서 이탈했다. KT 6일 수원 KT위즈파크에서 열리는 2026 신한은행 SOL Bank KBO리그 롯데 자이언츠와 팀 간 시즌 4차전 홈 맞대결에 앞서...,www.spotvnews.co.kr,2026-05-06T16:40:00,,INJURY_ROSTER,,1.0,,,True,소형준의 어깨 부상으로 KT가 타격을 입었습니다.,소형준,negative,,False,해당 날짜 경기 없음
1391,"[IS 수원] '소원근 염좌' KT 소형준, 1군 엔트리 제외...2주 휴식 예정→...","KT는 6일 수원 케이티위즈파크에서 열리는 2026 KBO리그 정규시즌 롯데 자이언츠와의 홈 주중 3연전 2차전을... 마침 (대체 등판 날짜가) 일요일(10일)이라 불펜 투수를 많이 쓸 수 있으니, 50구 정도 던지도록 계획하고 있다...",isplus.com,2026-05-06T16:38:00,,INJURY_ROSTER,,1.0,,,True,KT 소형준이 1군 엔트리에서 제외되었습니다.,소형준,neutral,,False,해당 날짜 경기 없음
1392,"'이혼' 김지연, 정철원과 진흙탕 소송에 무거운 입장…""증거 많아→아이...",이어 “집 계약이 12월까지라서 만에 하나 최악의 경우 12월까지 있어야 한다”며 “어린이집 T.O가 있어야... 그는 롯데 자이언츠 소속 야구선수 정철원과 혼전임신 후 지난 2024년 아들을 출산했다. 두 사람은 지난해 12월...,www.tvreport.co.kr,2026-05-06T15:45:00,,TRANSACTION_CONTRACT,,1.0,,,True,정철원과의 소송에 김지연이 어려운 입장을 밝혔습니다.,정철원,negative,,False,해당 날짜 경기 없음
1393,"[ESG] 롯데면세점, 장애인 스포츠 고용 확대...패럴림픽 포상금도 지원",6일 롯데면세점은 지난 4일 서울 중구 본사에서 '장애인 스포츠 선수 고용 계약 체결식'을 열고 총 5명의... 롯데그룹은 프로야구단 롯데 자이언츠 운영과 함께 대한스키·스노보드협회 회장사를 맡아 스포츠 지원 활동을...,www.joongangenews.com,2026-05-06T15:20:00,,TRANSACTION_CONTRACT,,1.0,,,True,롯데면세점이 장애인 스포츠 선수 고용 계약을 체결했다.,,positive,,False,해당 날짜 경기 없음
1394,"정철원·김원중 흔들렸지만...정현수, KT 베테랑 좌타 라인 완벽 봉쇄→...","비록 5연승을 실패했지만, 롯데 자이언츠에 희망을 준 선수가 있었다. '불펜 마당쇠' 정현수(25) 얘기다. 롯데는 지난 5일 수원 케이티위즈파크에서 열린 2026 KBO리그 정규시즌 원정 주중 3연전 2차전에서 4-5로 패했다. 0-1, 3...",isplus.com,2026-05-06T14:27:00,,PERFORMANCE_ANALYSIS,MATCH_RELATED,0.9,,,True,정현수가 롯데의 패배 속에서도 희망을 주었다.,정현수,positive,,True,해당 날짜 경기 없음
1395,"롯데면세점, 장애인 운동선수 직고용…""스포츠 지원으로 사회적 책임 실...","롯데면세점은 지난 4일 서울 중구 본사에서 '장애인 스포츠 선수 고용 계약 체결식'을 열고, 탁구 2명, 수영... 롯데그룹은 프로야구단 롯데 자이언츠 운영을 비롯해 2014년부터 대한스키·스노보드협회 회장사를 맡으며...",www.cnbizm.com,2026-05-06T14:24:00,,TRANSACTION_CONTRACT,,1.0,,,True,롯데면세점이 장애인 스포츠 선수 고용 계약을 체결했다.,,positive,,False,해당 날짜 경기 없음
1396,"황재균, 주식 이야기에 ""수익률 마이너스 30%""…특정 종목 언급엔 '조심...","히어로즈, 롯데 자이언츠, 샌프란시스코 자이언츠 등을 거쳤다. 2025년 KT 위즈에서 20년간의 야구선수 생활을 마무리했다. 2022년 티아라 지연과 결혼했으나, 2024년 10월 이혼했다. SM C&C 계약 과정에서는 ""전현무가...",economist.co.kr,2026-05-06T11:36:00,,TRANSACTION_CONTRACT,,1.0,,,True,황재균이 주식 수익률에 대해 언급했다.,황재균,neutral,,False,해당 날짜 경기 없음
1397,"롯데면세점, 장애인 운동선수 5명 직접 고용...스포츠 ESG 강화","지난 4일 롯데면세점은 서울 중구 본사에서 '장애인 스포츠 선수 고용 계약 체결식'을 열고, 탁구 2명, 수영... 롯데그룹은 프로야구단 롯데 자이언츠 운영을 비롯해 2014년부터 대한스키·스노보드협회 회장사를 맡으며 국내...",www.womentimes.co.kr,2026-05-06T11:10:00,,TRANSACTION_CONTRACT,,1.0,,,True,롯데면세점이 장애인 스포츠 선수 고용 계약을 체결했다.,,positive,,False,해당 날짜 경기 없음
1398,"롯데에 남았다면 이런 꿈같은 순간 없었다…155km 환상 퍼펙트, 마침내...",지난해 KBO 리그 롯데 자이언츠에서 뛰었던 좌완투수 알렉 감보아(29)가 생애 최초로 메이저리그 마운드에... 롯데는 감보아와 재계약을 포기했고 감보아는 올 시즌을 앞두고 보스턴과 마이너리그 계약을 맺으면서...,www.spotvnews.co.kr,2026-05-06T10:49:00,,TRANSACTION_CONTRACT,,1.0,,,True,알렉 감보아가 메이저리그에서 첫 경기를 치렀다.,알렉 감보아,negative,,False,해당 날짜 경기 없음
1399,"롯데면세점, 장애인 선수 5명 채용…포상금 제도 신설",앞서 롯데면세점은 지난 4일 서울 중구 본사에서 ‘장애인 스포츠 선수 고용 계약 체결식’을 열고 탁구 2명... 롯데그룹은 프로야구단 롯데 자이언츠를 운영하고 2014년부터 대한스키·스노보드협회 회장사를 맡는 등...,www.sentv.co.kr,2026-05-06T10:48:00,,TRANSACTION_CONTRACT,,1.0,,,True,롯데면세점이 장애인 선수 고용 계약을 체결했다.,,positive,,False,해당 날짜 경기 없음
1400,"롯데면세점, 장애인 선수 직접 고용…스포츠 ESG 확대",롯데면세점은 지난 4일 서울 중구 본사에서 '장애인 스포츠 선수 고용 계약 체결식'을 열었다. 탁구 2명·수영... 롯데그룹은 프로야구단 롯데 자이언츠 운영을 비롯해 대한스키·스노보드협회 회장사를 맡는 등 국내...,www.widedaily.com,2026-05-06T10:42:00,,TRANSACTION_CONTRACT,,1.0,,,True,롯데면세점이 장애인 스포츠 선수 고용 계약을 체결했다.,,positive,,False,해당 날짜 경기 없음
1401,"한성모터스, '경험 마케팅' 전면에…롯데자이언츠와 사직구장 그라운드...","자동차 판매를 넘어 고객의 즐거움을 배가하는 체험형 이벤트로 충성도를 고취하려는 목적으로 보인다.6일 한성모터스에 따르면, 회사는 지난달 25일 부산 사직야구장에서 롯데 자이언츠와 함께 '2026 패밀리 야구 페스티벌...",www.asiatoday.co.kr,2026-05-06T10:08:00,,CLUB_OPERATION,ETC,0.9,,,True,한성모터스가 롯데자이언츠와 함께 체험형 이벤트를 진행한다.,,positive,,False,해당 날짜 경기 없음
1402,"롯데免, 장애인 운동선수 5명 채용…스포츠 지원으로 고용 방식 확장",4일 서울 중구 롯데면세점 본사에서 열린 '장애인 스포츠 선수 고용 계약 체결식'에서 임석원 롯데면세점... 롯데그룹은 프로야구단 롯데 자이언츠 운영을 비롯해 2014년부터 대한스키·스노보드협회 회장사를 맡으며 국내...,www.pointdaily.co.kr,2026-05-06T10:08:00,,TRANSACTION_CONTRACT,,1.0,,,True,롯데면세점이 장애인 운동선수 5명을 채용했다.,,positive,,False,해당 날짜 경기 없음
1403,"롯데免, 장애인 운동선수 5명 직고용…급여·훈련장 제공","지난 4일 '장애인 스포츠 선수 고용 계약 체결식'을 열고 탁구 2명, 수영 2명, 배드민턴 1명 등 총 5명의... 롯데그룹은 프로야구단 롯데 자이언츠 운영을 비롯해 2014년부터 대한스키·스노보드협회 회장사를 맡으며 국내...",view.asiae.co.kr,2026-05-06T09:44:00,,TRANSACTION_CONTRACT,,1.0,,,True,롯데면세점이 장애인 운동선수 5명을 직고용했다.,,positive,,False,해당 날짜 경기 없음
1404,"롯데면세점, ‘장애인 선수 채용’으로 스포츠 연계 사회공헌 확대","6일 롯데면세점에 따르면 서울 중구 본사에서 장애인 선수단 고용 계약식을 열고 탁구·수영·배드민턴 종목... 롯데그룹은 프로야구단 롯데 자이언츠 운영과 함께 스키·스노보드 종목 후원, 장애인 선수단 운영 등을...",www.etoday.co.kr,2026-05-06T09:34:00,,TRANSACTION_CONTRACT,,1.0,,,True,롯데면세점이 장애인 선수단 고용 계약식을 개최했다.,,positive,,False,해당 날짜 경기 없음
1405,"롯데면세점, 장애인 운동선수 5명 직접 고용","롯데면세점은 지난 4일 서울 중구 본사에서 ‘장애인 스포츠 선수 고용 계약 체결식’을 열고, 탁구 2명... 롯데그룹은 프로야구단 롯데 자이언츠 운영을 비롯해 2014년부터 대한스키·스노보드협회 회장사를 맡으며 국내...",sports.khan.co.kr,2026-05-06T09:27:00,,TRANSACTION_CONTRACT,,1.0,,,True,롯데면세점이 장애인 운동선수 5명을 직접 고용했다.,,positive,,False,해당 날짜 경기 없음
1406,"롯데免, 장애인 선수 5명 ‘직접 고용’…포상금도 지원한다",지난 4일 롯데면세점 서울 중구 본사에서 열린 ‘장애인 스포츠 선수 고용 계약 체결식’에서 임석원... 롯데그룹은 프로야구단 롯데 자이언츠 운영을 비롯해 2014년부터 대한스키·스노보드협회 회장사를 맡고 있다....,biz.heraldcorp.com,2026-05-06T09:23:00,,TRANSACTION_CONTRACT,,1.0,,,True,롯데면세점이 장애인 선수 5명을 직접 고용하고 포상금을 지원한다.,,positive,,False,해당 날짜 경기 없음
1407,"'대전 예수'도 '최동원상'도 줄줄이 마이너행, KBO 특급이었던 역수출 투...","NC 다이노스 출신 샌디에이고 파드리스 카일 하트는 불펜으로 12경기에 등판해 16⅔이닝을 던져 5.40을... 롯데 자이언츠 출신인 뉴욕 메츠 좌완 셋업맨 브룩스 레일리가 14경기에서 5홀드, 평균자책점 1.42를 마크, 눈에...",www.sportschosun.com,2026-05-06T09:18:00,,PERFORMANCE_ANALYSIS,ETC,0.9,,,True,롯데 자이언츠 출신 브룩스 레일리가 좋은 성적을 기록하고 있다.,브룩스 레일리,positive,,True,해당 날짜 경기 없음
1408,"롯데면세점, 장애인 운동선수 5명 직접 고용…포상금 제도 마련","롯데면세점은 지난 4일 중구 본사에서 '장애인 스포츠 선수 고용 계약 체결식'을 열고 탁구 2명, 수영 2명... 롯데그룹은 프로야구단 롯데 자이언츠를 운영하고 있으며 2014년부터 대한스키·스노보드협회 회장사를 맡고...",www.yna.co.kr,2026-05-06T08:37:00,,TRANSACTION_CONTRACT,,1.0,,,True,롯데면세점이 장애인 운동선수 5명을 직접 고용하고 포상금 제도를 마련했다.,,positive,,False,해당 날짜 경기 없음
1409,"황재균, 은퇴 4개월 근황 “올해 수입 0원…주식은 마이너스 30%”","히어로즈, 롯데 자이언츠, 샌프란시스코 자이언츠 등을 거쳤다. 2025년 KT 위즈에서 20년간의 야구선수 생활을 마무리했다. 2022년 티아라 지연과 결혼했으나, 2024년 10월 이혼했다. SM C&C 계약 과정에서는 ""전현무가...",www.segye.com,2026-05-06T08:30:00,,TRANSACTION_CONTRACT,,1.0,,,True,황재균이 은퇴 후 수입이 없다고 전했다.,황재균,neutral,,False,해당 날짜 경기 없음
1410,"황재균, 전현무 업고 방송인 되더니…""어떻게 해야할지 어려워""('덕밥집...","히어로즈, 롯데 자이언츠, 샌프란시스코 자이언츠 등을 거쳤다. 2025년 KT 위즈에서 20년간의 야구선수 생활을 마무리했다. 2022년 티아라 지연과 결혼했으나, 2024년 10월 이혼했다. SM C&C 계약 과정에서는 ""전현무가...",www.tenasia.co.kr,2026-05-06T07:31:00,,TRANSACTION_CONTRACT,,1.0,,,True,황재균이 방송인으로서의 어려움을 토로했다.,황재균,neutral,,False,해당 날짜 경기 없음
1411,어린이날 마지막 잠실더비 승자는 LG,"LG 불펜진의 활약도 빛났다. 고우석(디트로이트 타이거스) 영입이 무산된 가운데 김진성과 함덕주, 우강훈... 수원에선 KT 위즈가 롯데 자이언츠를 5대 4로 꺾고 선두를 지켰다. 롯데는 도박 파문을 일으켰던 나승엽과...",www.kmib.co.kr,2026-05-06T01:58:00,,TRANSACTION_CONTRACT,,1.0,,,True,어린이날 잠실더비에서 LG가 승리했다.,,negative,,True,해당 날짜 경기 없음
1412,"'정철원 이혼' 김지연, 가정 폭력 소송 ""칼 들고 협박한 거 아니지 않나...",어차피 집 계약이 12월까지라서 만에 하나 최악의 경우 12월까지 있어야 한다. 어린이집 T.O가 있어야 하는 데... 한편 김지연은 엠넷 '러브 캐처' 출신으로 롯데 자이언츠 소속 야구선수 정철원과 혼전임신으로 2024년 아들을...,www.mydaily.co.kr,2026-05-05T22:40:00,,TRANSACTION_CONTRACT,,1.0,,,True,김지연이 정철원과의 이혼 소송을 진행 중이다.,정철원,neutral,,False,해당 날짜 경기 없음
1413,"LG, 잠실구장 마지막 어린이날 맞대결 승리…두산에 2대 1로 신승","LG 불펜진의 활약도 빛났다. 고우석(디트로이트 타이거스) 영입이 무산된 가운데 김진성과 함덕주, 우강훈... 수원에선 KT 위즈가 롯데 자이언츠를 5대 4로 꺾고 선두를 지켰다. 롯데는 도박 파문을 일으켰던 나승엽과...",www.kmib.co.kr,2026-05-05T18:11:00,,TRANSACTION_CONTRACT,,1.0,,,True,LG가 어린이날 맞대결에서 두산에 승리했다.,,negative,,True,해당 날짜 경기 없음
1414,"“뺏길 뻔했다” 롯데 출신 감보아, 타 구단 낚아채기 직전 ML 콜업","“마이너리그에서 주로 불펜 투수로 뛰었던 감보아는 지난해 변화를 선택했다. 선발 투수 전향을 위해 KBO리그 롯데 자이언츠와 계약했고, 19경기에 선발 등판해 7승 8패 평균자책점 3.58을 기록했다”고 소개했다....",www.osen.co.kr,2026-05-05T15:27:00,,TRANSACTION_CONTRACT,,1.0,,,True,롯데 출신 감보아가 MLB에 콜업됐다.,감보아,positive,,False,해당 날짜 경기 없음
1415,"롯데 '도박 3인방' 징계는 끝났지만 싸늘한 팬심 어쩌나…고승민 ""할 수...","롯데 자이언츠 세 선수는 어떻게 팬들에게 '보답'을 하려 할까. 롯데 자이언츠는 5일 수원 KT 위즈전에 앞서 고승민, 나승엽, 김세민을 1군으로 콜업했다. 전날(4일) 한동희, 김민성, 한태양이 2군으로 내려갔다. 한동희는...",www.mydaily.co.kr,2026-05-05T14:31:00,,TRANSACTION_CONTRACT,MATCH_RELATED,0.9,,,True,롯데 '도박 3인방'이 팬들에게 보답할 방법을 고민 중이다.,고승민;나승엽;김세민,negative,,True,해당 날짜 경기 없음
1416,"김태형 감독, '도박 스캔들' 3인방 향해 ""야구 잘해서 보답해야""…고승...",롯데 자이언츠 '도박 스캔들' 3인방이 팬들을 향해 고개를 숙였다. 김태형 감독도 선수들에게 따끔한 메시지를 전했다. 롯데는 5일 수원 KT 위즈파크에서 2026 신한 SOL KBO리그 KT 위즈와 경기를 치른다. 드디어 고승민...,www.mydaily.co.kr,2026-05-05T13:13:00,,INTERVIEW,MATCH_RELATED,0.9,,,True,김태형 감독이 '도박 스캔들' 선수들에게 경각심을 줬다.,고승민;나승엽;김세민,negative,,True,해당 날짜 경기 없음
1417,"""6주 계약에 실망했다면 韓 안 왔을 것""…KIA 새 얼굴 아데를린 ""기회 얻...",KIA는 기존 외국인 타자였던 해럴드 카스트로가 지난달 25일 광주 롯데 자이언츠전을 치르던 중 왼쪽 햄스트링(허벅지 뒤 근육)을 다치면서 대체 외국인 선수를 영입해야 했다. 후보군에 올랐던 선수들을 살핀 끝에 지난...,www.xportsnews.com,2026-05-05T13:05:00,,TRANSACTION_CONTRACT,,1.0,,,True,KIA가 카스트로 대체 선수 영입을 결정했다.,,neutral,,False,해당 날짜 경기 없음
1418,"롯데, 어린이날에 '도박 스캔들' 고승민·나승엽·김세민 1군 콜업→고승...",롯데 자이언츠가 계획대로 '도박 스캔들' 세 선수를 1군에 콜업했다. 롯데는 5일 수원 KT 위즈파크에서 2026 신한 SOL KBO리그 KT 위즈와 시즌 3차전 맞대결을 치른다. 장두성(중견수)-윤동희(우익수)-빅터 레이예스(좌익수)...,www.mydaily.co.kr,2026-05-05T12:10:00,,TRANSACTION_CONTRACT,MATCH_RELATED,0.9,,,True,롯데가 도박 스캔들 선수들을 1군에 콜업했다.,고승민;나승엽;김세민,neutral,,False,해당 날짜 경기 없음
1419,"카스트로와 다른 유형…지난해 멕시코리그 42홈런타자, KBO 홈런 1위 김도...",로드리게스는 4일 KIA와 6주 5만 달러(약 7381만 원) 규모의 계약을 체결한 뒤 5일 선수단에 합류한다. 그는 지난달 25일 광주 롯데 자이언츠전서 왼쪽 햄스트링이 부분 파열된 해럴드 카스트로(33)를 대체한다....,sports.donga.com,2026-05-05T07:04:00,,TRANSACTION_CONTRACT,,1.0,,,True,KIA가 카스트로 대체로 로드리게스를 영입했다.,,neutral,,False,해당 날짜 경기 없음
1420,"'징계 3인방' 컴백 전 일단 탈꼴찌 성공, 롯데 한숨 돌렸다…2연속 위닝...",롯데 자이언츠가 '징계 3인방'의 1군 콜업을 앞두고 탈꼴찌에 성공했다. 이제 남은 건 컴백 자원들의 활약... 시즌 12승 17패 1무(승률 0.414)가 된 롯데는 같은 날 패배한 한화 이글스(9위)와 키움 히어로즈(10위)를 누르고...,www.xportsnews.com,2026-05-05T05:30:00,,TRANSACTION_CONTRACT,,0.9,,,True,롯데가 탈꼴찌에 성공하며 한숨을 돌렸다.,,positive,,False,해당 날짜 경기 없음
1421,"“(김)현수 형, (최)원준이…타선에 활력이 돈다” 고영표 분석, 2026년 ...","불펜 대란 속에서도 박영현이란 가장 확실한 마무리를 보유한 팀이기도 하다. 고영표는 지난 1일 광주 KIA... 단, 이강철 감독은 당장 이번주에 상대할 롯데 자이언츠, 키움 히어로즈의 1~3선발투수들을 만난다며 눈 앞의...",www.mydaily.co.kr,2026-05-04T22:00:00,,PERFORMANCE_ANALYSIS,,0.9,,,True,고영표가 롯데 타선의 활력을 분석했다.,,neutral,,False,해당 날짜 경기 없음
1422,도대체 127km 공에 ML 타자들 왜 당하는걸까…전직 롯데 에이스 40대 임...,"전직 롯데 에이스는 여전히 빅리그 마운드에 오르고 있다. 뉴욕 메츠 불펜투수진의 '필승카드' 브룩스... 2012~2023년 시카고 컵스에서 뛰었던 레일리는 2015년 롯데 자이언츠에 입단, KBO 리그와 인연을 맺었다....",www.spotvnews.co.kr,2026-05-04T21:04:00,,TRANSACTION_CONTRACT,,1.0,,,True,전직 롯데 에이스가 여전히 빅리그에서 활약 중이다.,,neutral,,False,해당 날짜 경기 없음
1423,"기아 타이거즈, 카스트로 대체 외국인 아데를린 영입","도미니카공화국 출신 내야수 아데를린은 이날 KIA와 계약 기간 6주, 연봉 5만 달러(약 7400만원)에 계약했다. 카스트로는 지난달 25일 광주 롯데 자이언츠전 3회초 수비 과정에서 왼쪽 햄스트링 통증을 느꼈고...",www.gukjenews.com,2026-05-04T15:14:00,,TRANSACTION_CONTRACT,INJURY_ROSTER,0.9,,,True,KIA가 아데를린을 카스트로 대체 선수로 영입했다.,,neutral,,False,해당 날짜 경기 없음
1424,“이 정도면 주전 아입니까” 롯데 상승세 이끄는 ‘슈퍼 서브’,"시즌 전 프로야구 롯데 자이언츠에서 주전급으로 분류되지 않던 장두성, 박승욱이 주축 선수들의 공백... 연장 11회 승부 끝에 패한 지난달 29일 키움전에서는 3-5로 지고 있었던 8회말 키움 불펜투수 김재웅을 상대로...",www.busan.com,2026-05-04T15:10:00,,PERFORMANCE_ANALYSIS,,0.9,,,True,롯데의 슈퍼 서브들이 상승세를 이끌고 있다.,장두성;박승욱,positive,,False,해당 날짜 경기 없음
1425,"'6회 이후 24득점' 롯데, 타선 살아나니 '역전의 명수' 됐다","시즌 초반 부진의 터널에 갇혔던 프로야구 롯데 자이언츠가 5월 들어 180도 다른 모습으로 반등했다.... 롯데는 5~7일 선두 KT 위즈와 수원 3연전을 치르며, 8~10일 부산 사직구장에서 KIA와 맞대결을 펼친다. 올 시즌...",www.news1.kr,2026-05-04T14:05:00,,PERFORMANCE_ANALYSIS,MATCH_RELATED,0.9,,,True,롯데가 타선의 부활로 역전의 명수가 되었다.,,positive,,False,해당 날짜 경기 없음
1426,"KIA, 카스트로 대체 외인 타자로 아데를린 영입…6주 계약 체결","도미니카공화국 출신 내야수 아데를린은 이날 KIA와 계약 기간 6주, 연봉 5만 달러(약 7400만원)에 계약했다. 카스트로는 지난달 25일 광주 롯데 자이언츠전 3회초 수비 과정에서 왼쪽 햄스트링 통증을 느꼈고...",www.newsis.com,2026-05-04T13:56:00,,TRANSACTION_CONTRACT,,1.0,,,True,KIA가 아데를린과 6주 계약을 체결했다.,아데를린,neutral,,False,해당 날짜 경기 없음
1427,"반등 신호탄 쏜 롯데, 선두 KT도 잡을까…한화는 위기[주간 야구전망대...",시즌 초반 리그 최하위까지 처졌던 프로야구 롯데 자이언츠가 시즌 첫 시리즈 싹쓸이와 함께 반등을... 올 시즌 불펜 평균자책점 최하위(6.31)를 달리는 한화로선 황준서에 이어 정우주를 대체 선발로 내세운다고...,www.newsis.com,2026-05-04T13:25:00,,PERFORMANCE_ANALYSIS,MATCH_RELATED,0.9,,,True,롯데가 반등의 신호탄을 쏘며 선두 KT를 잡을 수 있을지 주목된다.,,positive,,False,해당 날짜 경기 없음
1428,"KIA, 대체 외국인 선수 아데를린 로드리게스 영입","KIA는 4일 “아데를린과 계약기간 6주, 연봉 5만 달러에 계약을 맺었다”며 “5일 선수단에 합류한다”... 한편, 기존 외국인타자 해럴드 카스트로는 지난 달 25일 광주 롯데 자이언츠전 3회초 수비 과정에서 왼쪽...",www.edaily.co.kr,2026-05-04T13:21:00,,TRANSACTION_CONTRACT,,1.0,,,True,KIA가 아데를린 로드리게스를 영입했다.,아데를린 로드리게스,neutral,,False,해당 날짜 경기 없음
1429,"프로야구 1200만 시대…지상파 중계 편중, 개선 방안은 없을까 [류선규...","실제로 지난 5월 2일, 롯데 자이언츠와 SSG 랜더스의 문학 경기에서는 SBS 중계로 경기 개시 시간이 오후... 특히 올해로 지상파 3사와의 TV 중계권 계약이 종료되는 만큼, 향후 재계약 과정에서 이러한 방안을 반영하는...",www.starnewskorea.com,2026-05-04T13:12:00,,TRANSACTION_CONTRACT,,1.0,,,True,프로야구 중계권 계약 개선 방안이 필요하다.,,neutral,,False,해당 날짜 경기 없음
1430,"[오피셜] 카스트로 대체자 구했다! KIA, 마이너 215홈런 타자 품었다…6...","KIA는 4일 ""해럴드 카스트로의 대체 외국인 선수로 아데를린 로드리게스를 영입했다""며 ""계약기간 6주, 연봉 5만 달러에 계약을 맺었다""고 공식 발표했다. 카스트로는 지난달 25일 광주 롯데 자이언츠와...",www.spotvnews.co.kr,2026-05-04T13:11:00,,TRANSACTION_CONTRACT,,1.0,,,True,KIA가 카스트로의 대체자로 아데를린을 영입했다.,아데를린,neutral,,False,해당 날짜 경기 없음
1431,"두산 곽빈, ""도망가지 않겠다""던 다짐 현실로 [프로야구]","입단 첫해 불펜으로 1군 무대에 데뷔한 뒤 선발 로테이션에 자리 잡은 2021년부터 해마다 더 빠른 공을... 4위 삼성과는 1.5경기 차, 8위 롯데 자이언츠와도 1.5경기 차다. 한 번의 연승으로 상위권을 넘볼 수 있지만...",www.sportsq.co.kr,2026-05-04T10:24:00,,TRANSACTION_CONTRACT,,1.0,,,True,두산 곽빈이 상위권 도전을 다짐하고 있다.,,neutral,,False,해당 날짜 경기 없음
1432,"[주간 야구 돌아보기] 롯데, SSG 스윕하며 4연승 반등...선두 kt 단독 1위...",|중앙이코노미뉴스 엄현식 기자|롯데 자이언츠가 인천에서 벌어진 SSG랜더스와의 주말 '유통 라이벌... 6주 계약으로 영입한 잭 쿠싱은 지난달 27일 2군에 간 김서현을 대신해 팀의 마무리로 뛰는 상황이다. 각 팀이...,www.joongangenews.com,2026-05-04T10:12:00,,TRANSACTION_CONTRACT,,1.0,,,True,롯데가 SSG를 스윕하며 4연승을 기록했다.,,positive,,False,해당 날짜 경기 없음
1433,'손아섭 쓸쓸한 5월' 퓨처스 6타수 무안타→최다 안타 역전 허용→두산...,"지난 4월 14일 한화 이글스에서 트레이드돼 의욕적으로 새 출발했으나 타격 부진 끝에 보름 만인 29일 1군... 그러나 이후 18일 KIA 타이거즈전, 23일 롯데 자이언츠전에서 안타 1개씩을 추가했을 뿐이다. 시즌 성적은 한화...",www.starnewskorea.com,2026-05-04T09:06:00,,TRANSACTION_CONTRACT,,1.0,,,True,손아섭이 1군 복귀 후 타격 부진을 겪고 있다.,손아섭,negative,,False,해당 날짜 경기 없음
1434,'경력직' 아시아쿼터 vs '믿고보는' 에이스…올해도 1점대 선발 나올까,유일한 패배인 4월15일 잠실 롯데 자이언츠전에서도 7이닝 1실점 호투를 펼쳤다. 여기에 더해 4월22일 잠실 한화 이글스전에선 8이닝 1피안타 7탈삼진 무실점으로 완벽에 가까운 공을 던졌다. 당시 투구수도 84개에...,www.newsis.com,2026-05-04T07:00:00,,PERFORMANCE_ANALYSIS,,0.9,,,True,롯데 자이언츠전에서 뛰어난 투구를 보여준 선발 투수.,,neutral,,False,해당 날짜 경기 없음
1435,"롯데가 '선발 ERA 1위'라니, '토종 최강 원투펀치' 김진욱-나균안... '5월...",그러나 야구는 투수 놀음이라고 하고 그 중에서도 특히나 선발의 힘이 큰데 이 부분이 롯데의 반등을... 시즌 '사직 스쿠발'이라는 별칭을 얻으며 선발로서 최고의 시작을 끊고 있다. 안정감이 최고의 무기다. 이날도...,www.starnewskorea.com,2026-05-04T06:31:00,,PERFORMANCE_ANALYSIS,,0.9,,,True,롯데의 선발 투수들이 뛰어난 성적을 기록하고 있다.,김진욱;나균안,positive,,False,해당 날짜 경기 없음
1436,"""승수 사냥 실패? 아쉬움 전혀 없다"" 1자책점 3번째 QS 호투…김진욱은...",프로야구 롯데 자이언츠가 주말 원정 3연전 싹쓸이에 성공했다. 김진욱도 팀이 역전승을 거두면서 웃을 수... 롯데의 SSG 상대 시리즈 스윕은 지난 2023년 6월15일~17일 사직 맞대결 이후 1049일 만이다. 김진욱은 “초반...,www.osen.co.kr,2026-05-04T03:41:00,,PERFORMANCE_ANALYSIS,,0.9,,,True,김진욱이 QS를 기록하며 팀의 승리에 기여했다.,김진욱,positive,,False,해당 날짜 경기 없음
1437,두산 베어스 최우인 누구?...롯데 자이언츠 출신 유망주의 무실점 호투,"최우인은 서울고를 나와 2021년 신인드래프트에서 롯데 2차 8라운드 71순위 지명을 받았으나, 2024년 11월 트레이드를 통해 두산으로 이적했다. 당시 두산은 롯데에 투수 정철원과 내야수 전민재를 내주고, 반대급부로...",www.siminilbo.co.kr,2026-05-03T22:14:00,,TRANSACTION_CONTRACT,,1.0,,,True,최우인이 롯데 출신으로 두산에서 호투 중이다.,최우인,neutral,,False,해당 날짜 경기 없음
1438,‘롯데→두산’ 초대형 트레이드→24세 ‘숨은 복권’마저 깨어난다…...,롯데 자이언츠와 두산 베어스의 초대형 트레이드 당시 아무도 주목하지 않았던 투수 유망주가 퓨처스리그에서 반전의 기지개를 켜고 있다. 프로야구 두산 베어스 투수 유망주 최우인(24)은 지난 2일 서산구장에서...,www.osen.co.kr,2026-05-03T09:13:00,,TRANSACTION_CONTRACT,,1.0,,,True,롯데와 두산의 트레이드로 최우인이 주목받고 있다.,최우인,positive,,False,해당 날짜 경기 없음
1439,"'우승→방출→주전→백업' 우여곡절 프로생활…""그때 포기했다면 지금...","29일 사직 키움 히어로즈전에서는 3-5로 뒤지던 8회말 김재웅에게 동점 투런 홈런을 터트리면서 경기를... 박승욱은 ""다른 선수들처럼 프랜차이즈 스타면 좋겠지만, 여러 팀을 거치면서 야구에 대해 다양하게 공부하게...",www.xportsnews.com,2026-05-02T11:22:00,,TRANSACTION_CONTRACT,,1.0,,,True,박승욱이 중요한 순간에 동점 홈런을 기록했다.,박승욱,positive,,False,해당 날짜 경기 없음
1440,"‘취약계층·다문화가정 관람 지원’ 롯데, 고리원자력본부와 지역상생...","이번 협약은 부산지역 내 유소년야구단, 취약계층, 다문화가정 및 고리본부 주변 지역 단체를 대상으로 야구 저변 확대와 친환경 원자력 에너지에 대한 지역민의 이해도 제고를 목적으로 한다. 롯데가 29일 사직구장에서...",www.sportsseoul.com,2026-05-02T09:21:00,,CLUB_OPERATION,,0.9,,,True,롯데가 지역 사회와의 상생을 위해 협약을 체결했다.,,positive,,False,해당 날짜 경기 없음
1441,박세웅 '패패패패패패패패패패패' 좀처럼 끝나질 않는다…선발승 다 잡...,박세웅(롯데 자이언츠)의 긴 연패 기록이 좀처럼 끝나질 않고 있다. 박세웅은 1일 오후 5시 인천 SSG... 이후 다음 등판이었던 같은 달 10일 사직 SSG전에서 패배한 후 2025시즌을 7연패로 마쳤다. 올 시즌에도 박세웅은 승리...,www.xportsnews.com,2026-05-02T07:22:00,,PERFORMANCE_ANALYSIS,,0.9,,,True,박세웅의 연패 기록이 계속되고 있다.,박세웅,negative,,False,해당 날짜 경기 없음
1442,"완벽한 피칭 하던 타케다, 71개 던지고 긴급 강판 왜? 이후 충격적 일이...","타케다는 1일 인천에서 롯데 자이언츠 상대 선발로 등판했다. 개막 후 극심한 부진을 겪다 2군에 갔고, 돌아와 KT 위즈전 승리 투수가 되며 반전 드라마를 쓴 타케다. 이날 등판이 중요했다. 그 승리가 운이었는지...",www.sportschosun.com,2026-05-01T18:49:00,,PERFORMANCE_ANALYSIS,,0.9,,,True,타케다가 긴급 강판된 이유는 충격적이다.,타케다,neutral,,False,해당 날짜 경기 없음
1443,"‘득타율 0.000’ 그 선수 맞아? 효자 외인 탄생의 서막, 카메론 역전 스...",프로야구 두산 베어스 외국인타자 다즈 카메론은 1일 서울 고척스카이돔에서 열린 2026 신한 SOL KBO리그... 지난달 23일 사직 롯데 자이언츠전 이후 7경기 만에 나온 시즌 6번째 홈런이었다. 카메론은 시즌 초반...,www.osen.co.kr,2026-05-01T17:51:00,,PERFORMANCE_ANALYSIS,,0.9,,,True,다즈 카메론이 시즌 6번째 홈런을 기록했다.,다즈 카메론,positive,,False,해당 날짜 경기 없음
1444,‘걱정될 정도로 좋았던 타격감’ SSG 박성한 타격 휩쓸기- ‘드래프트...,"실제로 초반까지만 해도 걱정이 컸다던 박성한은 “너무 좋아도 야구선수로서는 불안한 마음이 생긴다.... 4월 30일 사직 롯데전에서는 5이닝 4안타 1삼진 무실점으로 호투했음에도 승수를 추가하지 못했지만, 5월을...",sports.khan.co.kr,2026-05-01T17:34:00,,PERFORMANCE_ANALYSIS,MATCH_RELATED,0.9,,,True,박성한의 타격감이 걱정될 정도로 좋다.,박성한,positive,,False,해당 날짜 경기 없음
1445,"롯데 초대형 트레이드 주인공이 살아난다, 그리고 확신했다 ""우린 올라...","롯데 자이언츠 전민재는 30일 부산 사직구장에서 열린 2026 신한은행 SOL Bank KBO리그 키움 히어로즈와 팀 간... 이는 그만큼 야구를 잘 하고 있다는 것을 보여주는 대목이다. 전민재는 ""시즌 초반에는 인터뷰를 할 일이 너무...",www.spotvnews.co.kr,2026-05-01T10:10:00,,TRANSACTION_CONTRACT,,1.0,,,True,전민재가 롯데의 초대형 트레이드 주인공으로 부각되고 있다.,전민재,positive,,False,해당 날짜 경기 없음
1446,"'트레이드 후 부진' 손아섭 '땅볼→땅볼→삼진 아웃'이라니, 퓨처스 무...","한편 손아섭은 지난달 14일 트레이드를 통해 두산 유니폼을 입었다. 당시 두산 구단이 한화에 투수... 18일 KIA전에서 5타수 1안타 1득점을 마크했지만, 21일 롯데 자이언츠에서 4타수 무안타로 다시 고개를 숙였다. 23일...",www.starnewskorea.com,2026-05-01T09:47:00,,TRANSACTION_CONTRACT,,1.0,,,True,손아섭이 트레이드 후 부진을 겪고 있다.,손아섭,negative,,False,해당 날짜 경기 없음
1447,브루잉 커피의 일상화…롯데GRS ‘스탠브루’ 공격 출점,"현재 스탠브루는 위례점, 마곡점, 교대점, 속초점, 사직야구장점을 순차적으로 오픈한 상태다. 상권의 뚜렷한 특성에 맞춰 다양한 출점 전략을 테스트하며 시장에 진입하고 있다. 먼저 위례점은 많은 주거 단지와 높은...",magazine.hankyung.com,2026-05-01T07:07:00,,CLUB_OPERATION,,0.9,,,True,롯데GRS가 스탠브루를 공격적으로 출점하고 있다.,,positive,,False,해당 날짜 경기 없음
1448,“(고나김김 도박이)롯데에 큰 영향을 미쳤을까?” 윤석민 반문…기대가...,"“뭐 안 미쳤다고 얘기는 못 하겠지만…” 롯데 자이언츠는 키움 히어로즈와의 4월 마지막 3연전서 2승1패... 그 빈 자리를 누군가 자기 자리로 만들었고, 그 자기 자리를 만든 사람이 FA까지 할 정도로 긴 시즌을 했다....",www.mydaily.co.kr,2026-05-01T06:10:00,,INTERVIEW,MATCH_RELATED,0.9,,,True,윤석민이 롯데의 상황에 대해 반문했다.,윤석민,neutral,,False,해당 날짜 경기 없음
1449,"한화에서 온 초대박 2차 드래프트 이적생, 어이없는 실책이 다승 단독 ...",배동현은 30일 부산 사직구장에서 열린 ‘2026 신한은행 SOL Bank KBO리그’ 롯데 자이언츠와의 경기에... 타구였지만 콜 플레이 미스가 나오면서 두 선수 모두 타구를 잡지 못해 1타점 적시타가 됐다. 안타로 기록은 됐지만...,www.osen.co.kr,2026-05-01T05:42:00,,TRANSACTION_CONTRACT,,1.0,,,True,롯데가 한화와의 경기에서 실책으로 아쉬운 패배를 겪었다.,,negative,,False,해당 날짜 경기 없음
1450,"""양현종 2200K 시대 열렸다"" KBO 역대 최고 투수 TOP 6…세월 넘어 전설이...",투구가 트레이드마크였다. 전성기 시절 그의 직구는 알면서도 치기 어려운 공으로 유명했다. 3위 류현진... 롯데 자이언츠 소속으로 홀로 시리즈 4승을 책임졌던 그는 말 그대로 팀을 우승으로 끌어올린 영웅이었다....,www.ftimes.kr,2026-05-01T00:50:00,,TRANSACTION_CONTRACT,,1.0,,,True,양현종이 KBO 역대 최고의 투수로 평가받고 있다.,,neutral,,False,해당 날짜 경기 없음
1451,"""마차도가 빙의했나, 이런 유격수 도대체 얼마만이야""... 롯데 팬 소름 ...","매 경기 몸을 던지는 투혼으로 트레이드의 가치를 스스로 1000% 증명해 내고 있는 전민재. 그가 든든하게 버티고 있는 한, 롯데 자이언츠의 유격수 자리는 더 이상 약점이 아닌 가장 강력한 무기가 될 것이다.",www.fnnews.com,2026-04-30T12:01:00,,TRANSACTION_CONTRACT,,1.0,,,True,전민재가 롯데의 유격수로서 큰 활약을 하고 있다.,전민재,positive,,True,"롯데 vs 키움 (홈) 5-6 패 | 결승타: 오선진(11회) | 홈런: 안치홍2호, 임병욱1호, 박승욱1호 | 타자 키플레이어: 박승욱(롯데), 장두성(롯데), 레이예스(롯데) | 투수 키플레이어: 박진형(키움), 정철원(롯데), 유토(키움)"
1452,"롯데자이언츠, 10년 묵은 결손금 털었다","2013년 NC다이노스가 1군에 진입해 경남권 팬이 분산됐고, 이 시기 롯데자이언츠의 시즌 성적도 좋지 않았다. 이런 가운데 FA 시장이 과열돼 선수 몸값은 크게 뛰었다. 이로 인해 롯데자이언츠의 입장권 매출은 줄고...",www.newstopkorea.com,2026-04-27T16:00:00,,CLUB_OPERATION,,0.9,,,True,롯데가 10년 묵은 결손금을 털어냈다.,,positive,,True,"롯데 vs HT (원정) 5-5 무 | 홈런: 박재현1호, 노진혁4호, 전준우2호, 오선우2호 | 타자 키플레이어: 고종욱(HT), 오선우(HT), 전준우(롯데) | 투수 키플레이어: 성영탁(HT), 현도훈(롯데), 나균안(롯데)"
1453,"노시환이 밝힌 손아섭 등번호 교체의 비하인드, 경상도 사투리로 ""8번 밖...","손아섭이 트레이드를 통해 두산 베어스로 이적하게 된 까닭이다. 이 과정에서 손아섭이 노시환을 얼마나 알뜰살뜰 챙기는지를 알 수 있었다. 손아섭은 롯데 자이언츠, NC 다이노스, 한화 이글스에서는 등번호 31번만...",www.spotvnews.co.kr,2026-04-24T10:42:00,,TRANSACTION_CONTRACT,,0.9,,,True,손아섭의 등번호 교체 비하인드가 밝혀졌다.,손아섭,neutral,,True,"롯데 vs 두산 (홈) 6-1 승 | 결승타: 전민재(2회) | 홈런: 카메론5호 | 타자 키플레이어: 전민재(롯데), 신윤후(롯데), 손성빈(롯데) | 투수 키플레이어: 로드리게스(롯데), 현도훈(롯데), 박정민(롯데)"
1454,'1:1 트레이드' 결국 신의 한수 되나→팀 옮기고 제대로 터졌다! AG 승선...,트레이드를 통해 얻은 좌완 10승 투수가 올 시즌에는 더욱 잘 던지고 있다. 이대로라면 아시안게임... 이어 8일 롯데 자이언츠전에서는 4이닝 6피안타 1볼넷 5탈삼진 3실점(1자책)으로 패전의 멍에를 쓴 오원석....,www.starnewskorea.com,2026-04-22T06:28:00,,TRANSACTION_CONTRACT,,1.0,,,True,트레이드로 영입한 투수가 좋은 성적을 내고 있다.,,positive,,True,"롯데 vs 두산 (홈) 2-6 패 | 결승타: 정수빈(3회) | 홈런: 정수빈1호 | 타자 키플레이어: 정수빈(두산), 노진혁(롯데), 박준순(두산) | 투수 키플레이어: 벤자민(두산), 김택연(두산), 나균안(롯데)"
1455,"초대형 트레이드 주인공, 2군에서도 볼넷-볼넷-볼넷-사구 제구 난조…안...","프로야구 롯데 자이언츠 정철원(27)이 퓨처스리그 등판에서도 제구가 불안한 모습을 노출했다. 정철원은... 2024년 12월 전민재와 함께 김민석, 추재현, 최우인의 대가로 롯데로 트레이드 됐다. 지난 시즌 75경기(70이닝)...",www.osen.co.kr,2026-04-21T00:41:00,,TRANSACTION_CONTRACT,,1.0,,,True,정철원이 퓨처스리그에서 제구 난조를 보였다.,정철원,negative,,True,"롯데 vs 두산 (홈) 2-6 패 | 결승타: 정수빈(3회) | 홈런: 정수빈1호 | 타자 키플레이어: 정수빈(두산), 노진혁(롯데), 박준순(두산) | 투수 키플레이어: 벤자민(두산), 김택연(두산), 나균안(롯데)"
1456,"'307억 계약' 짊어진 중심타자... 노시환, 다시 출발선에 서다","비FA 다년 계약을 체결하며 독수리 군단의 미래를 책임질 타자로 기대를 모았던 그는, 예상치 못한 극심한 타격 부진 속에 잠시 숨을 고르는 시간을 가졌다. 김경문 감독은 18일 롯데 자이언츠전을 앞두고 가진 언론과의...",www.ohmynews.com,2026-04-19T10:41:00,,TRANSACTION_CONTRACT,,1.0,,,True,노시환이 다시 출발선에 서며 기대를 모으고 있다.,노시환,positive,,True,"롯데 vs 한화 (홈) 0-5 패 | 결승타: 페라자(3회) | 타자 키플레이어: 페라자(한화), 강백호(한화), 문현빈(한화) | 투수 키플레이어: 류현진(한화), 현도훈(롯데), 조동욱(한화)"
1457,"이적 3년 차 '4할 타자' ""삼성서 주전으로 나간 적이...매 타석 소중하다...",전병우는 2015 롯데 자이언츠 2차 3라운드 28순위로 입단한 베테랑 내야수다. 2020년 4월 트레이드를 통해 키움 히어로즈로 옮긴 전병우는 2차 드래프트를 통해 2024년부터 삼성 유니폼을 입고 있다. 백업 내야수인 그는...,isplus.com,2026-04-19T00:30:00,,TRANSACTION_CONTRACT,,1.0,,,True,전병우가 삼성으로 이적하며 새로운 시작을 다짐했다.,,neutral,,True,"롯데 vs 한화 (홈) 0-5 패 | 결승타: 페라자(3회) | 타자 키플레이어: 페라자(한화), 강백호(한화), 문현빈(한화) | 투수 키플레이어: 류현진(한화), 현도훈(롯데), 조동욱(한화)"
1458,"'16억 주고' 잡은 FA 포수, 홈런-타점 당당히 1위! 프로 19년 만에 이런...","경기 전까지 김도영(KIA 타이거즈), 빅터 레이예스(롯데 자이언츠), 오스틴 딘(LG 트윈스)과 함께 홈런 공동... 장성우는 올 시즌을 앞두고 FA(자유계약선수) 자격을 얻었는데, 스프링캠프 출국 전날인 1월 20일 KT와 2년...",www.xportsnews.com,2026-04-18T10:49:00,,TRANSACTION_CONTRACT,,1.0,,,True,장성우가 FA로 KT와 계약하며 홈런 1위를 기록했다.,장성우,positive,,True,"롯데 vs 한화 (홈) 0-5 패 | 결승타: 페라자(3회) | 타자 키플레이어: 페라자(한화), 강백호(한화), 문현빈(한화) | 투수 키플레이어: 류현진(한화), 현도훈(롯데), 조동욱(한화)"
1459,"롯데 도박 3인방, 직접 머리 깎고 고개 숙였다 ""프로 무게감 느꼈다... ...","""정말 죄송합니다."" 불법도박 파문을 일으킨 롯데 자이언츠 선수들이 석 달 만의 공식 석상에서 팬들 앞에 몇... 팀 동료와 팬 그리고 감독, 코치님들께 진심으로 죄송하다. 이번 일로 프로의 무게감을 느꼈다. 야구...",www.starnewskorea.com,2026-05-05T14:01:00,,INTERVIEW,ETC,0.9,,,True,롯데 선수들이 불법도박 사태에 대해 사과했다.,,negative,,False,해당 날짜 경기 없음
1460,"롯데 '징계 3인방', ""초반 안 좋은 분위기 우리 때문…더 죄송했다""→짧...","징계에서 돌아온 롯데 자이언츠의 내야수 고승민, 나승엽, 김세민이 고개를 숙였다. 고승민과 나승엽... 김태형 롯데 감독은 최근 ""썩 좋아보이진 않는다. 연습경기에서는 대학생 볼인데도 퍼포먼스가 화려하게 나오진...",www.xportsnews.com,2026-05-05T14:00:00,,INTERVIEW,ETC,0.9,,,True,징계 복귀 후 선수들이 팀 분위기에 대한 책임을 느꼈다.,고승민;나승엽;김세민,negative,,False,해당 날짜 경기 없음
1461,"[일문일답] '출장정지 끝' 머리밀고 고개 숙인 고승민-나승엽-김세민 ""물...","직원분들 감독 코치님들께 죄송하다. 오기 전에는 준비 잘해서 반성하고, 자숙하면서 몸 잘 만들고 왔다"" 김세민 ""팬분들과 롯데 자이언츠 관계자분들에 정말 죄송하다. 올라와서 잘할 수 있게 준비 잘해서 올라왔다...",www.spotvnews.co.kr,2026-05-05T13:16:00,,INTERVIEW,ETC,0.9,,,True,"고승민, 나승엽, 김세민이 팬들에게 사과하며 복귀했다.",고승민;나승엽;김세민,negative,,False,해당 날짜 경기 없음
1462,"[IS 이슈] 고개 숙인 나승엽·고승민·김세민...야구로 속죄? ""절대 물의...",스프링캠프 현장에서 물의를 일으켜 야구팬들에게 피로감을 준 롯데 자이언츠 나승엽·고승민·김세민이... 김태형 롯데 감독은 이들을 바로 콜업할 계획을 진작 전한 바 있다. 키움 히어로즈와의 지난 주중 3연전...,isplus.com,2026-05-05T13:08:00,,INTERVIEW,ETC,0.9,,,True,"나승엽, 고승민, 김세민이 야구로 속죄하겠다고 다짐했다.",나승엽;고승민;김세민,negative,,False,해당 날짜 경기 없음
1463,"한성모터스, 롯데 자이언츠와 '패밀리 야구 페스티벌' 성료","한성모터스 x 롯데 자이언츠 '2026 패밀리 야구 페스티벌' 행사 모습. 사진=한성모터스  메르세데스-벤츠 공식... 배규환 한성모터스 대표는 ""지역 연고 구단과의 협업을 통해 고객 가족에게 색다른 추억을 제공할 수 있었다...",www.pointdaily.co.kr,2026-05-06T16:54:00,,CLUB_OPERATION,,0.9,,,True,한성모터스와 롯데의 야구 페스티벌이 성황리에 개최되었다.,,positive,,False,해당 날짜 경기 없음
1464,"車 업계,""판매 방식부터 고객 경험까지 뿌리째 바꾼다""",또한 한성모터스는 지난달 25일 부산 사직야구장에서 롯데 자이언츠와 협업한 '2026 패밀리 야구 페스티벌'을 개최하며 충성 고객 확보에 나섰다. 일반 관람객의 출입이 제한되는 사직구장 그라운드를 전격 개방하고...,www.popcornnews.net,2026-05-06T14:58:00,,CLUB_OPERATION,,0.9,,,True,한성모터스가 롯데와 협업하여 고객 경험을 혁신하고 있다.,,positive,,False,해당 날짜 경기 없음
1465,가볍게 때론 무겁게… 부산시장·북갑 후보들 SNS 활용법,‘사직 돔구장’ 공약을 제시한 정 후보는 시민들과 함께 롯데 자이언츠 성적을 논하거나 축구를 하며 넘어지는 모습을 보이는 등 친근함을 강조하는 모습이다. 부산 북갑 보궐선거에 나선 민주당 하정우 후보도 SNS...,www.busan.com,2026-05-05T17:54:00,,CLUB_OPERATION,,0.9,,,True,정 후보가 롯데 자이언츠 성적을 논하며 친근함을 강조했다.,,neutral,,False,해당 날짜 경기 없음
1466,유통·뷰티·스포츠 전방위 달구는 ‘포켓몬 마케팅’…가정의 달 특수...,"롯데 자이언츠는 오는 8일 KIA 타이거즈와의 경기에서 '포켓몬 데이'를 개최한다. 경기 당일 사직구장 광장과 그라운드에서는 피카츄 퍼레이드 및 미니게임존이 운영된다. 경기 전 입장 게이트에서는 피카츄, 잠만보...",www.ekn.kr,2026-05-04T12:50:00,,CLUB_OPERATION,,0.9,,,True,롯데 자이언츠가 '포켓몬 데이'를 개최한다.,,positive,,False,해당 날짜 경기 없음
1467,"""최고의 타자"" 김태형 감독 극찬에 응답한 레이예스 ""믿음 보답해 기뻐...","김태형 롯데 자이언츠 감독의 극찬에 역전 스리런 홈런으로 응답한 빅터 레이예스가 승리 소감을 밝혔다.... 레이예스는 경기 후 인터뷰에서 ""타석에 들어가기 전 안타를 쳐야겠다는 생각이 강했다. 한 점이면 동점이고...",sports.hankooki.com,2026-05-03T17:34:00,,INTERVIEW,MATCH_RELATED,0.9,,,True,레이예스가 김태형 감독의 극찬에 응답하며 승리 소감을 밝혔다.,빅터 레이예스,positive,,False,해당 날짜 경기 없음
1468,"""최고 타자죠""… '역전 스리런' 롯데 레이예스, SSG전 스윕 이끌었다[스...","롯데 자이언츠 김태형 감독은 3일 경기 전 인터뷰에서 빅터 레이예스에 대해 ""최고 타자""라고 극찬을 아끼지 않았다. 그리고 그는 이날, SSG 랜더스와의 경기에서 극적인 역전 스리런 홈런을 터트리며 시리즈 스윕을...",sports.hankooki.com,2026-05-03T16:56:00,,INTERVIEW,MATCH_RELATED,0.9,,,True,김태형 감독이 레이예스를 극찬하며 시리즈 스윕을 이끌었다.,빅터 레이예스,positive,,False,해당 날짜 경기 없음
1469,"‘야구X러닝’ 롯데, 데상트와 협업 스페셜 러닝화 출시…홈 유니폼 색...",롯데가 글로벌 스포츠 브랜드 데상트와 협업한 스페셜 러닝화를 출시한다. 사진 | 롯데 자이언츠 롯데가... 온라인샵(롯데ON)을 통해 예약 판매로 진행된다. 또한 5일부터 사직구장 오프라인 매장에 실물 상품을 전시해...,www.sportsseoul.com,2026-05-02T11:05:00,,CLUB_OPERATION,,0.9,,,True,롯데가 데상트와 협업한 스페셜 러닝화를 출시한다.,,positive,,False,해당 날짜 경기 없음
1470,취재진 앞에 선 롯데 김세민-고승민-나승엽[포토],"5일 오후 수원KT위즈파크에서 열린 '2026 신한 SOL Bank KBO리그' 롯데 자이언츠와 KT 위즈의 경기, 경기 전 징계해제가 된 롯데 김세민 고승민 나승엽이 취재진과 인터뷰 시간을 가졌다.",www.xportsnews.com,2026-05-05T14:44:00,,INTERVIEW,,0.9,,,True,롯데 선수들이 취재진과 인터뷰를 진행했다.,김세민;고승민;나승엽,neutral,,True,"롯데 vs KT (원정) 4-5 패 | 결승타: 권동진(8회) | 홈런: 힐리어드7호 | 타자 키플레이어: 레이예스(롯데), 나승엽(롯데), 김상수(KT) | 투수 키플레이어: 박영현(KT), 정현수(롯데), 소형준(KT)"
1471,‘죄송합니다 또 죄송합니다’ 롯데 도박 3인방 고개 숙였다→개과천선...,프로야구 롯데 자이언츠는 5일 수원KT위즈파크에서 열린 2026 신한 SOL KBO리그 KT 위즈와의 시즌 3차전을 앞두고... 이들은 경기에 앞서 KT위즈파크 인터뷰실을 찾아 팬들을 향해 고개를 숙였다. 고승민이 대표로 “시즌 전...,www.osen.co.kr,2026-05-05T14:23:00,,INTERVIEW,,0.9,,,True,롯데 선수들이 팬들에게 사과하며 고개를 숙였다.,고승민,negative,,True,"롯데 vs KT (원정) 4-5 패 | 결승타: 권동진(8회) | 홈런: 힐리어드7호 | 타자 키플레이어: 레이예스(롯데), 나승엽(롯데), 김상수(KT) | 투수 키플레이어: 박영현(KT), 정현수(롯데), 소형준(KT)"
1472,"고개 숙이고 돌아온 롯데 징계 3인방, 김태형 감독 메시지 ""죄송한 마음...","""죄송한 마음은 당연한 것이다"" 롯데 자이언츠 김태형 감독은 5일 수원 KT위즈파크에서 열리는 2026 신한은행... 그리고 이날 김태형 감독의 인터뷰가 종료된 후 고승민, 나승엽, 김세민은 취재진과도 만났다. 인터뷰실에...",www.spotvnews.co.kr,2026-05-05T14:16:00,,INTERVIEW,,0.9,,,True,김태형 감독이 롯데 징계 3인방에게 사과의 마음을 전했다.,고승민;나승엽;김세민,negative,,True,"롯데 vs KT (원정) 4-5 패 | 결승타: 권동진(8회) | 홈런: 힐리어드7호 | 타자 키플레이어: 레이예스(롯데), 나승엽(롯데), 김상수(KT) | 투수 키플레이어: 박영현(KT), 정현수(롯데), 소형준(KT)"
1473,"자진해서 2군 숙소 들어간 22억 홈런타자, 전담코치까지 붙었다 “정말...",SSG 이숭용 감독은 지난 2일 인천 SSG랜더스필드에서 열린 ‘2026 신한은행 SOL Bank KBO리그’ 롯데 자이언츠와의 경기 전 인터뷰에서 “(김)재환이는 퓨처스리그에서 아직까지는 조금 왔다갔다 한다고 보고 받았다....,www.osen.co.kr,2026-05-03T06:41:00,,INTERVIEW,MATCH_RELATED,0.9,,,True,김재환이 2군 숙소로 자진해서 들어갔다.,김재환,negative,,True,"롯데 vs SSG (원정) 7-5 승 | 결승타: 노진혁(6회) | 홈런: 박성한3호, 최정8호 | 타자 키플레이어: 레이예스(롯데), 윤동희(롯데), 최정(SSG) | 투수 키플레이어: 베니지아노(SSG), 나균안(롯데), 김원중(롯데)"
1474,"'이럴수가' 홈런왕이 자청해서→'2군 숙소' 들어가다니, 사령탑도 예의...","이숭용 SSG 감독은 2일 인천 SSG 랜더스필드에서 펼쳐진 롯데 자이언츠와 2026 신한 SOL KBO 리그 정규시즌 홈경기를 앞두고 취재진과 인터뷰에서 김재환에 관한 질문을 받았다. 이 감독은 ""아직은 2군에서 조금 왔다...",www.starnewskorea.com,2026-05-03T05:01:00,,INTERVIEW,MATCH_RELATED,0.9,,,True,김재환이 자청해 2군 숙소에 들어갔다.,김재환,negative,,True,"롯데 vs SSG (원정) 7-5 승 | 결승타: 노진혁(6회) | 홈런: 박성한3호, 최정8호 | 타자 키플레이어: 레이예스(롯데), 윤동희(롯데), 최정(SSG) | 투수 키플레이어: 베니지아노(SSG), 나균안(롯데), 김원중(롯데)"
1475,"롯데, 유망주 육성 프로젝트 가동…일본 독립리그 파견",일본 구단과의 교류전도 예정돼 있다. 롯데는 6월 9일과 10일 일본 가나가와현 가와사키시에 있는 요미우리 자이언츠 베이스볼 스타디움에서 요미우리 자이언츠 육성팀과 두 차례 맞대결을 벌인다. 이번 일본 파견에는...,www.stnsports.co.kr,2026-05-07T16:37:00,,CLUB_OPERATION,,0.9,,,True,롯데가 일본 독립리그에 유망주를 파견한다.,고승민;나승엽,positive,,True,"롯데 vs KT (원정) 8-1 승 | 결승타: 고승민(3회) | 홈런: 나승엽1호 | 타자 키플레이어: 고승민(롯데), 김민혁(KT), 나승엽(롯데) | 투수 키플레이어: 비슬리(롯데), 현도훈(롯데), 박정민(롯데)"
1476,"롯데자이언츠, 해외에서 미래 전력 키운다","도쿠시마, 카가와, 고치, 에히메 4개 독립리그 구단, 일본 NPB 2개 구단이 참가한다. 롯데는 요미우리 자이언츠 육성팀과 교류전 2경기도 치른다. 일정은 6월 9~10일이며 일본 가와사키시에 위치한 요미우리 자이언츠...",www.edaily.co.kr,2026-05-07T15:58:00,,CLUB_OPERATION,,0.9,,,True,롯데가 일본에서 미래 전력을 키운다.,고승민;나승엽,positive,,True,"롯데 vs KT (원정) 8-1 승 | 결승타: 고승민(3회) | 홈런: 나승엽1호 | 타자 키플레이어: 고승민(롯데), 김민혁(KT), 나승엽(롯데) | 투수 키플레이어: 비슬리(롯데), 현도훈(롯데), 박정민(롯데)"
1477,"롯데, 해외에서 미래 전력 키운다","롯데자이언츠가 미래 전력 강화를 위해 일본 시코쿠 아일랜드 리그 plus파견과 요미우리 자이언츠... 도쿠시마, 카가와, 고치, 에히메 4개 독립리그 구단, 일본 NPB 2개 구단이 참가한다. 롯데는 시코쿠 아일랜드 리그...",www.ksilbo.co.kr,2026-05-07T15:54:00,,CLUB_OPERATION,,0.9,,,True,롯데가 일본 독립리그에 선수단을 파견한다.,고승민;나승엽,positive,,True,"롯데 vs KT (원정) 8-1 승 | 결승타: 고승민(3회) | 홈런: 나승엽1호 | 타자 키플레이어: 고승민(롯데), 김민혁(KT), 나승엽(롯데) | 투수 키플레이어: 비슬리(롯데), 현도훈(롯데), 박정민(롯데)"
1478,"'日 커넥션 활용' 롯데 유망주들, 일본 독립리그 파견…경쟁 통해 미래...","롯데 자이언츠가 미래 전력 강화를 위해 일본 시코쿠 아일랜드 리그 plus파견과 요미우리 자이언츠... 도쿠시마, 카가와, 고치, 에히메 4개 독립리그 구단, 일본 NPB 2개 구단이 참가한다. 롯데는 시코쿠 아일랜드 리그...",www.spotvnews.co.kr,2026-05-07T15:32:00,,CLUB_OPERATION,ETC,0.9,,,True,롯데가 일본 독립리그에 유망주를 파견한다.,고승민;나승엽,positive,,True,"롯데 vs KT (원정) 8-1 승 | 결승타: 고승민(3회) | 홈런: 나승엽1호 | 타자 키플레이어: 고승민(롯데), 김민혁(KT), 나승엽(롯데) | 투수 키플레이어: 비슬리(롯데), 현도훈(롯데), 박정민(롯데)"
1479,"롯데, 日 독립리그에 선수단 파견+요미우리 육성팀과 교류전 진행…박준...","롯데 자이언츠는 ""미래 전력 강화를 위해 일본 시코쿠 아일랜드 리그 plus파견과 요미우리 자이언츠... 도쿠시마, 카가와, 고치, 에히메 4개 독립리그 구단, 일본 NPB 2개 구단이 참가한다. 롯데는 시코쿠 아일랜드 리그...",www.mydaily.co.kr,2026-05-07T15:31:00,,CLUB_OPERATION,ETC,0.9,,,True,롯데가 일본 독립리그에 선수단을 파견한다.,고승민;나승엽,positive,,True,"롯데 vs KT (원정) 8-1 승 | 결승타: 고승민(3회) | 홈런: 나승엽1호 | 타자 키플레이어: 고승민(롯데), 김민혁(KT), 나승엽(롯데) | 투수 키플레이어: 비슬리(롯데), 현도훈(롯데), 박정민(롯데)"
1480,"롯데, 日 요미우리와 교류전 진행…유망주 중심 선수단 35명 파견","프로야구 롯데 자이언츠가 미래 전력 강화를 위해 일본 프로야구(NPB) 요미우리 자이언츠와 손을 잡는다.... 도쿠시마, 카가와, 고치, 에히메 4개 독립리그 구단과 일본 NPB 2개 구단이 참가한다. 롯데 파견 선수단은 시코쿠...",www.newsis.com,2026-05-07T15:25:00,,CLUB_OPERATION,ETC,0.9,,,True,롯데가 요미우리와 교류전을 진행한다.,고승민;나승엽,positive,,True,"롯데 vs KT (원정) 8-1 승 | 결승타: 고승민(3회) | 홈런: 나승엽1호 | 타자 키플레이어: 고승민(롯데), 김민혁(KT), 나승엽(롯데) | 투수 키플레이어: 비슬리(롯데), 현도훈(롯데), 박정민(롯데)"
1481,"프로야구 롯데, 일본 독립리그에 유망주 위주 선수단 파견","또한 6월9일과 10일에는 가와사키의 요미우리 자이언츠 베이스볼 스타디움에서 요미우리 육성팀과 두 차례 교류전을 펼친다. 박준혁 롯데 단장은 ""구단 중장기 육성 방향에 맞춰 유망주에게 실전 기회를 제공하기 위해...",www.news1.kr,2026-05-07T15:07:00,,CLUB_OPERATION,ETC,0.9,,,True,롯데가 일본 독립리그에 유망주를 파견한다.,,positive,,True,"롯데 vs KT (원정) 8-1 승 | 결승타: 고승민(3회) | 홈런: 나승엽1호 | 타자 키플레이어: 고승민(롯데), 김민혁(KT), 나승엽(롯데) | 투수 키플레이어: 비슬리(롯데), 현도훈(롯데), 박정민(롯데)"
1482,[生기업TALK] 내실 경영으로 '매출 1조' 성과…식음료 전문성 강화 전략...,사정을 마케팅하는 곳들이 성행하기 시작하면서 급기야 '엔제리너스 청산설'까지 소비자들 사이에서... 최근 스탠브루는 롯데자이언츠 안방인 사직구장에 오픈해 롯데팬들에 확실하게 눈도장 찍는데 성공했다....,www.sisacast.kr,2026-04-27T08:14:00,,CLUB_OPERATION,ETC,0.9,,,True,롯데가 사직구장에서 스탠브루를 오픈했다.,전준우,positive,,True,"롯데 vs HT (원정) 5-5 무 | 홈런: 박재현1호, 노진혁4호, 전준우2호, 오선우2호 | 타자 키플레이어: 고종욱(HT), 오선우(HT), 전준우(롯데) | 투수 키플레이어: 성영탁(HT), 현도훈(롯데), 나균안(롯데)"
1483,"""안타 제조기"" 박성한·""완봉승"" 올러, 3~4월 KBO리그 WAR 1위! 쉘힐릭스...",타율(0.441)과 안타(45개) 부문에서 리그 1위에 오르며 타격 기계다운 면모를 과시했다. 개막 직후 22경기... 하이라이트는 지난 4월 24일 롯데 자이언츠전이었다. 당시 올러는 9이닝 동안 단 3개의 안타만 허용하는...,www.spochoo.com,2026-05-06T10:35:00,,PERFORMANCE_ANALYSIS,MATCH_RELATED,0.9,,,True,박성한과 올러가 KBO리그에서 뛰어난 성적을 기록했다.,박성한;올러,negative,,True,"롯데 vs KT (원정) 4-5 패 | 결승타: 권동진(8회) | 홈런: 힐리어드7호 | 타자 키플레이어: 레이예스(롯데), 나승엽(롯데), 김상수(KT) | 투수 키플레이어: 박영현(KT), 정현수(롯데), 소형준(KT)"
1484,"'개막 후 22G 연속 안타, 韓 야구 역사 바꾼' 박성한, 3~4월 쉘힐릭스플...","타율 1위(0.441), 안타 공동 1위(45안타) 등 타격 전 지표에 자신의 이름 석 자를 올렸다. 특히 개막 후... WAR 1.53을 기록한 올러는 지난 4월 24일 롯데 자이언츠와의 경기에서 9이닝을 3피안타 2사사구 무실점으로...",www.mydaily.co.kr,2026-05-06T10:31:00,,PERFORMANCE_ANALYSIS,MATCH_RELATED,0.9,,,True,박성한이 한국 야구 역사에 남을 기록을 세웠다.,박성한;올러,negative,,True,"롯데 vs KT (원정) 4-5 패 | 결승타: 권동진(8회) | 홈런: 힐리어드7호 | 타자 키플레이어: 레이예스(롯데), 나승엽(롯데), 김상수(KT) | 투수 키플레이어: 박영현(KT), 정현수(롯데), 소형준(KT)"
1485,"'10G 타율 0.308' 드디어 15억 거포 살아난다, 이강철 감독 소신발언 ""얼...",KBO리그 롯데 자이언츠와 팀 간 시즌 3차전 홈 맞대결에 앞서 샘 힐리어드에 대해 이야기하는 시간을... 7안타 타율 0.179로 매우 부진했다. 이는 정규시즌이 시작된 후에도 이어졌다. 3월 3경기에서 힐리어드는 타율 0....,www.spotvnews.co.kr,2026-05-05T12:40:00,,PERFORMANCE_ANALYSIS,MATCH_RELATED,0.9,,,True,이강철 감독이 샘 힐리어드에 대한 기대를 밝혔다.,샘 힐리어드,neutral,,True,"롯데 vs KT (원정) 4-5 패 | 결승타: 권동진(8회) | 홈런: 힐리어드7호 | 타자 키플레이어: 레이예스(롯데), 나승엽(롯데), 김상수(KT) | 투수 키플레이어: 박영현(KT), 정현수(롯데), 소형준(KT)"
1486,"이범호 감독, 계속되는 이의리 부진에 ""다른 방안도 고민할 시기""","이어 이의리가 이번주 주말 롯데 자이언츠전에서도 부진할 경우 선발진 조정을 시도할 계획을 밝혔다. 이범호 감독은 6일 경기 전 인터뷰에서 ""(이)의리가 뛰어넘어야 좋은 선수가 되는건데 그런 것들을 넘어가지...",sports.hankooki.com,2026-05-06T16:48:00,,INTERVIEW,MATCH_RELATED,0.9,,,True,이범호 감독이 이의리의 부진에 대해 언급했다.,이의리,negative,,True,"롯데 vs KT (원정) 8-1 승 | 결승타: 고승민(3회) | 홈런: 나승엽1호 | 타자 키플레이어: 고승민(롯데), 김민혁(KT), 나승엽(롯데) | 투수 키플레이어: 비슬리(롯데), 현도훈(롯데), 박정민(롯데)"
1487,"""칭찬좀 해주세요"" 박찬호가 김원형 감독에게 말했다. 하지만 ""다시 하...","""칭찬해주세요."" ""다음에는 하지 마."" 두산 베어스와 롯데 자이언츠의 경기가 열린 22일 부산사직구장. 경기 전 두산 김원형 감독이 취재진과 인터뷰를 하는데, 유격수 박찬호가 훈련을 마치고 그 옆을 지나갔다. 발을 떼지...",www.sportschosun.com,2026-04-22T18:09:00,,INTERVIEW,MATCH_RELATED,0.9,,,True,박찬호가 김원형 감독에게 칭찬을 요청했다.,박찬호,neutral,,True,"롯데 vs 두산 (홈) 1-9 패 | 결승타: 정수빈(2회) | 홈런: 정수빈2호 | 타자 키플레이어: 정수빈(두산), 전민재(롯데), 양의지(두산) | 투수 키플레이어: 곽빈(두산), 최이준(롯데), 김정우(두산)"
1488,"고개 흔드는 법도, 자신 있는 구종도 까먹었다…휴머노이드 현도훈, 8년...","18일 부산 사직야구장에서 치러진 한화 이글스와 롯데 자이언츠의 2026 신한SOL KBO리그 경기는 한화의 5-0... 19일 경기 전 인터뷰실에서 만난 현도훈은 “운이 잘 따른 날이었다. 1군에 오면 긴장도 되고 흥분도 되는데, 모든...",www.mydaily.co.kr,2026-04-20T04:04:00,,INTERVIEW,MATCH_RELATED,0.9,,,True,현도훈이 긴장감을 느끼며 인터뷰에 응했다.,현도훈,negative,,True,"롯데 vs 한화 (홈) 1-9 패 | 홈런: 문현빈4호 | 타자 키플레이어: 문현빈(한화), 강백호(한화), 최재훈(한화) | 투수 키플레이어: 에르난데스(한화), 김종수(한화), 김서현(한화)"
1489,한동희 바라보는 김태형 감독의 냉철하고도 따뜻한 시선 “3루 봐야 쓰...,롯데 자이언츠가 18일 부산 사직야구장에서 한화 이글스를 2026 신한SOL KBO리그 경기를 치른다. 비로 하루 미뤄진 두 팀의 이번 시즌 첫 맞대결이다. 경기 전 인터뷰에 나선 김태형 감독은 “우천 순연으로 인한 휴식은...,www.mydaily.co.kr,2026-04-18T15:02:00,,INTERVIEW,MATCH_RELATED,0.9,,,True,롯데가 한화와의 첫 맞대결에서 패배했다.,페라자,negative,,True,"롯데 vs 한화 (홈) 0-5 패 | 결승타: 페라자(3회) | 타자 키플레이어: 페라자(한화), 강백호(한화), 문현빈(한화) | 투수 키플레이어: 류현진(한화), 현도훈(롯데), 조동욱(한화)"
1490,"“유강남 있으면 타선 무게감 다르지만…” 김태형 감독, 왜 3G 연속 손...",프로야구 롯데 자이언츠 김태형 감독이 포수진 운영에 어려움을 토로했다. 김태형 감독은 11일 서울 고척스카이돔에서 열린 ‘2026 신한은행 SOL Bank KBO리그’ 키움 히어로즈와의 경기 전 인터뷰에서 “(손)성빈이도 좀...,www.osen.co.kr,2026-04-11T16:11:00,,INTERVIEW,CLUB_OPERATION,0.9,,,True,김태형 감독이 포수진 운영의 어려움을 토로했다.,유강남,negative,,True,"롯데 vs 키움 (원정) 3-1 승 | 결승타: 한동희(10회) | 타자 키플레이어: 장두성(롯데), 레이예스(롯데), 박승욱(롯데) | 투수 키플레이어: 와일스(키움), 비슬리(롯데), 박정민(롯데)"
1491,"""팬들에게 보답해야겠다고 생각"" 2015년 7월의 린드블럼 소환한 로드리...","경기 뒤 김태형 롯데 감독은 ""로드리게스가 1선발에 걸맞은 최고의 피칭으로 8이닝을 1실점으로 잘 던져줬다""고 흡족해했다. 로드리게스는 취재진과의 인터뷰에서 ""이기고 싶었고, 우리가 이겼기 때문에 정말 좋다""며...",isplus.com,2026-04-11T00:01:00,,INTERVIEW,MATCH_RELATED,0.9,,,True,로드리게스가 훌륭한 피칭으로 팀 승리에 기여했다.,로드리게스,positive,,True,"롯데 vs 키움 (원정) 3-1 승 | 결승타: 노진혁(1회) | 홈런: 최주환1호, 레이예스4호 | 타자 키플레이어: 황성빈(롯데), 레이예스(롯데), 박주홍(키움) | 투수 키플레이어: 로드리게스(롯데), 최준용(롯데), 박정훈(키움)"
1492,"4사구 6개로 자멸한 로드리게스, 이번에는 다를까 “원래 4사구 많은 투...",프로야구 롯데 자이언츠 김태형 감독이 엘빈 로드리게스의 호투를 기대했다. 김태형 감독은 10일 서울 고척스카이돔에서 열린 ‘2026 신한은행 SOL Bank KBO리그’ 키움 히어로즈와의 경기 전 인터뷰에서 “로드리게스가...,www.osen.co.kr,2026-04-10T18:12:00,,INTERVIEW,PERFORMANCE_ANALYSIS,0.9,,,True,김태형 감독이 로드리게스의 호투를 기대하고 있다.,로드리게스,neutral,,True,"롯데 vs 키움 (원정) 3-1 승 | 결승타: 노진혁(1회) | 홈런: 최주환1호, 레이예스4호 | 타자 키플레이어: 황성빈(롯데), 레이예스(롯데), 박주홍(키움) | 투수 키플레이어: 로드리게스(롯데), 최준용(롯데), 박정훈(키움)"
1493,"""감독님께 맨날 혼나서 칭찬 고픈 듯"" 친구의 깜짝 폭로, '1차지명 포수...","""(손)성빈이가 인터뷰할 때 자기 이름 많이 얘기해달라고 하더라고요. 감독님한테 맨날 혼나서 좀 칭찬이 고픈 것 같은데요."" 롯데 자이언츠 좌완 김진욱은 지난 8일 부산 사직야구장에서 열린 KT 위즈와 2026 신한 SOL Bank KBO...",www.xportsnews.com,2026-04-10T08:49:00,,INTERVIEW,MATCH_RELATED,0.9,,,True,김진욱이 손성빈의 칭찬 욕구를 폭로했다.,손성빈,neutral,,True,"롯데 vs 키움 (원정) 3-1 승 | 결승타: 노진혁(1회) | 홈런: 최주환1호, 레이예스4호 | 타자 키플레이어: 황성빈(롯데), 레이예스(롯데), 박주홍(키움) | 투수 키플레이어: 로드리게스(롯데), 최준용(롯데), 박정훈(키움)"
1494,"""롯데 코치는 안 한다고 했다""…日 레전드가 한국 자이언츠에서 하는 일...",KBO리그 롯데 자이언츠 스페셜 어드바이저를 맡고 있는 일본 야구의 레전드 타카츠 신고가 자국 언론과의 인터뷰를 통해 한국 생활에 대해 밝혔다. 일본 매체 '호미니스(Hominis)'는 9일 일본프로야구(NPB)의 레전드...,www.xportsnews.com,2026-04-09T12:22:00,,INTERVIEW,,0.9,,,True,일본 레전드가 롯데 자이언츠에서의 경험을 공유했다.,,neutral,,False,"롯데 vs KT (홈) 6-1 승 | 결승타: 손성빈(4회) | 홈런: 힐리어드3호, 김민성1호 | 타자 키플레이어: 손성빈(롯데), 레이예스(롯데), 힐리어드(KT) | 투수 키플레이어: 김진욱(롯데), 주권(KT), 최준용(롯데)"
1495,“자부심 가지고 마운드 올라갈 때마다 더 소중하게 던질 것”…어느덧...,2021년 2차 5라운드 전체 41번으로 롯데 자이언츠에 지명된 우강훈은 날카로운 패스트볼이 강점인 우완... 그래도 감독님께서 (인터뷰를 통해 필승조라) 말씀해주셨다. 자부심을 가지고 마운드에 올라갈 때마다 더...,www.mk.co.kr,2026-04-07T07:41:00,,INTERVIEW,,0.9,,,True,우강훈이 마운드에서 자부심을 느끼고 있다.,우강훈,neutral,,False,"롯데 vs KT (홈) 3-7 패 | 결승타: 장성우(3회) | 타자 키플레이어: 안현민(KT), 노진혁(롯데), 장성우(KT) | 투수 키플레이어: 고영표(KT), 김민수(KT), 스기모토(KT)"
1496,“팬 여러분들 트윈스 경기 더 즐기실 수 있도록 열심히 노력하겠다”…...,염경엽 감독이 이끄는 LG는 2일 서울 잠실야구장에서 열린 2026 프로야구 KBO리그 정규시즌 홈 경기에서... 2021년 2차 5라운드 전체 41번으로 롯데 자이언츠에 지명된 우강훈은 날카로운 패스트볼이 강점인 우완 사이드암...,www.mk.co.kr,2026-04-03T05:41:00,,INTERVIEW,,0.9,,,True,우강훈이 팬들을 위해 최선을 다하겠다고 다짐했다.,우강훈,positive,,False,"롯데 vs NC (원정) 4-8 패 | 결승타: 박건우(5회) | 홈런: 노진혁2호 | 타자 키플레이어: 박건우(NC), 노진혁(롯데), 박민우(NC) | 투수 키플레이어: 김진욱(롯데), 배재환(NC), 원종해(NC)"
1497,[인터뷰] 유신고 야구부 홍석무 감독 “개막전 신인 3안타… 제자들 자...,"롯데 자이언츠전에서 정규시즌 데뷔를 치르면서 첫 안타를 홈런으로 장식하며 깊은 인상을 보였다. 투수 이준서는 롯데에 7라운드(전체 64번)에서 뽑히기도 했다. 홍 감독은 “오재원, 이강민, 신재인, 이준서 모두 처음...",www.kyeongin.com,2026-04-02T19:20:00,,INTERVIEW,MATCH_RELATED,0.9,,,True,롯데 자이언츠전에서 신인 이준서가 첫 안타를 홈런으로 장식했다.,이준서,neutral,,True,"롯데 vs NC (원정) 4-8 패 | 결승타: 박건우(5회) | 홈런: 노진혁2호 | 타자 키플레이어: 박건우(NC), 노진혁(롯데), 박민우(NC) | 투수 키플레이어: 김진욱(롯데), 배재환(NC), 원종해(NC)"
1498,"'대졸' 박정민의 화려한 데뷔 ""꿈꾸는 것 같은 기분""",프로야구 롯데 자이언츠의 대졸 신인 박정민(23)은 데뷔전에서 하루에 2차례나 인터뷰하는 진귀한 경험을... 김태형(59) 롯데 감독 또한 박정민을 향해 최고 시속 150km인 패스트볼과 체인지업의 구위를 치켜세우며 중용할...,www.hansbiz.co.kr,2026-03-29T20:00:00,,INTERVIEW,MATCH_RELATED,0.9,,,True,박정민이 데뷔전에서 두 차례 인터뷰하며 주목받았다.,박정민,positive,,True,"롯데 vs 삼성 (원정) 6-2 승 | 결승타: 손호영(4회) | 홈런: 손호영1호, 손호영2호, 노진혁1호, 레이예스2호 | 타자 키플레이어: 레이예스(롯데), 류지혁(삼성), 이재현(삼성) | 투수 키플레이어: 비슬리(롯데), 최원태(삼성), 쿄야마(롯데)"
1499,"티빙, KBO 여풍 타고 이용자 지표 훨훨...'락인 효과' 본격화 [엔터코노...","10개 구단 중 5개 구단이 영업이익 흑자를 냈는데, 롯데 자이언츠가 165억6천만원으로 가장 많은 영업이익을 남겼고, 두산 베어스(87억1천만원), 키움 히어로즈(85억1천만원), SSG 랜더스(49억3천만원), NC 다이노스...",news.mtn.co.kr,2026-05-06T14:02:00,,CLUB_OPERATION,,0.9,,,True,롯데 자이언츠가 165억6천만원의 영업이익을 기록했다.,,positive,,False,"롯데 vs KT (원정) 4-5 패 | 결승타: 권동진(8회) | 홈런: 힐리어드7호 | 타자 키플레이어: 레이예스(롯데), 나승엽(롯데), 김상수(KT) | 투수 키플레이어: 박영현(KT), 정현수(롯데), 소형준(KT)"
1500,머리 짧게 자른 롯데 고승민-나승엽-김세민 “죄송합니다. 선수 이전에...,"선수 이전에 좋은 사람이 먼저 되겠습니다.” 롯데 자이언츠 고승민(26), 나승엽(24), 김세민(23)은 5일... 이강훈 대표이사(56), 박준혁 단장(46) 등 프런트 임직원이 구단 징계를 자청하기에 이르렀다. 박 단장은 “선수단...",sports.donga.com,2026-05-05T14:39:00,,CLUB_OPERATION,,0.9,,,True,롯데 선수들이 구단 징계를 자청하며 사과의 뜻을 전했다.,고승민;나승엽;김세민,negative,,False,"롯데 vs KT (원정) 4-5 패 | 결승타: 권동진(8회) | 홈런: 힐리어드7호 | 타자 키플레이어: 레이예스(롯데), 나승엽(롯데), 김상수(KT) | 투수 키플레이어: 박영현(KT), 정현수(롯데), 소형준(KT)"
1501,"'마침내 깨어난 타선과 불펜' 롯데, 두산과 0.5게임 차로 중위권 정조준",프로야구 롯데 자이언츠가 살아난 타선과 안정을 되찾은 불펜을 앞세워 중위권 진입에 시동을 걸었다. 리그 평균자책점 1위(3.44·6일 기준) 선발진을 보유하고도 2일까지 최하위였던 롯데는 타선 부진(타율 0.253...,www.maniareport.com,2026-05-07T15:51:00,,PERFORMANCE_ANALYSIS,MATCH_RELATED,0.9,,,True,롯데가 타선과 불펜의 안정으로 중위권 진입을 노린다.,고승민;나승엽,positive,,True,"롯데 vs KT (원정) 8-1 승 | 결승타: 고승민(3회) | 홈런: 나승엽1호 | 타자 키플레이어: 고승민(롯데), 김민혁(KT), 나승엽(롯데) | 투수 키플레이어: 비슬리(롯데), 현도훈(롯데), 박정민(롯데)"
1502,"'불법 도박' 징계 풀리니 천군만마? 나승엽·고승민, '속죄의 맹타'로 상...",프로야구 롯데 자이언츠가 뜨거워진 타선과 안정을 되찾은 불펜을 앞세워 본격적인 중위권 도약에 나선다.... 이들의 부재 시 팀 타율 0.250(9위)에 그쳤던 롯데는 최근 2경기에서 타율 0.307를 몰아치며 짜임새 있는...,www.nocutnews.co.kr,2026-05-07T14:54:00,,PERFORMANCE_ANALYSIS,MATCH_RELATED,0.9,,,True,나승엽과 고승민이 타선 부활로 팀에 기여하고 있다.,나승엽;고승민,positive,,True,"롯데 vs KT (원정) 8-1 승 | 결승타: 고승민(3회) | 홈런: 나승엽1호 | 타자 키플레이어: 고승민(롯데), 김민혁(KT), 나승엽(롯데) | 투수 키플레이어: 비슬리(롯데), 현도훈(롯데), 박정민(롯데)"
1503,"""최고의 타자"" 사령탑 극찬에 역전 3점포로 화답했다…롯데 승리 이끈 ...","롯데 자이언츠 외국인 타자 빅터 레이예스가 경기 후반 결정적인 홈런을 쏘아 올리며 팀을 승리로... 김태형 롯데 감독은 이날 경기 전 레이예스에 대한 질문이 나오자 ""성적이 말해준다. 꾸준하다. 최고의 타자...",www.xportsnews.com,2026-05-04T12:16:00,,INTERVIEW,INTERVIEW,0.9,,,True,레이예스가 결정적인 홈런으로 팀 승리를 이끌었다.,레이예스,positive,,True,"롯데 vs SSG (원정) 5-2 승 | 결승타: 레이예스(8회) | 홈런: 최지훈5호, 레이예스6호 | 타자 키플레이어: 레이예스(롯데), 정준재(SSG), 윤동희(롯데) | 투수 키플레이어: 문승원(SSG), 백승건(SSG), 김진욱(롯데)"
1504,"5이닝 무실점→헤드샷 퇴장→7실점 와장창, “이제는 잘해줄 때” 경고...",베니지아노는 2일 인천 SSG랜더스필드에서 열린 ‘2026 신한은행 SOL Bank KBO리그’ 롯데 자이언츠와의 경기에... SSG 이숭용 감독은 이날 경기 전 인터뷰에서 “제일 중요한 상황이다. 본인도 그 부분을 알고 있을거라고...,www.osen.co.kr,2026-05-03T02:22:00,,INTERVIEW,INTERVIEW,0.9,,,True,베니지아노가 퇴장 후 실점하며 경고를 받았다.,,negative,,True,"롯데 vs SSG (원정) 7-5 승 | 결승타: 노진혁(6회) | 홈런: 박성한3호, 최정8호 | 타자 키플레이어: 레이예스(롯데), 윤동희(롯데), 최정(SSG) | 투수 키플레이어: 베니지아노(SSG), 나균안(롯데), 김원중(롯데)"
1505,‘얼마나 간절했으면…’ 시즌 첫 승 공 챙긴 나균안 “다들 미안해 해...,프로야구 롯데 자이언츠 나균안이 시즌 6번째 등판에서 첫 승리를 챙겼다. 나균안은 2일 인천... 롯데 김태형 감독은 이날 경기 전 인터뷰에서 “첫 승을 하려면 완봉을 해야한다”며 농담을 하기도 했다. 6번째 등판에서...,www.osen.co.kr,2026-05-03T00:11:00,,INTERVIEW,INTERVIEW,0.9,,,True,롯데 나균안이 시즌 첫 승을 기록했다.,나균안,positive,,True,"롯데 vs SSG (원정) 7-5 승 | 결승타: 노진혁(6회) | 홈런: 박성한3호, 최정8호 | 타자 키플레이어: 레이예스(롯데), 윤동희(롯데), 최정(SSG) | 투수 키플레이어: 베니지아노(SSG), 나균안(롯데), 김원중(롯데)"
1506,"""부적 써야하는 거 아니야?""…한마음으로 바랐던 '첫 승', 깜짝 기념구까...","""크게 신경 안 쓰지 않았는데…."" 나균안(28·롯데 자이언츠)은 2일 인천 SSG랜더스필드에서 열린 SSG... 감독님께서도 우스개소리로 '부적써야 하는 거 아니냐', '기도라도 열심히 해봐라'라고 했는데 덕분에 첫 승을 할 수...",www.sportschosun.com,2026-05-02T22:22:00,,INTERVIEW,INTERVIEW,0.9,,,True,나균안이 첫 승을 위해 기도했다고 밝혔다.,나균안,positive,,True,"롯데 vs SSG (원정) 7-5 승 | 결승타: 노진혁(6회) | 홈런: 박성한3호, 최정8호 | 타자 키플레이어: 레이예스(롯데), 윤동희(롯데), 최정(SSG) | 투수 키플레이어: 베니지아노(SSG), 나균안(롯데), 김원중(롯데)"
1507,"‘드디어 이겼다’ 나균안 첫 승→3연승 질주, 김태형 감독 “그동안 안...",프로야구 롯데 자이언츠가 3연승을 질주하며 리그 최하위에서 탈출했다. 롯데는 2일 인천... 롯데 김태형 감독은 경기 후 인터뷰에서 “선발투수 나균안이 7이닝 2실점으로 좋은 투구를 해주었다. 그동안 호투를...,www.osen.co.kr,2026-05-02T19:41:00,,INTERVIEW,INTERVIEW,0.9,,,True,롯데가 3연승을 기록하며 최하위에서 탈출했다.,나균안,positive,,True,"롯데 vs SSG (원정) 7-5 승 | 결승타: 노진혁(6회) | 홈런: 박성한3호, 최정8호 | 타자 키플레이어: 레이예스(롯데), 윤동희(롯데), 최정(SSG) | 투수 키플레이어: 베니지아노(SSG), 나균안(롯데), 김원중(롯데)"
1508,"""오히려 제가 야수들에게 미안했죠"" 6G 만에 시즌 첫 승, 나균안이 오랜...","롯데 자이언츠 우완투수 나균안이 올 시즌 개막 후 처음으로 승리의 기쁨을 맛봤다. 나균안은 2일... 계속 그런 이야기를 듣다 보니까 부담이 됐고, 감독님도 '부적을 써야 하는 게 아니냐, 기도라도 해라'라고 하셨다....",www.xportsnews.com,2026-05-02T19:26:00,,INTERVIEW,INTERVIEW,0.9,,,True,나균안이 시즌 첫 승의 기쁨을 느꼈다.,나균안,positive,,True,"롯데 vs SSG (원정) 7-5 승 | 결승타: 노진혁(6회) | 홈런: 박성한3호, 최정8호 | 타자 키플레이어: 레이예스(롯데), 윤동희(롯데), 최정(SSG) | 투수 키플레이어: 베니지아노(SSG), 나균안(롯데), 김원중(롯데)"
1509,"7회 좌중간 타구가 바람에 막혀 2루타로, 백업 외야수로 출발해 사이클...","롯데 자이언츠 내야수 고승민(26)은 2024년 9월 17일 LG 트윈스와 부산 홈경기에서 '5안타'를 몰아쳤다. 1회... 마루야마는 1일 언론 인터뷰에서 상승세의 비결을 묻는 질문에 ""지난달 19일에 아빠가 됐다. 앞으로 더 열심히...",www.sportschosun.com,2026-05-02T08:50:00,,INTERVIEW,INTERVIEW,0.9,,,True,고승민이 5안타를 기록하며 활약했다.,고승민,positive,,True,"롯데 vs SSG (원정) 10-7 승 | 결승타: 장두성(10회) | 홈런: 조형우1호 | 타자 키플레이어: 에레디아(SSG), 손성빈(롯데), 장두성(롯데) | 투수 키플레이어: 타케다(SSG), 김원중(롯데), 조병현(SSG)"
1510,드디어 롯데의 리드오프가 정해졌나! 승부를 결정지은 1번 타자 장두성...,롯데 자이언츠와 SSG 랜더스의 2026 신한SOL KBO리그 경기에 1번 타자로 선발 출전한 장두성은 3안타 경기를 펼치며 1번 타자다운 활약을 펼쳤다. 연장 승부에서 팀의 리드를 만드는 1타점 적시타는 덤이었다. 경기 후 인터뷰에...,www.mydaily.co.kr,2026-05-01T21:29:00,,INTERVIEW,INTERVIEW,0.9,,,True,장두성이 1번 타자로 활약하며 팀에 기여했다.,장두성,positive,,True,"롯데 vs SSG (원정) 10-7 승 | 결승타: 장두성(10회) | 홈런: 조형우1호 | 타자 키플레이어: 에레디아(SSG), 손성빈(롯데), 장두성(롯데) | 투수 키플레이어: 타케다(SSG), 김원중(롯데), 조병현(SSG)"
1511,"6점 지원도 소용없었다… '5G 4패' 박세웅, 이번엔 불펜 난조로 눈물[스...","롯데 자이언츠 박세웅이 불펜 난조로 시즌 첫 승리에 실패했다. 박세웅. ⓒ롯데 자이언츠 박세웅은 1일... 김태형 감독은 이날 경기 전 인터뷰에서 박세웅에 대해 ""박세웅에게 더 이상 부담감 이런 얘기는 의미가 없다....",sports.hankooki.com,2026-05-01T20:54:00,,INTERVIEW,INTERVIEW,0.9,,,True,박세웅이 불펜 난조로 승리를 놓쳤다.,박세웅,negative,,True,"롯데 vs SSG (원정) 10-7 승 | 결승타: 장두성(10회) | 홈런: 조형우1호 | 타자 키플레이어: 에레디아(SSG), 손성빈(롯데), 장두성(롯데) | 투수 키플레이어: 타케다(SSG), 김원중(롯데), 조병현(SSG)"
1512,"키움 실책 놓치지 않았다, 롯데 홈 첫 위닝시리즈 “비슬리·필승조 좋...",프로야구 롯데 자이언츠가 4월의 마지막을 위닝시리즈로 장식했다. 롯데는 30일 부산 사직구장에서 열린... 롯데 김태형 감독은 경기 후 인터뷰에서 “선발투수 비슬리가 6이닝 1실점으로 좋은 투구를 해줬다. 이어서...,www.osen.co.kr,2026-05-01T00:11:00,,INTERVIEW,INTERVIEW,0.9,,,True,롯데가 위닝시리즈를 달성하며 좋은 성과를 냈다.,비슬리,positive,,True,"롯데 vs 키움 (홈) 3-1 승 | 타자 키플레이어: 유강남(롯데), 박승욱(롯데), 송지후(키움) | 투수 키플레이어: 배동현(키움), 비슬리(롯데), 최준용(롯데)"
1513,"2G 연속 무안타 침묵, 김태형 감독 결국 칼 빼들었다…전준우, 선발 라인...",프로야구 롯데 자이언츠 김태형 감독이 타선에 대한 고민을 토로했다. 김태형 감독은 30일 부산 사직구장에서 열리는 ‘2026 신한은행 SOL Bank KBO리그’ 키움 히어로즈오의 경기 전 인터뷰에서 “고민할게 뭐가 있나....,www.osen.co.kr,2026-04-30T16:41:00,,INTERVIEW,INTERVIEW,0.9,,,True,롯데가 타선 부진으로 고민을 토로했다.,유강남;박승욱,negative,,True,"롯데 vs 키움 (홈) 3-1 승 | 타자 키플레이어: 유강남(롯데), 박승욱(롯데), 송지후(키움) | 투수 키플레이어: 배동현(키움), 비슬리(롯데), 최준용(롯데)"
1514,"대타 준비하자 관중석에서 탄식, 롯데 차세대 거포가 이런 처지라니…O...",프로야구 롯데 자이언츠 한동희(27)의 부진이 길어지고 있다. 한동희는 지난 29일 부산 사직구장에서 열린... 롯데 김태형 감독은 이날 경기 전 인터뷰에서 “한동희는 지켜봐야 할 것 같다. 타격감이 좋지 않다”...,www.osen.co.kr,2026-04-30T14:41:00,,INTERVIEW,INTERVIEW,0.9,,,True,한동희의 부진이 계속되고 있다.,한동희;박승욱,negative,,True,"롯데 vs 키움 (홈) 5-6 패 | 결승타: 오선진(11회) | 홈런: 안치홍2호, 임병욱1호, 박승욱1호 | 타자 키플레이어: 박승욱(롯데), 장두성(롯데), 레이예스(롯데) | 투수 키플레이어: 박진형(키움), 정철원(롯데), 유토(키움)"
1515,"18이닝 연속 무득점, 2경기 1득점-병살타 3개…숨 막힐 듯한 답답함, 이...","롯데 자이언츠가 19일 부산 사직야구장에서 치러진 한화 이글스와의 2026 신한SOL KBO리그 경기에서 1-9로... 김태형 감독이 19일 경기 전 인터뷰에서 언급한 대로, 타선에서 정상 컨디션을 유지하고 있는 선수는 사실상...",www.mydaily.co.kr,2026-04-19T18:18:00,,INTERVIEW,INTERVIEW,0.9,,,True,롯데가 18이닝 연속 무득점으로 고전하고 있다.,,negative,,True,"롯데 vs 한화 (홈) 1-9 패 | 홈런: 문현빈4호 | 타자 키플레이어: 문현빈(한화), 강백호(한화), 최재훈(한화) | 투수 키플레이어: 에르난데스(한화), 김종수(한화), 김서현(한화)"
1516,"'20년 지나도' 한화는 류현진! 6연패 끊었다…""투수들이 무너지니 야수...","류현진은 18일 부산 사직야구장에서 열린 2026 신한 SOL KBO리그 롯데 자이언츠와의 정규시즌 1차전에 선발... 류현진은 ""감독님이 아무 말씀 없이 고생했다고 하시더라. 그래서 '여기까지구나'라고 생각했다""며 ""열흘 만에...",www.xportsnews.com,2026-04-19T01:21:00,,INTERVIEW,INTERVIEW,0.9,,,True,류현진이 롯데를 상대로 승리를 이끌었다.,류현진,negative,,True,"롯데 vs 한화 (홈) 0-5 패 | 결승타: 페라자(3회) | 타자 키플레이어: 페라자(한화), 강백호(한화), 문현빈(한화) | 투수 키플레이어: 류현진(한화), 현도훈(롯데), 조동욱(한화)"
1517,"류현진 ""예전과 다르게, 이젠 수비 믿고 던진다""…247일만의 기쁨! 연패...","류현진은 18일 부산 사직구장에서 열린 롯데 자이언츠와의 주말시리즈 2차전에서 7이닝 무실점으로 쾌투... 류현진은 ""7회 끝나고 내려왔더니 감독님이 '고생했다' 하시더라. 오케이, 여기까지구나 싶었다""면서 ""이닝수도...",www.sportschosun.com,2026-04-18T21:31:00,,INTERVIEW,INTERVIEW,0.9,,,True,류현진이 무실점으로 호투했지만 팀은 패했다.,류현진,negative,,True,"롯데 vs 한화 (홈) 0-5 패 | 결승타: 페라자(3회) | 타자 키플레이어: 페라자(한화), 강백호(한화), 문현빈(한화) | 투수 키플레이어: 류현진(한화), 현도훈(롯데), 조동욱(한화)"
1518,"루징에도 불구하고, 마운드 향한 극찬 아끼지 않은 김태형 감독 “정말...",김태형 감독이 투수들을 한껏 치켜세웠다. 롯데 자이언츠가 17일 부산 사직야구장에서 치러질 한화... 우선 사전 인터뷰에 나선 김태형 감독은 “만약 우천 취소가 되면 선발 로테이션은 그대로 한 칸씩 밀리지 않을까...,www.mydaily.co.kr,2026-04-17T16:40:00,,INTERVIEW,INTERVIEW,0.9,,,True,김태형 감독이 투수들을 칭찬했다.,,positive,,True,"롯데 vs LG (원정) 4-7 패 | 결승타: 문성주(6회) | 홈런: 레이예스5호 | 타자 키플레이어: 레이예스(롯데), 문성주(LG), 윤동희(롯데) | 투수 키플레이어: 치리노스(LG), 우강훈(LG), 정철원(롯데)"
1519,"'사직 스쿠발' 김진욱 드디어 터지나...""확신 갖고 자기 공 던진다"" 김태...",16일 롯데-LG전을 앞둔 잠실야구장에서 가장 큰 화제의 인물은 롯데 자이언츠 좌완 투수 김진욱이었다. '사직... 합동 인터뷰를 진행하는 등 관심이 뜨거웠다. 적장도 인정한 피칭 경기 전 양 팀 감독들도 김진욱의 호투에...,www.spochoo.com,2026-04-16T18:00:00,,INTERVIEW,INTERVIEW,0.9,,,True,김진욱이 기대를 모으고 있다.,김진욱,positive,,True,"롯데 vs LG (원정) 4-7 패 | 결승타: 문성주(6회) | 홈런: 레이예스5호 | 타자 키플레이어: 레이예스(롯데), 문성주(LG), 윤동희(롯데) | 투수 키플레이어: 치리노스(LG), 우강훈(LG), 정철원(롯데)"
1520,취재진과 이야기 나누는 염경엽 감독[포토],16일 오후 서울 송파구 잠실야구장에서 열리는 '2026 신한 SOL Bank KBO리그' 롯데 자이언츠와 LG 트윈스의 경기에 앞서 LG 염경엽 감독이 취재진과 인터뷰를 나누고 있다.,www.xportsnews.com,2026-04-16T16:05:00,,INTERVIEW,,0.9,,,True,염경엽 감독이 취재진과 인터뷰를 진행했다.,,neutral,,True,"롯데 vs LG (원정) 4-7 패 | 결승타: 문성주(6회) | 홈런: 레이예스5호 | 타자 키플레이어: 레이예스(롯데), 문성주(LG), 윤동희(롯데) | 투수 키플레이어: 치리노스(LG), 우강훈(LG), 정철원(롯데)"
1521,"'사이다 광고 깜짝 출연' 레이YES, '레이NO' 될 뻔한 사연…""팬들께서 좋...","롯데 자이언츠 외국인 타자 빅터 레이예스가 생애 첫 광고 모델이 된 소감을 전했다. 레이예스는 지난 15일... 감독님께서 오늘 1번, 2번이라고 하시면 어디든 들어가서 열심히 칠 자신이 있다""고 말하며 ""최근 몇 경기...",www.xportsnews.com,2026-04-16T12:01:00,,INTERVIEW,,0.9,,,True,롯데 자이언츠의 레이예스가 첫 광고 모델로 나섰다.,빅터 레이예스,positive,,True,"롯데 vs LG (원정) 2-0 승 | 결승타: 손성빈(3회) | 홈런: 손성빈1호 | 타자 키플레이어: 장두성(롯데), 박해민(LG), 한태양(롯데) | 투수 키플레이어: 김진욱(롯데), 웰스(LG), 박정민(롯데)"
1522,잠실 지배한 ‘사직 스쿠발’…좌완 갈증 풀어낸 롯데,"롯데 자이언츠의 마운드에 드디어 ‘진짜’가 나타났다. 미국 메이저리그(MLB) 사이영상 수상자 타릭... 김진욱은 경기 후 인터뷰에서 ""커브를 던지고 싶었지만 성빈이가 자기 믿고 직구를 가자고 했다. 그 믿음이...",www.dailian.co.kr,2026-04-16T08:34:00,,INTERVIEW,INTERVIEW,0.9,,,True,롯데가 LG를 상대로 마운드에서 강한 모습을 보였다.,타릭;김진욱,positive,,True,"롯데 vs LG (원정) 2-0 승 | 결승타: 손성빈(3회) | 홈런: 손성빈1호 | 타자 키플레이어: 장두성(롯데), 박해민(LG), 한태양(롯데) | 투수 키플레이어: 김진욱(롯데), 웰스(LG), 박정민(롯데)"
1523,"류지현 감독님 보고 계신가요… 김진욱, AG 승선 가능성 밝힌 호투[초점...","롯데 자이언츠 좌완 선발투수 김진욱이 디펜딩챔피언 LG 타선을 꽁꽁 묶었다. 롯데의 2연패를 끊었을 뿐만... 김 감독은 14일 경기 전 인터뷰에서 ""잘해주고 있다. 스프링캠프 때부터 계속 좋았는데 앞으로도 계속 그...",sports.hankooki.com,2026-04-15T21:08:00,,INTERVIEW,INTERVIEW,0.9,,,True,김진욱이 LG 타선을 잘 막아내며 호투를 펼쳤다.,김진욱,positive,,True,"롯데 vs LG (원정) 2-0 승 | 결승타: 손성빈(3회) | 홈런: 손성빈1호 | 타자 키플레이어: 장두성(롯데), 박해민(LG), 한태양(롯데) | 투수 키플레이어: 김진욱(롯데), 웰스(LG), 박정민(롯데)"
1524,엇갈린 평가… 김태형 감독이 진단한 박세웅과 김진욱[잠실에서],"김태형 롯데 자이언츠 감독이 국내 선발투수 박세웅과 김진욱을 평가했다. 박세웅에게는 투구 패턴에 대한... ⓒ스포츠코리아 김태형 감독은 경기 전 인터뷰에서 박세웅에 대해 ""항상 똑같은 투구패턴이다. 원...",sports.hankooki.com,2026-04-14T17:38:00,,INTERVIEW,INTERVIEW,0.9,,,True,김태형 감독이 박세웅과 김진욱을 평가했다.,박세웅;김진욱,neutral,,True,"롯데 vs LG (원정) 1-2 패 | 결승타: 오스틴(8회) | 홈런: 오스틴5호 | 타자 키플레이어: 오스틴(LG), 노진혁(롯데), 문보경(LG) | 투수 키플레이어: 송승기(LG), 유영찬(LG), 나균안(롯데)"
1525,"김영우 필승조 승격, 우강훈 아껴쓰기… 염경엽 감독의 이유있는 기용법","LG는 14일 오후 서울 잠실구장에서 2026 신한 SOL Bank KBO리그 롯데 자이언츠와 홈경기를 치른다.... 염경엽 감독은 경기 전 인터뷰에서 ""(시즌 초반) 김영우를 매우 조심스럽게 활용했다. 지난해 해놓은 것들이 있는데 시즌...",sports.hankooki.com,2026-04-14T16:56:00,,INTERVIEW,INTERVIEW,0.9,,,True,염경엽 감독이 김영우의 기용법에 대해 설명했다.,김영우,neutral,,True,"롯데 vs LG (원정) 1-2 패 | 결승타: 오스틴(8회) | 홈런: 오스틴5호 | 타자 키플레이어: 오스틴(LG), 노진혁(롯데), 문보경(LG) | 투수 키플레이어: 송승기(LG), 유영찬(LG), 나균안(롯데)"
1526,"""160km 찍힌 줄도 몰랐어요"" 의식하고 던진 것도 아닌데 리그 최고 구속...","안우진은 12일 서울 고척스카이돔에서 열린 2026 KBO리그 롯데 자이언츠와의 홈 경기에 선발 등판, 1이닝 동안... 고척돔을 가득 채운 팬들의 응원도, 취재진에 둘러싸여 인터뷰하는 일도 그리웠다는 안우진은 ""오늘 팬...",www.spochoo.com,2026-04-12T21:31:00,,INTERVIEW,INTERVIEW,0.9,,,True,안우진이 롯데와의 경기에서 높은 구속을 기록했다.,안우진,negative,,True,"롯데 vs 키움 (원정) 0-2 패 | 결승타: 이주형(1회) | 홈런: 이주형1호 | 타자 키플레이어: 이주형(키움), 안치홍(키움), 노진혁(롯데) | 투수 키플레이어: 배동현(키움), 김재웅(키움), 박세웅(롯데)"
1527,"안우진이라니, 김태형 감독도 기대감… ""얼마나 좋은지 한 번 봐야겠네...",3연승을 질주 중인 롯데 자이언츠가 키움 히어로즈 에이스 안우진을 만났다. 안우진은 이날 30구만 소화할... 롯데 김태형 감독도 기대감을 나타냈다. 김 감독은 이날 경기 전 인터뷰에서 몰려든 취재기자들을 보고...,sports.hankooki.com,2026-04-12T13:00:00,,INTERVIEW,INTERVIEW,0.9,,,True,김태형 감독이 안우진에 대한 기대감을 나타냈다.,안우진,positive,,True,"롯데 vs 키움 (원정) 3-1 승 | 결승타: 한동희(10회) | 타자 키플레이어: 장두성(롯데), 레이예스(롯데), 박승욱(롯데) | 투수 키플레이어: 와일스(키움), 비슬리(롯데), 박정민(롯데)"
1528,키움 설종진 감독 “안우진 80~90% 회복…157㎞까지 올라왔다”,안우진은 12일 고척스카이돔에서 열리는 2026 KBO리그 롯데자이언츠와 홈경기에 선발투수로 나선다.... 설종진 키움 감독은 경기 전 인터뷰에서 안우진의 현재 상태에 대해 “불펜 피칭에서 시속 157㎞까지 나왔다”며...,www.edaily.co.kr,2026-04-12T11:55:00,,INTERVIEW,INTERVIEW,0.9,,,True,안우진이 회복 중이며 구속이 상승하고 있다.,안우진,positive,,True,"롯데 vs 키움 (원정) 3-1 승 | 결승타: 한동희(10회) | 타자 키플레이어: 장두성(롯데), 레이예스(롯데), 박승욱(롯데) | 투수 키플레이어: 와일스(키움), 비슬리(롯데), 박정민(롯데)"
1529,"정말 볼배합이 문제였나, 손성빈 선발 포수→3G 연속 QS…그래도 유강남...",프로야구 롯데 자이언츠 마운드가 포수 교체 이후 달라진 모습을 보여주고 있다. 롯데는 지난 11일 서울... 롯데 김태형 감독은 지난 10일 인터뷰에서 “지난 경기에서 로드리게스가 바깥쪽 공이 계속 날리는데 그 공을...,www.osen.co.kr,2026-04-12T07:12:00,,INTERVIEW,INTERVIEW,0.9,,,True,롯데가 포수 교체 후 3경기 연속 QS를 기록했다.,손성빈,positive,,True,"롯데 vs 키움 (원정) 3-1 승 | 결승타: 한동희(10회) | 타자 키플레이어: 장두성(롯데), 레이예스(롯데), 박승욱(롯데) | 투수 키플레이어: 와일스(키움), 비슬리(롯데), 박정민(롯데)"
1530,"955일 만에 돌아오는 안우진, 압도적 1이닝 보여줄까…최대 30구 예정, “...",키움은 12일 서울 고척스카이돔에서 열리는 ‘2026 신한은행 SOL Bank KBO리그’ 롯데 자이언츠와의 경기에... 설종진 감독은 지난 10일 인터뷰에서 “최대 투구수는 30구로 생각하고 있다. 만약 이닝이 안끝났는데 28구...,www.osen.co.kr,2026-04-12T06:41:00,,INTERVIEW,INTERVIEW,0.9,,,True,안우진이 955일 만에 복귀하여 1이닝을 소화할 예정이다.,,neutral,,True,"롯데 vs 키움 (원정) 3-1 승 | 결승타: 한동희(10회) | 타자 키플레이어: 장두성(롯데), 레이예스(롯데), 박승욱(롯데) | 투수 키플레이어: 와일스(키움), 비슬리(롯데), 박정민(롯데)"
1531,"이보다 완벽한 출발이 있을까…‘데뷔 첫 승’ 롯데 대졸 신인 ""가장 먼...",프로야구 롯데 자이언츠 신인 우완투수 박정민(23)이 데뷔 첫 승리를 따냈다. 박정민은 11일 서울... 박정민은 경기 후 인터뷰에서 “내가 승리투수인줄 몰랐다. 전혀 생각을 하지 못했다. 공은 따로 안챙겼는데 누가...,www.osen.co.kr,2026-04-12T00:41:00,,INTERVIEW,INTERVIEW,0.9,,,True,박정민이 데뷔 첫 승리를 기록하며 팀에 기여했다.,박정민,positive,,True,"롯데 vs 키움 (원정) 3-1 승 | 결승타: 한동희(10회) | 타자 키플레이어: 장두성(롯데), 레이예스(롯데), 박승욱(롯데) | 투수 키플레이어: 와일스(키움), 비슬리(롯데), 박정민(롯데)"
1532,"1회 0:1→9회 1:1→10회 3:1, 드라마 같은 롯데 3연승, 김태형 “지고 있...","프로야구 롯데 자이언츠가 극적인 연장전 승리를 따내며 3연승을 질주했다. 롯데는 11일 서울... 롯데 김태형 감독은 경기 후 인터뷰에서 “선발 비슬리가 6이닝 1실점의 좋은 투구를 해주었고 이어 나온 최이준, 박정민...",www.osen.co.kr,2026-04-11T22:46:00,,INTERVIEW,INTERVIEW,0.9,,,True,롯데가 극적인 연장전 승리로 3연승을 달성했다.,,positive,,True,"롯데 vs 키움 (원정) 3-1 승 | 결승타: 한동희(10회) | 타자 키플레이어: 장두성(롯데), 레이예스(롯데), 박승욱(롯데) | 투수 키플레이어: 와일스(키움), 비슬리(롯데), 박정민(롯데)"
1533,"교통사고 당한 마무리 공백 채운 25살 영건, 퍼펙트 피칭→첫 세이브 “...",프로야구 롯데 자이언츠 최준용(25)이 시즌 첫 세이브에 성공했다. 최준용은 지난 10일 서울... 롯데 김태형 감독은 이날 경기 전 인터뷰에서 “지금은 (최)준용이를 계속 마무리투수로 생각하고 있다. (김)원중이는 아직...,www.osen.co.kr,2026-04-11T09:11:00,,INTERVIEW,INTERVIEW,0.9,,,True,최준용이 시즌 첫 세이브를 기록하며 마무리 역할을 수행했다.,최준용,positive,,True,"롯데 vs 키움 (원정) 3-1 승 | 결승타: 노진혁(1회) | 홈런: 최주환1호, 레이예스4호 | 타자 키플레이어: 황성빈(롯데), 레이예스(롯데), 박주홍(키움) | 투수 키플레이어: 로드리게스(롯데), 최준용(롯데), 박정훈(키움)"
1534,"'11탈삼진' 롯데 에이스, 자신감 찾았다!…""이게 원래 내 스타일, 공격적...","롯데 자이언츠 외국인 투수 엘빈 로드리게스가 '에이스 본능'을 되찾았다. 앞선 등판의 부진을 씻어내는... 김태형 롯데 감독도 ""로드리게스가 1선발에 걸맞은 투구를 해줬다""고 만족감을 나타냈다. 로드리게스는...",www.xportsnews.com,2026-04-11T05:15:00,,INTERVIEW,INTERVIEW,0.9,,,True,엘빈 로드리게스가 에이스 본능을 되찾았다.,엘빈 로드리게스,positive,,True,"롯데 vs 키움 (원정) 3-1 승 | 결승타: 노진혁(1회) | 홈런: 최주환1호, 레이예스4호 | 타자 키플레이어: 황성빈(롯데), 레이예스(롯데), 박주홍(키움) | 투수 키플레이어: 로드리게스(롯데), 최준용(롯데), 박정훈(키움)"
1535,‘4K 10볼넷→11K 0볼넷’ 사령탑도 감탄한 특급 1선발 “오늘 포수와 호...,프로야구 롯데 자이언츠 엘빈 로드리게스(28)가 도미넌트스타트(8이닝 1자책 이하)를 달성하며 팀 2연승을... 롯데 김태형 감독은 경기 후 인터뷰에서 “선발 엘빈 로드리게스가 1선발에 걸맞은 최고의 피칭으로 8이닝을...,www.osen.co.kr,2026-04-11T00:40:00,,INTERVIEW,INTERVIEW,0.9,,,True,로드리게스가 8이닝 1자책으로 팀의 승리를 이끌었다.,엘빈 로드리게스,positive,,True,"롯데 vs 키움 (원정) 3-1 승 | 결승타: 노진혁(1회) | 홈런: 최주환1호, 레이예스4호 | 타자 키플레이어: 황성빈(롯데), 레이예스(롯데), 박주홍(키움) | 투수 키플레이어: 로드리게스(롯데), 최준용(롯데), 박정훈(키움)"
1536,"‘로드리게스 11K 위력투+레이예스 4호 홈런’ 롯데, 2연승→최하위 탈...",프로야구 롯데 자이언츠가 2연승을 달리며 최하위에서 탈출했다. 롯데는 10일 서울 고척스카이돔에서 열린... 롯데 김태형 감독은 경기 후 인터뷰에서 “선발 엘빈 로드리게스가 1선발에 걸맞은 최고의 피칭으로...,www.osen.co.kr,2026-04-10T22:41:00,,INTERVIEW,INTERVIEW,0.9,,,True,롯데가 2연승을 달리며 최하위에서 탈출했다.,엘빈 로드리게스;레이예스,positive,,True,"롯데 vs 키움 (원정) 3-1 승 | 결승타: 노진혁(1회) | 홈런: 최주환1호, 레이예스4호 | 타자 키플레이어: 황성빈(롯데), 레이예스(롯데), 박주홍(키움) | 투수 키플레이어: 로드리게스(롯데), 최준용(롯데), 박정훈(키움)"
1537,돌아온 리그 에이스 안우진 “2023년보다 더 좋아졌다”,"안우진은 4월 12일 고척스카이돔에서 열리는 롯데 자이언츠와의 홈 경기 선발 등판을 예고했다. 안우진의... 키움의 설종진 감독은 취재진과의 인터뷰에서 “트레이너 파트, 분석팀, 코치진과 상의한 끝에 무리가 없을...",ilyo.co.kr,2026-04-10T15:58:00,,INTERVIEW,INTERVIEW,0.9,,,True,안우진이 롯데와의 경기에서 선발 등판을 예고했다.,안우진,neutral,,True,"롯데 vs 키움 (원정) 3-1 승 | 결승타: 노진혁(1회) | 홈런: 최주환1호, 레이예스4호 | 타자 키플레이어: 황성빈(롯데), 레이예스(롯데), 박주홍(키움) | 투수 키플레이어: 로드리게스(롯데), 최준용(롯데), 박정훈(키움)"
1538,"""잠깐만요"" 인터뷰 중단하더니 ""건우야, 병현아 잘 잤지?""…SSG 공동 1위...",""" SSG 랜더스 이숭용 감독은 5일 부산 사직구장에서 열리는 2026 신한은행 SOL Bank KBO리그 롯데 자이언츠와 팀... 이에 이숭용 감독은 ""잠깐만요""라며 일시적으로 인터뷰를 멈추더니 김건우와 조형우를 향해 ""(김)건우야 (조)...",www.spotvnews.co.kr,2026-04-05T13:34:00,,INTERVIEW,INTERVIEW,0.9,,,True,이숭용 감독이 인터뷰 중 김건우와 조형우를 언급했다.,김건우;조형우,negative,,True,"롯데 vs SSG (홈) 6-7 패 | 결승타: 에레디아(7회) | 홈런: 유강남1호, 노진혁3호 | 타자 키플레이어: 한동희(롯데), 고명준(SSG), 황성빈(롯데) | 투수 키플레이어: 조병현(SSG), 노경은(SSG), 이로운(SSG)"
1539,"""강정호 느낌이 나요"" 1R 신인 기대치 이 정도라니...""내야의 핵심이 될...","지난 1일 창원 롯데 자이언츠전에서 데뷔 첫 홈런을 친 뒤 사흘 만에 손맛을 봤다. 2007년생 내야수... 취재진이 신재인이 타자로서 어떤 스타일로 성장할지 묻자 이호준 감독은 ""강정호가 생각난다. (이전 인터뷰에서)...",www.xportsnews.com,2026-04-05T13:03:00,,INTERVIEW,INTERVIEW,0.9,,,True,신재인이 롯데와의 경기에서 첫 홈런을 기록했다.,신재인,neutral,,True,"롯데 vs SSG (홈) 6-7 패 | 결승타: 에레디아(7회) | 홈런: 유강남1호, 노진혁3호 | 타자 키플레이어: 한동희(롯데), 고명준(SSG), 황성빈(롯데) | 투수 키플레이어: 조병현(SSG), 노경은(SSG), 이로운(SSG)"
1540,"""나도 당황했다"" 5G 15타수 무안타, 신경 쓰일 수밖에…강민호가 꼽은 완...","구자욱은 인터뷰 중인 강민호 뒤로 지나가며 ""(강)민호 형 안 가세요?""라고 농담을 던지기도 했다. 얼굴에서 웃음이 새어나왔다. 삼성은 지난 3월 28~29일 안방 대구서 열린 롯데 자이언츠와의 개막 2연전서 2연패를...",www.spotvnews.co.kr,2026-04-05T07:16:00,,INTERVIEW,INTERVIEW,0.9,,,True,강민호가 5G 15타수 무안타에 대해 언급했다.,강민호,negative,,True,"롯데 vs SSG (홈) 6-7 패 | 결승타: 에레디아(7회) | 홈런: 유강남1호, 노진혁3호 | 타자 키플레이어: 한동희(롯데), 고명준(SSG), 황성빈(롯데) | 투수 키플레이어: 조병현(SSG), 노경은(SSG), 이로운(SSG)"
1541,"""우강훈 완전 떴네 떴어""…'장투' 성공 LG, 염갈량이 흡족한 건 '매뉴얼...","염경엽 LG 감독은 우강훈이 인터뷰하는 모습을 흐뭇하게 지켜봤다. ""완전 떴네 떴어. 더 떠야지""라고... 2002년생인 우강훈은 2021년 야탑고를 졸업하고 신인드래프트 2차 5라운드, 전체 41순위로 롯데 자이언츠에...",www.xportsnews.com,2026-04-04T10:34:00,,INTERVIEW,CLUB_OPERATION,0.9,,,True,염경엽 감독이 우강훈의 인터뷰를 흐뭇하게 지켜봤다.,우강훈,neutral,,True,"롯데 vs SSG (홈) 2-17 패 | 결승타: 최정(1회) | 홈런: 최지훈2호, 에레디아3호, 고명준3호 | 타자 키플레이어: 박성한(SSG), 최지훈(SSG), 고명준(SSG) | 투수 키플레이어: 화이트(SSG)"
1542,"'불펜 방화' KBO리그, 그래서 더 빛나는 LG 우강훈","우강훈은 매송중학교-야탑고를 거쳐 2021 프로야구 신인 드래프트에서 롯데 자이언츠 2차 5라운드 전체... 그는 최근 인터뷰에서 ""1군에 올라오면 2군과 다른 분위기 탓에 순간적으로 집중력이 떨어지는 경우가...",www.sportsq.co.kr,2026-04-03T12:06:00,,INTERVIEW,PERFORMANCE_ANALYSIS,0.9,,,True,우강훈이 1군과 2군의 분위기 차이에 대해 이야기했다.,우강훈,negative,,True,"롯데 vs NC (원정) 4-8 패 | 결승타: 박건우(5회) | 홈런: 노진혁2호 | 타자 키플레이어: 박건우(NC), 노진혁(롯데), 박민우(NC) | 투수 키플레이어: 김진욱(롯데), 배재환(NC), 원종해(NC)"
1543,‘12안타 2홈런 대폭발→2연속 위닝시리즈’ 이숭용 감독 “11점 뽑아낸...,이숭용 감독은 “추운 날씨 응원해주신 팬여러분께 감사드리고 부산 원정도 잘 대비하겠다”고 주말 3연전 선전을 다짐했다. 개막 홈 5연전에서 4승 1패를 거둔 SSG는 3일부터 부산 사직구장에서 롯데 자이언츠와...,www.osen.co.kr,2026-04-03T04:41:00,,INTERVIEW,INTERVIEW,0.9,,,True,이숭용 감독이 팬들에게 감사 인사를 전했다.,,positive,,True,"롯데 vs NC (원정) 4-8 패 | 결승타: 박건우(5회) | 홈런: 노진혁2호 | 타자 키플레이어: 박건우(NC), 노진혁(롯데), 박민우(NC) | 투수 키플레이어: 김진욱(롯데), 배재환(NC), 원종해(NC)"
1544,"'성공적 몰빵, 삼성만 울상' 31일 선발 왜 롯데만 토종인가?",롯데 자이언츠 김태형 감독이 시즌 초반 마운드 운용에 대해 '정공법'을 택했다. 강력한 외인 투수 두명을... 김태형 감독은 28일 대구 삼성 라이온즈와의 개막전을 앞두고 진행된 인터뷰에서 외국인 투수들의 등판 일정과...,www.sportschosun.com,2026-03-31T00:51:00,,INTERVIEW,CLUB_OPERATION,0.9,,,True,김태형 감독이 롯데의 마운드 운용에 대해 설명했다.,,neutral,,True,"롯데 vs NC (원정) 2-9 패 | 결승타: 김휘집(3회) | 타자 키플레이어: 노진혁(롯데), 김형준(NC), 김휘집(NC) | 투수 키플레이어: 토다(NC), 이준혁(NC), 김영규(NC)"
1545,17G에서 무려 11홈런…폭발하는 SSG 고명준의 '헤드' [IS 포커스],"정규시즌 개막 후 첫 2경기에서 홈런 2개를 기록하며 박건우(NC 다이노스) 손호영(롯데 자이언츠) 등과 함께... 고명준은 본지와 인터뷰에서 ""(쉽게 설명해서) 타격할 때 손(손목)을 최대한 덜 쓰려고 한다. (스윙...",isplus.com,2026-03-30T11:09:00,,INTERVIEW,PERFORMANCE_ANALYSIS,0.9,,,True,롯데가 삼성과의 경기에서 6-2로 승리했다.,손호영,positive,,True,"롯데 vs 삼성 (원정) 6-2 승 | 결승타: 손호영(4회) | 홈런: 손호영1호, 손호영2호, 노진혁1호, 레이예스2호 | 타자 키플레이어: 레이예스(롯데), 류지혁(삼성), 이재현(삼성) | 투수 키플레이어: 비슬리(롯데), 최원태(삼성), 쿄야마(롯데)"
1546,"2경기 만에 멀티 홈런… 롯데 손호영 ""아직 만족 일러""",/롯데 자이언츠 제공 | 대구=한스경제 신희재 기자 | 프로야구 롯데 자이언츠의 손호영(32)이 개막 2경기... 손호영이 29일 대구 삼성라이온즈파크에서 경기 후 취재진과 인터뷰하고 있다. /신희재 기자 2020년 LG...,www.hansbiz.co.kr,2026-03-30T09:58:00,,INTERVIEW,INTERVIEW,0.9,,,True,손호영이 멀티 홈런을 기록했지만 만족하지 않는다.,손호영,positive,,True,"롯데 vs 삼성 (원정) 6-2 승 | 결승타: 손호영(4회) | 홈런: 손호영1호, 손호영2호, 노진혁1호, 레이예스2호 | 타자 키플레이어: 레이예스(롯데), 류지혁(삼성), 이재현(삼성) | 투수 키플레이어: 비슬리(롯데), 최원태(삼성), 쿄야마(롯데)"
1547,"세상에! 실책에도 “고맙다”라니…비슬리, 첫 등판서 드러난 ‘대인배...",프로야구 롯데 자이언츠 외국인 투수 제레미 비슬리가 KBO리그 데뷔전을 승리로 장식했다. 비슬리는 29일... 잘하겠다”고 인터뷰를 마쳤다. 한편 김태형 감독은 경기 후 “선발 비슬리가 5이닝 1실점의 좋은 투구를 해줬고...,www.osen.co.kr,2026-03-29T20:36:00,,INTERVIEW,INTERVIEW;PERFORMANCE_ANALYSIS,0.9,,,True,비슬리가 KBO 데뷔전에서 좋은 투구를 선보였다.,비슬리,positive,,True,"롯데 vs 삼성 (원정) 6-2 승 | 결승타: 손호영(4회) | 홈런: 손호영1호, 손호영2호, 노진혁1호, 레이예스2호 | 타자 키플레이어: 레이예스(롯데), 류지혁(삼성), 이재현(삼성) | 투수 키플레이어: 비슬리(롯데), 최원태(삼성), 쿄야마(롯데)"
1548,"KBO, ‘여성비하’ 발언 롯데 최충연에 “실질적인 조치 검토 중”",한국야구위원회(KBO)가 롯데 자이언츠 투수 최충연의 여성 팬 비하 발언과 관련 “실질적인 조치를 다각도로... 회신에는 “해당 구단과 KBO 연맹 모두 규약 제151조(품위손상행위) 적용 여부를 포함해 실질적인 조치를...,www.seoul.co.kr,2026-05-06T10:35:00,,CLUB_OPERATION,,0.9,,,True,KBO가 최충연의 발언에 대해 조치를 검토 중이다.,최충연,negative,,True,"롯데 vs KT (원정) 4-5 패 | 결승타: 권동진(8회) | 홈런: 힐리어드7호 | 타자 키플레이어: 레이예스(롯데), 나승엽(롯데), 김상수(KT) | 투수 키플레이어: 박영현(KT), 정현수(롯데), 소형준(KT)"
1549,‘하지 말라는 것’은 안 하는 게 상책…내가 아니라 ‘팀’이 피해 본...,사진 | 롯데 자이언츠 팀 전체가 나쁜 영향을 받은 것이 더 크다. 김 감독은 시즌 시작도 전에 한숨부터 쉬었다. 선수단 분위기도 가라앉았다. 구단 프런트 또한 조심스럽기는 매한가지다. 개막 2연승으로 기분 좋게...,www.sportsseoul.com,2026-05-06T00:31:00,,CLUB_OPERATION,CLUB_OPERATION,0.9,,,True,롯데가 KT에 패하며 팀 분위기가 가라앉았다.,,negative,,True,"롯데 vs KT (원정) 4-5 패 | 결승타: 권동진(8회) | 홈런: 힐리어드7호 | 타자 키플레이어: 레이예스(롯데), 나승엽(롯데), 김상수(KT) | 투수 키플레이어: 박영현(KT), 정현수(롯데), 소형준(KT)"
1550,"'징계 해제' 롯데 3인방 ""진심으로 죄송…좋은 사람 되겠다""","대만 스프링캠프 중 도박장 출입으로 받은 출전정지 징계가 풀려 돌아온 롯데 자이언츠 고승민, 나승엽... 여론이 들끓자 롯데 구단도 선수단 소홀 문제를 반성하면서 이강훈 대표이사와 박준혁 단장, 담당 프런트...",www.news1.kr,2026-05-05T14:02:00,,CLUB_OPERATION,CLUB_OPERATION,0.9,,,True,징계 해제된 롯데 선수들이 사과하며 반성했다.,고승민;나승엽,negative,,True,"롯데 vs KT (원정) 4-5 패 | 결승타: 권동진(8회) | 홈런: 힐리어드7호 | 타자 키플레이어: 레이예스(롯데), 나승엽(롯데), 김상수(KT) | 투수 키플레이어: 박영현(KT), 정현수(롯데), 소형준(KT)"
1551,"KIA 박재현, 공·수·주 겸비한 리드오프로 등극","이 활약으로 박재현은 6일 경기 전까지 타율 0.326을 기록 중이다. 정확도뿐만 아니라 올 시즌 3홈런을... 지난달 26일 롯데 자이언츠전에서 프로 데뷔 첫 홈런을 때려냈을 때도, 그는 타구가 담장을 넘긴 사실을 곧바로...",www.namdonews.com,2026-05-06T19:04:00,,PERFORMANCE_ANALYSIS,,0.9,,,True,KIA 박재현이 롯데전에서 첫 홈런을 기록했다.,,neutral,,True,"롯데 vs KT (원정) 8-1 승 | 결승타: 고승민(3회) | 홈런: 나승엽1호 | 타자 키플레이어: 고승민(롯데), 김민혁(KT), 나승엽(롯데) | 투수 키플레이어: 비슬리(롯데), 현도훈(롯데), 박정민(롯데)"
1552,"오자마자 2안타 1타점 → 4번 출격! 돌아온 나승엽+고승민 전진배치 ""우...","롯데 자이언츠 나승엽과 고승민 이야기다. 롯데는 6일 고승민을 2번, 나승엽을 4번에 배치한 파격적인... 시즌초 타율 3할4푼7리에서 홈런 6개를 곁들였다. OPS(출루율+장타율)가 0.970에 달한다. 김태형 감독도 ""요즘 너무...",www.sportschosun.com,2026-05-06T17:24:00,,PERFORMANCE_ANALYSIS,PERFORMANCE_ANALYSIS,0.9,,,True,롯데가 나승엽과 고승민을 전진 배치했다.,나승엽;고승민,positive,,True,"롯데 vs KT (원정) 8-1 승 | 결승타: 고승민(3회) | 홈런: 나승엽1호 | 타자 키플레이어: 고승민(롯데), 김민혁(KT), 나승엽(롯데) | 투수 키플레이어: 비슬리(롯데), 현도훈(롯데), 박정민(롯데)"
1553,"짧게 머리 깎고 돌아온 롯데 '도박장 3인방'…""좋은 사람 되겠다""","이에 반해 팀 타율은 리그 9위, 최하위에 머물며 팀 순위가 하위권에 머물러있습니다. 고승민은 ""저희가... 달리 세 차례 방문한 것으로 확인돼 50경기 출전정지 징계를 받았습니다. #롯데자이언츠 #고승민 #나승엽 #김세민",www.yonhapnewstv.co.kr,2026-05-05T15:29:00,,PERFORMANCE_ANALYSIS,PERFORMANCE_ANALYSIS,0.9,,,True,롯데가 도박 스캔들로 하위권에 머물고 있다.,고승민;나승엽;김세민,negative,,True,"롯데 vs KT (원정) 4-5 패 | 결승타: 권동진(8회) | 홈런: 힐리어드7호 | 타자 키플레이어: 레이예스(롯데), 나승엽(롯데), 김상수(KT) | 투수 키플레이어: 박영현(KT), 정현수(롯데), 소형준(KT)"
1554,"""음주운전은 아웃"" 방출 언급은 뭐였나…롯데는 마주했는데, LG 이상영은...","롯데 자이언츠 고승민, 나승엽, 김세민은 5일 수원 KT위즈파크에서 열린 2026 신한은행 SOL Bank KBO리그 KT... 할 수 있는 말이 많지 않았던 만큼 이들은 인터뷰 내내 좀처럼 고개를 들지 못했다. 특히 경기가 시작된 후 이들은...",www.spotvnews.co.kr,2026-05-06T04:42:00,,INTERVIEW,,1.0,direct_keyword,,True,롯데 선수들이 인터뷰에서 고개를 들지 못했다.,고승민;나승엽;김세민,negative,,True,"롯데 vs KT (원정) 4-5 패 | 결승타: 권동진(8회) | 홈런: 힐리어드7호 | 타자 키플레이어: 레이예스(롯데), 나승엽(롯데), 김상수(KT) | 투수 키플레이어: 박영현(KT), 정현수(롯데), 소형준(KT)"
1555,[IS 포커스] 나란히 타점 올린 '애증의 이름' 고승민-나승엽...타자로서...,불법 오락실 출입으로 징계를 받았던 롯데 자이언츠 고승민(26)과 나승엽(24)이 복귀전에서 팀 공격에... 이미 경기 전 취재진과 인터뷰를 통해 사죄 메시지를 전했던 그는 1루 쪽과 3루 쪽 한 차례씩 고개를 숙여 다시...,isplus.com,2026-05-05T19:00:00,,INTERVIEW,,1.0,direct_keyword,,True,고승민과 나승엽이 복귀전에서 타점을 올렸다.,고승민;나승엽,positive,,True,"롯데 vs KT (원정) 4-5 패 | 결승타: 권동진(8회) | 홈런: 힐리어드7호 | 타자 키플레이어: 레이예스(롯데), 나승엽(롯데), 김상수(KT) | 투수 키플레이어: 박영현(KT), 정현수(롯데), 소형준(KT)"
1556,"‘상승세’ 롯데, ‘도박 스캔들’ 3인 복귀…중위권 ‘반등’ 원동력 ...",사진 | 롯데 자이언츠 [스포츠서울 | 김동영 기자] 비시즌 롯데발(發) ‘도박 스캔들’이 KBO리그를... 취재진과 인터뷰를 하고 있다. 세 선수는 올해 초 대만 스프링캠프 중 도박장 출입으로 출전정지 징계를 받았다...,www.sportsseoul.com,2026-05-05T16:41:00,,INTERVIEW,,1.0,direct_keyword,,True,롯데가 도박 스캔들로 복귀한 선수들로 반등을 노린다.,고승민;나승엽;김세민,neutral,,True,"롯데 vs KT (원정) 4-5 패 | 결승타: 권동진(8회) | 홈런: 힐리어드7호 | 타자 키플레이어: 레이예스(롯데), 나승엽(롯데), 김상수(KT) | 투수 키플레이어: 박영현(KT), 정현수(롯데), 소형준(KT)"
1557,"[SW인터뷰] “좋은 사람 되겠다”…복귀한 롯데 3인방, 참회의 약속","사진=롯데자이언츠 제공 앞으로 어떠한 모습이 보여줄지 고민했을 터. 단순히 ‘야구로 보답하겠다’는 말은 더 이상 통하지 않는다. 김태형 롯데 감독은 “분명히 잘못을 했고, 징계를 받았다고 끝이 아니다. 죄송한...",www.sportsworldi.com,2026-05-05T15:12:00,,INTERVIEW,,1.0,direct_keyword,,True,복귀한 롯데 3인방이 참회의 약속을 했다.,고승민;나승엽;김세민,positive,,True,"롯데 vs KT (원정) 4-5 패 | 결승타: 권동진(8회) | 홈런: 힐리어드7호 | 타자 키플레이어: 레이예스(롯데), 나승엽(롯데), 김상수(KT) | 투수 키플레이어: 박영현(KT), 정현수(롯데), 소형준(KT)"
1558,"‘윤나고황’ 완전체 복귀 앞둔 롯데, 윤동희 반등 반갑다 “마음이 급...",프로야구 롯데 자이언츠 윤동희(23)가 1군에 돌아와 좋은 활약을 보여주고 있다. 윤동희는 2022 신인... 지난 2일 SSG전에서 3안타 활약을 펼친 윤동희는 경기 후 인터뷰에서 “퓨처스에 내려가기 전 결과가 나오지...,www.osen.co.kr,2026-05-05T05:41:00,,INTERVIEW,,1.0,direct_keyword,,True,윤동희가 1군에 돌아와 좋은 활약을 보였다.,윤동희,positive,,True,"롯데 vs KT (원정) 4-5 패 | 결승타: 권동진(8회) | 홈런: 힐리어드7호 | 타자 키플레이어: 레이예스(롯데), 나승엽(롯데), 김상수(KT) | 투수 키플레이어: 박영현(KT), 정현수(롯데), 소형준(KT)"
1559,"'복귀 3인방 등장'에 엔트리 대청소...거포 N수생 한동희, 결국 2군행","지난 3일 SSG 랜더스와의 경기 전 인터뷰에서 김태형 롯데 자이언츠 감독이 오는 5일 KT 위즈전을 앞두고 고승민, 나승엽, 김세민의 1군 엔트리 합류가 확실하다고 밝혔다. 이들의 합류로 기존 1군에 남아 있던 김민성...",www.mhnse.com,2026-05-04T19:10:00,,INTERVIEW,,1.0,direct_keyword,,True,복귀 3인방의 등장으로 엔트리 대청소가 이루어졌다.,고승민;나승엽;김세민,neutral,,True,"롯데 vs SSG (원정) 5-2 승 | 결승타: 레이예스(8회) | 홈런: 최지훈5호, 레이예스6호 | 타자 키플레이어: 레이예스(롯데), 정준재(SSG), 윤동희(롯데) | 투수 키플레이어: 문승원(SSG), 백승건(SSG), 김진욱(롯데)"
1560,"전준우·한동희 제외→유강남 4번 DH 파격 기용, 김태형 감독 “팀에 중...","프로야구 롯데 자이언츠 김태형 감독이 전준우, 한동희 등 중심타자들에게 반등을 주문했다. 김태형 감독은 2일 인천 SSG랜더스필드에서 열리는 ‘2026 신한은행 SOL Bank KBO리그’ SSG 랜더스와의 경기 전 인터뷰에서...",www.osen.co.kr,2026-05-02T13:12:00,,INTERVIEW,,1.0,direct_keyword,,True,김태형 감독이 중심타자들에게 반등을 주문했다.,전준우;한동희,neutral,,True,"롯데 vs SSG (원정) 10-7 승 | 결승타: 장두성(10회) | 홈런: 조형우1호 | 타자 키플레이어: 에레디아(SSG), 손성빈(롯데), 장두성(롯데) | 투수 키플레이어: 타케다(SSG), 김원중(롯데), 조병현(SSG)"
1561,"롯데, ‘타격 부진’ 한동희·전준우 선발 제외…유강남 4번 DH 파격 라인...","롯데를 상대로는 1경기 등판해 5이닝 8피안타(1피홈런) 2볼넷 4탈삼진 3실점을 기록했다. SSG 이숭용 감독은 이날 경기 전 인터뷰에서 ""제일 중요한 상황이다. 본인도 그 부분을 알고 있을거라고 생각한다. 잘해줄...",www.osen.co.kr,2026-05-02T12:28:00,,INTERVIEW,,1.0,direct_keyword,,True,롯데가 한동희와 전준우를 선발에서 제외했다.,장두성;조형우,positive,,True,"롯데 vs SSG (원정) 10-7 승 | 결승타: 장두성(10회) | 홈런: 조형우1호 | 타자 키플레이어: 에레디아(SSG), 손성빈(롯데), 장두성(롯데) | 투수 키플레이어: 타케다(SSG), 김원중(롯데), 조병현(SSG)"
1562,"日 국가대표 출신 선발도 부상당할 뻔, 놀란 가슴 쓸어내렸다 “이제 베...",이숭용 감독은 2일 인천 SSG랜더스필드에서 열리는 ‘2026 신한은행 SOL Bank KBO리그’ 롯데 자이언츠와의 경기 전 인터뷰에서 “타케다는 어제도 체크를 했는데 큰 부상은 아니다. 쥐가 났다고 한다”고 말했다. 일본...,www.osen.co.kr,2026-05-02T12:00:00,,INTERVIEW,,1.0,direct_keyword,,True,타케다가 큰 부상은 아니라고 전해졌다.,타케다,neutral,,True,"롯데 vs SSG (원정) 10-7 승 | 결승타: 장두성(10회) | 홈런: 조형우1호 | 타자 키플레이어: 에레디아(SSG), 손성빈(롯데), 장두성(롯데) | 투수 키플레이어: 타케다(SSG), 김원중(롯데), 조병현(SSG)"
1563,"번트실패→실책 유발, 또 번트실패→결정적 안타! 2번 행운 따른 손성빈...","'행운의 사나이' 손성빈(롯데 자이언츠)의 나비효과로 팀도 5월을 산뜻하게 출발했다. 롯데는 1일 오후 5시... 하지만 수비에서는 박세웅과 호흡을 맞췄으나 1, 2회 모두 실점을 기록했고, 김태형 감독이 1회부터 직접...",www.xportsnews.com,2026-05-02T01:38:00,,INTERVIEW,,1.0,direct_keyword,,True,손성빈의 행운이 팀의 승리에 기여했다.,손성빈,positive,,True,"롯데 vs SSG (원정) 10-7 승 | 결승타: 장두성(10회) | 홈런: 조형우1호 | 타자 키플레이어: 에레디아(SSG), 손성빈(롯데), 장두성(롯데) | 투수 키플레이어: 타케다(SSG), 김원중(롯데), 조병현(SSG)"
1564,"외국인 교체 앞둔 NC… 이호준 감독 ""라일리 6일 복귀, 버하겐 2일 고별...","(2군)리그 롯데 자이언츠와 경기에서는 최고 149km의 패스트볼을 던지며 건재함을 알렸다. 라일리. /NC 다이노스 제공 이호준 감독은 ""라일리가 6일 선발 등판할 예정이다. 어제 퓨처스 경기에 등판해서 5이닝을...",www.hansbiz.co.kr,2026-05-01T16:04:00,,INTERVIEW,,1.0,direct_keyword,,True,라일리가 6일 선발로 복귀할 예정이다.,라일리,neutral,,True,"롯데 vs SSG (원정) 10-7 승 | 결승타: 장두성(10회) | 홈런: 조형우1호 | 타자 키플레이어: 에레디아(SSG), 손성빈(롯데), 장두성(롯데) | 투수 키플레이어: 타케다(SSG), 김원중(롯데), 조병현(SSG)"
1565,"""1군에 있는 게 기적이죠"" 부진과 자책, 그리고 교통사고 후 첫 '선발 기...","이범호 KIA 감독은 지난 22일 수원 KT 위즈전에 앞서 5선발 김태형을 1군 엔트리에서 제외했다. 이에 따라 오는 26일 광주 롯데 자이언츠전 선발 한 자리가 공석이 됐고, 이 역할은 스윙맨 황동하에게 맡길 예정이다....",isplus.com,2026-04-23T01:54:00,,INTERVIEW,,1.0,direct_keyword,,True,김태형이 1군에서 제외되며 선발 자리가 공석이 되었다.,,negative,,True,"롯데 vs 두산 (홈) 1-9 패 | 결승타: 정수빈(2회) | 홈런: 정수빈2호 | 타자 키플레이어: 정수빈(두산), 전민재(롯데), 양의지(두산) | 투수 키플레이어: 곽빈(두산), 최이준(롯데), 김정우(두산)"
1566,"KBO 신기록 세웠는데, 축하 거절…박성한의 무서운 집중력→""자부심 느...","이전까지 KBO리그 개막 후 최다 연속 경기 안타 기록은 김용희 현 롯데 자이언츠 2군 감독의 것이었다.... 박성한은 경기 종료 후 공식 수훈선수 인터뷰에서 ""첫 타석부터 기록을 세워 마음이 편했다. 초구부터 돌리지...",www.xportsnews.com,2026-04-22T03:25:00,,INTERVIEW,,1.0,direct_keyword,,True,박성한이 KBO 신기록을 세웠다.,박성한,positive,,True,"롯데 vs 두산 (홈) 2-6 패 | 결승타: 정수빈(3회) | 홈런: 정수빈1호 | 타자 키플레이어: 정수빈(두산), 노진혁(롯데), 박준순(두산) | 투수 키플레이어: 벤자민(두산), 김택연(두산), 나균안(롯데)"
1567,"사직을 적신 비, 내일 누구에게 유리할까? 엇갈린 선택…한화는 류현진...",롯데는 한태양을 선발에서 제외하고 이호준을 2루에 투입할 계획이었다. 이 변화가 18일 경기에 유지될지도 지켜봐야 한다. 특히 김경문 감독은 경기 전 인터뷰에서 “강백호는 다리 쪽에 약간의 타이트함을 느껴서 휴식...,www.mydaily.co.kr,2026-04-17T17:56:00,,INTERVIEW,,1.0,direct_keyword,,True,롯데가 선발에서 한태양을 제외할 계획이다.,,neutral,,True,"롯데 vs LG (원정) 4-7 패 | 결승타: 문성주(6회) | 홈런: 레이예스5호 | 타자 키플레이어: 레이예스(롯데), 문성주(LG), 윤동희(롯데) | 투수 키플레이어: 치리노스(LG), 우강훈(LG), 정철원(롯데)"
1568,'직구만 있는 투수' 프레임 직접 깬다…LG 우강훈 신무기 공개→몸쪽 커...,우강훈은 16일 서울 잠실야구장에서 열린 2026 신한 SOL Bank KBO리그 정규시즌 롯데 자이언츠와 홈경기에 구원... 염경엽 LG 감독은 올해 첫 풀타임 시즌에 나서는 우강훈을 위해 몇 가지 관리 매뉴얼을 정립했다. 첫 번째는...,www.xportsnews.com,2026-04-17T08:01:00,,INTERVIEW,,1.0,direct_keyword,,True,우강훈이 새로운 구종을 공개했다.,우강훈,neutral,,True,"롯데 vs LG (원정) 4-7 패 | 결승타: 문성주(6회) | 홈런: 레이예스5호 | 타자 키플레이어: 레이예스(롯데), 문성주(LG), 윤동희(롯데) | 투수 키플레이어: 치리노스(LG), 우강훈(LG), 정철원(롯데)"
1569,"""아직 갈길 멀다""… '1631일만 단독 1위' 삼성, 박진만 감독은 더 위를 ...","시간 롯데 자이언츠에 패한 LG 트윈스를 밀어내고 단독 1위로 올라섰다. 10경기 이상 기준으로 삼성이 단독 1위를 기록한 것은 2021년 10월27일 이후 1631일만이다. 박진만 감독은 이날 경기 전 인터뷰에서 ""이제 10%다. 아직...",sports.hankooki.com,2026-04-16T17:36:00,,INTERVIEW,,1.0,direct_keyword,,True,롯데가 LG에 패하며 삼성의 단독 1위가 확정됐다.,레이예스,negative,,True,"롯데 vs LG (원정) 4-7 패 | 결승타: 문성주(6회) | 홈런: 레이예스5호 | 타자 키플레이어: 레이예스(롯데), 문성주(LG), 윤동희(롯데) | 투수 키플레이어: 치리노스(LG), 우강훈(LG), 정철원(롯데)"
1570,"'와, 이게 된다고?' 14⅔이닝 1실점 '사직 스쿠발·랄리' 떴다…동갑내...",롯데 자이언츠의 '아픈 손가락'들이 마침내 거인 군단의 '보배'로 거듭났다. 2021년 입단 동기인 투수... 김진욱은 경기 후 수훈 선수 인터뷰를 위해 자리에 앉으며 어지럽게 널브러진 전력 분석 자료를 깔끔하게 정리했다....,www.sportschosun.com,2026-04-16T14:59:00,,INTERVIEW,,1.0,direct_keyword,,True,롯데가 LG를 상대로 승리하며 투수 김진욱이 빛났다.,김진욱,positive,,True,"롯데 vs LG (원정) 2-0 승 | 결승타: 손성빈(3회) | 홈런: 손성빈1호 | 타자 키플레이어: 장두성(롯데), 박해민(LG), 한태양(롯데) | 투수 키플레이어: 김진욱(롯데), 웰스(LG), 박정민(롯데)"
1571,"'2년 연속 10승 선착' LG 염경엽 감독 ""승운 따라줄 때 많이 이겨둬야""",2년 연속 10승을 선착한 LG 트윈스의 염경엽 감독이 연승 흐름을 강조했다. LG는 15일 서울 잠실야구장에서 열리는 2026 신한 SOL뱅크 KBO리그 롯데 자이언츠와의 홈 경기를 치른다. 경기에 앞서 LG는 선발 라인업을 발표했다....,www.stoo.com,2026-04-15T16:46:00,,INTERVIEW,,1.0,direct_keyword,,True,LG 감독이 연승의 중요성을 강조하며 롯데와의 경기를 준비했다.,,neutral,,True,"롯데 vs LG (원정) 2-0 승 | 결승타: 손성빈(3회) | 홈런: 손성빈1호 | 타자 키플레이어: 장두성(롯데), 박해민(LG), 한태양(롯데) | 투수 키플레이어: 김진욱(롯데), 웰스(LG), 박정민(롯데)"
1572,"'좌완 149㎞' 서울디자인고 박근서, KBO 1R 후보 급부상→ML도 노린다 ""롤...","롯데 자이언츠 2차 1라운드 출신 문동욱(34) 투수코치와 홍은중 출신 친구들이 많은 것도 한몫했다. 박근서는 ""실력이 좋아진 데는 환경의 영향을 많이 받은 것도 컸다. 좋은 친구들이나 감독, 코치님들도 많이 만났다....",www.starnewskorea.com,2026-04-15T13:31:00,,INTERVIEW,,1.0,direct_keyword,,True,롯데의 박근서가 KBO 1라운드 후보로 급부상하고 있다.,,neutral,,False,"롯데 vs LG (원정) 1-2 패 | 결승타: 오스틴(8회) | 홈런: 오스틴5호 | 타자 키플레이어: 오스틴(LG), 노진혁(롯데), 문보경(LG) | 투수 키플레이어: 송승기(LG), 유영찬(LG), 나균안(롯데)"
1573,"선동열처럼 되고 싶었던 강백호 동기 최이준, 롯데에서 진격을 도모하다...","2026 정규시즌 초반 고전하고 있는 롯데 자이언츠에 유일한 위안은 필승조 뎁스 강화 기대감이다. 대졸... 김태형 롯데 감독도 12일 키움전을 앞두고 ""공이 좋아서 최이준을 중요할 때 쓰고 있다""라고 했다. 최이준은 2018...",isplus.com,2026-04-15T12:14:00,,INTERVIEW,,1.0,direct_keyword,,True,롯데가 고전 중이지만 최이준의 활약에 기대를 걸고 있다.,최이준,neutral,,False,"롯데 vs LG (원정) 1-2 패 | 결승타: 오스틴(8회) | 홈런: 오스틴5호 | 타자 키플레이어: 오스틴(LG), 노진혁(롯데), 문보경(LG) | 투수 키플레이어: 송승기(LG), 유영찬(LG), 나균안(롯데)"
1574,"담장 앞까지 날아간 대형 타구→""진짜 갔다 싶었는데…잡아서 다행"" 고...","LG 트윈스는 14일 서울 잠실야구장에서 열린 롯데 자이언츠와 2026 신한 SOL Bank KBO 리그 정규시즌 홈경기에서... 염경엽 LG 감독도 ""전체적으로 잔루가 많으면서 어려운 경기였는데, 선발 송승기가 국내 1선발다운 완벽한...",www.xportsnews.com,2026-04-15T03:00:00,,INTERVIEW,,1.0,direct_keyword,,True,롯데가 LG와의 경기에서 아쉬운 패배를 겪었다.,,negative,,True,"롯데 vs LG (원정) 1-2 패 | 결승타: 오스틴(8회) | 홈런: 오스틴5호 | 타자 키플레이어: 오스틴(LG), 노진혁(롯데), 문보경(LG) | 투수 키플레이어: 송승기(LG), 유영찬(LG), 나균안(롯데)"
1575,"“이번에 지면 총선도 패배, 與 장기집권 길 열려”",3선에 도전하는 국민의힘 박형준 부산시장은 지난 13일 본지 인터뷰에서 “이번 지방선거에서 패배한다면... 3선에 성공해서 반드시 롯데 자이언츠의 가을 야구를 현장에서 지켜보겠다.” ☞박형준은 누구 부산 출신으로...,www.chosun.com,2026-04-15T00:51:00,,INTERVIEW,,1.0,direct_keyword,,True,부산시장이 롯데 자이언츠의 가을 야구를 기대하고 있다.,,positive,,False,"롯데 vs LG (원정) 1-2 패 | 결승타: 오스틴(8회) | 홈런: 오스틴5호 | 타자 키플레이어: 오스틴(LG), 노진혁(롯데), 문보경(LG) | 투수 키플레이어: 송승기(LG), 유영찬(LG), 나균안(롯데)"
1576,"""2번 지명타자 출격"" 손아섭, 두산 이적 첫날 선발 데뷔","경기 전 인터뷰에서 변명은 필요 없다고 선을 그은 뒤, 몸에 맞는 공이라도 마다하지 않고 출루해 중심... 김원형 감독은 롯데 자이언츠 수석 코치 시절 손아섭과 함께한 인연이 있어 장단점을 잘 알고 있다. 타격 쪽에서...",www.topstarnews.net,2026-04-14T18:58:00,,INTERVIEW,,1.0,direct_keyword,,True,손아섭이 두산 이적 후 첫 경기에서 선발로 나섰다.,손아섭,neutral,,False,"롯데 vs LG (원정) 1-2 패 | 결승타: 오스틴(8회) | 홈런: 오스틴5호 | 타자 키플레이어: 오스틴(LG), 노진혁(롯데), 문보경(LG) | 투수 키플레이어: 송승기(LG), 유영찬(LG), 나균안(롯데)"
1577,"[떠먹는 스포츠] ""타이어보다 못한 뚱녀들"" 막말 최충연 결국 2군행","▶ ""타이어보다 못한 뚱녀들""…막말 최충연 1군 말소 프로야구 롯데 자이언츠가 여성팬 비하로 구설에 오른... 중국에서 대회를 마치고 귀국한 안세영은 인천공항에서 가진 인터뷰에서 ""정말 후련하다""며 ""뱉은 말들을...",www.yonhapnewstv.co.kr,2026-04-14T12:01:00,,INTERVIEW,,1.0,direct_keyword,,True,최충연이 여성팬 비하 발언으로 2군으로 내려갔다.,최충연,negative,,True,"롯데 vs LG (원정) 1-2 패 | 결승타: 오스틴(8회) | 홈런: 오스틴5호 | 타자 키플레이어: 오스틴(LG), 노진혁(롯데), 문보경(LG) | 투수 키플레이어: 송승기(LG), 유영찬(LG), 나균안(롯데)"
1578,"'LG 상대로 데뷔 첫 QS' 4실점 부진 만회한 SSG 김건우…""기복 없는 투수...","감독님이 나를 믿어주셔서 6이닝까지 던진 것 같다""고 밝혔다. 이어 ""(12일 경기 전까지) 퀄리티스타트를... 그러나 4월 4일 사직 롯데 자이언츠전에서는 1⅓이닝 4실점으로 부진하면서 아쉬움을 삼켰다. 세 번째...",www.xportsnews.com,2026-04-13T12:31:00,,INTERVIEW,,1.0,direct_keyword,,True,김건우가 롯데전에서 부진을 겪었다.,,neutral,,True,"롯데 vs 키움 (원정) 0-2 패 | 결승타: 이주형(1회) | 홈런: 이주형1호 | 타자 키플레이어: 이주형(키움), 안치홍(키움), 노진혁(롯데) | 투수 키플레이어: 배동현(키움), 김재웅(키움), 박세웅(롯데)"
1579,"KIA, '단돈 2억'에 이런 선수를 품다니…""나중엔 잘 칠 것"" 꽃감독 믿음...","데일에 앞서 2003년 로베르토 페레즈(당시 롯데 자이언츠)와 2015년 루이스 히메네스(LG 트윈스)가 데뷔전... 최근 인터뷰를 진행하던 중 데일에 관한 질문을 받은 이범호 감독은 ""감사한 선수 같다. 방망이도 정말...",www.xportsnews.com,2026-04-13T12:20:00,,INTERVIEW,,1.0,direct_keyword,,True,KIA가 데일을 영입하며 기대감을 나타냈다.,,neutral,,True,"롯데 vs 키움 (원정) 0-2 패 | 결승타: 이주형(1회) | 홈런: 이주형1호 | 타자 키플레이어: 이주형(키움), 안치홍(키움), 노진혁(롯데) | 투수 키플레이어: 배동현(키움), 김재웅(키움), 박세웅(롯데)"
1580,"수술+2년 공백에도 160km 쾅! 신이 준 특급재능…안우진의 복귀, 9개 구단...",안우진은 12일 서울 고척스카이돔에서 열린 2026 신한은행 SOL Bank KBO리그 롯데 자이언츠와 팀 간 시즌 3차전... 설종진 감독 또한 최근 인터뷰에서 안우진이 5월 초에는 투구수와 이닝 제한이 해제될 것을 예고했다. 첫...,www.spotvnews.co.kr,2026-04-13T06:30:00,,INTERVIEW,,1.0,direct_keyword,,True,안우진이 복귀하며 기대를 모으고 있다.,안우진,positive,,True,"롯데 vs 키움 (원정) 0-2 패 | 결승타: 이주형(1회) | 홈런: 이주형1호 | 타자 키플레이어: 이주형(키움), 안치홍(키움), 노진혁(롯데) | 투수 키플레이어: 배동현(키움), 김재웅(키움), 박세웅(롯데)"
1581,"‘에이스 안우진이 돌아왔다’ 키움, 롯데 잡고 3연패 탈출 “안우진 구...",키움은 12일 서울 고척스카이돔에서 열린 ‘2026 신한은행 SOL Bank KBO리그’ 롯데 자이언츠와의 경기에서 2... 키움 설종진 감독은 경기 후 인터뷰에서 “안우진이 건강한 모습으로 복귀전을 치렀다. 1이닝이었지만...,www.osen.co.kr,2026-04-12T21:41:00,,INTERVIEW,,1.0,direct_keyword,,True,안우진의 복귀로 키움이 롯데를 이겼다.,안우진,negative,,True,"롯데 vs 키움 (원정) 0-2 패 | 결승타: 이주형(1회) | 홈런: 이주형1호 | 타자 키플레이어: 이주형(키움), 안치홍(키움), 노진혁(롯데) | 투수 키플레이어: 배동현(키움), 김재웅(키움), 박세웅(롯데)"
1582,"복귀전 160km 던진 안우진 ""팬들 함성소리 그리웠다…크게 외쳐줘 감사...","안우진은 12일 서울 고척 스카이돔에서 열리는 롯데 자이언츠와 2026 신한 SOL Bank KBO 리그 정규시즌... 설종진 키움 감독은 경기 후 ""안우진이 건강한 모습으로 복귀전을 치렀다. 1이닝이었지만 강력한 구위를 앞세워...",www.xportsnews.com,2026-04-12T19:04:00,,INTERVIEW,,1.0,direct_keyword,,True,안우진이 복귀전에서 강력한 구위를 보였다.,안우진,negative,,True,"롯데 vs 키움 (원정) 0-2 패 | 결승타: 이주형(1회) | 홈런: 이주형1호 | 타자 키플레이어: 이주형(키움), 안치홍(키움), 노진혁(롯데) | 투수 키플레이어: 배동현(키움), 김재웅(키움), 박세웅(롯데)"
1583,"최고 160km, 평균 157km… '차원 다른 괴물' 안우진, 복귀전 어땠나[스한...","키움은 12일 오후 서울 고척스카이돔에서 열린 2026 신한 SOL Bank KBO리그 롯데 자이언츠와 홈경기에서 2... 롯데 김태형 감독도 기대감을 나타냈다. 김 감독은 이날 경기 전 인터뷰에서 몰려든 취재기자들을 보고 ""안우진...",sports.hankooki.com,2026-04-12T16:30:00,,INTERVIEW,,1.0,direct_keyword,,True,안우진이 복귀전에서 기대감을 높였다.,안우진,negative,,True,"롯데 vs 키움 (원정) 0-2 패 | 결승타: 이주형(1회) | 홈런: 이주형1호 | 타자 키플레이어: 이주형(키움), 안치홍(키움), 노진혁(롯데) | 투수 키플레이어: 배동현(키움), 김재웅(키움), 박세웅(롯데)"
1584,"'최고 160km!' 키움 안우진, 959일 만에 1군 등판 1이닝 무실점",사진=연합뉴스 안우진은 12일 고척스카이돔에서 열린 2026 신한 SOL KBO리그 롯데자이언츠와 홈경기에 선발... 설종진 키움 감독은 경기 전 인터뷰에서 안우진의 현재 상태에 대해 “불펜 피칭에서 시속 157㎞까지...,www.edaily.co.kr,2026-04-12T14:32:00,,INTERVIEW,,1.0,direct_keyword,,True,안우진이 1군 복귀 후 무실점으로 호투했다.,안우진,negative,,True,"롯데 vs 키움 (원정) 3-1 승 | 결승타: 한동희(10회) | 타자 키플레이어: 장두성(롯데), 레이예스(롯데), 박승욱(롯데) | 투수 키플레이어: 와일스(키움), 비슬리(롯데), 박정민(롯데)"
1585,하필 안우진 복귀전에 걸린 김태형 감독 “타순 바꿀걸 그랬나? 앞으로...,프로야구 롯데 자이언츠 김태형 감독이 키움 히어로즈 에이스 안우진을 상대로 투수들의 호투를 이어가기를... 전 인터뷰에서 “1·2선발이 그래도 자기 역할을 잘해준 것이 중요하다”며 최근 투수들의 호투를 칭찬했다....,www.osen.co.kr,2026-04-12T13:11:00,,INTERVIEW,,1.0,direct_keyword,,True,김태형 감독이 안우진 복귀 전 투수 호투를 칭찬했다.,안우진,positive,,True,"롯데 vs 키움 (원정) 3-1 승 | 결승타: 한동희(10회) | 타자 키플레이어: 장두성(롯데), 레이예스(롯데), 박승욱(롯데) | 투수 키플레이어: 와일스(키움), 비슬리(롯데), 박정민(롯데)"
1586,"“157km까지 던졌다, 몸 상태 90%” 안우진, 955일 만에 1군 복귀전…사...",설종진 감독은 12일 서울 고척스카이돔에서 열린 ‘2026 신한은행 SOL Bank KBO리그’ 롯데 자이언츠와의 경기 전 인터뷰에서 “안우진은 예정대로 1이닝 30구까지 소화할 예정이다“라고 밝혔다. 안우진은 2018 신인...,www.osen.co.kr,2026-04-12T12:21:00,,INTERVIEW,,1.0,direct_keyword,,True,안우진이 955일 만에 1군 복귀전을 치른다.,안우진,neutral,,True,"롯데 vs 키움 (원정) 3-1 승 | 결승타: 한동희(10회) | 타자 키플레이어: 장두성(롯데), 레이예스(롯데), 박승욱(롯데) | 투수 키플레이어: 와일스(키움), 비슬리(롯데), 박정민(롯데)"
1587,유강남 4G 연속 선발 제외! 박세웅 짝도 손성빈→김태형은 기세를 택했...,"롯데 자이언츠 주전 포수 유강남(34)이 4경기 연속 선발 라인업에서 이름을 올리지 못했다. 김태형(58) 감독... 김 감독은 전날(11일) 경기를 앞두고 인터뷰를 통해 ""두 포수 모두 타격 컨디션이 올라오지 않은 상태라면...",www.starnewskorea.com,2026-04-12T11:58:00,,INTERVIEW,,1.0,direct_keyword,,True,유강남이 4경기 연속 선발 제외됐다.,유강남,negative,,True,"롯데 vs 키움 (원정) 3-1 승 | 결승타: 한동희(10회) | 타자 키플레이어: 장두성(롯데), 레이예스(롯데), 박승욱(롯데) | 투수 키플레이어: 와일스(키움), 비슬리(롯데), 박정민(롯데)"
1588,"""제가 오늘 첫승이라구요?""…롯데 3연승 이끈 '미스터 제로' 루키, 평생...","롯데 자이언츠 대졸루키 박정민이 '미스터 제로' 행보를 이어갔다. 팀의 3연승을 견인하는 역투를 펼치고, 프로 데뷔 첫승까지 손에 넣었다. 김태형 감독이 이끄는 롯데는 11일 서울 고척스카이돔에서 열린 2026 신한 SOL...",www.xportsnews.com,2026-04-12T06:00:00,,INTERVIEW,,1.0,direct_keyword,,True,박정민이 팀의 3연승을 이끌며 첫승을 기록했다.,박정민,positive,,True,"롯데 vs 키움 (원정) 3-1 승 | 결승타: 한동희(10회) | 타자 키플레이어: 장두성(롯데), 레이예스(롯데), 박승욱(롯데) | 투수 키플레이어: 와일스(키움), 비슬리(롯데), 박정민(롯데)"
1589,"""롯데 더 높은 곳으로 올라가야""…베네수엘라 안타 머신, 거인군단 첫 3...",롯데 자이언츠 외국인 타자 빅터 레이예스가 팀의 3연승을 이끄는 맹활약을 펼쳤다. 타격은 물론 수비에서도 게임을 지배하면서 2026시즌 초반 상승세를 이어갔다. 김태형 감독이 이끄는 롯데는 11일 서울...,www.xportsnews.com,2026-04-12T01:11:00,,INTERVIEW,,1.0,direct_keyword,,True,레이예스가 팀의 3연승을 이끄는 활약을 펼쳤다.,레이예스,positive,,True,"롯데 vs 키움 (원정) 3-1 승 | 결승타: 한동희(10회) | 타자 키플레이어: 장두성(롯데), 레이예스(롯데), 박승욱(롯데) | 투수 키플레이어: 와일스(키움), 비슬리(롯데), 박정민(롯데)"
1590,"'팀 퍼스트' 박승규, 대기록보다 승리가 우선",▲  4월 10일 경기 후 수훈선수 인터뷰 중인 삼성 라이온즈 박승규 선수(삼성 라이온즈 인스타그램... 실제로 2024년 9월 17일 LG 트윈스전의 고승민(롯데 자이언츠)을 끝으로 KBO리그에는 1년 넘게 사이클링 히트가...,www.ohmynews.com,2026-04-11T11:41:00,,INTERVIEW,,1.0,direct_keyword,,True,박승규는 대기록보다 팀 승리를 우선시했다.,박승규,neutral,,True,"롯데 vs 키움 (원정) 3-1 승 | 결승타: 노진혁(1회) | 홈런: 최주환1호, 레이예스4호 | 타자 키플레이어: 황성빈(롯데), 레이예스(롯데), 박주홍(키움) | 투수 키플레이어: 로드리게스(롯데), 최준용(롯데), 박정훈(키움)"
1591,"우천취소 변수도 안우진 복귀 막을 수 없다, 예정대로 롯데전 복귀…배...",키움 설종진 감독은 10일 서울 고척스카이돔에서 열린 ‘2026 신한은행 SOL Bank KBO리그’ 롯데 자이언츠와의 경기 전 인터뷰에서 “어제 결정을 했다. (안)우진이가 예정대로 12일에 1이닝을 던지고 배동현이 뒤에...,www.osen.co.kr,2026-04-10T16:51:00,,INTERVIEW,,1.0,direct_keyword,,True,안우진은 예정대로 롯데전 복귀를 준비하고 있다.,안우진,neutral,,True,"롯데 vs 키움 (원정) 3-1 승 | 결승타: 노진혁(1회) | 홈런: 최주환1호, 레이예스4호 | 타자 키플레이어: 황성빈(롯데), 레이예스(롯데), 박주홍(키움) | 투수 키플레이어: 로드리게스(롯데), 최준용(롯데), 박정훈(키움)"
1592,"""엄마, 살면서 이렇게 힘든 일 있을까"" 펑펑 울었던 소녀, '키다리 아저...","그는 지난 5일 부산 사직야구장에서 열린 롯데 자이언츠와 SSG 랜더스의 2026 신한 SOL Bank KBO 리그 정규시즌... 지켜보던 김태형 롯데 감독도 놀란 모습이었다. 유승은은 ""던질 수 있어서 너무 영광이었다""고 말했다. 이날...",www.xportsnews.com,2026-04-10T12:59:00,,INTERVIEW,,1.0,direct_keyword,,True,소녀가 롯데와 SSG 경기에서 감동적인 순간을 경험했다.,,positive,,True,"롯데 vs 키움 (원정) 3-1 승 | 결승타: 노진혁(1회) | 홈런: 최주환1호, 레이예스4호 | 타자 키플레이어: 황성빈(롯데), 레이예스(롯데), 박주홍(키움) | 투수 키플레이어: 로드리게스(롯데), 최준용(롯데), 박정훈(키움)"
1593,"""실책하고 분해서 잠도 못 잤다"" 사령탑도 인정한 독기, '국민유격수' 어...","이강철 KT 감독은 지난 8일 부산 사직야구장에서 열린 롯데 자이언츠와 2026 신한 SOL Bank KBO 리그 정규시즌... 이강철 감독뿐만 아니라 박진만 감독 본인 역시 이강민에 대해 인터뷰에서 호평을 내린 적이 있다. 이강민은 ""그...",www.xportsnews.com,2026-04-10T00:10:00,,INTERVIEW,,1.0,direct_keyword,,True,롯데 자이언츠가 키움과의 경기에서 승리했다.,황성빈;레이예스,positive,,True,"롯데 vs 키움 (원정) 3-1 승 | 결승타: 노진혁(1회) | 홈런: 최주환1호, 레이예스4호 | 타자 키플레이어: 황성빈(롯데), 레이예스(롯데), 박주홍(키움) | 투수 키플레이어: 로드리게스(롯데), 최준용(롯데), 박정훈(키움)"
1594,"속상해도 절대 티 안 낸다 → 롯데 손성빈이 스트레스 푸는 법. ""롤·배...",손성빈(24)은 롯데 자이언츠가 애지중지 키우는 대형 포수 유망주다. 김태형 롯데 감독이 명포수 출신이라 손성빈에게 더욱 엄격하다. 팬들도 기대치가 높다. 손성빈은 속상할 때도 많지만 경기장에서는 절대 티를 내지...,www.sportschosun.com,2026-04-10T00:03:00,,INTERVIEW,,1.0,direct_keyword,,True,손성빈이 스트레스를 롤과 배틀그라운드로 푼다.,손성빈,positive,,True,"롯데 vs 키움 (원정) 3-1 승 | 결승타: 노진혁(1회) | 홈런: 최주환1호, 레이예스4호 | 타자 키플레이어: 황성빈(롯데), 레이예스(롯데), 박주홍(키움) | 투수 키플레이어: 로드리게스(롯데), 최준용(롯데), 박정훈(키움)"
1595,"""(손)성빈이가 자기 많이 얘기해달라더라"" 롯데 2002년생 1차 포수-2차 1...","롯데 자이언츠의 7연패를 끊은 주역은 단연 2002년생 동갑내기 유망주 배터리였다. 롯데는 8일 부산... 김태형 롯데 감독은 ""(유)강남이도 계속 나왔으니까 쉬어주려고 한다""며 이유를 밝혔다. 손성빈은 올해 시범경기에서...",www.xportsnews.com,2026-04-09T08:35:00,,INTERVIEW,,1.0,direct_keyword,,True,손성빈이 7연패를 끊은 주역으로 활약했다.,손성빈,positive,,True,"롯데 vs KT (홈) 6-1 승 | 결승타: 손성빈(4회) | 홈런: 힐리어드3호, 김민성1호 | 타자 키플레이어: 손성빈(롯데), 레이예스(롯데), 힐리어드(KT) | 투수 키플레이어: 김진욱(롯데), 주권(KT), 최준용(롯데)"
1596,'롯데 무려 15년 걸렸다' 新 토종 좌완 에이스 탄생 알렸다! 전율의 8이...,"롯데는 이날 유강남에게 휴식을 주기 위해 손성빈을 선발 포수로 내세웠다. 2021년 드래프트 동기인 손성빈과 호흡을 맞춘 김진욱은 ""성빈이가 인터뷰할 때 자기 이름 좀 많이 얘기해 달라고 하더라. 감독님한테 맨날...",www.xportsnews.com,2026-04-09T03:45:00,,INTERVIEW,,1.0,direct_keyword,,True,손성빈이 김진욱과 호흡을 맞추며 승리를 이끌었다.,손성빈,positive,,True,"롯데 vs KT (홈) 6-1 승 | 결승타: 손성빈(4회) | 홈런: 힐리어드3호, 김민성1호 | 타자 키플레이어: 손성빈(롯데), 레이예스(롯데), 힐리어드(KT) | 투수 키플레이어: 김진욱(롯데), 주권(KT), 최준용(롯데)"
1597,"""잘했어도 걱정"" KBO 최고령 타자가 이런 생각을?…""팬분들께 보여줘야...","박진만 삼성 감독은 ""중심타선의 베테랑들이 승부처에서 집중력을 폭발시키며 동점과 역전을 완성했다... (이상 롯데 자이언츠)와 함께 홈런 부분 공동 선두에 이름을 올렸다. 최형우는 ""지금도 걱정이 많다. 다시...",www.xportsnews.com,2026-04-08T04:42:00,,INTERVIEW,,1.0,direct_keyword,,True,롯데가 KT에 패배하며 아쉬움을 남겼다.,노진혁,negative,,True,"롯데 vs KT (홈) 3-7 패 | 결승타: 장성우(3회) | 타자 키플레이어: 안현민(KT), 노진혁(롯데), 장성우(KT) | 투수 키플레이어: 고영표(KT), 김민수(KT), 스기모토(KT)"
1598,"“통증 없는게 가장 고무적“ 키움 안우진, 12일 고척 롯데전 선발등판...","설종진 키움 감독은 7일 잠실 두산 베어스와 원정경기에 앞서 “안우진은 9일 퓨처스(2군)리그 경기에 등판해 1이닝을 소화하고, 12일 고척 롯데 자이언츠전에 선발등판해 1이닝을 소화할 예정”이라고 밝혔다....",sports.donga.com,2026-04-08T00:31:00,,INTERVIEW,,1.0,direct_keyword,,True,안우진이 롯데전 선발 등판을 준비 중이다.,,neutral,,False,"롯데 vs KT (홈) 3-7 패 | 결승타: 장성우(3회) | 타자 키플레이어: 안현민(KT), 노진혁(롯데), 장성우(KT) | 투수 키플레이어: 고영표(KT), 김민수(KT), 스기모토(KT)"
1599,"‘타선 침묵’ NC, 안방서 LG에 0-2 패",/NC 다이노스/ 이호준 감독은 이날 경기 전 창원NC파크에서 진행한 인터뷰에서 “(버하겐은) 첫 선발 등판... 버하겐은 앞선 2일 롯데 자이언츠전에서 첫 선발 등판해 3이닝 동안 52개의 공을 던지며 3피안타 1사사구...,www.knnews.co.kr,2026-04-07T22:00:00,,INTERVIEW,,1.0,direct_keyword,,True,NC가 LG에 패배하며 타선이 침묵했다.,,neutral,,False,"롯데 vs KT (홈) 3-7 패 | 결승타: 장성우(3회) | 타자 키플레이어: 안현민(KT), 노진혁(롯데), 장성우(KT) | 투수 키플레이어: 고영표(KT), 김민수(KT), 스기모토(KT)"
1600,"""이건 꼭 좀 써주세요"" 사령탑이 직접 부탁했다, 왜? ""퓨처스팀 성적 안...","롯데 자이언츠, 울산 웨일즈, 삼성 라이온즈, KIA, KT 위즈와 퓨처스리그(2군) 남부리그에 속한 C팀은 3승11패(0.214)로 최하위에 머무르고 있다. 1군에 비해 상황이 좋지 않다. 이 감독은 ""C팀의 성적이 좀 안 좋지만, N팀(1군)...",www.xportsnews.com,2026-04-06T11:00:00,,INTERVIEW,,1.0,direct_keyword,,True,롯데 퓨처스팀이 성적 부진으로 어려움을 겪고 있다.,,negative,,False,"롯데 vs SSG (홈) 3-4 패 | 결승타: 고명준(9회) | 홈런: 윤동희3호 | 타자 키플레이어: 최정(SSG), 정준재(SSG), 한유섬(SSG) | 투수 키플레이어: 조병현(SSG), 김민(SSG), 정철원(롯데)"
1601,"'노진혁이 달라졌다' 홈런·장타율·OPS 당당히 1위! ""잠깐이라도 이랬던...","지난 3년간 아쉬운 모습만 보여줬던 노진혁(롯데 자이언츠)이 무서운 출발을 보이고 있다. 하지만 정작... 김태형 감독은 ""2군에서 제대로 경기를 뛸 때 보고를 받고, 내가 판단할 것이다""라며 사실상 전력 외로 분류했다....",www.xportsnews.com,2026-04-06T07:00:00,,INTERVIEW,,1.0,direct_keyword,,True,노진혁이 홈런과 장타율 1위를 기록했지만 전력 외로 분류됐다.,노진혁,negative,,True,"롯데 vs SSG (홈) 3-4 패 | 결승타: 고명준(9회) | 홈런: 윤동희3호 | 타자 키플레이어: 최정(SSG), 정준재(SSG), 한유섬(SSG) | 투수 키플레이어: 조병현(SSG), 김민(SSG), 정철원(롯데)"
1602,"'ERA 0.00'…美 유학 1R 투수 드디어 터지나? ""기술적인 변화는 없는데""...","이준혁은 시즌 첫 등판이었던 지난달 28일 창원 두산 베어스전에 이어 31일과 4월 1일 창원 롯데 자이언츠전... 이호준 NC 감독은 ""원래 (이)준혁이를 롱릴리프로 쓰려고 했는데, 생각이 바뀌었다. 2이닝을 간다고 얘기했을...",www.xportsnews.com,2026-04-06T04:35:00,,INTERVIEW,,1.0,direct_keyword,,True,이준혁이 시즌 첫 등판에서 좋은 성적을 보였으나 롱릴리프로의 계획이 변경됐다.,이준혁,neutral,,True,"롯데 vs SSG (홈) 3-4 패 | 결승타: 고명준(9회) | 홈런: 윤동희3호 | 타자 키플레이어: 최정(SSG), 정준재(SSG), 한유섬(SSG) | 투수 키플레이어: 조병현(SSG), 김민(SSG), 정철원(롯데)"
1603,[박상진의 e스토리] 프랜차이즈 스타,KBO 롯데 자이언츠의 이대호나 한화 이글스의 류현진이 그 예다. 그리고 2026년 정규 시즌 직전 '룰러... 미디어 인터뷰에서도 '룰러' 박재혁은 빠진다고 전했다. 이는 인터뷰 신청 이후의 통보였다. 그리고 경기에 나선 젠지...,www.fomos.kr,2026-04-05T10:36:00,,INTERVIEW,,1.0,direct_keyword,,True,프랜차이즈 스타에 대한 이야기가 이어지며 롯데의 상황이 언급됐다.,,neutral,,True,"롯데 vs SSG (홈) 6-7 패 | 결승타: 에레디아(7회) | 홈런: 유강남1호, 노진혁3호 | 타자 키플레이어: 한동희(롯데), 고명준(SSG), 황성빈(롯데) | 투수 키플레이어: 조병현(SSG), 노경은(SSG), 이로운(SSG)"
1604,"'1R 신인 대박 조짐' 벌써 홈런 2개…""탄산음료는 은퇴 이후에"" 자기관리...","창원 롯데 자이언츠전에서 데뷔 첫 홈런을 친 뒤 사흘 만에 손맛을 봤다. 비록 신재인은 더 이상 안타를 추가하지 못하면서 1안타로 경기를 마무리했지만, 사령탑은 신재인을 격려했다. 이호준 NC 감독은 ""공격에서는...",www.xportsnews.com,2026-04-05T09:00:00,,INTERVIEW,,1.0,direct_keyword,,True,신재인이 데뷔 첫 홈런을 기록했지만 추가 안타는 없었다.,신재인,neutral,,True,"롯데 vs SSG (홈) 6-7 패 | 결승타: 에레디아(7회) | 홈런: 유강남1호, 노진혁3호 | 타자 키플레이어: 한동희(롯데), 고명준(SSG), 황성빈(롯데) | 투수 키플레이어: 조병현(SSG), 노경은(SSG), 이로운(SSG)"
1605,"'15타수 무안타→3안타 4타점' 강민호, 이제 미소 찾았다…""드디어 편하...",박진만 감독은 강민호의 부담을 덜어주기 위해 이날 강민호를 9번 타순에 배치했다. 강민호가 9번타자로 선발 라인업에 이름을 올린 건 롯데 자이언츠 소속이었던 2009년 6월 5일 잠실 두산 베어스전 이후 17년 만이었다....,www.xportsnews.com,2026-04-05T06:40:00,,INTERVIEW,,1.0,direct_keyword,,True,강민호가 9번 타순에서 3안타 4타점을 기록하며 부활의 조짐을 보였다.,강민호,positive,,True,"롯데 vs SSG (홈) 6-7 패 | 결승타: 에레디아(7회) | 홈런: 유강남1호, 노진혁3호 | 타자 키플레이어: 한동희(롯데), 고명준(SSG), 황성빈(롯데) | 투수 키플레이어: 조병현(SSG), 노경은(SSG), 이로운(SSG)"
1606,'42세 WBC 영웅' 프로 24년 만에 90승 해냈다! 13구 삼진→1⅓이닝 구원...,"노경은은 4일 부산 사직야구장에서 열린 롯데 자이언츠와 2026 신한 SOL Bank KBO 리그 정규시즌 원정경기에서... 경기 후 이숭용 SSG 감독은 ""(노)경은이는 위기에서 삼진을 잡아내며 리드를 든든하게 지켜냈다....",www.xportsnews.com,2026-04-05T02:30:00,,INTERVIEW,,1.0,direct_keyword,,True,노경은이 90승을 달성하며 위기에서 삼진을 잡아냈다.,노경은,positive,,True,"롯데 vs SSG (홈) 6-7 패 | 결승타: 에레디아(7회) | 홈런: 유강남1호, 노진혁3호 | 타자 키플레이어: 한동희(롯데), 고명준(SSG), 황성빈(롯데) | 투수 키플레이어: 조병현(SSG), 노경은(SSG), 이로운(SSG)"
1607,"""야구를 20년 넘게 했는데…나도 당황했다"" 개막 15타수 무안타→9번 강...","롯데 자이언츠 시절인 2009년 6월 5일 잠실 두산 베어스전 이후 17년만의 일이다. 내려가도 8번이지, 9번을 친... 마지막 순간 박진만 감독은 '당겨치는 타자니까 바깥쪽 변화구로 승부를 가져가라'는 지시를 했다고....",www.sportschosun.com,2026-04-05T00:05:00,,INTERVIEW,,1.0,direct_keyword,,True,강민호가 17년 만에 9번 타순에서 경기를 치렀다.,강민호,neutral,,True,"롯데 vs SSG (홈) 6-7 패 | 결승타: 에레디아(7회) | 홈런: 유강남1호, 노진혁3호 | 타자 키플레이어: 한동희(롯데), 고명준(SSG), 황성빈(롯데) | 투수 키플레이어: 조병현(SSG), 노경은(SSG), 이로운(SSG)"
1608,"FA 앞두고, 벌써 6경기 2홈런 폭발! 이러다 '외야수 최대어' 예약하나…...","SSG 랜더스는 3일 부산 사직야구장에서 열린 롯데 자이언츠와 2026 신한 SOL Bank KBO 리그 정규시즌... 이숭용 SSG 감독도 ""(최)지훈이의 그라운드 홈런을 칭찬하고 싶다. 끝까지 포기하지 않는 적극적인 주루 플레이가 팀...",www.xportsnews.com,2026-04-04T08:05:00,,INTERVIEW,,1.0,direct_keyword,,True,최지훈이 6경기에서 2홈런을 기록하며 외야수 최대어로 주목받고 있다.,최지훈,positive,,True,"롯데 vs SSG (홈) 2-17 패 | 결승타: 최정(1회) | 홈런: 최지훈2호, 에레디아3호, 고명준3호 | 타자 키플레이어: 박성한(SSG), 최지훈(SSG), 고명준(SSG) | 투수 키플레이어: 화이트(SSG)"
1609,"팀에 미안함 안고 버텨온 시간…‘푸른 피의 에이스’ 원태인, 다시 마...",개막 2연전에서 프로야구 롯데 자이언츠에 연패를 당한 팀 상황을 지켜보며 에이스의 마음은 더 무거웠다.... 퓨처스팀을 이끄는 모리야마 료지 감독은 원태인에게 “팀의 에이스로서 항상 책임감을 가져야 한다. 1군에...,www.osen.co.kr,2026-04-04T00:11:00,,INTERVIEW,,1.0,direct_keyword,,True,롯데 자이언츠의 에이스 원태인이 팀에 대한 책임감을 느끼고 있다.,원태인,negative,,True,"롯데 vs SSG (홈) 2-17 패 | 결승타: 최정(1회) | 홈런: 최지훈2호, 에레디아3호, 고명준3호 | 타자 키플레이어: 박성한(SSG), 최지훈(SSG), 고명준(SSG) | 투수 키플레이어: 화이트(SSG)"
1610,"'충격 연패' 한화 김경문 감독 ""무조건 점수 적게 줘 연패 끊고 싶다, 에...",김경문 감독이 필승 의지를 피력했다. 한화는 3일 오후 6시 30분 서울 잠실야구장에서 두산을 상대로 2026 신한 SOL KBO 리그 정규시즌 원정 경기를 치른다. 한화는 올 시즌 2승 3패를 마크하며 롯데 자이언츠 LG 트윈스와...,www.starnewskorea.com,2026-04-03T18:32:00,,INTERVIEW,,1.0,direct_keyword,,True,한화 김경문 감독이 연패를 끊기 위한 의지를 보였다.,,neutral,,True,"롯데 vs SSG (홈) 2-17 패 | 결승타: 최정(1회) | 홈런: 최지훈2호, 에레디아3호, 고명준3호 | 타자 키플레이어: 박성한(SSG), 최지훈(SSG), 고명준(SSG) | 투수 키플레이어: 화이트(SSG)"
1611,"NC, 롯데와 3연전 싹쓸이…시즌 첫 스윕승",NC 다이노스가 롯데 자이언츠와의 3연전을 전부 승리로 장식하며 시즌 첫 스윕승을 달성했다. NC는 2일... 이호준 감독은 경기전 인터뷰에서 버하겐의 투구 수를 60~65개로 예상하며 최대 5이닝을 던질 것이라고...,www.knnews.co.kr,2026-04-02T21:54:00,,INTERVIEW,,1.0,direct_keyword,,True,NC가 롯데와의 3연전을 모두 승리하며 첫 스윕승을 기록했다.,,negative,,True,"롯데 vs NC (원정) 4-8 패 | 결승타: 박건우(5회) | 홈런: 노진혁2호 | 타자 키플레이어: 박건우(NC), 노진혁(롯데), 박민우(NC) | 투수 키플레이어: 김진욱(롯데), 배재환(NC), 원종해(NC)"
1612,"신재인, NC 역대 최연소 홈런 신바람","NC 내야수 신재인은 지난 1일 창원NC파크에서 열린 롯데 자이언츠와의 홈경기에서 동점 2점 홈런을 때려 팀... 지명 직후 인터뷰에서 자신을 ‘공격, 수비, 주루 어느 하나 빠짐없이 평균 이상의 능력치를 보여주는...",www.knnews.co.kr,2026-04-02T21:18:00,,INTERVIEW,,1.0,direct_keyword,,True,NC 신재인이 롯데와의 경기에서 동점 홈런을 기록했다.,신재인,negative,,True,"롯데 vs NC (원정) 4-8 패 | 결승타: 박건우(5회) | 홈런: 노진혁2호 | 타자 키플레이어: 박건우(NC), 노진혁(롯데), 박민우(NC) | 투수 키플레이어: 김진욱(롯데), 배재환(NC), 원종해(NC)"
1613,"NC 신재인, 데뷔 첫 안타가 '롯데 격침' 역전 투런포..'약국 탄식' 이강...",이강철 감독이 영입을 강력히 희망했던 NC 다이노스의 내야수 신재인이 데뷔 첫 안타를 극적인 역전 홈런으로 장식하며 야구계에 강렬한 인상을 남겼다. 신재인은 지난 1일 창원 NC파크에서 열린 롯데 자이언츠와의...,www.ftimes.kr,2026-04-02T19:54:00,,INTERVIEW,,1.0,direct_keyword,,True,신재인이 롯데를 상대로 데뷔 첫 안타를 역전 홈런으로 장식했다.,신재인,negative,,True,"롯데 vs NC (원정) 4-8 패 | 결승타: 박건우(5회) | 홈런: 노진혁2호 | 타자 키플레이어: 박건우(NC), 노진혁(롯데), 박민우(NC) | 투수 키플레이어: 김진욱(롯데), 배재환(NC), 원종해(NC)"
1614,"우강훈, '150㎞ 뱀직구'로 KIA 눌렀다...LG 새 필승조 카드 부상","2021년 롯데 자이언츠 지명 이후 팔꿈치 수술과 군 복무, 그리고 트레이드를 거친 우강훈은 2023년까지만... 경기 후 방송 인터뷰에서 우강훈은 1군 무대와 2군 환경의 차이에 적응하기 위해 관중이 많은 경기에서도...",www.ppss.kr,2026-04-02T15:58:00,,INTERVIEW,,1.0,direct_keyword,,True,우강훈이 KIA를 상대로 150㎞ 뱀직구로 좋은 성과를 냈다.,우강훈,neutral,,True,"롯데 vs NC (원정) 4-8 패 | 결승타: 박건우(5회) | 홈런: 노진혁2호 | 타자 키플레이어: 박건우(NC), 노진혁(롯데), 박민우(NC) | 투수 키플레이어: 김진욱(롯데), 배재환(NC), 원종해(NC)"
1615,"""150㎞ 뱀직구 위력""…LG 우강훈, 필승조 새 카드 부상","KIA전 직후 방송 인터뷰에서 우강훈은 1군 등판 시 2군과 다른 분위기 탓에 집중력이 떨어지는 경우가... 2021년 KBO리그 신인 드래프트에서 롯데 자이언츠 지명을 받은 직후 팔꿈치 수술대에 올랐고, 수술 회복과 동시에...",www.topstarnews.net,2026-04-02T15:22:00,,INTERVIEW,,1.0,direct_keyword,,True,LG 우강훈이 필승조 카드로 부상하고 있다.,우강훈,neutral,,True,"롯데 vs NC (원정) 4-8 패 | 결승타: 박건우(5회) | 홈런: 노진혁2호 | 타자 키플레이어: 박건우(NC), 노진혁(롯데), 박민우(NC) | 투수 키플레이어: 김진욱(롯데), 배재환(NC), 원종해(NC)"
1616,"상대 타자도 움찔…뱀직구 앞세운 LG 우강훈, 셋업맨 맡나","염 감독은 ""앞으로 우강훈을 승부처에서 많이 활용할 것""이라고 했다. 우강훈은 지난 시즌까지 무명에 가까운 선수였다. 2021년 신인 드래프트에서 롯데 자이언츠의 지명을 받은 직후 팔꿈치 수술을 하고 곧바로...",www.yna.co.kr,2026-04-02T15:05:00,,INTERVIEW,,1.0,direct_keyword,,True,LG 염 감독이 우강훈을 승부처에서 활용할 계획을 밝혔다.,우강훈,neutral,,True,"롯데 vs NC (원정) 4-8 패 | 결승타: 박건우(5회) | 홈런: 노진혁2호 | 타자 키플레이어: 박건우(NC), 노진혁(롯데), 박민우(NC) | 투수 키플레이어: 김진욱(롯데), 배재환(NC), 원종해(NC)"
1617,[엔터家] 프로야구 ㅣ '엇갈린 개막 희비…부상까지 덮친 시즌 초반 판...,"존 슈나이더 토론토 감독은 MLB닷컴 등과의 인터뷰에서 ""새벽 1시까지 폰세와 이야기를 나눴다""며 ""첫... 창원에서 열린 낙동강 더비에서는 NC 다이노스가 롯데 자이언츠를 9-2로 역전승했다. 롯데는 2회 노진혁의 2루타...",www.cbci.co.kr,2026-04-01T13:30:00,,INTERVIEW,,1.0,direct_keyword,,True,롯데가 NC 다이노스에게 2-9로 패했습니다.,노진혁,negative,,True,"롯데 vs NC (원정) 2-9 패 | 결승타: 김휘집(3회) | 타자 키플레이어: 노진혁(롯데), 김형준(NC), 김휘집(NC) | 투수 키플레이어: 토다(NC), 이준혁(NC), 김영규(NC)"
1618,"""김태형 감독님께 이유 보여드려야죠""…생존 위한 손호영 몸부림, 멀티...",롯데 자이언츠 내야수 손호영이 2026시즌 개막 시리즈에서 지난해 부상과 부진의 아쉬움을 털어내는 멀티 홈런을 쏘아 올렸다. 한층 더 자신감을 갖고 페넌트레이스 초반 일정을 소화할 수 있게 됐다. 김태형 감독이...,www.xportsnews.com,2026-03-30T07:48:00,,INTERVIEW,,1.0,direct_keyword,,True,손호영이 멀티 홈런으로 롯데의 6-2 승리를 이끌었습니다.,손호영,positive,,True,"롯데 vs 삼성 (원정) 6-2 승 | 결승타: 손호영(4회) | 홈런: 손호영1호, 손호영2호, 노진혁1호, 레이예스2호 | 타자 키플레이어: 레이예스(롯데), 류지혁(삼성), 이재현(삼성) | 투수 키플레이어: 비슬리(롯데), 최원태(삼성), 쿄야마(롯데)"
1619,"""내려가면 올라온다"" 야구의, 인생의 진리 깨달은 복덩이 이적생, 비운...","언제든 벤치로 물러날 수 있다는 생각으로 매 순간 절실하게 뛰어야죠."" 롯데 자이언츠의 손호영이 29일... 후 인터뷰에서 ""주전으로 뛰는 데는 반드시 이유가 있어야 한다고 생각한다""며 ""그 이유를 팬들과 감독님께 계속...",www.sportschosun.com,2026-03-29T22:14:00,,INTERVIEW,,1.0,direct_keyword,,True,손호영이 주전으로서의 이유를 팬들에게 보여주겠다고 다짐했습니다.,손호영,positive,,True,"롯데 vs 삼성 (원정) 6-2 승 | 결승타: 손호영(4회) | 홈런: 손호영1호, 손호영2호, 노진혁1호, 레이예스2호 | 타자 키플레이어: 레이예스(롯데), 류지혁(삼성), 이재현(삼성) | 투수 키플레이어: 비슬리(롯데), 최원태(삼성), 쿄야마(롯데)"
1620,"이런 날벼락이 있나!?…""롯데 고맙습니다"" KBO 월간 MVP 그 투수, MLB 데뷔...","2025시즌 롯데 자이언츠의 에이스로 활약했던 알렉 감보아가 성공적인 빅리그 데뷔전을 치르자마자 다시... 다시 미국으로 돌아가게 되자 그는 자신의 SNS 계정을 통해 ""KBO에서 뛸 수 있는 기회를 준 롯데 구단에...",www.xportsnews.com,2026-05-07T17:04:00,,CLUB_OPERATION,,1.0,direct_keyword,,True,알렉 감보아가 MLB 데뷔 후 롯데에 감사의 뜻을 전했습니다.,,neutral,,False,"롯데 vs KT (원정) 8-1 승 | 결승타: 고승민(3회) | 홈런: 나승엽1호 | 타자 키플레이어: 고승민(롯데), 김민혁(KT), 나승엽(롯데) | 투수 키플레이어: 비슬리(롯데), 현도훈(롯데), 박정민(롯데)"
1621,'ERA 9.00→2군행' 한화 김서현이 돌아왔다!...열흘 만에 1군 복귀 [광주...,9위 한화는 8위 롯데 자이언츠를 0.5경기 차로 바짝 추격하고 있다. 한화의 시즌 성적은 13승19패(0.406)다.... 이로써 류현진은 구단 역대 4번째 통산 120승 투수로 기록됐다. 류현진 이전에 120승 고지를 밟은 투수는...,www.xportsnews.com,2026-05-07T16:56:00,,CLUB_OPERATION,,1.0,direct_keyword,,True,한화가 롯데를 0.5경기 차로 추격하고 있습니다.,,negative,,False,"롯데 vs KT (원정) 8-1 승 | 결승타: 고승민(3회) | 홈런: 나승엽1호 | 타자 키플레이어: 고승민(롯데), 김민혁(KT), 나승엽(롯데) | 투수 키플레이어: 비슬리(롯데), 현도훈(롯데), 박정민(롯데)"
1622,"'화재 소동' 겪은 KT, 흡연 단속 강화…보안 인력도 확충","지난 6일 수원 KT위즈파크 분리수거장 화재로 인해 KT와 롯데 자이언츠의 경기가 중단되는 일이 발생했다.... KT 구단은 담배 꽁초로 인해 화재가 발생한 것으로 파악하고, 사고 재발을 방지하기 위해 조치에 나섰다.",www.newsis.com,2026-05-07T16:32:00,,CLUB_OPERATION,,1.0,direct_keyword,,True,KT와 롯데의 경기 중 화재로 인해 경기가 중단되었습니다.,,neutral,,True,"롯데 vs KT (원정) 8-1 승 | 결승타: 고승민(3회) | 홈런: 나승엽1호 | 타자 키플레이어: 고승민(롯데), 김민혁(KT), 나승엽(롯데) | 투수 키플레이어: 비슬리(롯데), 현도훈(롯데), 박정민(롯데)"
1623,"경기 중 화재 겪은 KT 위즈, 재발 방지 총력","KT 구단 관계자는 7일 “화재가 발생했던 분리수거장에 가연성 물질 차단용 덮개를 설치했고, 현장에는... 이번 화재는 지난 6일 수원 KT 위즈파크에서 열린 롯데 자이언츠와 KT의 경기 도중 발생했다. 7회초 롯데 공격...",www.kyeonggi.com,2026-05-07T16:32:00,,CLUB_OPERATION,,1.0,direct_keyword,,True,KT가 화재 재발 방지를 위해 안전 조치를 강화하고 있습니다.,,neutral,,True,"롯데 vs KT (원정) 8-1 승 | 결승타: 고승민(3회) | 홈런: 나승엽1호 | 타자 키플레이어: 고승민(롯데), 김민혁(KT), 나승엽(롯데) | 투수 키플레이어: 비슬리(롯데), 현도훈(롯데), 박정민(롯데)"
1624,"'담배꽁초가 부른 중단' KT, 위즈파크 인근 단속 및 안전 관리 강화","이번 화재는 지난 6일 수원 케이티위즈파크에서 열린 롯데 자이언츠와 KT의 경기 도중 발생했다. 7회초 롯데... 구단 측은 화재의 원인을 무심코 버린 담배꽁초로 추정하고, 유사 사례가 재발하지 않도록 안전 체계를...",www.nocutnews.co.kr,2026-05-07T16:12:00,,CLUB_OPERATION,,1.0,direct_keyword,,True,KT가 담배꽁초로 인한 화재를 예방하기 위한 안전 관리에 나섰습니다.,,neutral,,True,"롯데 vs KT (원정) 8-1 승 | 결승타: 고승민(3회) | 홈런: 나승엽1호 | 타자 키플레이어: 고승민(롯데), 김민혁(KT), 나승엽(롯데) | 투수 키플레이어: 비슬리(롯데), 현도훈(롯데), 박정민(롯데)"
1625,"[프로야구] '한신 투수코치 영입' 롯데, 日 독립 리그에 선수단 정식 파...","[사진=롯데 자이언츠] 2026.05.07 willowdy@newspim.com 시코쿠 아일랜드 리그 plus는 일본 시코쿠 지역을 기반으로 한 독립 리그다. NPB 진출을 목표로 하는 도쿠시마, 카가와, 고치, 에히메 4개 독립 리그 구단과 일본 NPB 2개...",www.newspim.com,2026-05-07T16:11:00,,CLUB_OPERATION,,1.0,direct_keyword,,True,롯데가 일본 독립 리그에 선수단을 정식 파견했다.,고승민;나승엽,positive,,True,"롯데 vs KT (원정) 8-1 승 | 결승타: 고승민(3회) | 홈런: 나승엽1호 | 타자 키플레이어: 고승민(롯데), 김민혁(KT), 나승엽(롯데) | 투수 키플레이어: 비슬리(롯데), 현도훈(롯데), 박정민(롯데)"
1626,"'KBO 35승' 롯데 좌승사자, 끝내 버려졌다…컵스가 DFA 통보→'롯데 흑역...","KBO리그 롯데 자이언츠 출신 외국인 투수들의 미국 메이저리그(MLB) 생존 희비가 또다시 엇갈렸다. 좌완... 미국 스포츠 전문 매체 'CBS 스포츠'는 7일(한국시간) 컵스 구단의 공식 발표를 인용하며 ""컵스가 찰리 반즈를 DFA...",www.xportsnews.com,2026-05-07T16:08:00,,CLUB_OPERATION,,1.0,direct_keyword,,True,롯데 출신 찰리 반즈가 컵스에서 DFA 통보를 받았다.,,negative,,True,"롯데 vs KT (원정) 8-1 승 | 결승타: 고승민(3회) | 홈런: 나승엽1호 | 타자 키플레이어: 고승민(롯데), 김민혁(KT), 나승엽(롯데) | 투수 키플레이어: 비슬리(롯데), 현도훈(롯데), 박정민(롯데)"
1627,"프로야구 KT, 어제 화재 계기로 흡연 단속 강화…보안 인력 확충",▲ 지난 6일 수원 케이티위즈파크에서 열린 프로야구 롯데 자이언츠-kt wiz 경기가 7회초 오후 8시 22분쯤... KT 구단은 담배꽁초로 인해 불이 시작된 것으로 보고 재발 방지에 나섰습니다. (사진=연합뉴스),news.sbs.co.kr,2026-05-07T15:56:00,,CLUB_OPERATION,,1.0,direct_keyword,,True,KT가 화재 계기로 흡연 단속을 강화한다.,,neutral,,True,"롯데 vs KT (원정) 8-1 승 | 결승타: 고승민(3회) | 홈런: 나승엽1호 | 타자 키플레이어: 고승민(롯데), 김민혁(KT), 나승엽(롯데) | 투수 키플레이어: 비슬리(롯데), 현도훈(롯데), 박정민(롯데)"
1628,"'수원 경기장 화재' 뒤 분리수거장 보강…kt, 흡연 단속 인력 늘린다",6일 수원케이티위즈파크에서 열린 롯데 자이언츠와 kt wiz의 경기 도중 발생한 화재 이후 kt 구단이 경기장 안전 조치를 강화한다. 경기 일정 속에 진행된 화재 상황이 선수단과 관중 모두에게 영향을 줄 수 있었던 만큼...,www.topstarnews.net,2026-05-07T15:52:00,,CLUB_OPERATION,,1.0,direct_keyword,,True,KT가 화재 이후 경기장 안전 조치를 강화한다.,,neutral,,True,"롯데 vs KT (원정) 8-1 승 | 결승타: 고승민(3회) | 홈런: 나승엽1호 | 타자 키플레이어: 고승민(롯데), 김민혁(KT), 나승엽(롯데) | 투수 키플레이어: 비슬리(롯데), 현도훈(롯데), 박정민(롯데)"
1629,최다안타왕 3연패·롯데 5강…레이예스가 쓰는 새 역사,성적이 말해준다.” 칭찬에 인색한 프로야구 롯데 자이언츠 김태형 감독이 망설임 없이 칭찬 세례를... 롯데 구단 역사상 최고의 외국인 타자로 꼽히는 펠릭스 호세의 411안타는 이미 지난달 넘어섰다. 레이예스는...,www.busan.com,2026-05-07T15:51:00,,CLUB_OPERATION,,1.0,direct_keyword,,True,레이예스가 롯데 역사에 새로운 기록을 세웠다.,레이예스,positive,,True,"롯데 vs KT (원정) 8-1 승 | 결승타: 고승민(3회) | 홈런: 나승엽1호 | 타자 키플레이어: 고승민(롯데), 김민혁(KT), 나승엽(롯데) | 투수 키플레이어: 비슬리(롯데), 현도훈(롯데), 박정민(롯데)"
1630,박세웅vs고영표 진검승부 볼 수 있나? 수원 하늘은 지금 짙은 먹구름 가...,7일 수원 KT위즈파크에선 롯데 자이언츠와 KT 위즈의 주중 시리즈 3차전이 열릴 예정이다. 하지만 이날 오후... 아직 KT 구단은 방수포를 꺼내진 않았다. 하지만 경기감독관과 구장관리팀은 우산을 쓴채 그라운드를...,www.sportschosun.com,2026-05-07T15:49:00,,CLUB_OPERATION,,1.0,direct_keyword,,True,수원에서 롯데와 KT의 3차전이 예정되어 있다.,,neutral,,True,"롯데 vs KT (원정) 8-1 승 | 결승타: 고승민(3회) | 홈런: 나승엽1호 | 타자 키플레이어: 고승민(롯데), 김민혁(KT), 나승엽(롯데) | 투수 키플레이어: 비슬리(롯데), 현도훈(롯데), 박정민(롯데)"
1631,"프로야구 kt, 화재 계기로 흡연 단속 강화…보안 인력 확충",화재는 6일 수원케이티위즈파크에서 열린 롯데 자이언츠와 kt의 경기 도중 발생했다. 7회초 롯데 공격 때... 사고로 이어질 수 있었던 상황이었다. kt 구단은 담배꽁초로 인해 불이 시작된 것으로 보고 재발 방지에 나섰다.,www.yna.co.kr,2026-05-07T15:43:00,,CLUB_OPERATION,,1.0,direct_keyword,,True,KT가 화재 재발 방지를 위해 보안 인력을 확충한다.,,neutral,,True,"롯데 vs KT (원정) 8-1 승 | 결승타: 고승민(3회) | 홈런: 나승엽1호 | 타자 키플레이어: 고승민(롯데), 김민혁(KT), 나승엽(롯데) | 투수 키플레이어: 비슬리(롯데), 현도훈(롯데), 박정민(롯데)"
1632,"사진 찍자는 여성 팬에 ""뚱녀"" ""타이어""…프로 야구선수 '외모 비하' 논...",롯데 자이언츠 투수 최충연 선수는 지난해 12월 지인들과 있던 자리에서 여성들로부터 사진을 찍자는... 논란이 커지자 롯데 구단은 최충연을 1군 엔트리에서 말소하고 2군으로 내려보냈다. 최충연은 피해 여성에게 직접...,news.tvchosun.com,2026-05-07T15:39:00,,CLUB_OPERATION,,1.0,direct_keyword,,True,최충연이 외모 비하 논란으로 2군으로 내려갔다.,최충연,negative,,True,"롯데 vs KT (원정) 8-1 승 | 결승타: 고승민(3회) | 홈런: 나승엽1호 | 타자 키플레이어: 고승민(롯데), 김민혁(KT), 나승엽(롯데) | 투수 키플레이어: 비슬리(롯데), 현도훈(롯데), 박정민(롯데)"
1633,"불운했던 지난날을 잊고…이승헌이 다시, 발걸음을 내딛는다",사진=롯데자이언츠 제공 “배려와 관심 덕분에 돌아올 수 있었어요.” 큰 기대를 받으며 프로에... 이승헌은 지난날을 떠올리며 “반복되는 부상과 재활기간 동안 구단에서 많은 배려와 관심을 보내주셔서 큰 힘이...,www.sportsworldi.com,2026-05-07T15:21:00,,CLUB_OPERATION,,1.0,direct_keyword,,True,이승헌이 부상 극복 후 다시 야구에 나선다.,이승헌,positive,,False,"롯데 vs KT (원정) 8-1 승 | 결승타: 고승민(3회) | 홈런: 나승엽1호 | 타자 키플레이어: 고승민(롯데), 김민혁(KT), 나승엽(롯데) | 투수 키플레이어: 비슬리(롯데), 현도훈(롯데), 박정민(롯데)"
1634,"[IS 현장] ""머리 아파요""...야구장에 유입된 화재 연기, 장외 관리 문제...","KT 위즈와 롯데 자이언츠의 2026 정규시즌 4차전이 열린 6일 수원 케이티위즈파크. 롯데의 7회 초 공격 진행 중... KT 구단 관계자는 ""8시 20분 (케이티위즈파크 1루 쪽 외부에 비치된) 야구장 외부 쓰레기장에서 화재가...",isplus.com,2026-05-07T00:05:00,,CLUB_OPERATION,,1.0,direct_keyword,,True,경기 중 화재 연기로 인해 관중들이 불편을 겪었다.,,negative,,True,"롯데 vs KT (원정) 8-1 승 | 결승타: 고승민(3회) | 홈런: 나승엽1호 | 타자 키플레이어: 고승민(롯데), 김민혁(KT), 나승엽(롯데) | 투수 키플레이어: 비슬리(롯데), 현도훈(롯데), 박정민(롯데)"
1635,야구장 바깥에서 화재 발생…롯데-KT전 23분간 중단,6일 수원 KT위즈파크에서 펼쳐진 ‘2026 신한 쏠 KBO리그’ 롯데 자이언츠와 KT 위즈의 경기는 7회초 진행 도중... 구단 측은 전광판을 통해 화재 상황을 실시간으로 공지하며 관람객들의 혼란을 방지했다. 박종훈 경기...,www.dailian.co.kr,2026-05-06T22:29:00,,CLUB_OPERATION,,1.0,direct_keyword,,True,화재로 인해 롯데-KT전이 23분간 중단되었다.,,negative,,True,"롯데 vs KT (원정) 8-1 승 | 결승타: 고승민(3회) | 홈런: 나승엽1호 | 타자 키플레이어: 고승민(롯데), 김민혁(KT), 나승엽(롯데) | 투수 키플레이어: 비슬리(롯데), 현도훈(롯데), 박정민(롯데)"
1636,"수원 위즈파크, 외부 화재로 경기 한때 중단... 원인은 담뱃불?",6일 수원 KT위즈파크에서 열린 '2026 신한 SOL KBO리그' 롯데 자이언츠와 KT 위즈의 주중 3연전 두 번째 경기는... 사진= KBSNSPORTS 중계 화면 KT 구단에 따르면 화재는 구장 밖 외야 쓰레기장에서 발생했다. 화재 현장 내에서...,www.ggilbo.com,2026-05-06T21:58:00,,CLUB_OPERATION,,1.0,direct_keyword,,True,경기 중 외부 화재로 인해 일시적으로 중단되었다.,,negative,,True,"롯데 vs KT (원정) 8-1 승 | 결승타: 고승민(3회) | 홈런: 나승엽1호 | 타자 키플레이어: 고승민(롯데), 김민혁(KT), 나승엽(롯데) | 투수 키플레이어: 비슬리(롯데), 현도훈(롯데), 박정민(롯데)"
1637,"“연기 휩싸인 그라운드”…프로야구 롯데-kt전, 분리수거장 화재로 경...",수원에서 열린 프로야구 롯데 자이언츠-kt wiz 경기 도중 인근 분리수거장 화재로 경기가 지연되는 돌발... 구단은 소란을 최소화하기 위해 구장 내 전광판을 통해 상황을 실시간으로 공지했다. 소방서 신고도 즉시...,www.seoul.co.kr,2026-05-06T21:32:00,,CLUB_OPERATION,,1.0,direct_keyword,,True,분리수거장 화재로 롯데-KT전이 지연되었다.,,negative,,True,"롯데 vs KT (원정) 8-1 승 | 결승타: 고승민(3회) | 홈런: 나승엽1호 | 타자 키플레이어: 고승민(롯데), 김민혁(KT), 나승엽(롯데) | 투수 키플레이어: 비슬리(롯데), 현도훈(롯데), 박정민(롯데)"
1638,"고승민 뒤집고 나승엽 쐐기 ‘쾅’…타선 재구성한 롯데, 선두 KT에 설욕...","롯데 자이언츠 고승민(26), 나승엽(24)이 팀의 승리를 쌍끌이 했다. 롯데는 6일 수원KT위즈파크서 열린... KT 구단은 인근 소방서에 신고한 뒤 전광판을 통해 화재 진압 상황을 알렸다. 인명 피해는 발생하지 않았다. KT...",sports.donga.com,2026-05-06T21:32:00,,CLUB_OPERATION,,1.0,direct_keyword,,True,고승민과 나승엽이 팀의 승리를 이끌었다.,고승민;나승엽,positive,,True,"롯데 vs KT (원정) 8-1 승 | 결승타: 고승민(3회) | 홈런: 나승엽1호 | 타자 키플레이어: 고승민(롯데), 김민혁(KT), 나승엽(롯데) | 투수 키플레이어: 비슬리(롯데), 현도훈(롯데), 박정민(롯데)"
1639,"화재 중단 변수에도… 프로야구 롯데, 선두 KT에 7점 차 대승",/롯데 자이언츠 제공 | 수원=한스경제 신희재 기자 | 프로야구 롯데 자이언츠가 선두 KT 위즈를 꺾고... 구단은 전광판 안내 및 소방서 신고 등 빠른 초동 대처로 화재 진압을 도왔다. 쓰레기장 내에서는 담배꽁초가...,www.hansbiz.co.kr,2026-05-06T21:32:00,,CLUB_OPERATION,,1.0,direct_keyword,,True,롯데가 선두 KT를 상대로 대승을 거두었다.,,positive,,True,"롯데 vs KT (원정) 8-1 승 | 결승타: 고승민(3회) | 홈런: 나승엽1호 | 타자 키플레이어: 고승민(롯데), 김민혁(KT), 나승엽(롯데) | 투수 키플레이어: 비슬리(롯데), 현도훈(롯데), 박정민(롯데)"
1640,외부 화재로 연기 유입…수원 롯데-KT전 7회 23분간 경기 중단,6일 수원 KT위즈파크에서 벌어진 2026 신한 쏠 KBO리그 롯데 자이언츠와 KT 위즈의 경기는 7회 약 23분간... 구단은 소란을 최소화하기 위해 구장 내 전광판을 통해 상황을 실시간으로 공지했다. 소방서 신고도 즉시...,www.newsis.com,2026-05-06T21:20:00,,CLUB_OPERATION,,1.0,direct_keyword,,True,경기 중 화재로 인해 23분간 중단되었다.,,negative,,True,"롯데 vs KT (원정) 8-1 승 | 결승타: 고승민(3회) | 홈런: 나승엽1호 | 타자 키플레이어: 고승민(롯데), 김민혁(KT), 나승엽(롯데) | 투수 키플레이어: 비슬리(롯데), 현도훈(롯데), 박정민(롯데)"
1641,"'야구장에 연기가 자욱?' 롯데-KT전, 인근 화재로 23분간 중단",프로야구 롯데 자이언츠와 KT 위즈의 경기가 인근 화재로 인해 일시 중단되는 소동이 빚어졌다. 6일 수원... 사태가 발생하자 KT 구단은 전광판을 통해 상황을 안내하는 동시에 즉각 소방 당국에 신고했다. 이후 구단...,www.nocutnews.co.kr,2026-05-06T21:13:00,,CLUB_OPERATION,,1.0,direct_keyword,,True,롯데-KT전이 화재로 23분간 중단됐다.,고승민;나승엽,positive,,True,"롯데 vs KT (원정) 8-1 승 | 결승타: 고승민(3회) | 홈런: 나승엽1호 | 타자 키플레이어: 고승민(롯데), 김민혁(KT), 나승엽(롯데) | 투수 키플레이어: 비슬리(롯데), 현도훈(롯데), 박정민(롯데)"
1642,"수원 롯데-KT전, 구장 외부 쓰레기장 화재로 23분간 중단 소동",롯데 자이언츠와 KT 위즈의 경기가 구장 외부 쓰레기장서 발생한 화재 여파로 중단됐다. 롯데가 6-1로 앞선 7회초 무사 2루서 나승엽이 타석에 선 뒤 갑자기 뿌연 연기가 그라운드 위로 빠르게 확산했다. KT 구단은...,sports.donga.com,2026-05-06T20:55:00,,CLUB_OPERATION,,1.0,direct_keyword,,True,롯데-KT전이 외부 화재로 23분간 중단됐다.,고승민;나승엽,positive,,True,"롯데 vs KT (원정) 8-1 승 | 결승타: 고승민(3회) | 홈런: 나승엽1호 | 타자 키플레이어: 고승민(롯데), 김민혁(KT), 나승엽(롯데) | 투수 키플레이어: 비슬리(롯데), 현도훈(롯데), 박정민(롯데)"
1643,"롯데와 KT를 덮친 연기, 다행히 야구장 밖 화재…23분 경기 중단 '황당 ...",롯데 자이언츠와 KT 위즈의 2026시즌 4번째 맞대결이 전혀 예상하지 못했던 변수로 잠시 중단됐다. 롯데와... KT 구단에 따르면 수원 KT위즈파크 외부 쓰레기장에서 발생한 화재의 영향으로 경기장 안에 연기가 유입됐다....,www.xportsnews.com,2026-05-06T20:52:00,,CLUB_OPERATION,,1.0,direct_keyword,,True,롯데-KT전이 외부 화재로 잠시 중단됐다.,고승민;나승엽,positive,,True,"롯데 vs KT (원정) 8-1 승 | 결승타: 고승민(3회) | 홈런: 나승엽1호 | 타자 키플레이어: 고승민(롯데), 김민혁(KT), 나승엽(롯데) | 투수 키플레이어: 비슬리(롯데), 현도훈(롯데), 박정민(롯데)"
1644,"수원 하늘 가득 채운 연기, 대체 무슨 일? → 무려 23분간 경기 중단, 선...","롯데 자이언츠와 KT 위즈의 주중시리즈 2차전이 외부에서 유입된 연기로 인해 중단됐다. 이날 오후 8시... KT 구단 측도 영문을 몰라 당황하는 모습. 결국 8시 22분 경기가 중단됐고, 선수단이 더그아웃으로 철수했다. 이어...",www.sportschosun.com,2026-05-06T20:48:00,,CLUB_OPERATION,,1.0,direct_keyword,,True,수원에서 롯데-KT전이 연기로 중단됐다.,고승민;나승엽,positive,,True,"롯데 vs KT (원정) 8-1 승 | 결승타: 고승민(3회) | 홈런: 나승엽1호 | 타자 키플레이어: 고승민(롯데), 김민혁(KT), 나승엽(롯데) | 투수 키플레이어: 비슬리(롯데), 현도훈(롯데), 박정민(롯데)"
1645,"한화, 9주 연속 KBO리그 관심도 1위","4월 5주 차 KBO 구단 관심도. /한국체대 AI융합 스포츠분석센터 제공 | 서울=한스경제 신희재 기자 | 한화... 이밖에 2~10위는 KIA 타이거즈(156.6점), 롯데 자이언츠(146.6점), 삼성 라이온즈(134.2점), 두산 베어스(69....",www.hansbiz.co.kr,2026-05-06T18:38:00,,CLUB_OPERATION,,1.0,direct_keyword,,True,롯데가 KBO리그 관심도 3위에 올랐다.,,positive,,False,"롯데 vs KT (원정) 8-1 승 | 결승타: 고승민(3회) | 홈런: 나승엽1호 | 타자 키플레이어: 고승민(롯데), 김민혁(KT), 나승엽(롯데) | 투수 키플레이어: 비슬리(롯데), 현도훈(롯데), 박정민(롯데)"
1646,"득점에 목마른 롯데, 2번타자 고승민-4번타자 나승엽 파격 라인업 ""타석...","KBO 징계를 마치고 돌아온 롯데 자이언츠 나승엽과 고승민이 복귀 이튿날 바로 선발 라인업에 이름을... 롯데는 고심 끝에 이중징계 금지 원칙에 따라 구단 자체 징계는 하지 않는 대신, 프런트 담당 직원과 대표이사...",www.spochoo.com,2026-05-06T18:05:00,,CLUB_OPERATION,,1.0,direct_keyword,,True,롯데가 나승엽과 고승민을 선발 라인업에 배치했다.,고승민;나승엽,positive,,True,"롯데 vs KT (원정) 8-1 승 | 결승타: 고승민(3회) | 홈런: 나승엽1호 | 타자 키플레이어: 고승민(롯데), 김민혁(KT), 나승엽(롯데) | 투수 키플레이어: 비슬리(롯데), 현도훈(롯데), 박정민(롯데)"
1647,"롯데, 파격적인 '나승엽 4번' 카드 꺼냈다…고승민 2번-2B 배치 [수원 현...",성공적인 1군 복귀전을 치른 롯데 자이언츠 내야수 나승엽이 2026시즌 처음으로 선발 라인업에 이름을... 롯데 구단은 강경하게 대처했다. 사행성 업소 출입이 확인된 선수 4명을 곧바로 귀국 조치를 내렸다. KBO...,www.xportsnews.com,2026-05-06T17:10:00,,CLUB_OPERATION,,1.0,direct_keyword,,True,롯데가 나승엽을 4번 타자로 기용했다.,나승엽;고승민,positive,,True,"롯데 vs KT (원정) 8-1 승 | 결승타: 고승민(3회) | 홈런: 나승엽1호 | 타자 키플레이어: 고승민(롯데), 김민혁(KT), 나승엽(롯데) | 투수 키플레이어: 비슬리(롯데), 현도훈(롯데), 박정민(롯데)"
1648,"'스트레스로 1군 엔트리 제외' 양상문 한화 코치, 잔류군 코치로 복귀",한화 구단은 6일 양상문 코치가 남은 시즌 잔류군 투수코치를 맡을 예정이라고 전했다. 양상문(오른쪽)... 롯데자이언츠와 LG트윈스 등에서 감독으로 지휘봉을 잡았던 양상문 코치는 각별한 사이인 김경문 감독의 요청에...,www.edaily.co.kr,2026-05-06T14:59:00,,CLUB_OPERATION,,1.0,direct_keyword,,True,양상문 코치가 한화 잔류군으로 복귀했다.,,neutral,,False,"롯데 vs KT (원정) 4-5 패 | 결승타: 권동진(8회) | 홈런: 힐리어드7호 | 타자 키플레이어: 레이예스(롯데), 나승엽(롯데), 김상수(KT) | 투수 키플레이어: 박영현(KT), 정현수(롯데), 소형준(KT)"
1649,"[오피셜] 한화, 양상문 코치 잔류군 이동 확정…1군 박승민 코치 체제 유...","한화 구단은 6일 ""양상문 투수코치를 잔류군 투수코치로 보직 변경했다""며 ""양상문 코치를 대신해 1군 메인... 1961년생인 양상문 코치는 1994년 롯데 자이언츠에서 지도자 커리어를 시작했다. 롯데에서 2004~2005, 2019...",www.xportsnews.com,2026-05-06T14:38:00,,CLUB_OPERATION,,1.0,direct_keyword,,True,양상문 코치가 한화 잔류군으로 이동했다.,,neutral,,False,"롯데 vs KT (원정) 4-5 패 | 결승타: 권동진(8회) | 홈런: 힐리어드7호 | 타자 키플레이어: 레이예스(롯데), 나승엽(롯데), 김상수(KT) | 투수 키플레이어: 박영현(KT), 정현수(롯데), 소형준(KT)"
1650,"[공식발표] '미쳤다' 올해는 진짜로 골든글러브? '4할 유격수' 박성한, ...","박성한은 개막 이후 22경기 연속 안타를 기록하며 1982년 김용희(롯데 자이언츠)가 세운 18경기를 넘어 KBO... 한편, 이번에 쉘힐릭스플레이어로 선정된 선수들의 시상식은 이달 중으로 각 구단 홈구장에서 진행될...",www.sportalkorea.com,2026-05-06T14:35:00,,CLUB_OPERATION,,1.0,direct_keyword,,True,박성한이 22경기 연속 안타를 기록했다.,박성한,positive,,True,"롯데 vs KT (원정) 4-5 패 | 결승타: 권동진(8회) | 홈런: 힐리어드7호 | 타자 키플레이어: 레이예스(롯데), 나승엽(롯데), 김상수(KT) | 투수 키플레이어: 박영현(KT), 정현수(롯데), 소형준(KT)"
1651,"""야구로 보답하겠다"" 이제 지겹다...만약 롯데에서 또 사고 터지면, 그 ...","올해 스프링캠프를 강타했던 롯데 자이언츠 해외 불법 도박 사태가 주동자들의 복귀로 일단락 되는... 특히 롯데에서 문제가 반복된다는 건, 그만큼 구단 내부에 경각심이 없는, 뿌리깊은 문제가 있다는 걸 의미한다....",www.sportschosun.com,2026-05-06T14:34:00,,CLUB_OPERATION,,1.0,direct_keyword,,True,롯데의 불법 도박 사태가 반복되고 있다.,,negative,,False,"롯데 vs KT (원정) 4-5 패 | 결승타: 권동진(8회) | 홈런: 힐리어드7호 | 타자 키플레이어: 레이예스(롯데), 나승엽(롯데), 김상수(KT) | 투수 키플레이어: 박영현(KT), 정현수(롯데), 소형준(KT)"
1652,"'투타 WAR 1위' SSG 박성한·KIA 올러, KBO리그 3~4월 '월간 MVP'","박성한은 요나단 페라자(WAR 2.00), 문현빈(이상 한화 이글스·WAR 1.77), 빅터 레이예스(롯데 자이언츠·WAR... 3~4월 월간 쉘힐릭스플레이어로 선정된 선수들의 시상식은 이달 중 각 소속 구단의 홈구장에서...",www.newsis.com,2026-05-06T14:29:00,,CLUB_OPERATION,,1.0,direct_keyword,,True,박성한이 3~4월 월간 MVP로 선정되었다.,박성한,positive,,True,"롯데 vs KT (원정) 4-5 패 | 결승타: 권동진(8회) | 홈런: 힐리어드7호 | 타자 키플레이어: 레이예스(롯데), 나승엽(롯데), 김상수(KT) | 투수 키플레이어: 박영현(KT), 정현수(롯데), 소형준(KT)"
1653,"‘WAR 1.53’ KIA 아담 올러, 쉘힐릭스플레이어상 주인공","특히 올러는 4월 24일 챔피언스필드에서 열린 롯데 자이언츠와의 홈경기에서 9이닝(103구)을 던지면서... 한편 시상식은 소속 구단의 홈구장에서 5월 중 진행되며, 수상자에게는 150만원의 시상금이 수여된다.",www.kwangju.co.kr,2026-05-06T13:44:00,,CLUB_OPERATION,,1.0,direct_keyword,,True,KIA 아담 올러가 쉘힐릭스플레이어상을 수상했다.,,neutral,,True,"롯데 vs KT (원정) 4-5 패 | 결승타: 권동진(8회) | 홈런: 힐리어드7호 | 타자 키플레이어: 레이예스(롯데), 나승엽(롯데), 김상수(KT) | 투수 키플레이어: 박영현(KT), 정현수(롯데), 소형준(KT)"
1654,"‘개막 22G 연속 안타’ SSG 박성한, 3~4월 쉘힐릭스플레이어 선정",올러는 지난 4월 24일 광주 롯데 자이언츠전에서 9이닝 3피안타 2사사구 11탈삼진 무실점으로 팀 승리를... 3~4월 월간 쉘힐릭스플레이어 선정된 선수들의 시상식은 각 소속 구단의 홈 구장에서 5월 중에 진행될...,www.mk.co.kr,2026-05-06T12:15:00,,CLUB_OPERATION,,1.0,direct_keyword,,True,올러가 롯데전에서 뛰어난 투구를 했다.,올러,neutral,,True,"롯데 vs KT (원정) 4-5 패 | 결승타: 권동진(8회) | 홈런: 힐리어드7호 | 타자 키플레이어: 레이예스(롯데), 나승엽(롯데), 김상수(KT) | 투수 키플레이어: 박영현(KT), 정현수(롯데), 소형준(KT)"
1655,어린이날에 '원정도박 3인방' 복귀하고도 역전패…명분도 실리도 못 챙...,"명분도, 실리도 못 챙긴 롯데 자이언츠다. 롯데는 5일 경기 수원 케이티 위즈 파크에서 열린 2026 신한 SOL... 어린이날을 맞아 각 구단은 경기장을 찾은 어린이 팬들을 위해 여러 행사를 진행한다. 당연히 어린이날 경기장은...",www.sportalkorea.com,2026-05-06T11:45:00,,CLUB_OPERATION,,1.0,direct_keyword,,True,롯데가 어린이날 경기에서 역전패를 당했다.,,negative,,True,"롯데 vs KT (원정) 4-5 패 | 결승타: 권동진(8회) | 홈런: 힐리어드7호 | 타자 키플레이어: 레이예스(롯데), 나승엽(롯데), 김상수(KT) | 투수 키플레이어: 박영현(KT), 정현수(롯데), 소형준(KT)"
1656,"LG 이상영, 복귀 방식 논란…음주운전 징계 후 침묵 속 마운드","이는 비슷한 시기에 복귀한 롯데 자이언츠 선수들의 행보와 비교된다. 해외 전지훈련 중 도박장 출입으로... LG 구단을 향한 쓴소리도 나온다. LG는 2024년 음주 관련 물의가 반복되자 사과하며, 재발 방지와 선수단 관리...",www.goodkyung.com,2026-05-06T11:28:00,,CLUB_OPERATION,,1.0,direct_keyword,,True,LG 이상영의 복귀 방식이 논란이 되고 있다.,,neutral,,False,"롯데 vs KT (원정) 4-5 패 | 결승타: 권동진(8회) | 홈런: 힐리어드7호 | 타자 키플레이어: 레이예스(롯데), 나승엽(롯데), 김상수(KT) | 투수 키플레이어: 박영현(KT), 정현수(롯데), 소형준(KT)"
1657,"여성팬에 ""타이어보다 못한 뚱녀""…롯데 최충연 막말 이후","지난달 10일 한 온라인 커뮤니티에 올라온 프로야구 롯데 자이언츠 투수 최충연의 막말 영상입니다. 최 씨는... KBO는 이번 사안에 대해 무겁게 인식하고 있다며 ""현재 해당 구단과 KBO 연맹 모두 규약 제151조의 품위손상...",news.sbs.co.kr,2026-05-06T11:22:00,,CLUB_OPERATION,,1.0,direct_keyword,,True,롯데 최충연의 막말로 논란이 일고 있다.,최충연,negative,,True,"롯데 vs KT (원정) 4-5 패 | 결승타: 권동진(8회) | 홈런: 힐리어드7호 | 타자 키플레이어: 레이예스(롯데), 나승엽(롯데), 김상수(KT) | 투수 키플레이어: 박영현(KT), 정현수(롯데), 소형준(KT)"
1658,"'롯데 감사합니다' 감격의 '늦깎이 데뷔전' 치른 감보아, 1이닝 무실점으...",롯데 자이언츠 출신 투수 알렉 감보아(보스턴 레드삭스)가 29살의 나이에 마침내 메이저리그(MLB) 무대에... 감보아는 지난해 다저스 산하 트리플A 구단인 오클라호마시티 코메츠에서 8경기에 출전해 2패 평균자책점 4....,www.sportalkorea.com,2026-05-06T11:10:00,,CLUB_OPERATION,,1.0,direct_keyword,,True,알렉 감보아가 MLB에서 무실점 데뷔전을 치렀다.,알렉 감보아,positive,,True,"롯데 vs KT (원정) 4-5 패 | 결승타: 권동진(8회) | 홈런: 힐리어드7호 | 타자 키플레이어: 레이예스(롯데), 나승엽(롯데), 김상수(KT) | 투수 키플레이어: 박영현(KT), 정현수(롯데), 소형준(KT)"
1659,"KBO리그 3월~4월 개막 달군 최고의 별, SSG 박성한과 KIA 올러 선정",특히 지난 4월 24일 롯데 자이언츠와의 경기에서는 9이닝 동안 단 3개의 피안타만을 허용하는 완벽한... 시상식은 5월 중 각 선수의 소속 구단 홈구장에서 개최된다. KBO 관계자는 두 선수가 기록한 WAR 수치는 개인의...,www.dailysportshankook.co.kr,2026-05-06T10:56:00,,CLUB_OPERATION,,1.0,direct_keyword,,True,SSG 박성한이 롯데전에서 완벽한 투구를 선보였다.,박성한,negative,,True,"롯데 vs KT (원정) 4-5 패 | 결승타: 권동진(8회) | 홈런: 힐리어드7호 | 타자 키플레이어: 레이예스(롯데), 나승엽(롯데), 김상수(KT) | 투수 키플레이어: 박영현(KT), 정현수(롯데), 소형준(KT)"
1660,"SSG 박성한·KIA 올러, 프로야구 3~4월 '쉘힐릭스플레이어' 선정","5월 중 소속 구단의 홈구장에서 진행된다""고 소개했다. 박성한은 개막 후 22경기 연속 안타 행진으로... 올러는 지난달 24일 롯데 자이언츠전 개인 통산 첫 완봉승(9이닝 3피안타 2사사구 무실점)을 작성했다....",www.hansbiz.co.kr,2026-05-06T10:46:00,,CLUB_OPERATION,,1.0,direct_keyword,,True,KIA 올러가 롯데전에서 첫 완봉승을 기록했다.,올러,negative,,True,"롯데 vs KT (원정) 4-5 패 | 결승타: 권동진(8회) | 홈런: 힐리어드7호 | 타자 키플레이어: 레이예스(롯데), 나승엽(롯데), 김상수(KT) | 투수 키플레이어: 박영현(KT), 정현수(롯데), 소형준(KT)"
1661,[IS 피플] 클로저 수난 시대...개점휴업보다 연투가 좋은 클로저 박영현,"롯데 자이언츠 구단 최다 세이브를 기록 중이었던 김원중은 시즌 첫 4경기에서 제 공을 던지지 못해, 팀 셋업맨 최준용에게 잠시 자리를 내줬다. 한화 이글스 김서현 역시 현재 부진 탓에 1군 엔트리에서 제외된 상태다....",isplus.com,2026-05-06T10:46:00,,CLUB_OPERATION,,1.0,direct_keyword,,True,롯데의 클로저 박영현이 연투로 주목받고 있다.,박영현,neutral,,True,"롯데 vs KT (원정) 4-5 패 | 결승타: 권동진(8회) | 홈런: 힐리어드7호 | 타자 키플레이어: 레이예스(롯데), 나승엽(롯데), 김상수(KT) | 투수 키플레이어: 박영현(KT), 정현수(롯데), 소형준(KT)"
1662,"‘음주사고 징계’ LG 이상영, 사과 없이 슬그머니 복귀 논란",공교롭게도 올 시즌을 앞두고 해외 전지훈련 중 도박장을 찾아 징계받았던 롯데 자이언츠의 고승민... 이상영의 음주운전 사고 적발 당시 LG 구단 내에서는 비슷한 사고가 잇따라 발생해 큰 비판을 받았다. 2024년 7월엔...,biz.heraldcorp.com,2026-05-06T09:55:00,,CLUB_OPERATION,,1.0,direct_keyword,,True,LG 이상영의 복귀가 논란이 되고 있다.,이상영,negative,,True,"롯데 vs KT (원정) 4-5 패 | 결승타: 권동진(8회) | 홈런: 힐리어드7호 | 타자 키플레이어: 레이예스(롯데), 나승엽(롯데), 김상수(KT) | 투수 키플레이어: 박영현(KT), 정현수(롯데), 소형준(KT)"
1663,"연투·멀티 이닝 다 되는 현존 최강 마무리, 강철 어깨 비결은 밥·잠 그...","박영현은 5일 수원 KT 위즈파크에서 열린 2026 신한 SOL KBO리그 롯데 자이언츠와의 홈 경기에 선발 등판해... 시즌 초반부터 대부분의 구단이 뒷문 단속에 어려움을 겪고 있다. 유영찬(LG 트윈스), 김택연(두산 베어스) 등은...",www.mydaily.co.kr,2026-05-06T09:41:00,,CLUB_OPERATION,,1.0,direct_keyword,,True,박영현이 롯데의 마무리로서 활약하고 있다.,박영현,neutral,,True,"롯데 vs KT (원정) 4-5 패 | 결승타: 권동진(8회) | 홈런: 힐리어드7호 | 타자 키플레이어: 레이예스(롯데), 나승엽(롯데), 김상수(KT) | 투수 키플레이어: 박영현(KT), 정현수(롯데), 소형준(KT)"
1664,어린이날 돌아온 '도박장 3인방' 롯데의 운명 바꿀 수 있을까,"나승엽, 고승민, 김세민에 김동혁까지, 4명의 선수들은 올해 초 프로야구 롯데 자이언츠의 1차 스프링캠프지였던 대만 타이난에서 사행성 오락실에 방문한 사실이 드러나며 논란에 휩싸였다.이 사태로 인하여 구단은...",www.ohmynews.com,2026-05-06T09:36:00,,CLUB_OPERATION,,1.0,direct_keyword,,True,롯데의 '도박장 3인방'이 복귀할 예정이다.,나승엽;고승민;김세민,negative,,True,"롯데 vs KT (원정) 4-5 패 | 결승타: 권동진(8회) | 홈런: 힐리어드7호 | 타자 키플레이어: 레이예스(롯데), 나승엽(롯데), 김상수(KT) | 투수 키플레이어: 박영현(KT), 정현수(롯데), 소형준(KT)"
1665,"'롯린이도 그라운드 밟아보세요' KT, 2년 연속 모든 어린이 챙겼다! 홈팬...",KT 구단은 어린이 팬들을 위한 다양한 이벤트를 준비했다. 가장 인상적인 장면은 경기 종료 후 그라운드에서... 여기에 원정팀 롯린이(롯데 자이언츠+어린이)들도 함께했다. 롯데 어린이 팬들도 그라운드 행사를 통해...,www.starnewskorea.com,2026-05-06T09:15:00,,CLUB_OPERATION,,1.0,direct_keyword,,True,롯데 어린이 팬들이 그라운드 행사에 참여했다.,,positive,,True,"롯데 vs KT (원정) 4-5 패 | 결승타: 권동진(8회) | 홈런: 힐리어드7호 | 타자 키플레이어: 레이예스(롯데), 나승엽(롯데), 김상수(KT) | 투수 키플레이어: 박영현(KT), 정현수(롯데), 소형준(KT)"
1666,"'어린이날 대악재' 문보경, 팀 위해 1루수 4번째 출장이라 더 안타깝다","LG 구단은 ""문보경이 초음파 검진 결과 인대 손상 소견을 들었다""며 ""6일 MRI를 포함해 2차 정밀 검진을 할... 4월 15일 롯데 자이언츠전을 시작으로 26일 두산전, 30일 KT 위즈전, 그리고 이날 어린이날 두산전이 시즌...",www.starnewskorea.com,2026-05-06T09:12:00,,CLUB_OPERATION,,1.0,direct_keyword,,True,문보경의 부상 소식이 팀에 안타까움을 주고 있다.,문보경,negative,,True,"롯데 vs KT (원정) 4-5 패 | 결승타: 권동진(8회) | 홈런: 힐리어드7호 | 타자 키플레이어: 레이예스(롯데), 나승엽(롯데), 김상수(KT) | 투수 키플레이어: 박영현(KT), 정현수(롯데), 소형준(KT)"
1667,"2선발, 3선발, 마무리, 4번타자까지 아웃… 시험대 오른 LG","LG 구단은 “2차 정밀검진 예정이다”라고 설명했다. 문보경은 앞선 3월 월드베이스볼클래식(WBC)에서... 치리노스는 4경기 1승 2패 평균자책점 6.75로 부진했고, 지난달 16일 롯데 자이언츠전을 마지막으로 등판하지...",www.joongang.co.kr,2026-05-06T08:20:00,,CLUB_OPERATION,,1.0,direct_keyword,,True,LG의 부진한 투수진이 시험대에 올랐다.,,neutral,,True,"롯데 vs KT (원정) 4-5 패 | 결승타: 권동진(8회) | 홈런: 힐리어드7호 | 타자 키플레이어: 레이예스(롯데), 나승엽(롯데), 김상수(KT) | 투수 키플레이어: 박영현(KT), 정현수(롯데), 소형준(KT)"
1668,[2026 프로야구] 5월 6일 구단별 선발투수와 생중계 채널,2025 프로야구 로고 (사진=티빙 캡처) 6일 오후 6시 30분 열리는 '2026 프로야구' 구단별 선발투수와... KT 위즈 보쉴리와 롯데 자이언츠 비슬리의 경기는 수원 KT위즈파크에서 펼쳐진다. 생중계채널은 KBS N SPORTS다.,www.gukjenews.com,2026-05-06T07:54:00,,CLUB_OPERATION,,1.0,direct_keyword,,True,롯데와 KT의 선발투수 정보가 공개되었다.,,neutral,,True,"롯데 vs KT (원정) 4-5 패 | 결승타: 권동진(8회) | 홈런: 힐리어드7호 | 타자 키플레이어: 레이예스(롯데), 나승엽(롯데), 김상수(KT) | 투수 키플레이어: 박영현(KT), 정현수(롯데), 소형준(KT)"
1669,"타이어보다 못한 뚱녀 발언…문체부 민원까지, KBO 판단 남았다",스포츠서울DB 프로야구 롯데 자이언츠 투수 최충연의 팬 비하 논란은 한국야구위원회(KBO) 조사로... KBO는 이번 사안에 대해 무겁게 인식하고 있다며 “현재 해당 구단과 KBO 연맹 모두 규약 제151조 [품위손상행위] 적용...,www.sportsseoul.com,2026-05-06T07:31:00,,CLUB_OPERATION,,1.0,direct_keyword,,True,최충연의 팬 비하 논란이 KBO 조사를 받고 있다.,최충연,negative,,True,"롯데 vs KT (원정) 4-5 패 | 결승타: 권동진(8회) | 홈런: 힐리어드7호 | 타자 키플레이어: 레이예스(롯데), 나승엽(롯데), 김상수(KT) | 투수 키플레이어: 박영현(KT), 정현수(롯데), 소형준(KT)"
1670,[게임노트] 2026년 5월 5일...KIA 김도영 맹활약 앞세워 한화에 대승…선...,"LG 구단은 전했다. [문학] NC [7:7] SSG / 관중 23,000(매진) [무]김태경 [무]노경은 인천에서는 NC 다이노스와... 해 롯데 자이언츠의 연승을 '4'에서 묶었다. kt는 2회말 샘 힐리어드가 롯데 선발 엘빈 로드리게스를...",www.thesportstimes.co.kr,2026-05-06T07:22:00,,CLUB_OPERATION,,1.0,direct_keyword,,True,롯데의 연승이 4에서 끊겼다.,,negative,,True,"롯데 vs KT (원정) 4-5 패 | 결승타: 권동진(8회) | 홈런: 힐리어드7호 | 타자 키플레이어: 레이예스(롯데), 나승엽(롯데), 김상수(KT) | 투수 키플레이어: 박영현(KT), 정현수(롯데), 소형준(KT)"
1671,"최충연 여성 팬 비하, 문체부 “KBO·롯데, 조치 검토 중”","또한 롯데 자이언츠 구단이 영상 자료와 SNS 게시물, 선수의 해명 내용 등을 바탕으로 기초 자료를 확보했으며, 사건 발생 당시의 정황과 선수 입장 등 구체적인 경위를 파악하고 있다고 설명했다. KBO는 이어 ""프로야구...",www.bntnews.co.kr,2026-05-06T06:28:00,,CLUB_OPERATION,,1.0,direct_keyword,,True,최충연 사건에 대한 KBO와 롯데의 조치가 검토 중이다.,최충연,negative,,True,"롯데 vs KT (원정) 4-5 패 | 결승타: 권동진(8회) | 홈런: 힐리어드7호 | 타자 키플레이어: 레이예스(롯데), 나승엽(롯데), 김상수(KT) | 투수 키플레이어: 박영현(KT), 정현수(롯데), 소형준(KT)"
1672,"'어린이날 나란히 복귀한' 롯데 '징계' 3인방 ""앞으로 좋은 선수이자 좋...","지난 2월 대만 스프링캠프 전지훈련 중 도박장에 출입해 징계받았던 롯데 자이언츠 고승민, 나승엽... 롯데는 타 구단 징계와의 형평성과 이중 징계를 자제하도록 한 KBO 사무국 권고안에 따라 선수 추가 징계를 내리지...",www.thesportstimes.co.kr,2026-05-06T05:00:00,,CLUB_OPERATION,,1.0,direct_keyword,,True,징계를 받은 선수들이 어린이날 복귀했다.,고승민;나승엽,positive,,True,"롯데 vs KT (원정) 4-5 패 | 결승타: 권동진(8회) | 홈런: 힐리어드7호 | 타자 키플레이어: 레이예스(롯데), 나승엽(롯데), 김상수(KT) | 투수 키플레이어: 박영현(KT), 정현수(롯데), 소형준(KT)"
1673,"KBO 프로야구, 6일 경기 일정·선발 투수·중계→순위·예매 방법?","SSG랜더스필드), 롯데 자이언츠-KT wiz(수원 KT위즈파크), 키움 히어로즈-삼성 라이온즈(대구... LG, 한화, KIA, 삼성 경기는 티켓링크, 두산, 키움 경기는 NOL티켓, SSG 경기는 구단 공식 앱과 SSG닷컴 앱 및...",www.topstarnews.net,2026-05-06T00:12:00,,CLUB_OPERATION,,1.0,direct_keyword,,True,롯데가 KT를 상대로 4-5로 패했습니다.,레이예스;나승엽,negative,,True,"롯데 vs KT (원정) 4-5 패 | 결승타: 권동진(8회) | 홈런: 힐리어드7호 | 타자 키플레이어: 레이예스(롯데), 나승엽(롯데), 김상수(KT) | 투수 키플레이어: 박영현(KT), 정현수(롯데), 소형준(KT)"
1674,팔이 아프니 높이 날 수가 있나,10개 구단 가운데 가장 적다. 이로 인한 부담은 고스란히 구원진이 떠안고 있다. 경기당 평균 불펜 투입 인원은 4.9명으로 전체 1위다. 이 부문 최소인 3.4명의 롯데 자이언츠와는 차이가 크다. 마운드가 흔들리는 사이...,www.joongang.co.kr,2026-05-06T00:02:00,,CLUB_OPERATION,,1.0,direct_keyword,,True,롯데의 불펜 투입 인원이 적어 부담이 크다.,,negative,,True,"롯데 vs KT (원정) 4-5 패 | 결승타: 권동진(8회) | 홈런: 힐리어드7호 | 타자 키플레이어: 레이예스(롯데), 나승엽(롯데), 김상수(KT) | 투수 키플레이어: 박영현(KT), 정현수(롯데), 소형준(KT)"
1675,"면허 취소에도 '슬그머니' 복귀…LG 이상영, 롯데와 대조되는 '침묵의 마...",징계 해제 후 별다른 사과나 반성 표명 없이 슬그머니 마운드에 오른 행보가 비슷한 시기 복귀한 타 구단... 이러한 행보는 최근 1군에 복귀한 롯데 자이언츠 선수들과 비교되며 더욱 도마 위에 올랐다. 해외 전지훈련 중...,www.nocutnews.co.kr,2026-05-06T00:01:00,,CLUB_OPERATION,,1.0,direct_keyword,,True,LG 선수의 복귀가 롯데와 대조된다.,,neutral,,True,"롯데 vs KT (원정) 4-5 패 | 결승타: 권동진(8회) | 홈런: 힐리어드7호 | 타자 키플레이어: 레이예스(롯데), 나승엽(롯데), 김상수(KT) | 투수 키플레이어: 박영현(KT), 정현수(롯데), 소형준(KT)"
1676,"“적응기간 필요하겠죠, 잘 쳐주길 간절히…” 꽃범호의 바람이 통했다...","그러나 이범호 감독은 5일 광주 롯데 자이언츠전을 앞두고 “아시아야구를 경험한 것을 고려해서 데려왔다.... 타석에 들어서기 전 구단 전력분석팀이 제공하는 자료를 충분히 보고, 타격코치의 얘기도 듣고 타석에...",www.mydaily.co.kr,2026-05-05T23:00:00,,CLUB_OPERATION,,1.0,direct_keyword,,True,롯데 감독이 선수의 적응을 기대하고 있다.,,positive,,True,"롯데 vs KT (원정) 4-5 패 | 결승타: 권동진(8회) | 홈런: 힐리어드7호 | 타자 키플레이어: 레이예스(롯데), 나승엽(롯데), 김상수(KT) | 투수 키플레이어: 박영현(KT), 정현수(롯데), 소형준(KT)"
1677,11년 만에 '어린이날 전 경기 매진'…KIA 김도영 홈런·타점 선두,수원에서는 선두 kt wiz가 5-4로 재역전승 해 롯데 자이언츠의 연승을 '4'에서 묶었습니다. kt는 2회말 샘... 초음파 검사 결과 인대 손상으로 나타나 6일 자기공명영상(MRI) 등 정밀 검진을 받을 예정이라고 LG 구단은...,news.sbs.co.kr,2026-05-05T22:21:00,,CLUB_OPERATION,,1.0,direct_keyword,,True,롯데의 연승이 KT에 의해 끊겼다.,,negative,,True,"롯데 vs KT (원정) 4-5 패 | 결승타: 권동진(8회) | 홈런: 힐리어드7호 | 타자 키플레이어: 레이예스(롯데), 나승엽(롯데), 김상수(KT) | 투수 키플레이어: 박영현(KT), 정현수(롯데), 소형준(KT)"
1678,[오피셜] 초대박! '마침내 꿈을 이루기 직전' 롯데 출신 좌완 파이어볼...,지난해 롯데 자이언츠에서 인상적인 활약을 펼쳤던 좌완 파이어볼러가 마침내 꿈을 이뤘다. 보스턴... 감보아는 지난해 다저스 산하 트리플A 구단인 오클라호마시티 코메츠에서 8경기에 출전해 2패 평균자책점 4.19를...,www.sportalkorea.com,2026-05-05T22:00:00,,CLUB_OPERATION,,1.0,direct_keyword,,True,롯데 출신 투수가 보스턴에서 꿈을 이뤘다.,,positive,,True,"롯데 vs KT (원정) 4-5 패 | 결승타: 권동진(8회) | 홈런: 힐리어드7호 | 타자 키플레이어: 레이예스(롯데), 나승엽(롯데), 김상수(KT) | 투수 키플레이어: 박영현(KT), 정현수(롯데), 소형준(KT)"
1679,"""많이 던질수록 강해진다"" 시대착오적 멘트? 韓 73SV 투수에게는 해당되...","KBO리그 롯데 자이언츠와 팀 간 시즌 3차전 홈 맞대결에서 1⅔이닝 1피안타 4탈삼진 무실점을 기록했다. 이날... 올해 유독 각 구단의 마무리 투수들이 부상을 많이 당하고 있다. 대표적으로 LG 트윈스 유영찬, 두산 베어스...",www.spotvnews.co.kr,2026-05-05T20:42:00,,CLUB_OPERATION,,1.0,direct_keyword,,True,롯데의 마무리 투수가 좋은 성적을 냈다.,,positive,,True,"롯데 vs KT (원정) 4-5 패 | 결승타: 권동진(8회) | 홈런: 힐리어드7호 | 타자 키플레이어: 레이예스(롯데), 나승엽(롯데), 김상수(KT) | 투수 키플레이어: 박영현(KT), 정현수(롯데), 소형준(KT)"
1680,음주운전 사고 물의에도 별다른 반성이나 사과 없어⋯프로야구 LG 이상...,"공교롭게도 올 시즌을 앞두고 해외 전지훈련 중 도박장을 찾아 징계받았던 롯데 자이언츠의 고승민, 나승엽... LG 구단 역시 팀 성적에만 몰두하는 것이 아니라 이상영이 팬들 앞에 사과할 수 있는 자리를 마련해 책임...",www.kwnews.co.kr,2026-05-05T20:17:00,,CLUB_OPERATION,,1.0,direct_keyword,,True,LG 선수의 반성이 부족하다는 비판이 있다.,,negative,,True,"롯데 vs KT (원정) 4-5 패 | 결승타: 권동진(8회) | 홈런: 힐리어드7호 | 타자 키플레이어: 레이예스(롯데), 나승엽(롯데), 김상수(KT) | 투수 키플레이어: 박영현(KT), 정현수(롯데), 소형준(KT)"
1681,징계 마치자마자 돌아온 고·나·김…복귀전서 보여준 존재감,"사진=롯데자이언츠 제공 “많이 반성했습니다.” 롯데는 5일 수원 KT전을 앞두고 1군 엔트리에 변화를 줬다.... 해당 사태로 구단 대표이사 및 단장, 담당 프런트까지도 자체 징계를 받은 바 있다. 반성의 시간만큼 더욱...",www.sportsworldi.com,2026-05-05T20:16:00,,CLUB_OPERATION,,1.0,direct_keyword,,True,롯데가 징계 후 복귀한 선수들로 변화된 모습을 보였다.,레이예스;나승엽;김상수,neutral,,True,"롯데 vs KT (원정) 4-5 패 | 결승타: 권동진(8회) | 홈런: 힐리어드7호 | 타자 키플레이어: 레이예스(롯데), 나승엽(롯데), 김상수(KT) | 투수 키플레이어: 박영현(KT), 정현수(롯데), 소형준(KT)"
1682,12호 홈런 ‘쾅’ 이러니 슈퍼스타지! ‘어린이에게 꿈과 희망을’ 선사...,박해민은 마지막 잠실구장 맞대결에서 자신의 이름을 구단 역사와 어린이 팬들의 가슴에 확실히 새겼다. ‘어린이들의 대통령’ 뽀로로가 시구자로 나선 KT 위즈와 롯데 자이언츠의 맞대결에서는 권동진이 영웅이...,www.seoul.co.kr,2026-05-05T19:59:00,,CLUB_OPERATION,,1.0,direct_keyword,,True,권동진이 어린이날 경기에서 홈런으로 팬들에게 감동을 주었다.,권동진,positive,,True,"롯데 vs KT (원정) 4-5 패 | 결승타: 권동진(8회) | 홈런: 힐리어드7호 | 타자 키플레이어: 레이예스(롯데), 나승엽(롯데), 김상수(KT) | 투수 키플레이어: 박영현(KT), 정현수(롯데), 소형준(KT)"
1683,"KBO 프로야구, 5일 경기 결과→현재 팀 순위?","SSG랜더스필드), 롯데 자이언츠-KT wiz(수원 KT위즈파크), 키움 히어로즈-삼성 라이온즈(대구... LG, 한화, KIA, 삼성 경기는 티켓링크, 두산, 키움 경기는 NOL티켓, SSG 경기는 구단 공식 앱과 SSG닷컴 앱 및...",www.topstarnews.net,2026-05-05T19:36:00,,CLUB_OPERATION,,1.0,direct_keyword,,True,5일 KBO 리그 경기 결과와 팀 순위가 발표되었다.,,neutral,,True,"롯데 vs KT (원정) 4-5 패 | 결승타: 권동진(8회) | 홈런: 힐리어드7호 | 타자 키플레이어: 레이예스(롯데), 나승엽(롯데), 김상수(KT) | 투수 키플레이어: 박영현(KT), 정현수(롯데), 소형준(KT)"
1684,"'음주운전 1년 실격 중징계' LG 이상영, 사과 없이 복귀 논란","대만 스프링캠프 중 도박장을 출입한 사실이 드러나 30경기 출전정지 징계를 받은 롯데 자이언츠 선수 3명이... 이상영은 입을 닫았고, LG 구단도 그런 자리를 만들지 않았다. 추후 기회가 닿을 때 입장을 표명하겠다는...",www.news1.kr,2026-05-05T19:32:00,,CLUB_OPERATION,,1.0,direct_keyword,,True,이상영의 복귀 논란이 롯데의 징계와 관련되어 있다.,,negative,,True,"롯데 vs KT (원정) 4-5 패 | 결승타: 권동진(8회) | 홈런: 힐리어드7호 | 타자 키플레이어: 레이예스(롯데), 나승엽(롯데), 김상수(KT) | 투수 키플레이어: 박영현(KT), 정현수(롯데), 소형준(KT)"
1685,어린이날 10만9550명 모인 야구장…삼성·LG·KT·KIA 웃었다,"어린이날 전구장이 매진된 것은 역대 6번째(10구단 체제 2번째)다. 어린이날 최다 관중 2위 기록(1위는... 스프링캠프 기간 사행성 오락실 출입으로 출장정지 30경기 징계를 받았던 롯데 자이언츠 고승민, 나승엽...",www.hani.co.kr,2026-05-05T18:44:00,,CLUB_OPERATION,,1.0,direct_keyword,,True,어린이날에 10만명이 넘는 관중이 야구장을 찾았다.,,positive,,True,"롯데 vs KT (원정) 4-5 패 | 결승타: 권동진(8회) | 홈런: 힐리어드7호 | 타자 키플레이어: 레이예스(롯데), 나승엽(롯데), 김상수(KT) | 투수 키플레이어: 박영현(KT), 정현수(롯데), 소형준(KT)"
1686,"KIA 김도영 홈런·타점 선두 질주…kt, 롯데 연승 행진에 제동(종합2보)",수원에서는 선두 kt wiz가 5-4로 재역전승 해 롯데 자이언츠의 연승을 '4'에서 묶었다. kt는 2회말 샘... 초음파 검사 결과 인대 손상으로 나타나 6일 자기공명영상(MRI) 등 정밀 검진을 받을 예정이라고 LG 구단은 전했다....,www.yna.co.kr,2026-05-05T18:42:00,,CLUB_OPERATION,,1.0,direct_keyword,,True,KT가 롯데의 연승을 저지하며 승리를 거두었다.,,negative,,True,"롯데 vs KT (원정) 4-5 패 | 결승타: 권동진(8회) | 홈런: 힐리어드7호 | 타자 키플레이어: 레이예스(롯데), 나승엽(롯데), 김상수(KT) | 투수 키플레이어: 박영현(KT), 정현수(롯데), 소형준(KT)"
1687,"'권동진 결승타' KT, 롯데 5연승 도전 저지...어린이날 전구장 매진",KT위즈가 롯데자이언츠의 5연승을 막고 선두 자리를 지켰다. KT는 6일 수원케이티위즈파크에서 열린 2026... 10개 구단 체제에서는 2015년 이후 두 번째다. KBO리그는 2024년 프로스포츠 사상 처음으로 1000만 관중을...,www.edaily.co.kr,2026-05-05T18:25:00,,CLUB_OPERATION,,1.0,direct_keyword,,True,KT가 권동진의 결승타로 롯데의 5연승을 저지했다.,권동진,negative,,True,"롯데 vs KT (원정) 4-5 패 | 결승타: 권동진(8회) | 홈런: 힐리어드7호 | 타자 키플레이어: 레이예스(롯데), 나승엽(롯데), 김상수(KT) | 투수 키플레이어: 박영현(KT), 정현수(롯데), 소형준(KT)"
1688,한국 1선발 경험 → 생애 첫 빅리그 부름받았다! 평균 152㎞ 직구 여전하...,"이는 타 구단이 빅리그 콜업을 약속한 상황에서, 보스턴이 이에 걸맞는 대우를 하지 않을 경우 이적할 수... 프로야구 롯데 자이언츠가 부상으로 빠진 찰리 반즈의 대체 선수로 감보아를 택한 것. 감보아는 1년 총액...",www.sportschosun.com,2026-05-05T18:21:00,,CLUB_OPERATION,,1.0,direct_keyword,,True,롯데가 찰리 반즈의 대체 선수로 감보아를 영입했다.,감보아,neutral,,False,"롯데 vs KT (원정) 4-5 패 | 결승타: 권동진(8회) | 홈런: 힐리어드7호 | 타자 키플레이어: 레이예스(롯데), 나승엽(롯데), 김상수(KT) | 투수 키플레이어: 박영현(KT), 정현수(롯데), 소형준(KT)"
1689,"""1⅔이닝 4K 세이브쇼"" kt 박영현, 멀티이닝로 뒷문 봉쇄","5월 5일 수원케이티위즈파크에서 열린 kt wiz와 롯데 자이언츠의 경기에서는 8회 이후 흐름이 급격히... 최근 여러 구단에서 마무리 투수들의 부상과 부진으로 고민하고 있는 가운데, kt wiz는 박영현의 안정적인 멀티...",www.topstarnews.net,2026-05-05T18:20:00,,CLUB_OPERATION,,1.0,direct_keyword,,True,kt 박영현이 멀티이닝으로 롯데의 공격을 막았다.,박영현,negative,,True,"롯데 vs KT (원정) 4-5 패 | 결승타: 권동진(8회) | 홈런: 힐리어드7호 | 타자 키플레이어: 레이예스(롯데), 나승엽(롯데), 김상수(KT) | 투수 키플레이어: 박영현(KT), 정현수(롯데), 소형준(KT)"
1690,"KIA 김도영 홈런·타점 선두 질주…kt, 롯데 연승 행진에 제동(종합)",수원에서는 선두 kt wiz가 5-4로 재역전승 해 롯데 자이언츠의 연승을 '4'에서 묶었다. kt는 2회말 샘... 초음파 검사 결과 인대 손상으로 나타나 6일 자기공명영상(MRI) 등 정밀 검진을 받을 예정이라고 LG 구단은 전했다....,www.yna.co.kr,2026-05-05T18:11:00,,CLUB_OPERATION,,1.0,direct_keyword,,True,kt가 롯데의 연승을 끊고 재역전승을 거두었다.,김상수,negative,,True,"롯데 vs KT (원정) 4-5 패 | 결승타: 권동진(8회) | 홈런: 힐리어드7호 | 타자 키플레이어: 레이예스(롯데), 나승엽(롯데), 김상수(KT) | 투수 키플레이어: 박영현(KT), 정현수(롯데), 소형준(KT)"
1691,"세이브 대신 승리 챙긴 KT 박영현 ""항상 8회 위기에 나간다고 생각해""","박영현은 5일 수원 KT위즈파크에서 열린 2026 신한 쏠 KBO리그 롯데 자이언츠와의 홈 경기에 8회초 1사 만루에... 시즌 초반 박영현의 호투가 펼쳐지는 가운데, KBO리그 10개 구단 마무리 경쟁자들은 각자의 이유로 힘든...",www.newsis.com,2026-05-05T18:08:00,,CLUB_OPERATION,,1.0,direct_keyword,,True,박영현이 승리를 챙기며 위기 상황에서 활약했다.,박영현,negative,,True,"롯데 vs KT (원정) 4-5 패 | 결승타: 권동진(8회) | 홈런: 힐리어드7호 | 타자 키플레이어: 레이예스(롯데), 나승엽(롯데), 김상수(KT) | 투수 키플레이어: 박영현(KT), 정현수(롯데), 소형준(KT)"
1692,"'19살 막내' 박재현 4안타 4타점 맹타...KIA, 어린이날 완승",아데들린의 홈런은 KBO리그 역사상 데뷔 첫 타석에서 홈런을 친 역대 22번째이자 KIA 구단 두 번째 기록이었다. 1호는 2012년 9월 14일 무등 롯데자이언츠전 더블헤더 1차전에서 홈런을 친 황정립이었다. 한화는 곧바로...,www.edaily.co.kr,2026-05-05T17:39:00,,CLUB_OPERATION,,1.0,direct_keyword,,True,KIA의 박재현이 어린이날 4안타로 맹활약했다.,박재현,neutral,,False,"롯데 vs KT (원정) 4-5 패 | 결승타: 권동진(8회) | 홈런: 힐리어드7호 | 타자 키플레이어: 레이예스(롯데), 나승엽(롯데), 김상수(KT) | 투수 키플레이어: 박영현(KT), 정현수(롯데), 소형준(KT)"
1693,"'12실점 와르르' 한화 마운드 붕괴→KIA, 5점 차 승리…박재현 홈런 포함...",KIA 구단에 따르면 데뷔 첫 타석 홈런은 이번이 역대 22번째(외국인 선수 기준 역대 6번째)다. KIA 소속으로는 2012년 황정립(9월 14일 무등 롯데 자이언츠전 더블헤더 2차전)에 이어 아데를린이 2번째다. ◆2회도 못...,www.xportsnews.com,2026-05-05T17:38:00,,CLUB_OPERATION,,1.0,direct_keyword,,True,KIA가 한화의 마운드를 무너뜨리고 승리했다.,,neutral,,False,"롯데 vs KT (원정) 4-5 패 | 결승타: 권동진(8회) | 홈런: 힐리어드7호 | 타자 키플레이어: 레이예스(롯데), 나승엽(롯데), 김상수(KT) | 투수 키플레이어: 박영현(KT), 정현수(롯데), 소형준(KT)"
1694,"'도박장 출입' 롯데 3인방 복귀…""앞으로 좋은 사람 되겠다""",프로야구 롯데 자이언츠 소속 고승민·나승엽·김세민이 도박장 출입으로 인한 징계를 마치고 1군에... 롯데 구단은 선수 추가 징계는 하지 않는 대신 선수단 관리 책임을 물어 프런트 관계자들을 징계했다. 징계 기간 동안...,www.kado.net,2026-05-05T17:22:00,,CLUB_OPERATION,,1.0,direct_keyword,,True,롯데 3인방이 도박장 출입 징계를 마치고 복귀했다.,고승민;나승엽,neutral,,False,"롯데 vs KT (원정) 4-5 패 | 결승타: 권동진(8회) | 홈런: 힐리어드7호 | 타자 키플레이어: 레이예스(롯데), 나승엽(롯데), 김상수(KT) | 투수 키플레이어: 박영현(KT), 정현수(롯데), 소형준(KT)"
1695,롯데 4연승 끝났지만.. 고승민 안타 + 나승엽 멀티히트 위안거리 → 5월...,"'출전 정지' 징계를 받았던 롯데 자이언츠 고승민 나승엽이 복귀전에 안타를 터뜨렸다. 스타성을 입증했지만... 김세민은 ""팬들과 롯데 구단 모든 분들께 죄송하다. 올라와서 잘할 수 있게 준비 열심히 했다. 너무 죄송하고...",www.sportschosun.com,2026-05-05T17:11:00,,CLUB_OPERATION,,1.0,direct_keyword,,True,롯데의 4연승이 끝났지만 선수들이 복귀하며 위안이 되었다.,고승민;나승엽,neutral,,True,"롯데 vs KT (원정) 4-5 패 | 결승타: 권동진(8회) | 홈런: 힐리어드7호 | 타자 키플레이어: 레이예스(롯데), 나승엽(롯데), 김상수(KT) | 투수 키플레이어: 박영현(KT), 정현수(롯데), 소형준(KT)"
1696,"화창한 어린이날, 프로야구 11년 만에 전 구장 매진…역대 최다 2위","KT위즈파크(롯데 자이언츠-KT 위즈), 인천 SSG랜더스필드(NC 다이노스-SSG 랜더스), 광주-기아... 10구단 체제가 시작된 2015년 이후로는 두 번째다. 어린이날 전 경기 매진은 2015년 이후 11년 만이다. 2023년과...",www.newsis.com,2026-05-05T16:36:00,,CLUB_OPERATION,,1.0,direct_keyword,,True,어린이날 전 구장 매진 기록이 세워졌다.,,neutral,,False,"롯데 vs KT (원정) 4-5 패 | 결승타: 권동진(8회) | 홈런: 힐리어드7호 | 타자 키플레이어: 레이예스(롯데), 나승엽(롯데), 김상수(KT) | 투수 키플레이어: 박영현(KT), 정현수(롯데), 소형준(KT)"
1697,"""1년 실격 징계 뒤 1군 복귀""…음주운전 이상영, 사과 없이 마운드로","이와 맞물려 원정 도박으로 징계를 받았던 롯데 자이언츠 선수들의 행보가 비교 대상으로 거론됐다. 롯데... 세 선수는 팬과 구단, KBO에 대한 사과의 뜻을 밝히며 반성 의지를 드러냈고, 복귀 전 과정에서 최소한의 설명과...",www.topstarnews.net,2026-05-05T15:36:00,,CLUB_OPERATION,,1.0,direct_keyword,,True,이상영이 음주운전 후 복귀했지만 사과 없이 마운드에 올랐다.,이상영,negative,,True,"롯데 vs KT (원정) 4-5 패 | 결승타: 권동진(8회) | 홈런: 힐리어드7호 | 타자 키플레이어: 레이예스(롯데), 나승엽(롯데), 김상수(KT) | 투수 키플레이어: 박영현(KT), 정현수(롯데), 소형준(KT)"
1698,"‘전지훈련 도박’ 징계, 롯데 3인방 어린이날 복귀…이른 복귀 논란도","왼쪽부터 롯데 자이언츠 고승민, 김동혁, 김세민, 나승엽. 롯데 제공 해외 전지훈련 중 도박장에 출입한... 롯데는 타 구단 징계와의 형평성과 이중 징계를 자제하도록 한 KBO 사무국 권고안에 따라 선수 추가 징계를...",www.munhwa.com,2026-05-05T15:31:00,,CLUB_OPERATION,,1.0,direct_keyword,,True,롯데 3인방이 어린이날 복귀했지만 이른 복귀에 논란이 있다.,고승민;김동혁;김세민,neutral,,True,"롯데 vs KT (원정) 4-5 패 | 결승타: 권동진(8회) | 홈런: 힐리어드7호 | 타자 키플레이어: 레이예스(롯데), 나승엽(롯데), 김상수(KT) | 투수 키플레이어: 박영현(KT), 정현수(롯데), 소형준(KT)"
1699,"'도박장 출입' 롯데 징계 3인방 1군 복귀... ""진심으로 사죄"" 고개 숙여","프로야구 롯데 자이언츠의 고승민, 나승엽, 김세민이 도박장 출입으로 인한 30경기 출전정지 징계를 마치고... 롯데는 다른 구단 징계와의 형평성 및 KBO 사무국의 이중 징계 자제 권고에 따라 선수들에 대한 추가 징계는...",www.insight.co.kr,2026-05-05T15:30:00,,CLUB_OPERATION,,1.0,direct_keyword,,True,도박으로 징계받은 롯데 선수들이 복귀하며 사죄의 뜻을 밝혔다.,고승민;나승엽;김세민,positive,,True,"롯데 vs KT (원정) 4-5 패 | 결승타: 권동진(8회) | 홈런: 힐리어드7호 | 타자 키플레이어: 레이예스(롯데), 나승엽(롯데), 김상수(KT) | 투수 키플레이어: 박영현(KT), 정현수(롯데), 소형준(KT)"
1700,도박 3인방은 사과했는데…음주운전에도 조용히 복귀한 이상영,"공교롭게도 올 시즌을 앞두고 해외 전지훈련 중 도박장을 찾아 징계받았던 롯데 자이언츠의 고승민, 나승엽... LG 구단 역시 팀 성적에만 몰두하는 것이 아니라 이상영이 팬들 앞에 사과할 수 있는 자리를 마련해 책임...",www.yna.co.kr,2026-05-05T15:25:00,,CLUB_OPERATION,,1.0,direct_keyword,,True,도박 3인방은 사과했지만 이상영은 조용히 복귀했다.,고승민;나승엽,negative,,True,"롯데 vs KT (원정) 4-5 패 | 결승타: 권동진(8회) | 홈런: 힐리어드7호 | 타자 키플레이어: 레이예스(롯데), 나승엽(롯데), 김상수(KT) | 투수 키플레이어: 박영현(KT), 정현수(롯데), 소형준(KT)"
1701,"KT 어린이팬 ""5월5일 슬럼프 깨주세요""…잠실 시구자 채이는 '눈물'",이날 수원 KT위즈파크에선 KT 위즈와 롯데 자이언츠가 2026 신한 쏠 KBO리그 경기를 치른다. 올 시즌 가장 가파른 관중 증가세를 보이는 KT와 전통의 인기 구단 롯데의 맞대결에 수원 경기장은 아침 일찍부터 분주했다. KT에...,www.newsis.com,2026-05-05T15:17:00,,CLUB_OPERATION,,1.0,direct_keyword,,True,KT 어린이팬이 롯데와의 경기에서 슬럼프 극복을 기원했다.,,neutral,,True,"롯데 vs KT (원정) 4-5 패 | 결승타: 권동진(8회) | 홈런: 힐리어드7호 | 타자 키플레이어: 레이예스(롯데), 나승엽(롯데), 김상수(KT) | 투수 키플레이어: 박영현(KT), 정현수(롯데), 소형준(KT)"
1702,"롯데 도박 3인방, 어린이날에 그라운드로 복귀…""좋은 선수이자 좋은 사...","롯데 자이언츠의 도박 3인방 고승민, 나승엽, 김세민이 복귀전을 앞두고 고개 숙여 사과했다. 롯데는 5일... 확인됐고, 롯데 구단은 2월 14일 KBO에 이를 신고했따. 이에 상벌위원회는 규약 제151조 ‘품위손상행위’에...",www.stoo.com,2026-05-05T14:44:00,,CLUB_OPERATION,,1.0,direct_keyword,,True,롯데 도박 3인방이 복귀하며 팬들에게 사과의 뜻을 전했다.,고승민;나승엽;김세민,positive,,True,"롯데 vs KT (원정) 4-5 패 | 결승타: 권동진(8회) | 홈런: 힐리어드7호 | 타자 키플레이어: 레이예스(롯데), 나승엽(롯데), 김상수(KT) | 투수 키플레이어: 박영현(KT), 정현수(롯데), 소형준(KT)"
1703,"'KIA 팬 열광했다' 새 외인 아데를린, KBO 데뷔 첫 타석 3점포 '쾅' [광주...",KIA 구단에 따르면 데뷔 첫 타석 홈런은 이번이 역대 22번째(외국인 선수 기준 역대 6번째)다. KIA 소속으로는 2012년 황정립(9월 14일 무등 롯데 자이언츠전 더블헤더 2차전)에 이어 아데를린이 2번째다. KIA는 4일...,www.xportsnews.com,2026-05-05T14:40:00,,CLUB_OPERATION,,1.0,direct_keyword,,True,KIA의 새 외인 아데를린이 롯데와의 경기에서 홈런을 기록했다.,,neutral,,True,"롯데 vs KT (원정) 4-5 패 | 결승타: 권동진(8회) | 홈런: 힐리어드7호 | 타자 키플레이어: 레이예스(롯데), 나승엽(롯데), 김상수(KT) | 투수 키플레이어: 박영현(KT), 정현수(롯데), 소형준(KT)"
1704,"어린이날 복귀한 롯데 자이언츠 '징계' 3인방 ""좋은 사람 되겠다""","지난 2월 대만 스프링캠프 전지훈련 중 도박장에 출입해 징계받았던 롯데 자이언츠 고승민, 나승엽... 롯데는 타 구단 징계와의 형평성과 이중 징계를 자제하도록 한 KBO 사무국 권고안에 따라 선수 추가 징계를 내리지...",www.slist.kr,2026-05-05T14:34:00,,CLUB_OPERATION,,1.0,direct_keyword,,True,징계받은 롯데 3인방이 복귀하며 좋은 사람이 되겠다고 다짐했다.,고승민;나승엽;김세민,positive,,True,"롯데 vs KT (원정) 4-5 패 | 결승타: 권동진(8회) | 홈런: 힐리어드7호 | 타자 키플레이어: 레이예스(롯데), 나승엽(롯데), 김상수(KT) | 투수 키플레이어: 박영현(KT), 정현수(롯데), 소형준(KT)"
1705,"'불법 도박장 출입' 롯데 3인방, 어린이날 복귀…김동혁 제외","스프링캠프 도중 불법 도박장에 방문해 논란이 된 롯데 자이언츠 소속 김세민, 고승민, 나승엽이 석달 만에... 롯데 역시 구단 차원에서 선수단 소홀 문제를 반성하면서 이강훈 대표이사와 박준혁 단장, 담당 프런트...",www.hankyung.com,2026-05-05T14:32:00,,CLUB_OPERATION,,1.0,direct_keyword,,True,롯데 자이언츠 3인방이 어린이날 복귀했다.,김세민;고승민;나승엽,neutral,,True,"롯데 vs KT (원정) 4-5 패 | 결승타: 권동진(8회) | 홈런: 힐리어드7호 | 타자 키플레이어: 레이예스(롯데), 나승엽(롯데), 김상수(KT) | 투수 키플레이어: 박영현(KT), 정현수(롯데), 소형준(KT)"
1706,"'어린이날' SSG랜더스필드 또 꽉찼다, 'ERA 1.54' 최민준 등판... '쓱린이...","이로써 SSG는 지난 지난 3월 28일~29일에 열린 KIA 타이거즈와 개막 2연전, 그리고 지난 1일~3일 롯데 자이언츠전에서 만원 관중을 달성했다. 이번 시리즈에는 신세계푸드와 함께 5년째 진행하는 구단 대표 협업...",www.starnewskorea.com,2026-05-05T14:09:00,,CLUB_OPERATION,,1.0,direct_keyword,,True,SSG랜더스필드가 어린이날 만원 관중을 기록했다.,,neutral,,True,"롯데 vs KT (원정) 4-5 패 | 결승타: 권동진(8회) | 홈런: 힐리어드7호 | 타자 키플레이어: 레이예스(롯데), 나승엽(롯데), 김상수(KT) | 투수 키플레이어: 박영현(KT), 정현수(롯데), 소형준(KT)"
1707,‘도박장 출입’ 롯데 징계 3인방 복귀…“좋은 사람 되겠다”,지난 2월 대만 스프링캠프 전지훈련 중 현지 도박장에 출입해 징계받았던 프로야구 롯데 자이언츠 소속... 롯데는 타 구단 징계와의 형평성과 이중 징계를 자제하도록 한 KBO 사무국 권고안에 따라 선수 추가 징계를...,www.joongang.co.kr,2026-05-05T14:00:00,,CLUB_OPERATION,,1.0,direct_keyword,,True,롯데 자이언츠 징계 3인방이 복귀했다.,김세민;고승민;나승엽,neutral,,True,"롯데 vs KT (원정) 4-5 패 | 결승타: 권동진(8회) | 홈런: 힐리어드7호 | 타자 키플레이어: 레이예스(롯데), 나승엽(롯데), 김상수(KT) | 투수 키플레이어: 박영현(KT), 정현수(롯데), 소형준(KT)"
1708,'뽀로로가 시구까지'…야구장은 어린이 축제,"잠시 뒤 오후 2시부터 이곳에선 kt위즈와 롯데 자이언츠의 경기가 치러지는데요. 어린이날을 맞아 kt 구단은 오늘을 '뽀로로 데이'로 지정하고, 구장 곳곳을 테마파크로 만들었습니다. 인기 캐릭터 '뽀로로'와 함께 사진을...",www.yonhapnewstv.co.kr,2026-05-05T13:50:00,,CLUB_OPERATION,,1.0,direct_keyword,,True,어린이날을 맞아 야구장이 축제 분위기로 꾸며졌다.,,neutral,,True,"롯데 vs KT (원정) 4-5 패 | 결승타: 권동진(8회) | 홈런: 힐리어드7호 | 타자 키플레이어: 레이예스(롯데), 나승엽(롯데), 김상수(KT) | 투수 키플레이어: 박영현(KT), 정현수(롯데), 소형준(KT)"
1709,"'징계 복귀' 고승민 ""죄송한 마음뿐""…나승엽 ""물의 일으키지 않을 것""","그라운드로 돌아온 프로야구 롯데 자이언츠의 '징계 3인방'이 굳은 표정으로 머리를 숙였다. 이들은 무거운... 짧은 머리로 기자회견실에 들어선 이들은 먼저 구단 관계자, 동료, 팬들을 향해 고개를 숙였다. 대표로...",www.newsis.com,2026-05-05T13:49:00,,CLUB_OPERATION,,1.0,direct_keyword,,True,징계 복귀한 고승민과 나승엽이 사과했다.,고승민;나승엽,negative,,True,"롯데 vs KT (원정) 4-5 패 | 결승타: 권동진(8회) | 홈런: 힐리어드7호 | 타자 키플레이어: 레이예스(롯데), 나승엽(롯데), 김상수(KT) | 투수 키플레이어: 박영현(KT), 정현수(롯데), 소형준(KT)"
1710,"""반성하며 준비했다""…롯데 징계 3인방, 어린이날 1군 복귀","5일 경기도 수원케이티위즈파크에서 열린 2026 프로야구 롯데 자이언츠와 kt wiz 경기를 앞두고, 징계로... 연합뉴스에 따르면 세 선수는 사행성 오락실을 한 차례, 김동혁은 세 차례 방문한 것으로 알려졌으며, 롯데 구단은...",www.topstarnews.net,2026-05-05T13:38:00,,CLUB_OPERATION,,1.0,direct_keyword,,True,징계 3인방이 어린이날 1군에 복귀했다.,고승민;나승엽;김세민,neutral,,True,"롯데 vs KT (원정) 4-5 패 | 결승타: 권동진(8회) | 홈런: 힐리어드7호 | 타자 키플레이어: 레이예스(롯데), 나승엽(롯데), 김상수(KT) | 투수 키플레이어: 박영현(KT), 정현수(롯데), 소형준(KT)"
1711,"어린이날 복귀한 롯데 '징계' 3인방 ""앞으로 좋은 사람 되겠다""","징계받았던 롯데 자이언츠 고승민, 나승엽, 김세민이 복귀했다. 세 선수는 어린이날인 5일 경기도... 롯데는 타 구단 징계와의 형평성과 이중 징계를 자제하도록 한 KBO 사무국 권고안에 따라 선수 추가 징계를 내리지...",www.yna.co.kr,2026-05-05T13:25:00,,CLUB_OPERATION,,1.0,direct_keyword,,True,징계 복귀한 롯데 3인방이 좋은 사람이 되겠다고 다짐했다.,고승민;나승엽;김세민,positive,,True,"롯데 vs KT (원정) 4-5 패 | 결승타: 권동진(8회) | 홈런: 힐리어드7호 | 타자 키플레이어: 레이예스(롯데), 나승엽(롯데), 김상수(KT) | 투수 키플레이어: 박영현(KT), 정현수(롯데), 소형준(KT)"
1712,'사행성 베팅' 징계 끝. 롯데 고승민 김세민 나승엽 머리 깎고 석고대죄...,"사행성 베팅 게임을 했다가 출전 정지 징계를 받은 롯데 자이언츠 고승민 김세민 나승엽이 복귀했다. 세... 김세민은 ""팬들과 롯데 구단 모든 분들께 죄송하다. 올라와서 잘할 수 있게 준비 열심히 했다. 너무 죄송하고...",www.sportschosun.com,2026-05-05T13:24:00,,CLUB_OPERATION,,1.0,direct_keyword,,True,징계 끝난 롯데 3인방이 복귀하며 사과했다.,고승민;김세민;나승엽,negative,,True,"롯데 vs KT (원정) 4-5 패 | 결승타: 권동진(8회) | 홈런: 힐리어드7호 | 타자 키플레이어: 레이예스(롯데), 나승엽(롯데), 김상수(KT) | 투수 키플레이어: 박영현(KT), 정현수(롯데), 소형준(KT)"
1713,"'고승민 선발·나승엽-김세민 벤치' 롯데 도박 3인방, 정말 어린이날 복...",롯데 자이언츠 도박 4인방 중 3명이 정말 복귀했다. 내야수 고승민(26)은 선발 라인업에도 이름을 올렸다.... 롯데 구단은 즉각 한국야구위원회(KBO) 클린베이스볼센터에 자진 신고했다. 그와 동시에 4명의 선수를...,www.starnewskorea.com,2026-05-05T13:22:00,,CLUB_OPERATION,,1.0,direct_keyword,,True,롯데가 도박 4인방 중 3명을 복귀시켰다.,고승민,neutral,,True,"롯데 vs KT (원정) 4-5 패 | 결승타: 권동진(8회) | 홈런: 힐리어드7호 | 타자 키플레이어: 레이예스(롯데), 나승엽(롯데), 김상수(KT) | 투수 키플레이어: 박영현(KT), 정현수(롯데), 소형준(KT)"
1714,99샌더스→00퀸란→01마르티네스→25이율예→26아데를린→이러면 카스트...,KIA 역사에선2012년 9월14일 광주 롯데 자이언츠전의 황정립이 소환됐다. 14년만에 나온 진기록이었다. 그런... 카스트로가 23경기서 타율 0.250 2홈런 16타점 15득점 OPS 0.700 득점권타율 0.231이었다. 카스트로는...,www.mydaily.co.kr,2026-05-07T15:00:00,,PERFORMANCE_ANALYSIS,PERFORMANCE_ANALYSIS,0.9,,,True,롯데가 KT를 상대로 8-1로 승리했다.,고승민;나승엽,positive,,True,"롯데 vs KT (원정) 8-1 승 | 결승타: 고승민(3회) | 홈런: 나승엽1호 | 타자 키플레이어: 고승민(롯데), 김민혁(KT), 나승엽(롯데) | 투수 키플레이어: 비슬리(롯데), 현도훈(롯데), 박정민(롯데)"
1715,"""왜 쟤한테만 저럴까"" 힘겹게 털어놓은 ABS 고민, 사령탑도 동감했다…...",KT는 5일 수원 KT 위즈파크에서 2026 신한 SOL KBO리그 롯데 자이언츠와 시즌 4차전을 치른다. 김민혁(지명타자)... 힐리어드의 타율은 한때 1할대까지 떨어지기도 했다. 최근 10경기에서 타율 0.308(39타수 12안타)로 기세를...,www.mydaily.co.kr,2026-05-05T12:41:00,,PERFORMANCE_ANALYSIS,PERFORMANCE_ANALYSIS,0.9,,,True,롯데가 KT와의 경기에서 아쉬운 패배를 겪었다.,힐리어드,negative,,True,"롯데 vs KT (원정) 4-5 패 | 결승타: 권동진(8회) | 홈런: 힐리어드7호 | 타자 키플레이어: 레이예스(롯데), 나승엽(롯데), 김상수(KT) | 투수 키플레이어: 박영현(KT), 정현수(롯데), 소형준(KT)"
1716,[2026 프로야구] 5월 7일 구단별 선발투수와 생중계 채널,2026 프로야구 로고 (사진=티빙 캡처) 7일 오후 6시 30분 열리는 '2026 프로야구' 구단별 선발투수와... KT 위즈 고영표와 롯데 자이언츠 박세웅의 경기는 수원 KT위즈파크에서 펼쳐진다. 생중계채널은 KBS N SPORTS다.,www.gukjenews.com,2026-05-07T17:20:00,,CLUB_OPERATION,,1.0,direct_keyword,,True,롯데와 KT의 선발투수 정보가 공개되었다.,박세웅,neutral,,True,"롯데 vs KT (원정) 8-1 승 | 결승타: 고승민(3회) | 홈런: 나승엽1호 | 타자 키플레이어: 고승민(롯데), 김민혁(KT), 나승엽(롯데) | 투수 키플레이어: 비슬리(롯데), 현도훈(롯데), 박정민(롯데)"
1717,"막걸리 슬러시부터 육회, 스테이크까지!...K-야구 직관 포인트로 떠오른...",■속까지 시원한 '막걸리 슬러시' 인천 SSG랜더스필드에서는 맥주잔 대신 슬러시 컵을 든 관중들의 이색적인 풍경을 쉽게 만나볼 수 있다. 구장 내 와인샵 '코르크 픽미31'에서 판매하는 '달빛유자 슬러시'가 그 주인공이다....,www.sisunnews.co.kr,2026-05-21T17:00:00,,ETC,,,gpt_missing_index,,False,롯데가 한화에 8-2로 승리하며 좋은 성과를 거두었다.,전민재;고승민,positive,,true,"롯데 vs 한화 (원정) 8-2 승 | 결승타: 전민재(2회) | 홈런: 전민재3호, 고승민2호 | 타자 키플레이어: 전민재(롯데), 레이예스(롯데), 고승민(롯데) | 투수 키플레이어: 나균안(롯데), 현도훈(롯데), 김종수(한화)"
1718,"민형배 후보, 지선 첫날 총력전… ""전남·광주 대전환 이룰 것""","선거운동 첫날 양동시장과 5·18 묘지, 야권 연대까지 아우르는 촘촘한 동선을 소화한 민 후보는 저녁 시간대에는 광산구 수완동 국민은행사거리와 첨단 롯데마트 일원에서 퇴근길 골목 유세를 펼치며 첫날 일정을...",www.cnbnews.com,2026-05-21T17:00:00,,ETC,,,gpt_missing_index,,False,롯데가 한화에 8-2로 승리하며 좋은 성과를 거두었다.,전민재;고승민,positive,,true,"롯데 vs 한화 (원정) 8-2 승 | 결승타: 전민재(2회) | 홈런: 전민재3호, 고승민2호 | 타자 키플레이어: 전민재(롯데), 레이예스(롯데), 고승민(롯데) | 투수 키플레이어: 나균안(롯데), 현도훈(롯데), 김종수(한화)"
1719,"이용규 '타격 플레잉 타격코치' 파격 선임… 설종진 감독 ""이용규, 방망...","21일 고척 SSG 랜더스전에 앞서 설종진 감독은 ""며칠 전에 김태완 코치가 쉬고 싶다고 휴가를 내달라고 해서 일단 받아들였다""라며 ""그런데 그 이후로 구단에다가 개인 사정으로 그만둬야 할 것 같다고 재차 요청을 해왔고...",www.sportschosun.com,2026-05-21T16:58:00,,ETC,,,gpt_missing_index,,False,롯데가 한화에 8-2로 승리하며 좋은 성과를 거두었다.,전민재;고승민,positive,,true,"롯데 vs 한화 (원정) 8-2 승 | 결승타: 전민재(2회) | 홈런: 전민재3호, 고승민2호 | 타자 키플레이어: 전민재(롯데), 레이예스(롯데), 고승민(롯데) | 투수 키플레이어: 나균안(롯데), 현도훈(롯데), 김종수(한화)"
1720,"[IS 피플] 고척돔 합류한 키움 새 외국인 타자 히우라 ""다저스 동료였던...",이틀(19~20일) 연속 SSG 랜더스를 상대로 끝내기 안타를 치며 승리한 키움의 경기를 보면서 느낀 전율을 새 동료들 앞에서 말했다고 한다. 히우라는 KBO리그에서 5시즌 뛰고 '역수출' 사례로 MLB 밀워키와 계약한 조쉬...,isplus.com,2026-05-21T16:57:00,,TRANSACTION_CONTRACT,,1.0,,,False,롯데가 한화에 8-2로 승리하며 좋은 성과를 거두었다.,전민재;고승민,positive,,true,"롯데 vs 한화 (원정) 8-2 승 | 결승타: 전민재(2회) | 홈런: 전민재3호, 고승민2호 | 타자 키플레이어: 전민재(롯데), 레이예스(롯데), 고승민(롯데) | 투수 키플레이어: 나균안(롯데), 현도훈(롯데), 김종수(한화)"
1721,"[IS 잠실] 돌아온 NC 데이비슨, 4번 타자 복귀",NC는 21일 서울 잠실구장에서 열리는 두산 베어스와 원정 경기에 김주원(유격수)-권희동(좌익수)-박민우(2루수)-데이비슨(1루수)-이우성(지명타자)-박건우(우익수)-한석현(중견수)-김형준(포수)-김한별(3루수)로...,isplus.com,2026-05-21T16:56:00,,INJURY_ROSTER,,1.0,,,False,롯데가 한화에 8-2로 승리하며 좋은 성과를 거두었다.,전민재;고승민,positive,,true,"롯데 vs 한화 (원정) 8-2 승 | 결승타: 전민재(2회) | 홈런: 전민재3호, 고승민2호 | 타자 키플레이어: 전민재(롯데), 레이예스(롯데), 고승민(롯데) | 투수 키플레이어: 나균안(롯데), 현도훈(롯데), 김종수(한화)"
1722,[노트북을 열며] 스카이박스에서 내가 본 것들,"""시간 되면 한화이글스 스카이박스를 한번 가보라""는 이야기였다. 야구를 특별히 좋아하는 편도 아니었고, 취재와 무슨 관련이 있나 싶었다. 다만 지역 언론사 기자로서 현장을 경험해보는 것도 나쁘지 않겠다는 생각에...",www.goodmorningcc.com,2026-05-21T16:56:00,,ETC,,,gpt_missing_index,,False,롯데가 한화에 8-2로 승리하며 좋은 성과를 거두었다.,전민재;고승민,positive,,true,"롯데 vs 한화 (원정) 8-2 승 | 결승타: 전민재(2회) | 홈런: 전민재3호, 고승민2호 | 타자 키플레이어: 전민재(롯데), 레이예스(롯데), 고승민(롯데) | 투수 키플레이어: 나균안(롯데), 현도훈(롯데), 김종수(한화)"
1723,"이장우 캠프·대전사랑시민협의회, 스카이박스 보도 매체 기자 고발","캠프는 ""협의회 성명문에 따르면 대전한화생명볼파크 스카이박스는 한화이글스 구단과 협의회 간 계약에 따라 운영되는 것이고, 대전시와는 직접적인 운영관계가 없다""며 ""해당 매체 후속 기사에 첨부된 한화이글스...",www.thepublic.kr,2026-05-21T16:56:00,,ETC,,,gpt_missing_index,,False,롯데가 한화에 8-2로 승리하며 좋은 성과를 거두었다.,전민재;고승민,positive,,true,"롯데 vs 한화 (원정) 8-2 승 | 결승타: 전민재(2회) | 홈런: 전민재3호, 고승민2호 | 타자 키플레이어: 전민재(롯데), 레이예스(롯데), 고승민(롯데) | 투수 키플레이어: 나균안(롯데), 현도훈(롯데), 김종수(한화)"
1724,"문동주-폰세, 이게 무슨 운명의 장난인가…생각도 못했던 장소 LA에서 재...","그는 ""안녕하세요 한화이글스 문동주입니다. 방금 수술을 마치고 인사드립니다. 수술은 잘 끝났습니다. 걱정해 주신 모든 분들께 먼저 이 말씀부터 전하고 싶었습니다. 진심으로 감사드립니다""라고 밝혔다. 이어...",www.xportsnews.com,2026-05-21T16:56:00,,ETC,,,gpt_missing_index,,False,롯데가 한화에 8-2로 승리하며 좋은 성과를 거두었다.,,positive,,true,"롯데 vs 한화 (원정) 8-2 승 | 결승타: 전민재(2회) | 홈런: 전민재3호, 고승민2호 | 타자 키플레이어: 전민재(롯데), 레이예스(롯데), 고승민(롯데) | 투수 키플레이어: 나균안(롯데), 현도훈(롯데), 김종수(한화)"
1725,[민주 유통가] 롯데하이마트·갤러리아百·롯데百,롯데백화점은 오는 31일까지 잠실점 에비뉴엘 지하 1층에서 샤넬 뷰티 팝업스토어를 진행한다. 대표 상품으로는 한정판 신제품 '코코 마드모아젤 펄스 스프레이'가 꼽힌다. 코코 마드모아젤 향수를 체인 스트랩...,www.iminju.net,2026-05-21T16:56:00,,ETC,,,gpt_missing_index,,False,롯데가 한화와의 경기에서 8-2로 승리했다.,전민재;고승민,positive,,true,"롯데 vs 한화 (원정) 8-2 승 | 결승타: 전민재(2회) | 홈런: 전민재3호, 고승민2호 | 타자 키플레이어: 전민재(롯데), 레이예스(롯데), 고승민(롯데) | 투수 키플레이어: 나균안(롯데), 현도훈(롯데), 김종수(한화)"
1726,"KT, 대학생 공익 캠페인 '민트크루' 참여자 모집","야구 응원과 플로깅을 결합한 ‘놀로깅’ 활동으로 구성되며, 다음 달 말 수원 KT위즈파크에서 진행된다. ‘와이웨이(런트립)’ 크루는 국내 소도시를 러닝으로 경험하며 지역의 매력을 발견하는 체험 프로그램이다....",zdnet.co.kr,2026-05-21T16:53:00,,ETC,,,gpt_missing_index,,False,롯데가 한화와의 경기에서 8-2로 승리했다.,전민재;고승민,positive,,true,"롯데 vs 한화 (원정) 8-2 승 | 결승타: 전민재(2회) | 홈런: 전민재3호, 고승민2호 | 타자 키플레이어: 전민재(롯데), 레이예스(롯데), 고승민(롯데) | 투수 키플레이어: 나균안(롯데), 현도훈(롯데), 김종수(한화)"
1727,"한양건설, ‘청주 한양립스 더 벨루체’ 본격 분양 돌입","이 외에도 롯데마트와 롯데시네마 등 상업시설을 비롯해 행정·의료·교육시설이 인접해 있다. 단지 주변으로는 무심천과 월운천 등 수변 공간과 산림 녹지축이 형성돼 있으며, 단지 내 어린이공원과 입주민 전용...",www.dailian.co.kr,2026-05-21T16:50:00,,ETC,,,gpt_missing_index,,False,롯데가 한화와의 경기에서 8-2로 승리했다.,전민재;고승민,positive,,true,"롯데 vs 한화 (원정) 8-2 승 | 결승타: 전민재(2회) | 홈런: 전민재3호, 고승민2호 | 타자 키플레이어: 전민재(롯데), 레이예스(롯데), 고승민(롯데) | 투수 키플레이어: 나균안(롯데), 현도훈(롯데), 김종수(한화)"
1728,13일 승부 시작…대구시장 선거 '박빙 표심' 어디로(종합),추 후보는 자신의 선거사무소에서 삼성라이온즈 출신 야구인들 지지 선언을 받은 뒤 정보통신산업(ICT) 기업들이 밀집한 수성알파시티 지식산업센터에서 ICT협회 회원들과 정책간담회를 하고 청년 ICT 종사자들과도...,www.yna.co.kr,2026-05-21T16:47:00,,ETC,,,gpt_missing_index,,False,롯데가 한화와의 경기에서 8-2로 승리했다.,전민재;고승민,positive,,true,"롯데 vs 한화 (원정) 8-2 승 | 결승타: 전민재(2회) | 홈런: 전민재3호, 고승민2호 | 타자 키플레이어: 전민재(롯데), 레이예스(롯데), 고승민(롯데) | 투수 키플레이어: 나균안(롯데), 현도훈(롯데), 김종수(한화)"
1729,"두산, 부상 대체 외인 벤자민과 6주 연장 계약","프로야구 두산 베어스가 부상 대체 외국인 선수 웨스 벤자민과 계약을 연장했다. 두산은 21일 ""벤자민과 5월 20일부터 7월 1일까지 6주간 총액 5만 달러(약 7530만원)에 연장 계약을 맺었다""고 밝혔다. 2022~2024년 KT...",www.newsis.com,2026-05-21T16:47:00,,INJURY_ROSTER,,1.0,,,False,롯데가 한화와의 경기에서 8-2로 승리했다.,전민재;고승민,positive,,true,"롯데 vs 한화 (원정) 8-2 승 | 결승타: 전민재(2회) | 홈런: 전민재3호, 고승민2호 | 타자 키플레이어: 전민재(롯데), 레이예스(롯데), 고승민(롯데) | 투수 키플레이어: 나균안(롯데), 현도훈(롯데), 김종수(한화)"
1730,"“승리 향해 힘차게 나아가길”…키움, 21일 ‘동덕여자대학교 DAY’ 진...",사진 | 키움 히어로즈 키움이 ‘동덕여자대학교 DAY’를 개최한다. 키움은 “21일 서울 고척스카이돔에서 열리는 2026 KBO리그 SSG전에서 동덕여자대학교 DAY를 진행한다”고 밝혔다. 이날 시구는 동덕여대 김명애...,www.sportsseoul.com,2026-05-21T16:47:00,,ETC,,,gpt_missing_index,,False,롯데가 한화와의 경기에서 8-2로 승리했다.,전민재;고승민,positive,,true,"롯데 vs 한화 (원정) 8-2 승 | 결승타: 전민재(2회) | 홈런: 전민재3호, 고승민2호 | 타자 키플레이어: 전민재(롯데), 레이예스(롯데), 고승민(롯데) | 투수 키플레이어: 나균안(롯데), 현도훈(롯데), 김종수(한화)"
1731,"'문정빈 4번+1B' LG, 21일 KIA전 라인업 공개…'QS 0회' 치리노스 선발 등...","3위 LG는 25승18패(0.581)로 공동 선두 삼성 라이온즈, KT 위즈를 0.5경기 차로 추격 중이다. 공동 4위 SSG 랜더스, KIA와의 승차는 3경기 차다. LG는 3연전 첫날이었던 19일 경기 내내 무기력한 모습을 보이며 0-14로...",www.xportsnews.com,2026-05-21T16:46:00,,ETC,,,gpt_missing_index,,False,롯데가 한화와의 경기에서 8-2로 승리했다.,전민재;고승민,positive,,true,"롯데 vs 한화 (원정) 8-2 승 | 결승타: 전민재(2회) | 홈런: 전민재3호, 고승민2호 | 타자 키플레이어: 전민재(롯데), 레이예스(롯데), 고승민(롯데) | 투수 키플레이어: 나균안(롯데), 현도훈(롯데), 김종수(한화)"
1732,"[공식발표] 'MLB 35승 우완' 대체 외인, 두산과 6주 더 동행한다…7월 1일...","두산 베어스가 부상 대체 선수로 영입한 웨스 벤자민과의 동행을 조금 더 길게 이어간다. 두산은 21일 ""벤자민과 지난 20일부터 7월 1일까지 6주간 총액 5만 달러에 연장 계약을 맺었다""라고 발표했다. 2014 메이저리그...",www.sportalkorea.com,2026-05-21T16:46:00,,INJURY_ROSTER,,1.0,,,False,롯데가 한화와의 경기에서 8-2로 승리했다.,전민재;고승민,positive,,true,"롯데 vs 한화 (원정) 8-2 승 | 결승타: 전민재(2회) | 홈런: 전민재3호, 고승민2호 | 타자 키플레이어: 전민재(롯데), 레이예스(롯데), 고승민(롯데) | 투수 키플레이어: 나균안(롯데), 현도훈(롯데), 김종수(한화)"
1733,"롯데百, '샤넬 뷰티' 팝업스토어 오픈... 액세서리형 향수 선봬","롯데백화점이 오는 31일까지 잠실점 에비뉴엘 지하 1층에서 '샤넬 뷰티'의 팝업스토어를 진행한다고 21일 밝혔다. 가정의 달을 맞아 선물 수요가 높은 베스트셀러 제품을 한자리에 모아 소개하고, 기간 한정 프리미엄 포장...",www.newslock.co.kr,2026-05-21T16:46:00,,ETC,,,gpt_missing_index,,False,롯데백화점이 샤넬 뷰티 팝업스토어를 오픈했다.,,neutral,,true,"롯데 vs 한화 (원정) 8-2 승 | 결승타: 전민재(2회) | 홈런: 전민재3호, 고승민2호 | 타자 키플레이어: 전민재(롯데), 레이예스(롯데), 고승민(롯데) | 투수 키플레이어: 나균안(롯데), 현도훈(롯데), 김종수(한화)"
1734,"롯데팬 설레게 했던 그 투수, 26시즌 첫 1군 등록…고승민 RF 카드 승부...",제구력과 투구 밸런스가 흔들리며 지난해 8월 19일 LG 트윈스전을 마지막으로 2군으로 내려간 뒤 다시 1군의 부름을 받지 못했다. 한편 롯데는 이날 장두성(중견수)~고승민(우익수)~빅터 레이예스(좌익수)~나승엽...,www.xportsnews.com,2026-05-21T16:45:00,,INJURY_ROSTER,,1.0,,,False,고승민이 1군에 복귀하며 롯데의 기대를 모은다.,고승민,positive,,true,"롯데 vs 한화 (원정) 8-2 승 | 결승타: 전민재(2회) | 홈런: 전민재3호, 고승민2호 | 타자 키플레이어: 전민재(롯데), 레이예스(롯데), 고승민(롯데) | 투수 키플레이어: 나균안(롯데), 현도훈(롯데), 김종수(한화)"
1735,"이정선 교육감 후보, 수완지구서 출정식…공식 선거운동 돌입",출정식 이후에는 광주 기아챔피언스필드에서 열린 KIA타이거즈와 LG트윈스 홈경기를 찾아 시민들과 인사를 나누며 현장 소통을 이어갔다. 이정선 후보 측은 이날 출정식을 시작으로 전남과 광주 지역에서 시민과...,www.cnbnews.com,2026-05-21T16:44:00,,ETC,,,gpt_missing_index,,False,이정선 교육감 후보가 출정식을 가졌다.,,neutral,,true,"롯데 vs 한화 (원정) 8-2 승 | 결승타: 전민재(2회) | 홈런: 전민재3호, 고승민2호 | 타자 키플레이어: 전민재(롯데), 레이예스(롯데), 고승민(롯데) | 투수 키플레이어: 나균안(롯데), 현도훈(롯데), 김종수(한화)"
1736,"'89억 시그니엘 거주' 김준수, 다이소 첫 방문에 화들짝…""30개에 10만 원...","김준수는 현재 서울 잠실 롯데월드타워 시그니엘 레지던스에 거주 중인 것으로 알려졌으며, 해당 주택의 매입가는 약 89억 원대로 전해져 화제를 모은 바 있다. / 사진 = TV리포트 DB, 채널 '김준수 XIA'",www.tvreport.co.kr,2026-05-21T16:44:00,,ETC,,,gpt_missing_index,,False,김준수가 89억 원의 집에 거주 중이다.,,neutral,,true,"롯데 vs 한화 (원정) 8-2 승 | 결승타: 전민재(2회) | 홈런: 전민재3호, 고승민2호 | 타자 키플레이어: 전민재(롯데), 레이예스(롯데), 고승민(롯데) | 투수 키플레이어: 나균안(롯데), 현도훈(롯데), 김종수(한화)"
1737,"키움 히어로즈, 이용규 1군 타격코치 선임",▲ 키움 이용규 (사진=키움 히어로즈 제공) 프로야구 키움 히어로즈가 최근 일신상의 이유로 사임한 김태완 1군 타격코치의 후임으로 이용규 플레잉코치를 선임했다. 키움 구단은 21일 이용규 코치가 향후 1군 타격 지도를...,mdtoday.co.kr,2026-05-21T16:42:00,,ETC,,,gpt_missing_index,,False,키움이 이용규를 1군 타격코치로 선임했다.,,neutral,,true,"롯데 vs 한화 (원정) 8-2 승 | 결승타: 전민재(2회) | 홈런: 전민재3호, 고승민2호 | 타자 키플레이어: 전민재(롯데), 레이예스(롯데), 고승민(롯데) | 투수 키플레이어: 나균안(롯데), 현도훈(롯데), 김종수(한화)"
1738,"마크앤컴퍼니-삼성웰스토리, W.I.T 7기 블루테크 등 4개사 선발… 공동 ...","홍경표 마크앤컴퍼니 대표는 ""7기를 운영하며 오픈이노베이션에서 중요한 것은 스타트업의 기술력만큼이나 현업 부서와의 실질적 연결이라는 것을 확인했다""며 ""선발 기업들이 이번 PoC를 발판으로 삼성웰스토리와...",www.mt.co.kr,2026-05-21T16:41:00,,ETC,,,gpt_missing_index,,False,마크앤컴퍼니가 삼성웰스토리와 협력한다.,,neutral,,true,"롯데 vs 한화 (원정) 8-2 승 | 결승타: 전민재(2회) | 홈런: 전민재3호, 고승민2호 | 타자 키플레이어: 전민재(롯데), 레이예스(롯데), 고승민(롯데) | 투수 키플레이어: 나균안(롯데), 현도훈(롯데), 김종수(한화)"
1739,막오른 6·3 지방선거·보선…후보들 일제히 출정,"진보당 울산시당은 오전 11시 윤석열 퇴진 촛불집회가 열렸던 롯데백화점 광장에서 출정식을 열고 '내란 청산', '울산 대전환'이라는 과제를 해결할 적임자가 되겠다며 지지를 당부했다. 울산에서는 남구 공업탑 로터리...",www.yna.co.kr,2026-05-21T16:41:00,,ETC,,,gpt_missing_index,,False,울산에서 지방선거 후보들이 출정식을 가졌다.,,neutral,,true,"롯데 vs 한화 (원정) 8-2 승 | 결승타: 전민재(2회) | 홈런: 전민재3호, 고승민2호 | 타자 키플레이어: 전민재(롯데), 레이예스(롯데), 고승민(롯데) | 투수 키플레이어: 나균안(롯데), 현도훈(롯데), 김종수(한화)"
1740,"“힘들 때 큰 힘” 두산 웨스 벤자민, 6주 연장 계약","김원형 두산 감독은 이날 경기 전 취재진과 만나 “구단에서 발빠르게 움직여줬다. 벤자민과 플렉센이 던지는 내용이 다를 수야 있겠지만, 팀이 힘든 상황에서 계속 로테이션을 돌아주는 게 큰 도움이 되고 있다”고...",sports.khan.co.kr,2026-05-21T16:40:00,,TRANSACTION_CONTRACT,,1.0,,,False,두산이 웨스 벤자민과 계약을 연장했다.,,neutral,,true,"롯데 vs 한화 (원정) 8-2 승 | 결승타: 전민재(2회) | 홈런: 전민재3호, 고승민2호 | 타자 키플레이어: 전민재(롯데), 레이예스(롯데), 고승민(롯데) | 투수 키플레이어: 나균안(롯데), 현도훈(롯데), 김종수(한화)"
1741,"관세청, ‘K-공공캐릭터 굿즈 팝업존’…지방 관광 활성화 도모",관세청은 외국인 방한 성수기를 맞아 개최되는 대규모 면세점 할인축제 ‘코리아 듀티프리 페스타’와 연계해 롯데면세점 월드타워점에서 K-공공캐릭터 굿즈 팝업존을 운영한다고 21일 밝혔다. 이번 행사는 외국인...,www.dailian.co.kr,2026-05-21T16:40:00,,ETC,,,gpt_missing_index,,False,롯데가 한화와의 경기에서 8-2로 승리했다.,전민재;고승민,positive,,true,"롯데 vs 한화 (원정) 8-2 승 | 결승타: 전민재(2회) | 홈런: 전민재3호, 고승민2호 | 타자 키플레이어: 전민재(롯데), 레이예스(롯데), 고승민(롯데) | 투수 키플레이어: 나균안(롯데), 현도훈(롯데), 김종수(한화)"
1742,"“중원 표심이 선거 결과 가른다”···막 오른 대전시장 선거, 여야 대...",반대로 민주당 대전시당은 대전시로부터 보조금을 받는 대전사랑시민협의회가 프로야구 한화이글스 구단으로부터 대전한화생명볼파크 스카이박스를 무상 제공받은 것과 관련해 시민단체가 이 후보를 공직선거법과...,www.khan.co.kr,2026-05-21T16:38:00,,ETC,,,gpt_missing_index,,False,롯데가 한화와의 경기에서 8-2로 승리했다.,전민재;고승민,positive,,true,"롯데 vs 한화 (원정) 8-2 승 | 결승타: 전민재(2회) | 홈런: 전민재3호, 고승민2호 | 타자 키플레이어: 전민재(롯데), 레이예스(롯데), 고승민(롯데) | 투수 키플레이어: 나균안(롯데), 현도훈(롯데), 김종수(한화)"
1743,'르엘 vs 써밋'..1.3조 성수4지구 리턴매치 성사,롯데건설은 국내 최고층 건축물인 잠실 롯데월드타워(555m)를 성공적으로 지어 올린 독보적인 초고층 시공 노하우를 전면에 내세웠다. 세계적인 설계 파트너사들과의 협업을 통해 설계와 브랜드 모든 면에서 성수4지구를...,www.4th.kr,2026-05-21T16:38:00,,ETC,,1.0,,,False,롯데가 한화와의 경기에서 8-2로 승리했다.,전민재;고승민,positive,,true,"롯데 vs 한화 (원정) 8-2 승 | 결승타: 전민재(2회) | 홈런: 전민재3호, 고승민2호 | 타자 키플레이어: 전민재(롯데), 레이예스(롯데), 고승민(롯데) | 투수 키플레이어: 나균안(롯데), 현도훈(롯데), 김종수(한화)"
1744,"""영화·애니 주인공이 눈앞에""…롯데월드 부산, 23~24일 코스프레 축제",롯데월드 어드벤처 부산에서 연휴가 시작되는 23일부터 이틀 동안 이색적인 코스프레 축제인 '코스프레 페스티벌(코코페스티벌)'이 펼쳐진다. 이번 행사는 서브컬처 문화의 정체성을 유지하면서도 인기 영화와...,www.cnbnews.com,2026-05-21T16:38:00,,ETC,,,gpt_missing_index,,False,롯데가 한화와의 경기에서 8-2로 승리했다.,전민재;고승민,positive,,true,"롯데 vs 한화 (원정) 8-2 승 | 결승타: 전민재(2회) | 홈런: 전민재3호, 고승민2호 | 타자 키플레이어: 전민재(롯데), 레이예스(롯데), 고승민(롯데) | 투수 키플레이어: 나균안(롯데), 현도훈(롯데), 김종수(한화)"
1745,"김원형 두산 감독은 오명진이 고맙고 미안하다, 왜","공동 4위 KIA 타이거즈, SSG 랜더스와는 불과 1경기 차다. 오명진은 지난해 데뷔 6년 만에 107경기에 뛰면서 ‘1군 선수’가 됐다. 그러나 올 시즌 2루수 주전 경쟁에선 후배 박준순에게 기회를 내주고 말았다. 7경기 출전에...",www.joongang.co.kr,2026-05-21T16:37:00,,ETC,,,gpt_missing_index,,False,롯데가 한화와의 경기에서 8-2로 승리했다.,전민재;고승민,positive,,true,"롯데 vs 한화 (원정) 8-2 승 | 결승타: 전민재(2회) | 홈런: 전민재3호, 고승민2호 | 타자 키플레이어: 전민재(롯데), 레이예스(롯데), 고승민(롯데) | 투수 키플레이어: 나균안(롯데), 현도훈(롯데), 김종수(한화)"
1746,"4할타자 빠진 KIA, 커져가는 '리드오프' 공포증 → 사령탑의 고백 ""선수...","선수 시절 나도 하위 타순을 선호했다."" 박재현 없는 KIA 타이거즈가 '리드오프 부재'에 시달리고 있다. 21일 광주에서 만난 이범호 KIA 감독은 ""1번을 선호하는 선수가 없다. 김호령도 좀 어렵고, 김선빈을 1번으로 쓰기도...",www.sportschosun.com,2026-05-21T16:36:00,,ETC,,,gpt_missing_index,,False,롯데가 한화와의 경기에서 8-2로 승리했다.,전민재;고승민,positive,,true,"롯데 vs 한화 (원정) 8-2 승 | 결승타: 전민재(2회) | 홈런: 전민재3호, 고승민2호 | 타자 키플레이어: 전민재(롯데), 레이예스(롯데), 고승민(롯데) | 투수 키플레이어: 나균안(롯데), 현도훈(롯데), 김종수(한화)"
1747,"울산시장 후보 4인 4색 출정식…""민주 혁명""vs""독재 저지"" 격돌(종합)","김종훈 진보당 후보는 12·3 비상계엄으로 촉발된 윤석열 전 대통령 탄핵 집회가 열렸던 남구 롯데백화점 광장에서 ""내란을 종식하고 울산대전환을 만들어내겠다""고 밝혔다. 김 후보는 이날 출정식에 앞서 출근 시간대...",www.news1.kr,2026-05-21T16:35:00,,ETC,,,gpt_missing_index,,False,롯데가 한화와의 경기에서 8-2로 승리했다.,전민재;고승민,positive,,true,"롯데 vs 한화 (원정) 8-2 승 | 결승타: 전민재(2회) | 홈런: 전민재3호, 고승민2호 | 타자 키플레이어: 전민재(롯데), 레이예스(롯데), 고승민(롯데) | 투수 키플레이어: 나균안(롯데), 현도훈(롯데), 김종수(한화)"
1748,"추경호 국민의힘 대구시장 후보 ""대구 경제 반드시 살리겠다""…대규모 ...","이날 출정식에는 주호영, 이인선, 신동욱, 김상훈, 윤재옥, 김승수, 유영하 의원 등 국민의힘 주요 인사들이 모두 자리했으며, 삼성라이온즈 구자욱 선수의 형 구자용...",www.breaknews.com,2026-05-21T16:34:00,,ETC,,1.0,,,False,롯데가 한화와의 경기에서 8-2로 승리했다.,전민재;고승민,positive,,true,"롯데 vs 한화 (원정) 8-2 승 | 결승타: 전민재(2회) | 홈런: 전민재3호, 고승민2호 | 타자 키플레이어: 전민재(롯데), 레이예스(롯데), 고승민(롯데) | 투수 키플레이어: 나균안(롯데), 현도훈(롯데), 김종수(한화)"
1749,"KT, Z세대 '크루 문화' 반영 대학생 캠페인…'YF 민트크루' 참여자 모집","야구 응원과 플로깅을 결합한 '놀로깅' 활동으로 구성되며, 6월 말 수원 KT위즈파크에서 진행된다. '와이웨이(런트립)' 크루는 국내 소도시를 러닝으로 경험하며 지역의 매력을 발견하는 체험 프로그램이다. 평창 일대를...",www.srtimes.kr,2026-05-21T16:34:00,,ETC,,,gpt_missing_index,,False,KT가 대학생 캠페인을 통해 야구 응원과 플로깅을 결합한다.,,positive,,true,"롯데 vs 한화 (원정) 8-2 승 | 결승타: 전민재(2회) | 홈런: 전민재3호, 고승민2호 | 타자 키플레이어: 전민재(롯데), 레이예스(롯데), 고승민(롯데) | 투수 키플레이어: 나균안(롯데), 현도훈(롯데), 김종수(한화)"
1750,[한번에쓱]그라운드로 나오자마자 '튜빙으로 경기 준비하는' 천성호,LG 내야수 천성호가 21일 광주KIA챔피언스필드에서 열릴 KIA타이거즈와 LG트윈스 경기준비를 위해 그라운드에 나오자마자 트레이너의 도움으로 튜빙을 하고 있다. 2026.05.21.,www.starnewskorea.com,2026-05-21T16:32:00,,ETC,,,gpt_missing_index,,False,천성호가 경기 준비를 위해 튜빙을 하고 있다.,천성호,positive,,true,"롯데 vs 한화 (원정) 8-2 승 | 결승타: 전민재(2회) | 홈런: 전민재3호, 고승민2호 | 타자 키플레이어: 전민재(롯데), 레이예스(롯데), 고승민(롯데) | 투수 키플레이어: 나균안(롯데), 현도훈(롯데), 김종수(한화)"
1751,"두산, 대체 외인 벤자민과 6주 연장 계약…""지금처럼 잘 해주길""","프로야구 두산 베어스 외국인 투수 웨스 벤자민이 연장 계약을 체결했다. 두산은 21일 ""벤자민과 5월 20일부터 7월 1일까지 6주간 총액 5만 달러에 연장 계약을 맺었다""고 공식 발표했다. 과거 KT 위즈에서 뛰었던 벤자민은...",www.news1.kr,2026-05-21T16:32:00,,TRANSACTION_CONTRACT,,1.0,,,False,두산이 외인 벤자민과 6주 연장 계약을 체결했다.,벤자민,neutral,,true,"롯데 vs 한화 (원정) 8-2 승 | 결승타: 전민재(2회) | 홈런: 전민재3호, 고승민2호 | 타자 키플레이어: 전민재(롯데), 레이예스(롯데), 고승민(롯데) | 투수 키플레이어: 나균안(롯데), 현도훈(롯데), 김종수(한화)"
1752,"이장우 선대위, 인터넷 언론사 기자 고발…""허위보도로 선거 영향""","선대위는 ""스카이박스를 개인적으로 사유화한 사실이 없고, 대전사랑시민협의회와 한화이글스 간 계약에 따라 운영된 것""이라며 ""선거를 앞두고 자극적인 표현으로 후보자 명예를 훼손했다""고 밝혔다. 같은 날...",www.shinailbo.co.kr,2026-05-21T16:32:00,,ETC,,,gpt_missing_index,,False,이장우 선대위가 허위보도로 고발했다.,,neutral,,true,"롯데 vs 한화 (원정) 8-2 승 | 결승타: 전민재(2회) | 홈런: 전민재3호, 고승민2호 | 타자 키플레이어: 전민재(롯데), 레이예스(롯데), 고승민(롯데) | 투수 키플레이어: 나균안(롯데), 현도훈(롯데), 김종수(한화)"
1753,"[오피셜] 'LG 킬러' 14억팔 대체 좌완, 7월1일까지 계약 연장→7500만원 ...",두산 베어스가 'LG 킬러' 좌완 웨스 벤자민과 계약 연장을 결정했다. 두산은 20일 웨스 벤자민과 5만 달러(한화 약 7500만원)에 7월 1일까지 6주간 연장 계약을 맺었다고 공식 발표했다. 앞서 두산은 지난달 7일 크리스...,www.xportsnews.com,2026-05-21T16:30:00,,ETC,,,gpt_missing_index,,False,두산이 웨스 벤자민과 계약 연장을 발표했다.,벤자민,neutral,,true,"롯데 vs 한화 (원정) 8-2 승 | 결승타: 전민재(2회) | 홈런: 전민재3호, 고승민2호 | 타자 키플레이어: 전민재(롯데), 레이예스(롯데), 고승민(롯데) | 투수 키플레이어: 나균안(롯데), 현도훈(롯데), 김종수(한화)"
1754,“다들 1번 가는 거 선호 안 하더라” KIA ‘1번 박정우’ 파격 라인업…...,KIA 박재현이 16일 대구삼성라이온즈파크에서 열린 2026 KBO리그 정규시즌 삼성전에서 홈런을 때린 후 베이스를 돌고 있다. 사진 | KIA 타이거즈 박재현의 경우 별다른 문제 없이 회복 과정을 거치고 있다. 일단 이날 배팅...,www.sportsseoul.com,2026-05-21T16:29:00,,ETC,,,gpt_missing_index,,False,KIA 박재현이 홈런을 기록하며 회복 중이다.,박재현,positive,,true,"롯데 vs 한화 (원정) 8-2 승 | 결승타: 전민재(2회) | 홈런: 전민재3호, 고승민2호 | 타자 키플레이어: 전민재(롯데), 레이예스(롯데), 고승민(롯데) | 투수 키플레이어: 나균안(롯데), 현도훈(롯데), 김종수(한화)"
1755,"'어깨통증' 박재현 결장→박정우 데뷔 첫 리드오프...이범호 ""출루 두 번...",KIA타이거즈 외야수 박정우가 데뷔 첫 리드오프로 나섰다. KIA는 21일 광주-기아 챔피언스필드에서 열리는 2026 프로야구 LG트윈스와의 경기에 출전하는 선발라인업을 발표했다. 박정우(좌익수) 박상준(1루수) 김도영(3루수)...,www.osen.co.kr,2026-05-21T16:28:00,,INJURY_ROSTER,,1.0,,,False,박재현이 어깨 통증으로 결장하고 박정우가 리드오프에 나섰다.,박재현;박정우,negative,,true,"롯데 vs 한화 (원정) 8-2 승 | 결승타: 전민재(2회) | 홈런: 전민재3호, 고승민2호 | 타자 키플레이어: 전민재(롯데), 레이예스(롯데), 고승민(롯데) | 투수 키플레이어: 나균안(롯데), 현도훈(롯데), 김종수(한화)"
1756,연이은 부상…신음하는 SSG 랜더스,SSG는 상위권 순위 경쟁에서도 밀려났다. 한때 3위에 자리했던 성적은 최근 부진이 길어지며 지난 20일 기준 KIA 타이거즈와 공동 4위까지 내려앉았다. 총체적 난국을 타개할 묘책이 절실하다.,www.kyeongin.com,2026-05-21T16:26:00,,INJURY_ROSTER,,1.0,,,False,SSG 랜더스가 부상으로 어려움을 겪고 있다.,,positive,,true,"롯데 vs 한화 (원정) 8-2 승 | 결승타: 전민재(2회) | 홈런: 전민재3호, 고승민2호 | 타자 키플레이어: 전민재(롯데), 레이예스(롯데), 고승민(롯데) | 투수 키플레이어: 나균안(롯데), 현도훈(롯데), 김종수(한화)"
1757,“(박)재현이 공 던지는 것에 조금 부담을…큰 문제없다” KIA 리드오프...,"“(박)재현이가 공을 던지는 것에 조금 부담을…” KIA 타이거즈 이범호 감독은 20일 광주 LG 트윈스전이 비로 취소되자 박재현이 어깨 근육통이 있다면서, 2경기 정도 쉬게 할 것이라고 했다. 20일 경기의 경우 김선빈을...",www.mydaily.co.kr,2026-05-21T16:26:00,,ETC,,,gpt_missing_index,,False,KIA 감독이 박재현의 어깨 통증으로 2경기 결장 예고.,박재현,positive,,true,"롯데 vs 한화 (원정) 8-2 승 | 결승타: 전민재(2회) | 홈런: 전민재3호, 고승민2호 | 타자 키플레이어: 전민재(롯데), 레이예스(롯데), 고승민(롯데) | 투수 키플레이어: 나균안(롯데), 현도훈(롯데), 김종수(한화)"
1758,박정우 데뷔 첫 리드오프·아데를린 6번…KIA 21일 라인업 발표,KIA 타이거즈의 박정우가 데뷔 후 첫 리드오프를 담당한다. KIA는 21일 오후 6시 30분 광주-기아챔피언스필드에서 열리는 2026 신한 SOL KBO리그 LG 트윈스와 경기를 치른다. 박정우(좌익수)-박상준(1루수)-김도영(3루수)-나성범...,www.jnilbo.com,2026-05-21T16:26:00,,ETC,,,gpt_missing_index,,False,KIA 박정우가 데뷔 첫 리드오프를 맡는다.,박정우,positive,,true,"롯데 vs 한화 (원정) 8-2 승 | 결승타: 전민재(2회) | 홈런: 전민재3호, 고승민2호 | 타자 키플레이어: 전민재(롯데), 레이예스(롯데), 고승민(롯데) | 투수 키플레이어: 나균안(롯데), 현도훈(롯데), 김종수(한화)"
1759,"[IS 잠실] 두산, 벤자민과 6주 연장 계약...플렉센은 7월 이후 복귀 예정","두산 베어스가 웨스 벤자민과 연장 계약을 체결했다. 두산은 21일 서울 잠실구장에서 열리는 NC 다이노스와 홈 경기에 앞서 ""벤자민과 5월 20일부터 7월 1일까지 6주간 총액 5만 달러(7500만원)에 연장 계약을 맺었다""고...",isplus.com,2026-05-21T16:26:00,,INJURY_ROSTER,,1.0,,,False,두산이 벤자민과 6주 연장 계약을 체결했다.,벤자민,neutral,,true,"롯데 vs 한화 (원정) 8-2 승 | 결승타: 전민재(2회) | 홈런: 전민재3호, 고승민2호 | 타자 키플레이어: 전민재(롯데), 레이예스(롯데), 고승민(롯데) | 투수 키플레이어: 나균안(롯데), 현도훈(롯데), 김종수(한화)"
1760,‘151㎞ 강속구’ 이재희 복귀...최지광·김무신까지 완전체 눈앞,이투데이=노희주 기자 | 삼성 라이온즈 우완 투수 이재희가 오른쪽 팔꿈치 수술과 재활을 거쳐 1군 무대로 돌아왔다. 최지광에 이어 이재희까지 복귀하면서 삼성 불펜진도 완전체 구성에 한 걸음 더 다가섰다. 삼성은 20일...,www.etoday.co.kr,2026-05-21T16:24:00,,INJURY_ROSTER,,1.0,,,False,삼성 이재희가 팔꿈치 수술 후 1군 복귀.,이재희,neutral,,true,"롯데 vs 한화 (원정) 8-2 승 | 결승타: 전민재(2회) | 홈런: 전민재3호, 고승민2호 | 타자 키플레이어: 전민재(롯데), 레이예스(롯데), 고승민(롯데) | 투수 키플레이어: 나균안(롯데), 현도훈(롯데), 김종수(한화)"
1761,"1승도 못하고 3패 뿐인데 '우리랑 6주 더 합시다'...""성실하고, 인성 좋...","""성실하고 인성도 좋고, 팀을 위할 줄도 안다."" 두산 베어스가 대체 외국인 투수 벤자민과 6주 더 함께 한다. 당연한 수순이라고 해도, 벤자민의 실력과 그라운드 안팎 믿음직한 모습이 있었기에 가능한 일이었다. 두산은...",www.sportschosun.com,2026-05-21T16:23:00,,ETC,,,gpt_missing_index,,False,두산이 벤자민과 6주 더 함께하기로 결정.,벤자민,neutral,,true,"롯데 vs 한화 (원정) 8-2 승 | 결승타: 전민재(2회) | 홈런: 전민재3호, 고승민2호 | 타자 키플레이어: 전민재(롯데), 레이예스(롯데), 고승민(롯데) | 투수 키플레이어: 나균안(롯데), 현도훈(롯데), 김종수(한화)"
1762,"[프로야구] 키움 김태완 타격코치 사임, 이용규 플레잉코치로 공백 메운...","[사진=키움 히어로즈] 2026.05.21 willowdy@newspim.com 키움 김태완 전 타격코치는 이날 개인 소셜네트워크서비스(SNS)에 ""건강에는 전혀 이상이 없다. 쉽지 않은 결정이었지만, 오늘을 마지막으로 코치직을 내려놓으려 한다....",www.newspim.com,2026-05-21T16:23:00,,ETC,,,gpt_missing_index,,False,키움 김태완 타격코치가 사임했다.,김태완,neutral,,true,"롯데 vs 한화 (원정) 8-2 승 | 결승타: 전민재(2회) | 홈런: 전민재3호, 고승민2호 | 타자 키플레이어: 전민재(롯데), 레이예스(롯데), 고승민(롯데) | 투수 키플레이어: 나균안(롯데), 현도훈(롯데), 김종수(한화)"
1763,"[6·3 지방선거] 추경호 출정식 ""대구를 살릴 경제시장 누구냐""",삼성라이온즈 구자욱 선수의 형 구자용 씨와 원태인 선수의 형 원태진 씨도 자리를 함께했다. 이인선 시당위원장은 “지지율이 바뀌었다”며 “이제는 추경호 후보가 올라갈 시간”이라고 말했다. 그는 “경제전문가...,www.ajunews.com,2026-05-21T16:22:00,,ETC,,,gpt_missing_index,,False,삼성 구자욱 선수의 형이 출정식에 참석했다.,구자욱,neutral,,true,"롯데 vs 한화 (원정) 8-2 승 | 결승타: 전민재(2회) | 홈런: 전민재3호, 고승민2호 | 타자 키플레이어: 전민재(롯데), 레이예스(롯데), 고승민(롯데) | 투수 키플레이어: 나균안(롯데), 현도훈(롯데), 김종수(한화)"
1764,"KIA, SSG와 주말 3연전서 '찐팬' 릴레이 시구",프로야구 KIA 타이거즈가 주말 홈 3연전에 '찐팬' 연예인 릴레이 시구 이벤트를 마련한다. KIA는 오는 22일부터 24일까지 광주-기아챔피언스필드에서 열리는 SSG 랜더스와의 홈경기에 배우와 아이돌 가수들을 시구...,www.namdonews.com,2026-05-21T16:22:00,,ETC,,,gpt_missing_index,,False,KIA가 주말 홈 3연전에서 릴레이 시구 이벤트를 진행한다.,,neutral,,true,"롯데 vs 한화 (원정) 8-2 승 | 결승타: 전민재(2회) | 홈런: 전민재3호, 고승민2호 | 타자 키플레이어: 전민재(롯데), 레이예스(롯데), 고승민(롯데) | 투수 키플레이어: 나균안(롯데), 현도훈(롯데), 김종수(한화)"
1765,"'나균안 나와라' 한화 라인업 공개! 페문강노허 필승 타순 가동, 정우주...","이전 선발 등판에서는 5월 7일 광주 KIA 타이거즈전 1⅔이닝 1피안타 4사사구 2실점, 5월 14일 고척 키움 히어로즈전 4이닝 1피안타 2사사구 4탈삼진 1실점을 기록했다. 김경문 감독은 ""지금은 계속해서 배우면서 야구를...",www.mydaily.co.kr,2026-05-21T16:22:00,,ETC,,,gpt_missing_index,,False,롯데가 한화에 8-2로 승리하며 좋은 성적을 거두었다.,전민재;고승민;나균안,positive,,true,"롯데 vs 한화 (원정) 8-2 승 | 결승타: 전민재(2회) | 홈런: 전민재3호, 고승민2호 | 타자 키플레이어: 전민재(롯데), 레이예스(롯데), 고승민(롯데) | 투수 키플레이어: 나균안(롯데), 현도훈(롯데), 김종수(한화)"
1766,[더벨][백화점의 부활] 2027년까지 호황 가능성…소득·인바운드 엔진 남...,"롯데백화점 본점은 올해 1분기 외국인 매출이 전년 동기 대비 103% 늘었고 외국인 매출 비중은 23%까지 확대됐다. 신세계백화점은 1분기 외국인 매출이 90% 증가했고, 4월에는 증가율이 132%까지 높아졌다. 현대백화점도...",www.thebell.co.kr,2026-05-21T16:22:00,,ETC,,,gpt_missing_index,,False,롯데가 한화에 8-2로 승리하며 좋은 성적을 거두었다.,전민재;고승민;나균안,positive,,true,"롯데 vs 한화 (원정) 8-2 승 | 결승타: 전민재(2회) | 홈런: 전민재3호, 고승민2호 | 타자 키플레이어: 전민재(롯데), 레이예스(롯데), 고승민(롯데) | 투수 키플레이어: 나균안(롯데), 현도훈(롯데), 김종수(한화)"
1767,"'140억 家' 장원영, 억대 소파에서 영앤리치…킴 카다시안과 같은 제품","눈길을 끄는 가운데, 장원영은 슬립 드레스를 입고 포즈를 취했다. 잠실 롯데월드타워와 강이 내려다 보이는 창밖 뷰도 함께 공개됐다. 한편, 장원영은 지난해 한남동 고급 빌라를 137억 원에 현금 매입해 화제를 모았다.",www.mydaily.co.kr,2026-05-21T16:21:00,,ETC,,,gpt_missing_index,,False,롯데가 한화에 8-2로 승리하며 좋은 성적을 거두었다.,전민재;고승민;나균안,positive,,true,"롯데 vs 한화 (원정) 8-2 승 | 결승타: 전민재(2회) | 홈런: 전민재3호, 고승민2호 | 타자 키플레이어: 전민재(롯데), 레이예스(롯데), 고승민(롯데) | 투수 키플레이어: 나균안(롯데), 현도훈(롯데), 김종수(한화)"
1768,"[2026 지방선거] [전남광주특별시교육감] 이정선 ""아이들 미래 위한 교육...",출정식 이후에는 광주 기아챔피언스필드를 찾아 KIA타이거즈와 LG트윈스 경기장을 방문해 시민들과 인사를 나누며 현장 소통을 이어갔다. 이정선 후보 측은 “출정식을 시작으로 전남과 광주 전역에서 시민과 함께하는...,news.dealsitetv.com,2026-05-21T16:20:00,,ETC,,,gpt_missing_index,,False,롯데가 한화에 8-2로 승리하며 좋은 성적을 거두었다.,전민재;고승민;나균안,positive,,true,"롯데 vs 한화 (원정) 8-2 승 | 결승타: 전민재(2회) | 홈런: 전민재3호, 고승민2호 | 타자 키플레이어: 전민재(롯데), 레이예스(롯데), 고승민(롯데) | 투수 키플레이어: 나균안(롯데), 현도훈(롯데), 김종수(한화)"
1769,"롯데백화점, 샤넬 뷰티 팝업스토어 잠실점서 운영",롯데백화점이 21일부터 31일까지 잠실점 에비뉴엘 지하 1층에서 샤넬 뷰티 팝업스토어를 진행한다고 밝혔다. 대표 상품으로는 체인 스트랩 케이스에 담긴 휴대용 향수 ‘코코 마드모아젤 펄스 스프레이’가 소개됐다. 함께...,www.lawissue.co.kr,2026-05-21T16:20:00,,ETC,,,gpt_missing_index,,False,롯데가 한화에 8-2로 승리하며 좋은 성적을 거두었다.,전민재;고승민;나균안,positive,,true,"롯데 vs 한화 (원정) 8-2 승 | 결승타: 전민재(2회) | 홈런: 전민재3호, 고승민2호 | 타자 키플레이어: 전민재(롯데), 레이예스(롯데), 고승민(롯데) | 투수 키플레이어: 나균안(롯데), 현도훈(롯데), 김종수(한화)"
1770,"LG 포수 김민수 ""여자 20명과 바람, 몸캠에 잠수 파혼"" 글 올렸다 삭제",프로야구 LG 트윈스 소속 포수 김민수가 자신의 SNS에 불법 촬영과 촬영물 유포 등 범죄 행위를 암시하는 글을 올렸다가 계정을 삭제했다는 의혹에 휩싸였다. 21일 한 온라인 커뮤니티에는 김민수로 추정되는 인스타그램...,www.news1.kr,2026-05-21T16:19:00,,ETC,,,gpt_missing_index,,False,롯데가 한화에 8-2로 승리하며 좋은 성적을 거두었다.,전민재;고승민;나균안,positive,,true,"롯데 vs 한화 (원정) 8-2 승 | 결승타: 전민재(2회) | 홈런: 전민재3호, 고승민2호 | 타자 키플레이어: 전민재(롯데), 레이예스(롯데), 고승민(롯데) | 투수 키플레이어: 나균안(롯데), 현도훈(롯데), 김종수(한화)"
1771,“내가 왜 야구를 하고 있을까”의 답을 찾은 베테랑 포수 삼성 강민호...,2026시즌에도 KBO리그 최고 포수를 꼽으라면 여전히 삼성 강민호(41)가 거론된다. 1985년생으로 리그 최고참... 2-0으로 앞선 4회 1사 후 타석에 나선 강민호는 KT 선발 케일럽 보쉴리의 3구째 볼을 받아친 뒤 1루로 힘껏...,sports.khan.co.kr,2026-05-21T16:19:00,,ETC,,,gpt_missing_index,,False,롯데가 한화에 8-2로 승리하며 좋은 성적을 거두었다.,전민재;고승민;나균안,positive,,true,"롯데 vs 한화 (원정) 8-2 승 | 결승타: 전민재(2회) | 홈런: 전민재3호, 고승민2호 | 타자 키플레이어: 전민재(롯데), 레이예스(롯데), 고승민(롯데) | 투수 키플레이어: 나균안(롯데), 현도훈(롯데), 김종수(한화)"
1772,프로야구 인기 타고 다양해진 야구장 먹거리…‘야푸’ 문화 확산,인천 SSG랜더스필드에서는 유자 막걸리를 활용한 슬러시 메뉴가 눈길을 끌고 있다. 서울장수의 프리미엄 유자 막걸리 ‘달빛유자’를 활용한 ‘달빛유자 슬러시’는 상큼한 유자 풍미와 시원한 슬러시 식감을 앞세워...,www.kbsm.net,2026-05-21T16:18:00,,ETC,,,gpt_missing_index,,False,롯데가 한화에 8-2로 승리하며 좋은 성적을 거두었다.,전민재;고승민;나균안,positive,,true,"롯데 vs 한화 (원정) 8-2 승 | 결승타: 전민재(2회) | 홈런: 전민재3호, 고승민2호 | 타자 키플레이어: 전민재(롯데), 레이예스(롯데), 고승민(롯데) | 투수 키플레이어: 나균안(롯데), 현도훈(롯데), 김종수(한화)"
1773,20년 묶인 수원 영화지구…화홍문 중심 글로벌 관광지 만든다,"수원특례시는 이 사업을 정조대왕 능행차, 수원화성문화제, 행리단길, 통닭거리, KT위즈파크, 광교호수공원 등 수원의 주요 관광자원을 하나로 잇는 연결 거점으로 삼겠다는 전략이다. 세계유산방문자센터...",www.hankyung.com,2026-05-21T16:16:00,,ETC,,,gpt_missing_index,,False,롯데가 한화와의 경기에서 8-2로 승리했다.,전민재;고승민,positive,,true,"롯데 vs 한화 (원정) 8-2 승 | 결승타: 전민재(2회) | 홈런: 전민재3호, 고승민2호 | 타자 키플레이어: 전민재(롯데), 레이예스(롯데), 고승민(롯데) | 투수 키플레이어: 나균안(롯데), 현도훈(롯데), 김종수(한화)"
1774,"KIA 홈런치는 1번타자 나올 뻔…박재현 빠진 자리 어떻게 채우나, 이범호...",KIA 타이거즈는 21일 광주기아챔피언스필드에서 열릴 '2026 신한 SOL뱅크 KBO리그' LG 트윈스와 경기에 앞서 박정우(좌익수)-박상준(1루수)-김도영(3루수)-나성범(우익수)-김선빈(2루수)-아데를린 로드리게스(지명타자)-김호령...,www.spotvnews.co.kr,2026-05-21T16:15:00,,ETC,,,gpt_missing_index,,False,롯데가 한화와의 경기에서 8-2로 승리했다.,전민재;고승민,positive,,true,"롯데 vs 한화 (원정) 8-2 승 | 결승타: 전민재(2회) | 홈런: 전민재3호, 고승민2호 | 타자 키플레이어: 전민재(롯데), 레이예스(롯데), 고승민(롯데) | 투수 키플레이어: 나균안(롯데), 현도훈(롯데), 김종수(한화)"
1775,LG 트윈스 포수 김민수 사생활 논란…SNS 폭로 글 확산에 진위 공방,프로야구 LG 트윈스 소속 포수 김민수를 둘러싼 사생활 폭로 게시물이 온라인상에 확산하며 논란이 일고 있다. 최근 김민수의 인스타그램 계정 스토리에는 본인의 사생활과 관련된 구체적인 폭로 내용이 담긴 게시물이...,news.tvchosun.com,2026-05-21T16:15:00,,ETC,,,gpt_missing_index,,False,롯데가 한화와의 경기에서 8-2로 승리했다.,전민재;고승민,positive,,true,"롯데 vs 한화 (원정) 8-2 승 | 결승타: 전민재(2회) | 홈런: 전민재3호, 고승민2호 | 타자 키플레이어: 전민재(롯데), 레이예스(롯데), 고승민(롯데) | 투수 키플레이어: 나균안(롯데), 현도훈(롯데), 김종수(한화)"
1776,"울산지역 진보는 단일, 보수는 분열로 공식 선거운동 돌입",민주당과 후보 단일화에 합의한 진보당 울산시당은 오전 11시 윤석열 퇴진 촛불집회가 열렸던 롯데백화점 광장에서 출정식을 열었다. 진보당은 '내란 청산'과 '울산 대전환'이라는 과제를 해결할 적임자가 되겠다며 지지를...,www.fnnews.com,2026-05-21T16:15:00,,ETC,,,gpt_missing_index,,False,롯데가 한화와의 경기에서 8-2로 승리했다.,전민재;고승민,positive,,true,"롯데 vs 한화 (원정) 8-2 승 | 결승타: 전민재(2회) | 홈런: 전민재3호, 고승민2호 | 타자 키플레이어: 전민재(롯데), 레이예스(롯데), 고승민(롯데) | 투수 키플레이어: 나균안(롯데), 현도훈(롯데), 김종수(한화)"
1777,[은행 뉴스브리핑] 하나금융 금융지주 최초 '소비자보호위원회' 개최,골든벨' 행사를 지난 20일 서울 삼성 가빈아트홀에서 개최했다. 이번 3차 연도에는 전국 100개... 펀드운용사 선발 일정 등을 벤처캐피탈(VC) 및 프라이빗에쿼티(PE) 관계자들에게 공유했다. □ 기업은행 다문화가정 자녀...,www.asiatime.co.kr,2026-05-21T16:14:00,,ETC,,,gpt_missing_index,,False,롯데가 한화와의 경기에서 8-2로 승리했다.,전민재;고승민,positive,,true,"롯데 vs 한화 (원정) 8-2 승 | 결승타: 전민재(2회) | 홈런: 전민재3호, 고승민2호 | 타자 키플레이어: 전민재(롯데), 레이예스(롯데), 고승민(롯데) | 투수 키플레이어: 나균안(롯데), 현도훈(롯데), 김종수(한화)"
1778,"“울산 도약, 우리가 적임자”… 공식 선거운동 첫날 각 정당 ‘출정식...",진보당 울산시당은 오전 11시 윤석열 퇴진 촛불집회가 열렸던 롯데백화점 광장에서 출정식을 열었다. 진보당은 ‘내란 청산’과 ‘울산 대전환’이라는 과제를 해결할 적임자가 되겠다며 지지를 당부했다. 김종훈...,www.seoul.co.kr,2026-05-21T16:14:00,,ETC,,1.0,,,False,롯데가 한화와의 경기에서 8-2로 승리했다.,전민재;고승민,positive,,true,"롯데 vs 한화 (원정) 8-2 승 | 결승타: 전민재(2회) | 홈런: 전민재3호, 고승민2호 | 타자 키플레이어: 전민재(롯데), 레이예스(롯데), 고승민(롯데) | 투수 키플레이어: 나균안(롯데), 현도훈(롯데), 김종수(한화)"
1779,[오늘의유통家] 고유가?고물가 시대에서 살아남는 법! | 쿠팡?CJ올리브영...,"이은지 롯데마트·슈퍼 곡물계란팀 MD(상품기획자)는 “계란은 소비자 구매 빈도가 높은 대표 신선식품인 만큼, 장바구니 부담을 실질적으로 덜어드리고자 미국산 계란 도입을 추진하게 되었다”며 “앞으로도 물가...",monthly.chosun.com,2026-05-21T16:14:00,,ETC,,,gpt_missing_index,,False,롯데가 한화와의 경기에서 8-2로 승리했다.,전민재;고승민,positive,,true,"롯데 vs 한화 (원정) 8-2 승 | 결승타: 전민재(2회) | 홈런: 전민재3호, 고승민2호 | 타자 키플레이어: 전민재(롯데), 레이예스(롯데), 고승민(롯데) | 투수 키플레이어: 나균안(롯데), 현도훈(롯데), 김종수(한화)"
1780,"관세청, 면세점서 'K-공공캐릭터 굿즈 팝업존' 운영",관세청은 외국인 방한 성수기를 맞아 개최되는 대규모 면세점 할인축제 '코리아 듀티프리 페스타'(4월25일~5월31일)와 연계해 롯데면세점 월드타워점 9층(서울 잠실 소재)에서 'K-공공캐릭터 굿즈 팝업존'을 운영한다고 21일...,www.news1.kr,2026-05-21T16:13:00,,ETC,,,gpt_missing_index,,False,롯데가 한화와의 경기에서 8-2로 승리했다.,전민재;고승민,positive,,true,"롯데 vs 한화 (원정) 8-2 승 | 결승타: 전민재(2회) | 홈런: 전민재3호, 고승민2호 | 타자 키플레이어: 전민재(롯데), 레이예스(롯데), 고승민(롯데) | 투수 키플레이어: 나균안(롯데), 현도훈(롯데), 김종수(한화)"
1781,탱크데이 여파 금융권 스타벅스 손절 움직임…농협은행 엔씨 야구 승부...,앞서 1회차 이벤트에서는 지난 4월 30일 열린 NC 다이노스와 KIA 타이거즈 경기 승리팀을 맞힌 사람 중 추첨을 통해 100명에게 스타벅스 아이스 아메리카노 기프티콘이 지급됐다. 이번 논란은 스타벅스 코리아가 지난 18일...,www.asiatoday.co.kr,2026-05-21T16:12:00,,ETC,,,gpt_missing_index,,False,롯데가 한화와의 경기에서 8-2로 승리했다.,전민재;고승민,positive,,true,"롯데 vs 한화 (원정) 8-2 승 | 결승타: 전민재(2회) | 홈런: 전민재3호, 고승민2호 | 타자 키플레이어: 전민재(롯데), 레이예스(롯데), 고승민(롯데) | 투수 키플레이어: 나균안(롯데), 현도훈(롯데), 김종수(한화)"
1782,"[6·3 이사람]국민의힘 김성제 의왕시장 후보, 내손1·2동의 교육환경 개...",현재 추진 중인 계원예대역에 롯데마트와 내손주공아파트 방향 출구를 추가 설치해 주민 접근성과 이용 편의를 높이겠다는 계획이다. 김 후보는 “출퇴근과 학생 이동 동선을 고려할 때 추가 출구 필요성이 충분하다”며...,www.kgnews.co.kr,2026-05-21T16:12:00,,ETC,,,gpt_missing_index,,False,롯데가 한화와의 경기에서 8-2로 승리했다.,전민재;고승민,positive,,true,"롯데 vs 한화 (원정) 8-2 승 | 결승타: 전민재(2회) | 홈런: 전민재3호, 고승민2호 | 타자 키플레이어: 전민재(롯데), 레이예스(롯데), 고승민(롯데) | 투수 키플레이어: 나균안(롯데), 현도훈(롯데), 김종수(한화)"
1783,"08년생 서포터 '블러핑' 박규용, LCK 데뷔전...BNK 전 선발",한화생명e스포츠가 서포터 '블러핑' 박규용을 콜업해 선발로 출전시킨다. 한화생명은 21일 오후 서울 종로구 그랑서울 롤파크 LCK 아레나에서 열릴 예정인 LCK 8주 차 BNK 피어엑스와의 경기서 서포터 '블러핑...,www.dailyesports.com,2026-05-21T16:08:00,,ETC,,,gpt_missing_index,,False,롯데가 한화와의 경기에서 8-2로 승리했다.,전민재;고승민,positive,,true,"롯데 vs 한화 (원정) 8-2 승 | 결승타: 전민재(2회) | 홈런: 전민재3호, 고승민2호 | 타자 키플레이어: 전민재(롯데), 레이예스(롯데), 고승민(롯데) | 투수 키플레이어: 나균안(롯데), 현도훈(롯데), 김종수(한화)"
1784,"대전한화생명볼파크 '스카이박스 공방' 격화…이장우 측, 언론사 고발 ...","또 스카이박스 운영 주체와 관련해서도 ""대전사랑시민협의회와 한화이글스 구단 간 계약에 따라 운영된 것으로, 대전시가 우회적으로 이용했다는 주장은 사실과 다르다""고 밝혔다. 선대위는 특히 선거를 불과 보름 앞둔...",www.bzeronews.com,2026-05-21T16:04:00,,ETC,,,gpt_missing_index,,False,롯데가 한화와의 경기에서 8-2로 승리했다.,전민재;고승민,positive,,true,"롯데 vs 한화 (원정) 8-2 승 | 결승타: 전민재(2회) | 홈런: 전민재3호, 고승민2호 | 타자 키플레이어: 전민재(롯데), 레이예스(롯데), 고승민(롯데) | 투수 키플레이어: 나균안(롯데), 현도훈(롯데), 김종수(한화)"
1785,"KT, 환경·지역·문화 캠페인 진행할 대학생 ‘크루’ 모집",6월 말 수원 KT위즈파크에서 야구 응원과 플로깅을 결합한 ‘놀로깅’ 활동을 진행한다. ‘와이웨이(런트립)’ 크루는 국내 소도시의 매력을 발견하는 러닝형 체험 프로그램이다. 6월 말 평창 일대를 달리며 자연...,www.sportsseoul.com,2026-05-21T16:04:00,,ETC,,,gpt_missing_index,,False,롯데가 한화와의 경기에서 8-2로 승리했다.,전민재;고승민,positive,,true,"롯데 vs 한화 (원정) 8-2 승 | 결승타: 전민재(2회) | 홈런: 전민재3호, 고승민2호 | 타자 키플레이어: 전민재(롯데), 레이예스(롯데), 고승민(롯데) | 투수 키플레이어: 나균안(롯데), 현도훈(롯데), 김종수(한화)"
1786,서울우유 쿠팡이츠 농심 外(여기 유통 이슈),"갤러리아백화점,서울우유협동조합,문진섭,롯데마트,차우철,CJ올리브영,이선정,롯데GRS,이원택,아모레퍼시픽,서경배,쿠팡이츠,롯데칠성음료,박윤기,골든블루,박소영,롯데백화점,정현석 '분더바 컬렉션' 거울...",www.newsclaim.co.kr,2026-05-21T16:02:00,,ETC,,,gpt_missing_index,,False,롯데가 한화와의 경기에서 8-2로 승리했다.,전민재;고승민,positive,,true,"롯데 vs 한화 (원정) 8-2 승 | 결승타: 전민재(2회) | 홈런: 전민재3호, 고승민2호 | 타자 키플레이어: 전민재(롯데), 레이예스(롯데), 고승민(롯데) | 투수 키플레이어: 나균안(롯데), 현도훈(롯데), 김종수(한화)"
1787,"롯데백화점, '샤넬 뷰티' 팝업 오픈",'휴대용 샤넬 향수'도 마련  롯데백화점이 가정의 달을 맞아 다양한 팝업 스토어를 열며 선물 수요에 대응하고 있다. 롯데백화점은 잠실점 에비뉴엘에서 '샤넬 뷰티'의 팝업스토어를 진행한다고 21일 밝혔다. 해당 팝업은...,www.srtimes.kr,2026-05-21T16:02:00,,ETC,,0.9,,,False,롯데가 한화와의 경기에서 8-2로 승리했다.,전민재;고승민,positive,,true,"롯데 vs 한화 (원정) 8-2 승 | 결승타: 전민재(2회) | 홈런: 전민재3호, 고승민2호 | 타자 키플레이어: 전민재(롯데), 레이예스(롯데), 고승민(롯데) | 투수 키플레이어: 나균안(롯데), 현도훈(롯데), 김종수(한화)"
1788,‘사직 스쿠발’ 김진욱·마무리 최준용…아시안게임 대표팀 승선할까,김진욱은 지난달 2일 NC 다이노스전과 지난 15일 두산 베어스전을 제외하고 모두 5이닝 이상을 던지며 선발투수로서 안정감도 보여주고 있다. 2002년생으로 선발 기준인 나이에도 제한이 없고 대표팀엔 왼손 선발투수가...,www.busan.com,2026-05-21T16:01:00,,MATCH_RELATED,PERFORMANCE_ANALYSIS,0.9,,,False,롯데가 한화와의 경기에서 8-2로 승리했다.,김진욱,positive,,true,"롯데 vs 한화 (원정) 8-2 승 | 결승타: 전민재(2회) | 홈런: 전민재3호, 고승민2호 | 타자 키플레이어: 전민재(롯데), 레이예스(롯데), 고승민(롯데) | 투수 키플레이어: 나균안(롯데), 현도훈(롯데), 김종수(한화)"
1789,"유타대 아시아캠퍼스, 문학구장 휩쓴 '붉은 물결'…외국 학생·인천시 야...",유타대 아시아캠퍼스는 최근 인천 SSG랜더스필드(문학경기장)에서 열린 SSG 랜더스와 LG트윈스의 프로야구 경기를 단체 관람하는 ‘야구의 날’ 행사를 개최했다고 21일 밝혔다. 야구의 날은 유타대 아시아캠퍼스가...,www.hankyung.com,2026-05-21T16:00:00,,ETC,,0.9,,,False,롯데가 한화와의 경기에서 8-2로 승리했다.,전민재;고승민,positive,,true,"롯데 vs 한화 (원정) 8-2 승 | 결승타: 전민재(2회) | 홈런: 전민재3호, 고승민2호 | 타자 키플레이어: 전민재(롯데), 레이예스(롯데), 고승민(롯데) | 투수 키플레이어: 나균안(롯데), 현도훈(롯데), 김종수(한화)"
1790,"'쌍방울·태평양급 최악 타선' 키움, 김태완 코치만 문제였나...의문의 ...","키움에선 타격·주루·퓨처스 수석코치를 거치며 지도자 경험을 쌓았고, 지난 시즌까지는 SSG 랜더스 1군 타격코치를 맡았다. 키움 내에서도 오랜 기간 타격코치로 역할을 했던 강 코치는 임시 타격 총괄을 맡아 타격...",www.spochoo.com,2026-05-21T16:00:00,,ETC,,0.9,,,False,롯데가 한화와의 경기에서 8-2로 승리했다.,전민재;고승민,positive,,true,"롯데 vs 한화 (원정) 8-2 승 | 결승타: 전민재(2회) | 홈런: 전민재3호, 고승민2호 | 타자 키플레이어: 전민재(롯데), 레이예스(롯데), 고승민(롯데) | 투수 키플레이어: 나균안(롯데), 현도훈(롯데), 김종수(한화)"
1791,"""6년 일하고 잘렸다""…강레오 셰프, 대기업 센터장 자리서 내려왔다 [RE...",강레오 셰프는 20일 채널 '스튜디오 룰루랄라'에 공개된 토크 영상에 출연해 지난 2020년부터 오랜 기간 맡아왔던 롯데마트 푸드이노베이션 센터장직에서 물러났다는 사실을 전격 밝혔다. 이날 영상에서 강레오는 동료인...,www.tvreport.co.kr,2026-05-21T15:59:00,,TRANSACTION_CONTRACT,,0.9,,,False,롯데가 한화와의 경기에서 8-2로 승리했다.,전민재;고승민,positive,,true,"롯데 vs 한화 (원정) 8-2 승 | 결승타: 전민재(2회) | 홈런: 전민재3호, 고승민2호 | 타자 키플레이어: 전민재(롯데), 레이예스(롯데), 고승민(롯데) | 투수 키플레이어: 나균안(롯데), 현도훈(롯데), 김종수(한화)"
1792,"관세청 ""방한 성수기, K-캐릭터로 지방관광 매력 뽐낸다""",관세청은 21일 외국인 방한 성수기를 맞아 열리는 대규모 면세점 할인 행사인 '코리아 듀티프리 페스타'와 연계해 롯데면세점 월드타워점 9층에서 'K-공공캐릭터 굿즈 팝업존'을 운영한다고 밝혔다. 21일 서울 롯데면세점...,www.newspim.com,2026-05-21T15:58:00,,ETC,,0.9,,,False,롯데가 한화와의 경기에서 8-2로 승리했다.,전민재;고승민,positive,,true,"롯데 vs 한화 (원정) 8-2 승 | 결승타: 전민재(2회) | 홈런: 전민재3호, 고승민2호 | 타자 키플레이어: 전민재(롯데), 레이예스(롯데), 고승민(롯데) | 투수 키플레이어: 나균안(롯데), 현도훈(롯데), 김종수(한화)"
1793,"'승수 자판기는 옛말' 키움, 1년 전 승패 차 -19서 가을야구 도전자로 변...","키움 히어로즈가 SSG 랜더스를 상대로 이틀 연속 끝내기로 잡아내며 3연승을 질주, 순위 싸움의 불쏘시개로 변신했다. 19~20일 두 경기 모두 김웅빈의 방망이가 결정타였다. 3년간 퓨처스에 머물던 그가 굿바이...",www.maniareport.com,2026-05-21T15:56:00,,ETC,,0.9,,,False,롯데가 한화와의 경기에서 8-2로 승리했다.,전민재;고승민,positive,,true,"롯데 vs 한화 (원정) 8-2 승 | 결승타: 전민재(2회) | 홈런: 전민재3호, 고승민2호 | 타자 키플레이어: 전민재(롯데), 레이예스(롯데), 고승민(롯데) | 투수 키플레이어: 나균안(롯데), 현도훈(롯데), 김종수(한화)"
1794,한화 이글스 초대형 낭보! '대전 예수' KBO 복귀 임박?…휴스턴 감독+단...,한화 이글스에게는 희소식이 될까. '대전 예수'로 불리던 라이언 와이스가 극심한 부진을 보이고 있다. 소속팀인 휴스턴 애스트로스도 현상황에 대해 문제점을 인지하고 있다. 단장까지 교체해야 한다는 지적이 나온다....,www.sportschosun.com,2026-05-21T15:56:00,,INJURY_ROSTER,,1.0,,,False,롯데가 한화와의 경기에서 8-2로 승리했다.,전민재;고승민,positive,,true,"롯데 vs 한화 (원정) 8-2 승 | 결승타: 전민재(2회) | 홈런: 전민재3호, 고승민2호 | 타자 키플레이어: 전민재(롯데), 레이예스(롯데), 고승민(롯데) | 투수 키플레이어: 나균안(롯데), 현도훈(롯데), 김종수(한화)"
1795,"롯데월드 아쿠아리움, 역대급 귀여움 ‘훔불트 펭귄’ 22일 전격 공개",사진ㅣ롯데월드 아쿠아리움 롯데월드 아쿠아리움에 경이로운 새 생명이 찾아왔다. 롯데월드 아쿠아리움은 ‘생물다양성의 날’을 맞아 아쿠아리움에서 자체 부화한 아기 훔볼트 펭귄을 오는 22일부터 관람객들에게 정식...,www.sportsseoul.com,2026-05-21T15:56:00,,ETC,,0.9,,,False,롯데가 한화와의 경기에서 8-2로 승리했다.,전민재;고승민,positive,,true,"롯데 vs 한화 (원정) 8-2 승 | 결승타: 전민재(2회) | 홈런: 전민재3호, 고승민2호 | 타자 키플레이어: 전민재(롯데), 레이예스(롯데), 고승민(롯데) | 투수 키플레이어: 나균안(롯데), 현도훈(롯데), 김종수(한화)"
1796,"'파격 결정' 키움, 이용규 1군 메인 타격코치 선임…김태완 코치 자진 사...","KIA 타이거즈 소속이었던 2006시즌 최다 안타 타이틀을 따낸 것을 비롯해 2008 베이징 올림픽 금메달, 2009 월드베이스볼클래식(WBC) 준우승, 2010 광저우 아시안게임 금메달, 2015 세계야구소프트볼연맹(WBSC) 프리미어12 우승...",www.xportsnews.com,2026-05-21T15:55:00,,ETC,,0.9,,,False,롯데가 한화와의 경기에서 8-2로 승리했다.,전민재;고승민,positive,,true,"롯데 vs 한화 (원정) 8-2 승 | 결승타: 전민재(2회) | 홈런: 전민재3호, 고승민2호 | 타자 키플레이어: 전민재(롯데), 레이예스(롯데), 고승민(롯데) | 투수 키플레이어: 나균안(롯데), 현도훈(롯데), 김종수(한화)"
1797,"무신사 스탠다드, '26 SS 슈퍼세일' 흥행…전년 比 매출 52% 성장","이 외에도 롯데월드몰 잠실점과 아이파크몰 용산점 등 주요 백화점, 쇼핑몰 입점 매장 역시 고객들로 인산인해를 이루며 행사의 열기를 더했다. 내국인뿐만 아니라 외국인 관광객의 수요도 이번 흥행의 강력한 동력으로...",www.ddaily.co.kr,2026-05-21T15:55:00,,ETC,,0.9,,,False,롯데가 한화에 8-2로 승리하며 좋은 성과를 거두었다.,전민재;고승민,positive,,true,"롯데 vs 한화 (원정) 8-2 승 | 결승타: 전민재(2회) | 홈런: 전민재3호, 고승민2호 | 타자 키플레이어: 전민재(롯데), 레이예스(롯데), 고승민(롯데) | 투수 키플레이어: 나균안(롯데), 현도훈(롯데), 김종수(한화)"
1798,"박정우 데뷔 첫 리드오프 선발 출전…'3연승 도전' KIA, 21일 LG전 라인업...",KIA 타이거즈가 3연승 도전에 나선다. 이범호 감독이 이끄는 KIA는 21일 광주-KIA챔피언스필드에서 2026 신한 SOL KBO리그 LG 트윈스와 정규시즌 5차전을 치른다. KIA는 22승21패1무(0.512)로 SSG 랜더스와 공동 4위에 올라 있다....,www.xportsnews.com,2026-05-21T15:54:00,,MATCH_RELATED,,0.9,,,False,롯데가 한화에 8-2로 승리하며 좋은 성과를 거두었다.,전민재;고승민,positive,,true,"롯데 vs 한화 (원정) 8-2 승 | 결승타: 전민재(2회) | 홈런: 전민재3호, 고승민2호 | 타자 키플레이어: 전민재(롯데), 레이예스(롯데), 고승민(롯데) | 투수 키플레이어: 나균안(롯데), 현도훈(롯데), 김종수(한화)"
1799,[스포츠人사이드] 빛나지 않았던 손창환의 시간이 소노의 봄이 되기까지,"프로축구에서는 이정효 수원 삼성 감독과 이영민 부천FC 감독, 프로야구에서는 염경엽 LG 트윈스 감독이 현역 시절의 화려함보다 긴 공부와 치열한 준비로 지도자의 길을 열었다. 프로농구에도 비슷한 얼굴이 있다. 고양...",www.hansbiz.co.kr,2026-05-21T15:54:00,,ETC,,0.9,,,False,롯데가 한화에 8-2로 승리하며 좋은 성과를 거두었다.,전민재;고승민,positive,,true,"롯데 vs 한화 (원정) 8-2 승 | 결승타: 전민재(2회) | 홈런: 전민재3호, 고승민2호 | 타자 키플레이어: 전민재(롯데), 레이예스(롯데), 고승민(롯데) | 투수 키플레이어: 나균안(롯데), 현도훈(롯데), 김종수(한화)"
1800,"두산퓨얼셀, 삼천리ES에 529억 규모 연료전지 공급",21일 금융감독원 전자공시시스템에 따르면 두산퓨얼셀은 삼천리이에스와 연료전지 시스템 공급 계약을 체결했다. 계약 규모는 529억원으로 이는 두산퓨얼셀 최근 매출액(2609억) 대비 20.28% 수준이다. 이번 계약은...,www.ekn.kr,2026-05-21T15:54:00,,TRANSACTION_CONTRACT,,1.0,,,False,롯데가 한화에 8-2로 승리하며 좋은 성과를 거두었다.,전민재;고승민,positive,,true,"롯데 vs 한화 (원정) 8-2 승 | 결승타: 전민재(2회) | 홈런: 전민재3호, 고승민2호 | 타자 키플레이어: 전민재(롯데), 레이예스(롯데), 고승민(롯데) | 투수 키플레이어: 나균안(롯데), 현도훈(롯데), 김종수(한화)"
1801,브룩스를 대신할 새 외인 타자 히우라[포토],"21일 오후 서울 구로구 고척스카이돔에서 열린 '2026 신한 SOL Bank KBO리그' SSG 랜더스와 키움 히어로즈의 경기, 키움 새 외국인 타자 케스턴 히우라가 상견례를 갖고 있다.",www.xportsnews.com,2026-05-21T15:53:00,,ETC,,0.9,,,False,롯데가 한화에 8-2로 승리하며 좋은 성과를 거두었다.,전민재;고승민,positive,,true,"롯데 vs 한화 (원정) 8-2 승 | 결승타: 전민재(2회) | 홈런: 전민재3호, 고승민2호 | 타자 키플레이어: 전민재(롯데), 레이예스(롯데), 고승민(롯데) | 투수 키플레이어: 나균안(롯데), 현도훈(롯데), 김종수(한화)"
1802,6.3지방선거 선거운동 첫날.. 울산 여야 출정식 이어 유세전 돌입,"또, 진보당 울산시당은 롯데백화점 광장에서 출정식을 열어, ""산업도시 울산은 노동자들의 삶을 돌보는 행정을 펼쳐야 한다""며 ""내란청산과 울산 대전환이라는 과제를 해결할 적임자를 선택해 달라""고 밝혔습니다. 이밖에...",news.bbsi.co.kr,2026-05-21T15:52:00,,ETC,,0.9,,,False,롯데가 한화에 8-2로 승리하며 좋은 성과를 거두었다.,전민재;고승민,positive,,true,"롯데 vs 한화 (원정) 8-2 승 | 결승타: 전민재(2회) | 홈런: 전민재3호, 고승민2호 | 타자 키플레이어: 전민재(롯데), 레이예스(롯데), 고승민(롯데) | 투수 키플레이어: 나균안(롯데), 현도훈(롯데), 김종수(한화)"
1803,"'마계 요리사' 김풍 작가, 26일 프로야구 SSG-삼성전 시구",김풍 작가는 26일 오후 6시30분 인천 SSG랜더스필드에서 열리는 2026 신한SOL KBO리그 SSG 랜더스와 삼성 라이온즈 경기에서 시구를 한다. SSG는 이 경기에서 주방가전 브랜드 '닌자'와 함께하는 '닌자 크리스피 데이'를...,www.news1.kr,2026-05-21T15:51:00,,MATCH_RELATED,,0.9,,,False,롯데가 한화에 8-2로 승리하며 좋은 성과를 거두었다.,전민재;고승민,positive,,true,"롯데 vs 한화 (원정) 8-2 승 | 결승타: 전민재(2회) | 홈런: 전민재3호, 고승민2호 | 타자 키플레이어: 전민재(롯데), 레이예스(롯데), 고승민(롯데) | 투수 키플레이어: 나균안(롯데), 현도훈(롯데), 김종수(한화)"
1804,"[IS 고척] 2G 연속 끝내기 안타 김웅빈, SSG전 5번 타자로 전진 매치→주...",키움은 21일 서울 고척 스카이돔에서 열리는 2026 메이저리그(MLB) 정규시즌 SSG 랜더스와의 홈 주중 3연전 3차전에 서건창(2루수) 안치홍(1루수) 임병욱(지명타자) 이형종(우익수) 김웅빈(3루수) 김건희(포수) 임지열...,isplus.com,2026-05-21T15:51:00,,MATCH_RELATED,,0.9,,,False,롯데가 한화에 8-2로 승리하며 좋은 성과를 거두었다.,전민재;고승민,positive,,true,"롯데 vs 한화 (원정) 8-2 승 | 결승타: 전민재(2회) | 홈런: 전민재3호, 고승민2호 | 타자 키플레이어: 전민재(롯데), 레이예스(롯데), 고승민(롯데) | 투수 키플레이어: 나균안(롯데), 현도훈(롯데), 김종수(한화)"
1805,키움 새 외국인 타자 히우라 합류[포토],"21일 오후 서울 구로구 고척스카이돔에서 열린 '2026 신한 SOL Bank KBO리그' SSG 랜더스와 키움 히어로즈의 경기, 키움 새 외국인 타자 케스턴 히우라가 상견례를 갖고 있다.",www.xportsnews.com,2026-05-21T15:51:00,,ETC,,,gpt_missing_index,,False,키움의 새 외국인 타자 히우라가 합류했다.,,neutral,,true,"롯데 vs 한화 (원정) 8-2 승 | 결승타: 전민재(2회) | 홈런: 전민재3호, 고승민2호 | 타자 키플레이어: 전민재(롯데), 레이예스(롯데), 고승민(롯데) | 투수 키플레이어: 나균안(롯데), 현도훈(롯데), 김종수(한화)"
1806,"테팔, 70주년 고객 감사제 실시…""인기 제품 반값""","행사는 네이버와 전국 이마트를 중심으로 롯데마트, 아울렛, 오늘의집, 컬리, 29cm, 11번가 등 주요 온·오프라인 채널에서 순차적으로 진행됩니다. 채널 별 일정은 상이합니다. 이마트에서는 6월 17일까지, 네이버...",biz.sbs.co.kr,2026-05-21T15:50:00,,ETC,,,gpt_missing_index,,False,테팔이 70주년 고객 감사제를 실시한다.,,neutral,,true,"롯데 vs 한화 (원정) 8-2 승 | 결승타: 전민재(2회) | 홈런: 전민재3호, 고승민2호 | 타자 키플레이어: 전민재(롯데), 레이예스(롯데), 고승민(롯데) | 투수 키플레이어: 나균안(롯데), 현도훈(롯데), 김종수(한화)"
1807,"이정선, 광주서 출정식 열어 소통 행보 본격화",이 후보는 이날 출정식 이후 광주 기아챔피언스필드에서 열린 KIA타이거즈와 LG트윈스 홈경기를 찾아 시민들과 인사를 나누며 현장 소통을 이어갈 예정이다. 앞서 이 후보는 이날 오전 7시 30분 백운로터리에서 출근길...,www.fnnews.com,2026-05-21T15:49:00,,ETC,,,gpt_missing_index,,False,이정선 후보가 광주에서 출정식을 열었다.,,neutral,,true,"롯데 vs 한화 (원정) 8-2 승 | 결승타: 전민재(2회) | 홈런: 전민재3호, 고승민2호 | 타자 키플레이어: 전민재(롯데), 레이예스(롯데), 고승민(롯데) | 투수 키플레이어: 나균안(롯데), 현도훈(롯데), 김종수(한화)"
1808,"‘트레이드 성공 조짐?’ 손아섭 2G 연속 3번 중책…두산 라인업 공개, ...",프로야구 두산 베어스는 21일 서울 잠실구장에서 열리는 2026 신한 SOL KBO리그 NC 다이노스와의 시즌 4번째 맞대결을 앞두고 있다. 두산은 NC 선발 토다 나츠키를 맞아 정수빈(중견수) 박찬호(유격수) 손아섭...,www.osen.co.kr,2026-05-21T15:47:00,,TRANSACTION_CONTRACT,,1.0,,,False,손아섭이 두산에서 중책을 맡았다.,손아섭,negative,,true,"롯데 vs 한화 (원정) 8-2 승 | 결승타: 전민재(2회) | 홈런: 전민재3호, 고승민2호 | 타자 키플레이어: 전민재(롯데), 레이예스(롯데), 고승민(롯데) | 투수 키플레이어: 나균안(롯데), 현도훈(롯데), 김종수(한화)"
1809,키움 새 외국인 타자 히우라[포토],"21일 오후 서울 구로구 고척스카이돔에서 열린 '2026 신한 SOL Bank KBO리그' SSG 랜더스와 키움 히어로즈의 경기, 키움 새 외국인 타자 케스턴 히우라가 상견례를 갖고 있다.",www.xportsnews.com,2026-05-21T15:47:00,,ETC,,,gpt_missing_index,,False,키움의 새 외국인 타자 히우라가 상견례를 가졌다.,,neutral,,true,"롯데 vs 한화 (원정) 8-2 승 | 결승타: 전민재(2회) | 홈런: 전민재3호, 고승민2호 | 타자 키플레이어: 전민재(롯데), 레이예스(롯데), 고승민(롯데) | 투수 키플레이어: 나균안(롯데), 현도훈(롯데), 김종수(한화)"
1810,"김민혁·장한재·김서윤·유한나, AG 파견 국가대표 선발전 2차전행","국가대표 선발전 예선 2차전에 안착했다. 대한탁구협회는 지난 20일 충북 진천국가대표선수촌에서 2026... 강동수(삼성생명), 김장원(세아), 여자부 박가현(대한항공), 유예린(포스코인터내셔널), 양하은, 유시우(이상...",www.newsis.com,2026-05-21T15:47:00,,ETC,,,gpt_missing_index,,False,김민혁 등 선수들이 국가대표 선발전 2차전으로 진출했다.,,neutral,,true,"롯데 vs 한화 (원정) 8-2 승 | 결승타: 전민재(2회) | 홈런: 전민재3호, 고승민2호 | 타자 키플레이어: 전민재(롯데), 레이예스(롯데), 고승민(롯데) | 투수 키플레이어: 나균안(롯데), 현도훈(롯데), 김종수(한화)"
1811,울산 지방선거 막 올랐다…여야 후보들 일제히 출정식,"진보당 울산시당은 이날 오전 11시 남구 롯데백화점 광장에서 합동 출정식을 열고 '내란 청산'과 '울산 대전환'을 내세우며 지지를 호소했다. 김종훈 울산시장 후보는 ""산업도시 울산은 부자 도시를 이야기하기 전에...",www.nocutnews.co.kr,2026-05-21T15:47:00,,ETC,,,gpt_missing_index,,False,울산 지방선거 후보들이 출정식을 열었다.,,neutral,,true,"롯데 vs 한화 (원정) 8-2 승 | 결승타: 전민재(2회) | 홈런: 전민재3호, 고승민2호 | 타자 키플레이어: 전민재(롯데), 레이예스(롯데), 고승민(롯데) | 투수 키플레이어: 나균안(롯데), 현도훈(롯데), 김종수(한화)"
1812,키움 히우라 '동료들과 첫 인사'[포토],"21일 오후 서울 구로구 고척스카이돔에서 열린 '2026 신한 SOL Bank KBO리그' SSG 랜더스와 키움 히어로즈의 경기, 키움 새 외국인 타자 케스턴 히우라가 상견례를 갖고 있다.",www.xportsnews.com,2026-05-21T15:46:00,,ETC,,,gpt_missing_index,,False,키움의 히우라가 동료들과 첫 인사를 나눴다.,,neutral,,true,"롯데 vs 한화 (원정) 8-2 승 | 결승타: 전민재(2회) | 홈런: 전민재3호, 고승민2호 | 타자 키플레이어: 전민재(롯데), 레이예스(롯데), 고승민(롯데) | 투수 키플레이어: 나균안(롯데), 현도훈(롯데), 김종수(한화)"
1813,"롯데백화점 잠실점, 샤넬 뷰티 팝업스토어 운영…한정판 향수·기프팅 ...","롯데백화점이 가정의 달을 맞아 잠실점 에비뉴엘 지하 1층에서 '샤넬 뷰티' 팝업스토어를 연다. 행사는 21일부터 31일까지 열리며, 선물 수요가 높은 베스트셀러 제품을 한자리에 모아 소개하고 기간 한정 프리미엄 포장...",www.nextdaily.co.kr,2026-05-21T15:46:00,,ETC,,,gpt_missing_index,,False,롯데가 잠실점에서 샤넬 뷰티 팝업스토어를 운영한다.,전민재;고승민,positive,,true,"롯데 vs 한화 (원정) 8-2 승 | 결승타: 전민재(2회) | 홈런: 전민재3호, 고승민2호 | 타자 키플레이어: 전민재(롯데), 레이예스(롯데), 고승민(롯데) | 투수 키플레이어: 나균안(롯데), 현도훈(롯데), 김종수(한화)"
1814,"KT, Z세대 주도형 캠페인 'YF 민트크루' 론칭",'다줍자' 크루는 6월 말 수원 KT위즈파크에서 야구 응원과 플로깅을 합친 '놀로깅' 활동을 펼치며 건전한 팬덤 문화 확산에 나선다. 지역 경제 활성화를 목표로 하는 '와이웨이' 크루는 평창 일대를 달리는 런트립을...,www.businesskorea.co.kr,2026-05-21T15:44:00,,ETC,,0.9,,,False,KT가 Z세대 주도형 캠페인을 론칭한다.,전민재;고승민,positive,,true,"롯데 vs 한화 (원정) 8-2 승 | 결승타: 전민재(2회) | 홈런: 전민재3호, 고승민2호 | 타자 키플레이어: 전민재(롯데), 레이예스(롯데), 고승민(롯데) | 투수 키플레이어: 나균안(롯데), 현도훈(롯데), 김종수(한화)"
1815,"1300만 향하는 프로야구, 지원금 줄이고 자생력 키우고","지난달 금융감독원 전자공시시스템에 올라온 2025년도 감사보고서에서 10개 구단 중 5개 구단이 영업이익 흑자를 냈다. 롯데(165억6000만원), 두산(87억1000만원), 키움(85억1000만원), SSG(49억3000만원), NC(4억7000만원)가...",www.hansbiz.co.kr,2026-05-21T15:42:00,,CLUB_OPERATION,,0.9,,,False,롯데가 영업이익 흑자를 기록하며 자생력을 키운다.,전민재;고승민,positive,,true,"롯데 vs 한화 (원정) 8-2 승 | 결승타: 전민재(2회) | 홈런: 전민재3호, 고승민2호 | 타자 키플레이어: 전민재(롯데), 레이예스(롯데), 고승민(롯데) | 투수 키플레이어: 나균안(롯데), 현도훈(롯데), 김종수(한화)"
1816,"대전한화생명볼파크 스카이박스 사유화 의혹 ""언론인 포함 여부 이용자...","한편, 지난 19일 지역 언론사인 <디트뉴스24>는 '이장우 대전시장, 한화야구장 스카이박스 사유화 논란'이라는 제목의 단독 보도를 통해, 한화이글스 구단이 연간 약 1억 원 상당의 스카이박스 시즌권을 대전사랑시민협의회를...",www.goodmorningcc.com,2026-05-21T15:38:00,,ETC,,0.9,,,False,한화의 스카이박스 사유화 의혹이 제기되었다.,,neutral,,true,"롯데 vs 한화 (원정) 8-2 승 | 결승타: 전민재(2회) | 홈런: 전민재3호, 고승민2호 | 타자 키플레이어: 전민재(롯데), 레이예스(롯데), 고승민(롯데) | 투수 키플레이어: 나균안(롯데), 현도훈(롯데), 김종수(한화)"
1817,"[백화점산책] 롯데백화점 대전점, '얼리 썸머 프로모션'","롯데백화점 대전점이 패션의류부터 시즌 잡화, 침구 상품까지 이른 여름 준비를 위한 다양한 프로모션을 선보인다. 이와 함께 메이크업쇼 등 백화점 방문 고객들을 위한 다채로운 이벤트도 함께 마련했다. 먼저 여름...",www.ggilbo.com,2026-05-21T15:38:00,,ETC,,0.9,,,False,롯데백화점 대전점이 얼리 썸머 프로모션을 진행한다.,전민재;고승민,positive,,true,"롯데 vs 한화 (원정) 8-2 승 | 결승타: 전민재(2회) | 홈런: 전민재3호, 고승민2호 | 타자 키플레이어: 전민재(롯데), 레이예스(롯데), 고승민(롯데) | 투수 키플레이어: 나균안(롯데), 현도훈(롯데), 김종수(한화)"
1818,"롯데월드 아쿠아리움, 생물다양성의 날 맞아 아기 펭귄 선봬",롯데월드 아쿠아리움은 '생물다양성의 날'을 맞아 훔볼트 펭귄 '펭돌'(수컷·14세)과 '펭순'(암컷·18세) 사이에서 태어난 아기 펭귄을 오는 22일부터 일반 관람객들에게 공개한다고 21일 밝혔다. 지난 2월 부화한 아기 펭귄은...,www.dailysmart.co.kr,2026-05-21T15:36:00,,ETC,,0.9,,,False,롯데월드 아쿠아리움에서 아기 펭귄을 공개한다.,,neutral,,true,"롯데 vs 한화 (원정) 8-2 승 | 결승타: 전민재(2회) | 홈런: 전민재3호, 고승민2호 | 타자 키플레이어: 전민재(롯데), 레이예스(롯데), 고승민(롯데) | 투수 키플레이어: 나균안(롯데), 현도훈(롯데), 김종수(한화)"
1819,"롯데건설, 성수4지구 입찰보증금 현금 완납⋯“랜드마크 조성”","롯데건설은 앞선 입찰에서 최고층 빌딩인 롯데월드타워를 함께 만든 세계적 구조설계 전문업체 ‘레라(LERA)’와 손을 잡으며 기술적 우위를 강조했다. 레라는 미국 뉴욕 세계무역센터, 두바이 에미리트타워 등...",www.etoday.co.kr,2026-05-21T15:36:00,,ETC,,0.9,,,False,롯데건설이 성수4지구 입찰보증금을 완납했다.,,neutral,,true,"롯데 vs 한화 (원정) 8-2 승 | 결승타: 전민재(2회) | 홈런: 전민재3호, 고승민2호 | 타자 키플레이어: 전민재(롯데), 레이예스(롯데), 고승민(롯데) | 투수 키플레이어: 나균안(롯데), 현도훈(롯데), 김종수(한화)"
1820,"줄어든 QS, 다승 부문 혼전… 특급 선발투수 없나요","아리엘 후라도(삼성)는 올 시즌 가장 많은 QS(9회)를 기록 중이나 2승에 머물고 있다. 핵심 선발 자원들의 부상이 도드라지는 시즌이다. SSG는 베테랑 김광현이 어깨를 다쳐 시즌 진입에 실패했고, 1선발 미치...",www.kmib.co.kr,2026-05-21T15:35:00,,INJURY_ROSTER,,1.0,,,False,선발투수 부상으로 다승 부문 혼전이 이어진다.,,neutral,,true,"롯데 vs 한화 (원정) 8-2 승 | 결승타: 전민재(2회) | 홈런: 전민재3호, 고승민2호 | 타자 키플레이어: 전민재(롯데), 레이예스(롯데), 고승민(롯데) | 투수 키플레이어: 나균안(롯데), 현도훈(롯데), 김종수(한화)"
1821,"구리유통종합시장, 625평 채운다","구리유통종합시장은 롯데마트·다이소 등 대형 판매시설을 비롯해 행정복지센터, 장애인 단체, 의원·약국·자동차 정비소, 축산·가공식품·푸드코트 등이 집적된 구리시 최대 유통시설이다. 구리 시민뿐 아니라 인근...",www.tournews21.com,2026-05-21T15:34:00,,ETC,,1.0,,,False,롯데가 한화와의 경기에서 8-2로 승리했다.,전민재;고승민,positive,,true,"롯데 vs 한화 (원정) 8-2 승 | 결승타: 전민재(2회) | 홈런: 전민재3호, 고승민2호 | 타자 키플레이어: 전민재(롯데), 레이예스(롯데), 고승민(롯데) | 투수 키플레이어: 나균안(롯데), 현도훈(롯데), 김종수(한화)"
1822,"키움, 이용규 1군 타격코치 선임",▲ 키움 이용규 프로야구 키움 히어로즈가 최근 일신상의 이유로 사임한 김태완 1군 타격코치 자리에 이용규 플레잉코치를 앉혔습니다. 키움 구단은 오늘(21일) 이 코치가 앞으로 플레잉 타격코치로 1군 타격을 담당하기로...,news.sbs.co.kr,2026-05-21T15:33:00,,TRANSACTION_CONTRACT,,0.9,,,False,롯데가 한화와의 경기에서 8-2로 승리했다.,전민재;고승민,positive,,true,"롯데 vs 한화 (원정) 8-2 승 | 결승타: 전민재(2회) | 홈런: 전민재3호, 고승민2호 | 타자 키플레이어: 전민재(롯데), 레이예스(롯데), 고승민(롯데) | 투수 키플레이어: 나균안(롯데), 현도훈(롯데), 김종수(한화)"
1823,"[AI프리뷰] 21일 광주 KIA-LG전, 하루 쉰 KIA '뜨거운 타격감' 이어갈지","2026 KBO 리그 KIA 타이거즈 vs LG 트윈스 광주 경기 분석 (5월 21일) 5월 21일 오후 6시 30분, 광주 기아챔피언스필드에서 KIA 타이거즈와 LG 트윈스가 맞붙는다. 선발 투수는 KIA 제임스 네일, LG 요니 치리노스로 예고됐다....",www.newspim.com,2026-05-21T15:32:00,,MATCH_RELATED,,0.9,,,False,롯데가 한화와의 경기에서 8-2로 승리했다.,전민재;고승민,positive,,true,"롯데 vs 한화 (원정) 8-2 승 | 결승타: 전민재(2회) | 홈런: 전민재3호, 고승민2호 | 타자 키플레이어: 전민재(롯데), 레이예스(롯데), 고승민(롯데) | 투수 키플레이어: 나균안(롯데), 현도훈(롯데), 김종수(한화)"
1824,"품절 대란 향수가 한자리에…롯데百, 잠실점서 ‘샤넬 뷰티’ 팝업",단독 포장 서비스·문진 증정 혜택 인더뉴스 문정태 기자ㅣ롯데백화점은 오는 31일까지 잠실점 에비뉴엘 지하 1층에서 프랑스 브랜드 ‘샤넬 뷰티(CHANEL Beauty)’의 팝업스토어를 진행한다고 21일 밝혔습니다. 이번 행사는...,www.inthenews.co.kr,2026-05-21T15:32:00,,ETC,,1.0,,,False,롯데가 한화와의 경기에서 8-2로 승리했다.,전민재;고승민,positive,,true,"롯데 vs 한화 (원정) 8-2 승 | 결승타: 전민재(2회) | 홈런: 전민재3호, 고승민2호 | 타자 키플레이어: 전민재(롯데), 레이예스(롯데), 고승민(롯데) | 투수 키플레이어: 나균안(롯데), 현도훈(롯데), 김종수(한화)"
1825,20년째 허허벌판 '송도 노른자위' 국제업무단지,"업계에서는 10년 넘도록 준공하지 못한 롯데몰, 신세계백화점 등은 일정 규모 인구가 뒷받침돼야 가능하다고 보고 있다. 3월 말 기준 송도 인구는 23만명 수준이다. 2030년 인구 목표치는 26만명가량이다. IBD 내 오래도록...",www.hankyung.com,2026-05-21T15:32:00,,ETC,,,gpt_missing_index,,False,롯데가 한화와의 경기에서 8-2로 승리했다.,전민재;고승민,positive,,true,"롯데 vs 한화 (원정) 8-2 승 | 결승타: 전민재(2회) | 홈런: 전민재3호, 고승민2호 | 타자 키플레이어: 전민재(롯데), 레이예스(롯데), 고승민(롯데) | 투수 키플레이어: 나균안(롯데), 현도훈(롯데), 김종수(한화)"
1826,'힐스테이트 시흥더클래스' 시흥대야역 역세권 430가구 분양,"롯데마트, 스타필드시티, 신천연합병원 등 쇼핑·의료시설이 주변에 위치해 생활 편의성이 높고, 시흥ABC행복학습타운, 은계1어울림센터, 은계호수공원, 소래산산림욕장 등이 가까워 문화·여가와 휴식을 누리기에도...",www.finomy.com,2026-05-21T15:32:00,,ETC,,1.0,,,False,롯데가 한화와의 경기에서 8-2로 승리했다.,전민재;고승민,positive,,true,"롯데 vs 한화 (원정) 8-2 승 | 결승타: 전민재(2회) | 홈런: 전민재3호, 고승민2호 | 타자 키플레이어: 전민재(롯데), 레이예스(롯데), 고승민(롯데) | 투수 키플레이어: 나균안(롯데), 현도훈(롯데), 김종수(한화)"
1827,와일드카드·병역·팀 안배·아마추어 선발까지…류지현호 AG 대표팀 선...,2026 아이치·나고야 아시안게임 야구 대표팀 최종 선발을 앞두고 대한야구소프트볼협회(KBSA)와 KBO가 막바지... 만약 투수를 뽑는다면 원태인(삼성)과 곽빈(두산)이 유력하다. 두 선수 모두 풍부한 국제대회 경험을 갖춘...,www.spochoo.com,2026-05-21T15:30:00,,ETC,,,gpt_missing_index,,False,롯데가 한화와의 경기에서 8-2로 승리했다.,전민재;고승민,positive,,true,"롯데 vs 한화 (원정) 8-2 승 | 결승타: 전민재(2회) | 홈런: 전민재3호, 고승민2호 | 타자 키플레이어: 전민재(롯데), 레이예스(롯데), 고승민(롯데) | 투수 키플레이어: 나균안(롯데), 현도훈(롯데), 김종수(한화)"
1828,"'무려 10주 연속' 이강인, 스타랭킹 1위 사수... 김도영·허웅까지 제쳤...",이로써 이강인은 프로야구의 김도영(23·KIA 타이거즈)을 다시 한번 제치고 스타랭킹 47차 정상에 올랐다. 이강인은 지난 38차 투표부터 시작해 어느덧 10주 연속 1위라는 대기록을 이어가게 됐다. 최근 소속팀 파리...,www.starnewskorea.com,2026-05-21T15:28:00,,ETC,,,gpt_missing_index,,False,롯데가 한화와의 경기에서 8-2로 승리했다.,전민재;고승민,positive,,true,"롯데 vs 한화 (원정) 8-2 승 | 결승타: 전민재(2회) | 홈런: 전민재3호, 고승민2호 | 타자 키플레이어: 전민재(롯데), 레이예스(롯데), 고승민(롯데) | 투수 키플레이어: 나균안(롯데), 현도훈(롯데), 김종수(한화)"
1829,"구리시, 유통종합시장 장마철 누수 예방","롯데마트와 다이소를 비롯해 동구동 행정복지센터, 구리시 장애인 단체, 의원·약국·한의원, 자동차 정비소, 축산·가공식품 점포와 푸드코트 등이 운영되고 있다. 이 시설은 구리 시민뿐 아니라 인근 지역 이용객도 찾는...",www.newstnt.com,2026-05-21T15:28:00,,ETC,,1.0,,,False,롯데가 한화에 8-2로 승리하며 좋은 성과를 거두었다.,전민재;고승민,positive,,true,"롯데 vs 한화 (원정) 8-2 승 | 결승타: 전민재(2회) | 홈런: 전민재3호, 고승민2호 | 타자 키플레이어: 전민재(롯데), 레이예스(롯데), 고승민(롯데) | 투수 키플레이어: 나균안(롯데), 현도훈(롯데), 김종수(한화)"
1830,"방수포 사라진 광주, 부슬비는 말랐고 → 마운드 정비 한창…네일vs치리...","21일 광주 기아챔피언스필드에서는 KIA 타이거즈와 LG 트윈스의 주중시리즈 3차전이 열린다. 전날은 하루종일 장대비가 내리는 통에 경기가 취소됐다, 비교적 이른 시간, 오후 4시를 넘어선 시간에 취소가 확정됐고...",www.sportschosun.com,2026-05-21T15:27:00,,ETC,,,gpt_missing_index,,False,롯데가 한화에 8-2로 승리하며 좋은 성과를 거두었다.,전민재;고승민,positive,,true,"롯데 vs 한화 (원정) 8-2 승 | 결승타: 전민재(2회) | 홈런: 전민재3호, 고승민2호 | 타자 키플레이어: 전민재(롯데), 레이예스(롯데), 고승민(롯데) | 투수 키플레이어: 나균안(롯데), 현도훈(롯데), 김종수(한화)"
1831,"김기현 키움투자자산운용 대표 ""ETF로 자산 형성부터 노후까지 책임질 ...","이에 맞춰 키움운용도 ETF 중심의 체질 전환에 나섰다. 기존 ‘KOSEF’와 ‘히어로즈’ 브랜드를 ‘KIWOOM’으로 통합하고 ETF 전문 인력을 대거 영입했으며, ETF솔루션팀을 신설해 포트폴리오 설계 역량 강화에 집중하고...",www.hankyung.com,2026-05-21T15:26:00,,ETC,,1.0,,,False,롯데가 한화에 8-2로 승리하며 좋은 성과를 거두었다.,전민재;고승민,positive,,true,"롯데 vs 한화 (원정) 8-2 승 | 결승타: 전민재(2회) | 홈런: 전민재3호, 고승민2호 | 타자 키플레이어: 전민재(롯데), 레이예스(롯데), 고승민(롯데) | 투수 키플레이어: 나균안(롯데), 현도훈(롯데), 김종수(한화)"
1832,"민주당 ""스카이박스 수사 필요""vs 대전시민협의회·이장우 측 법적 대응","이어 민주당 대전시당 법률지원단 공동단장인 채경준 변호사는 ""언론 보도 등에 따르면 한화이글스 구단이 2025년부터 2029년까지 스카이박스 연간 이용권을 대전사랑시민협의회에 제공했고, 이용권에는 '대전광역시...",www.goodmorningcc.com,2026-05-21T15:26:00,,ETC,,,gpt_missing_index,,False,롯데가 한화에 8-2로 승리하며 좋은 성과를 거두었다.,전민재;고승민,positive,,true,"롯데 vs 한화 (원정) 8-2 승 | 결승타: 전민재(2회) | 홈런: 전민재3호, 고승민2호 | 타자 키플레이어: 전민재(롯데), 레이예스(롯데), 고승민(롯데) | 투수 키플레이어: 나균안(롯데), 현도훈(롯데), 김종수(한화)"
1833,"류현진·이정후도 이겨냈다! '시즌 아웃' 문동주, 선배들 발자취 따라 '...","결국 지난 2일 삼성 라이온즈전 선발 등판에서도 1회를 채 마치지 못한 채 통증으로 마운드를 내려갔고, 이후 정밀 검진 결과 어깨 관절와순 손상 진단을 받으며 사실상 시즌 아웃 판정을 받았다. 올 시즌 6경기(24⅓이닝)...",mhnse.com,2026-05-21T15:25:00,,ETC,,,gpt_missing_index,,False,롯데가 한화에 8-2로 승리하며 좋은 성과를 거두었다.,전민재;고승민,positive,,true,"롯데 vs 한화 (원정) 8-2 승 | 결승타: 전민재(2회) | 홈런: 전민재3호, 고승민2호 | 타자 키플레이어: 전민재(롯데), 레이예스(롯데), 고승민(롯데) | 투수 키플레이어: 나균안(롯데), 현도훈(롯데), 김종수(한화)"
1834,"[AI프리뷰] 21일 포항 삼성-KT전, 삼성 하늘이 돕나...전날 우취에 후라...","2026 KBO 리그 삼성 라이온즈 vs KT 위즈 포항 경기 분석 (5월 21일) 5월 21일 오후 6시 30분, 포항야구장에서 삼성 라이온즈와 KT 위즈가 맞대결을 펼친다. 선발 투수는 삼성 후라도, KT 오원석으로 예고됐다. 지난 19일...",www.newspim.com,2026-05-21T15:23:00,,ETC,,,gpt_missing_index,,False,롯데가 한화에 8-2로 승리하며 좋은 성과를 거두었다.,전민재;고승민,positive,,true,"롯데 vs 한화 (원정) 8-2 승 | 결승타: 전민재(2회) | 홈런: 전민재3호, 고승민2호 | 타자 키플레이어: 전민재(롯데), 레이예스(롯데), 고승민(롯데) | 투수 키플레이어: 나균안(롯데), 현도훈(롯데), 김종수(한화)"
1835,"키움, 김태완 사임→이용규 타격코치…투수 이어 타격도 '총괄 체제' 전...","송승은 기자┃프로야구 키움 히어로즈가 1군 타격 파트에 변화를 꾀했다. 김태완 1군 타격코치 사임으로 생긴 공백을 이용규 플레잉코치가 메운다. 키움 구단은 21일 ""김태완 1군 타격코치가 일신상의 사유로 자진...",www.stnsports.co.kr,2026-05-21T15:23:00,,ETC,,,gpt_missing_index,,False,롯데가 한화에 8-2로 승리하며 좋은 성과를 거두었다.,전민재;고승민,positive,,true,"롯데 vs 한화 (원정) 8-2 승 | 결승타: 전민재(2회) | 홈런: 전민재3호, 고승민2호 | 타자 키플레이어: 전민재(롯데), 레이예스(롯데), 고승민(롯데) | 투수 키플레이어: 나균안(롯데), 현도훈(롯데), 김종수(한화)"
1836,"키움 이용규 플레잉 코치, 1군 타격 파트 맡는다…강병식 수석은 임시 ...",이용규 키움 히어로즈 플레잉 코치가 1군 타격 파트를 책임진다. 키움은 “타격 파트 코치진을 개편한다”고 21일 밝혔다. 기존 김태완 1군 타격코치는 최근 일신상의 이유로 자진 사퇴 의사를 밝혔다. 키움은 이를...,www.mk.co.kr,2026-05-21T15:17:00,,ETC,,0.9,,,False,롯데가 한화에 8-2로 승리하며 좋은 성과를 거두었다.,전민재;고승민,positive,,true,"롯데 vs 한화 (원정) 8-2 승 | 결승타: 전민재(2회) | 홈런: 전민재3호, 고승민2호 | 타자 키플레이어: 전민재(롯데), 레이예스(롯데), 고승민(롯데) | 투수 키플레이어: 나균안(롯데), 현도훈(롯데), 김종수(한화)"
1837,"KT, 대학생 오프라인 캠페인 'YF 민트크루' 모집…환경·문화·지역 주제...","'다줍자' 크루는 야구 응원과 플로깅을 결합한 '놀로깅' 활동으로 20대 야구 팬덤 문화의 긍정적 확산을 꾀하며, 6월 말 수원 KT위즈파크에서 진행된다. '와이웨이(런트립)' 크루는 평창 일대를 러닝으로 탐방하며 지역...",www.nextdaily.co.kr,2026-05-21T15:16:00,,ETC,,0.9,,,False,KT가 대학생 오프라인 캠페인을 모집합니다.,,positive,,true,"롯데 vs 한화 (원정) 8-2 승 | 결승타: 전민재(2회) | 홈런: 전민재3호, 고승민2호 | 타자 키플레이어: 전민재(롯데), 레이예스(롯데), 고승민(롯데) | 투수 키플레이어: 나균안(롯데), 현도훈(롯데), 김종수(한화)"
1838,"뭉클하다, 문동주에게 달린 이 많은 댓글이…""다시 행복하게 던질 수 있...","문동주는 지난 2일 삼성 라이온즈전에 선발 등판해 ⅔이닝 1실점을 기록한 채 갑작스레 교체됐다. 경기 전부터 어깨 상태가 좋지 않았고, 통증이 커 투구를 이어가기 어렵다고 판단했다. 국내 병원 두 곳에서 어깨 정밀...",www.spotvnews.co.kr,2026-05-21T15:15:00,,INJURY_ROSTER,,0.9,,,False,문동주가 어깨 통증으로 교체되었습니다.,문동주,positive,,true,"롯데 vs 한화 (원정) 8-2 승 | 결승타: 전민재(2회) | 홈런: 전민재3호, 고승민2호 | 타자 키플레이어: 전민재(롯데), 레이예스(롯데), 고승민(롯데) | 투수 키플레이어: 나균안(롯데), 현도훈(롯데), 김종수(한화)"
1839,"'군체' 전지현, 여신의 친절한 팬서비스[MHN영상]","배우 전지현이 지난 21일 오후 서울 송파구 롯데시네마 월드타워에서 진행된 영화 ‘군체’ VIP 시사회에 참석해 포토타임을 갖고 있다. 연상호 감독의 신작 ‘군체’는 정체불명의 감염사태로 봉쇄된 건물 안, 고립된...",mhnse.com,2026-05-21T15:15:00,,ETC,,0.9,,,False,전지현이 영화 시사회에 참석했습니다.,,positive,,true,"롯데 vs 한화 (원정) 8-2 승 | 결승타: 전민재(2회) | 홈런: 전민재3호, 고승민2호 | 타자 키플레이어: 전민재(롯데), 레이예스(롯데), 고승민(롯데) | 투수 키플레이어: 나균안(롯데), 현도훈(롯데), 김종수(한화)"
1840,"엔시티 위시 시온, 기아 타이거즈 ‘승요’ 재도전",시온은 기아 구단 공식 계정을 통해 “작년에 이어 올해도 항상 응원하는 팀인 KIA 타이거즈의 시구를 하게 되어 영광이고 감사하다”며 “올해는 꼭 승리해서 승리 요정이 될 수 있도록 팬들과 함께 힘차게...,www.bntnews.co.kr,2026-05-21T15:10:00,,ETC,,0.9,,,False,시온이 기아 타이거즈의 시구를 맡았습니다.,,positive,,true,"롯데 vs 한화 (원정) 8-2 승 | 결승타: 전민재(2회) | 홈런: 전민재3호, 고승민2호 | 타자 키플레이어: 전민재(롯데), 레이예스(롯데), 고승민(롯데) | 투수 키플레이어: 나균안(롯데), 현도훈(롯데), 김종수(한화)"
1841,"[금주의 핫뉴스] 수술 마친 문동주, 복귀 향한 장기 재활 시동 “허투루...",사진=한화이글스 제공 이제는 자신과의 싸움이다. 한국 야구의 미래를 이끌어 갈 에이스 문동주(한화)가 수술을 마치고 재활에 돌입한다. 프로야구 한화에 따르면 문동주가 미국에서 우측 어깨 관절와순 봉합 수술을...,www.sportsworldi.com,2026-05-21T15:10:00,,INJURY_ROSTER,,1.0,,,False,문동주가 수술 후 재활에 들어갔습니다.,문동주,positive,,true,"롯데 vs 한화 (원정) 8-2 승 | 결승타: 전민재(2회) | 홈런: 전민재3호, 고승민2호 | 타자 키플레이어: 전민재(롯데), 레이예스(롯데), 고승민(롯데) | 투수 키플레이어: 나균안(롯데), 현도훈(롯데), 김종수(한화)"
1842,"롯데건설, 성수4지구 입찰보증금 500억 하루 앞당겨 완납…""수주 의지 표...","롯데월드타워 시공 경험과 르엘 브랜드, DCA의 설계 역량을 결합해 성수4지구를 대한민국 대표 랜드마크 단지로 조성하겠다는 구상이다. 성수4지구 재개발은 서울 성동구 성수동2가 일대에 지하 5층~지상 최고 64층 규모...",www.financialpost.co.kr,2026-05-21T15:06:00,,ETC,,1.0,,,False,롯데건설이 성수4지구 입찰보증금을 완납했습니다.,,positive,,true,"롯데 vs 한화 (원정) 8-2 승 | 결승타: 전민재(2회) | 홈런: 전민재3호, 고승민2호 | 타자 키플레이어: 전민재(롯데), 레이예스(롯데), 고승민(롯데) | 투수 키플레이어: 나균안(롯데), 현도훈(롯데), 김종수(한화)"
1843,[6·3울산]지방선거 공식 선거운동 돌입…후보들 빗속 출정식,"진보당 울산시당은 이날 오전 11시 남구 롯데백화점 앞에서 김종훈 울산시장 후보 등 전체 후보자들과 함께 합동 출정식을 열었다. 김종훈 후보는 ""능력도, 실력도, 역량도 준비된 사람, 제대로 일할 사람은 김종훈이다""며...",www.newsis.com,2026-05-21T15:05:00,,ETC,,0.9,,,False,울산시당이 출정식을 열었습니다.,,positive,,true,"롯데 vs 한화 (원정) 8-2 승 | 결승타: 전민재(2회) | 홈런: 전민재3호, 고승민2호 | 타자 키플레이어: 전민재(롯데), 레이예스(롯데), 고승민(롯데) | 투수 키플레이어: 나균안(롯데), 현도훈(롯데), 김종수(한화)"
1844,"민형배, 공식 선거운동 첫날부터 투표율·지지세 확산 총력전",전남광주통합특별시장 후보와 전남광주를 시민주권 민주주의의 선도 모델로 만들겠다는 공동 선언문을 발표할 예정이다. 이어 저녁에는 광산구 수완동 국민은행사거리와 첨단 롯데마트 일원에서 골목 거리유세에 나선다.,www.fnnews.com,2026-05-21T15:04:00,,ETC,,0.9,,,False,민형배가 선거운동을 시작했습니다.,,positive,,true,"롯데 vs 한화 (원정) 8-2 승 | 결승타: 전민재(2회) | 홈런: 전민재3호, 고승민2호 | 타자 키플레이어: 전민재(롯데), 레이예스(롯데), 고승민(롯데) | 투수 키플레이어: 나균안(롯데), 현도훈(롯데), 김종수(한화)"
1845,"20년 만의 2,000세대 대단지 '창원 한신더휴 메가센텀' 마산 주거 지형 ...","단지 앞 하나로마트를 비롯해 반경 2km 이내에 북마산중앙시장, 산호시장, 마산어시장 등 전통시장과 신세계백화점(마산점), 홈플러스(마산점), 롯데마트(양덕점) 등이 있어 차량 이용 시 10분 이내로 이동이 가능하며...",www.ikld.kr,2026-05-21T15:04:00,,ETC,,0.9,,,False,롯데가 한화와의 경기에서 8-2로 승리했다.,전민재;고승민,positive,,true,"롯데 vs 한화 (원정) 8-2 승 | 결승타: 전민재(2회) | 홈런: 전민재3호, 고승민2호 | 타자 키플레이어: 전민재(롯데), 레이예스(롯데), 고승민(롯데) | 투수 키플레이어: 나균안(롯데), 현도훈(롯데), 김종수(한화)"
1846,"최하위 키움의 반전, 불펜 앞세워 가을야구 도전권","올해는 20일 현재 공동 1위 삼성 라이온즈·kt wiz와 8경기 차, 공동 4위 SSG·KIA 타이거즈와 4.5경기 차로 줄었다. 가장 달라진 부분은 불펜이다. 베테랑 원종현 씨를 중심으로 2년 차 좌완 박정훈 씨, 3년 만에 1군에서...",www.ppss.kr,2026-05-21T15:03:00,,ETC,,,gpt_missing_index,,False,롯데가 한화와의 경기에서 8-2로 승리했다.,전민재;고승민,positive,,true,"롯데 vs 한화 (원정) 8-2 승 | 결승타: 전민재(2회) | 홈런: 전민재3호, 고승민2호 | 타자 키플레이어: 전민재(롯데), 레이예스(롯데), 고승민(롯데) | 투수 키플레이어: 나균안(롯데), 현도훈(롯데), 김종수(한화)"
1847,“(문)보경이 빠르면 5월말 대타 가능” LG 숨통 트는 희소식…염갈량 ...,"염경엽 감독은 20일 광주 KIA 타이거즈전이 비로 취소되자 위와 같이 밝혔다. 그는 “대타부터 시작하면, 경기에 정상적으로 나가는 것은 6월이 돼야 할 것 같다”라고 했다. 그러면서 염경엽 감독은 쓴웃음을 짓더니...",www.mydaily.co.kr,2026-05-21T15:00:00,,ETC,,,gpt_missing_index,,False,롯데가 한화와의 경기에서 8-2로 승리했다.,전민재;고승민,positive,,true,"롯데 vs 한화 (원정) 8-2 승 | 결승타: 전민재(2회) | 홈런: 전민재3호, 고승민2호 | 타자 키플레이어: 전민재(롯데), 레이예스(롯데), 고승민(롯데) | 투수 키플레이어: 나균안(롯데), 현도훈(롯데), 김종수(한화)"
1848,민형배 특별시장 후보 양동시장 첫 공식 선거운동,저녁에는 광산구 수완동 국민은행사거리와 첨단 롯데마트 일원에서 골목 거리유세에 나섰다. 선거운동 첫날부터 지지층 결집과 투표율 제고를 위해 총력전을 펼치고 있는 민 후보는 남은 선거 기간 전남과 광주를 잇는...,www.nocutnews.co.kr,2026-05-21T15:00:00,,ETC,,,gpt_missing_index,,False,롯데가 한화와의 경기에서 8-2로 승리했다.,전민재;고승민,positive,,true,"롯데 vs 한화 (원정) 8-2 승 | 결승타: 전민재(2회) | 홈런: 전민재3호, 고승민2호 | 타자 키플레이어: 전민재(롯데), 레이예스(롯데), 고승민(롯데) | 투수 키플레이어: 나균안(롯데), 현도훈(롯데), 김종수(한화)"
1849,"다이소 참전, 유통업계 배송전쟁 점입가경","롯데마트의 전략은 다르다. 배송 구조 자체를 바꾸는 쪽에 베팅했다. 식료품 전용 앱 '롯데마트 제타'로 전국 점포 기반 배송을 운영 중이며, 올해 8월 부산에 오카도 시스템을 적용한 자동화 물류센터를 가동할...",www.sportsq.co.kr,2026-05-21T14:58:00,,ETC,,,gpt_missing_index,,False,롯데가 한화와의 경기에서 8-2로 승리했다.,전민재;고승민,positive,,true,"롯데 vs 한화 (원정) 8-2 승 | 결승타: 전민재(2회) | 홈런: 전민재3호, 고승민2호 | 타자 키플레이어: 전민재(롯데), 레이예스(롯데), 고승민(롯데) | 투수 키플레이어: 나균안(롯데), 현도훈(롯데), 김종수(한화)"
1850,"""울산 도약, 우리가 적임자""…정당별 출정식서 지지 호소",진보당 울산시당은 오전 11시 윤석열 퇴진 촛불집회가 열렸던 롯데백화점 광장에서 출정식을 열었다. 진보당은 '내란 청산'과 '울산 대전환'이라는 과제를 해결할 적임자가 되겠다며 지지를 당부했다. 김종훈 울산시장...,www.yna.co.kr,2026-05-21T14:54:00,,ETC,,1.0,,,False,롯데가 한화와의 경기에서 8-2로 승리했다.,전민재;고승민,positive,,true,"롯데 vs 한화 (원정) 8-2 승 | 결승타: 전민재(2회) | 홈런: 전민재3호, 고승민2호 | 타자 키플레이어: 전민재(롯데), 레이예스(롯데), 고승민(롯데) | 투수 키플레이어: 나균안(롯데), 현도훈(롯데), 김종수(한화)"
1851,"송성문 경쟁자였는데…SD 미란다, 빅리그 콜업 없이 팀 떠난다 '방출 통...","지난 시즌 키움 히어로즈 소속으로 KBO리그 3루수 골든글러브를 수상한 송성문은 포스팅 시스템(비공개 경쟁입찰)으로 MLB 문을 노크, 샌디에이고와 4년, 1500만 달러(226억원)에 계약하며 꿈을 이뤘다.",isplus.com,2026-05-21T14:52:00,,TRANSACTION_CONTRACT,,1.0,,,False,롯데가 한화와의 경기에서 8-2로 승리했다.,전민재;고승민,positive,,true,"롯데 vs 한화 (원정) 8-2 승 | 결승타: 전민재(2회) | 홈런: 전민재3호, 고승민2호 | 타자 키플레이어: 전민재(롯데), 레이예스(롯데), 고승민(롯데) | 투수 키플레이어: 나균안(롯데), 현도훈(롯데), 김종수(한화)"
1852,"롯데건설, 성수4지구 입찰보증금 500억 선납...수주 의지 '정조준'",특히 롯데월드타워 시공을 통해 축적한 초고층 빌딩 건설 노하우를 이번 프로젝트에 쏟아붓는다. 한강 조망권을 극대화한 설계와 첨단 공법을 적용해 성수동 일대의 스카이라인을 재편하는 랜드마크를 완성하겠다는...,www.businesskorea.co.kr,2026-05-21T14:52:00,,ETC,,,gpt_missing_index,,False,롯데가 한화와의 경기에서 8-2로 승리했다.,전민재;고승민,positive,,true,"롯데 vs 한화 (원정) 8-2 승 | 결승타: 전민재(2회) | 홈런: 전민재3호, 고승민2호 | 타자 키플레이어: 전민재(롯데), 레이예스(롯데), 고승민(롯데) | 투수 키플레이어: 나균안(롯데), 현도훈(롯데), 김종수(한화)"
1853,"삼성라이온즈 원로들, 추경호 대구시장 후보 지지 선언",오는 6월3일 실시되는 제9회 전국동시지방선거 첫날인 21일 삼성라이온즈 전성기를 이끌었던 프로야구 원로들이 추경호 국민의힘 대구시장 후보 지지를 선언했다. 이날 지지 선언에는 삼성라이온즈 초창기 전성기를...,www.sidae.com,2026-05-21T14:51:00,,ETC,,,gpt_missing_index,,False,삼성라이온즈 원로들이 추경호 후보 지지 선언.,,neutral,,true,"롯데 vs 한화 (원정) 8-2 승 | 결승타: 전민재(2회) | 홈런: 전민재3호, 고승민2호 | 타자 키플레이어: 전민재(롯데), 레이예스(롯데), 고승민(롯데) | 투수 키플레이어: 나균안(롯데), 현도훈(롯데), 김종수(한화)"
1854,"키움, 김태완 후임으로 이용규 플레잉 타격코치 선임",키움 히어로즈가 1군 타격 지휘봉을 이용규 플레잉코치에 맡겼다. 키움은 21일 일신상 이유로 사임한 김태완 1군 타격코치 자리를 이 코치가 잇는다고 발표했다. 이용규는 지난해 플레잉 코치로 14경기 출전했고 올해를...,www.maniareport.com,2026-05-21T14:51:00,,ETC,,,gpt_missing_index,,False,키움이 이용규를 타격코치로 선임했다.,,neutral,,true,"롯데 vs 한화 (원정) 8-2 승 | 결승타: 전민재(2회) | 홈런: 전민재3호, 고승민2호 | 타자 키플레이어: 전민재(롯데), 레이예스(롯데), 고승민(롯데) | 투수 키플레이어: 나균안(롯데), 현도훈(롯데), 김종수(한화)"
1855,"LG 트윈스 김민수 계정 폭로글 파장…“불법촬영·유포했다""",프로야구 LG 트윈스 포수 김민수의 인스타그램 계정에 올라온 폭로성 게시물이 온라인에서 확산되며 파장이 커지고 있다. 게시물에는 결혼을 앞둔 연인에게 반복적으로 외도와 거짓말을 했다는 내용은 물론 몸캠...,www.asiatoday.co.kr,2026-05-21T14:50:00,,ETC,,,gpt_missing_index,,False,LG 김민수의 폭로글이 온라인에서 확산되고 있다.,,neutral,,true,"롯데 vs 한화 (원정) 8-2 승 | 결승타: 전민재(2회) | 홈런: 전민재3호, 고승민2호 | 타자 키플레이어: 전민재(롯데), 레이예스(롯데), 고승민(롯데) | 투수 키플레이어: 나균안(롯데), 현도훈(롯데), 김종수(한화)"
1856,"'사는 곳'에서 '노는 곳'으로…유통가, 키즈·관광객 겨냥 전략 강화","ⓒ롯데백화점 체험형 콘텐츠와 키즈시장을 둘러싼 유통업계 경쟁이 갈수록 치열해지고 있다. 단순히 상품을 판매하는 공간을 넘어 특정 상권 전체를 브랜드 경험 공간으로 확장하는 한편, 한 자녀에게 소비를 집중하는...",sports.hankooki.com,2026-05-21T14:50:00,,ETC,,1.0,,,False,유통업계가 키즈시장과 체험형 콘텐츠에 집중하고 있다.,,neutral,,true,"롯데 vs 한화 (원정) 8-2 승 | 결승타: 전민재(2회) | 홈런: 전민재3호, 고승민2호 | 타자 키플레이어: 전민재(롯데), 레이예스(롯데), 고승민(롯데) | 투수 키플레이어: 나균안(롯데), 현도훈(롯데), 김종수(한화)"
1857,"‘스코어’ 고동빈, “에이밍 빠르면 젠지전 출전 가능”",이로써 3연승을 달린 KT는 12승(3패 득실 +13)째를 올리면서 선두 한화생명(12승 2패 득실 +17)와 승차를 반 경기 차이까지 좁혔다. 경기 후 취재진을 만난 고동빈 감독은 “3세트까지 가는 경기를 결국 승리하고 세트 득실도...,www.osen.co.kr,2026-05-21T14:48:00,,MATCH_RELATED,INTERVIEW,0.9,,,False,고동빈 감독이 젠지전 출전 가능성을 언급했다.,,neutral,,true,"롯데 vs 한화 (원정) 8-2 승 | 결승타: 전민재(2회) | 홈런: 전민재3호, 고승민2호 | 타자 키플레이어: 전민재(롯데), 레이예스(롯데), 고승민(롯데) | 투수 키플레이어: 나균안(롯데), 현도훈(롯데), 김종수(한화)"
1858,"[N2뷰] 롯데백화점 전주점, 22주년 맞아 ‘체류형 쇼핑’ 승부수 던진 이...","22~31일 개점 기념 행사…키즈 전문관·팝업 행사장·주차 편의 확대 롯데백화점 전주점이 개점 22주년을 맞아 단순 할인 행사를 넘어 키즈 전문관, 팝업 공간, 주차 편의 확대를 앞세운 체류형 쇼핑 환경 강화에 나섰다....",www.news2day.co.kr,2026-05-21T14:48:00,,ETC,,0.9,,,False,롯데백화점 전주점이 22주년 기념 행사를 진행한다.,,neutral,,true,"롯데 vs 한화 (원정) 8-2 승 | 결승타: 전민재(2회) | 홈런: 전민재3호, 고승민2호 | 타자 키플레이어: 전민재(롯데), 레이예스(롯데), 고승민(롯데) | 투수 키플레이어: 나균안(롯데), 현도훈(롯데), 김종수(한화)"
1859,"이준, '캐치캐치' 성공 뒷이야기 ""무용복 한 벌로 3년 버텨…창피함 전...","한편, 이준은 최근 웹예능 '워크맨' 촬영 차 LG 트윈스와 한화 이글스의 경기에서 시구자로 나선 뒤 일일 치어리더로 활약했는데, '캐치 캐치' 무대가 화제를 모으면서 원곡자인 최예나로부터도 ""곡 뺏겼다""는 반응을 얻었다....",www.xportsnews.com,2026-05-21T14:47:00,,ETC,,0.9,,,False,이준이 '캐치캐치' 무대에서 화제를 모았다.,,neutral,,true,"롯데 vs 한화 (원정) 8-2 승 | 결승타: 전민재(2회) | 홈런: 전민재3호, 고승민2호 | 타자 키플레이어: 전민재(롯데), 레이예스(롯데), 고승민(롯데) | 투수 키플레이어: 나균안(롯데), 현도훈(롯데), 김종수(한화)"
1860,"""물어보지 마세요"" FA 이적 후 사라졌던 그 선수, 전격 퓨처스 엔트리 등...","이에 앞서 장현식을 영입했던 LG는 불펜투수 추가 보강을 생각하지 않고 있다가 함덕주와 유영찬이 수술을 받게 되면서 C등급 FA로 시장에 남아있던 김강률을 데려왔다. 당시 구단 측은 ""김강률은 많은 경험과 노하우를...",www.spotvnews.co.kr,2026-05-21T14:47:00,,INJURY_ROSTER,,1.0,,,False,김강률이 퓨처스 엔트리에 합류했다.,김강률,neutral,,true,"롯데 vs 한화 (원정) 8-2 승 | 결승타: 전민재(2회) | 홈런: 전민재3호, 고승민2호 | 타자 키플레이어: 전민재(롯데), 레이예스(롯데), 고승민(롯데) | 투수 키플레이어: 나균안(롯데), 현도훈(롯데), 김종수(한화)"
1861,전북도지사 후보 첫 일정은?…李 새만금 9조원 '현대차' - 金 환경미화 ...,"김관영 무소속 후보는 또 전주 롯데백화점 사거리에서 출근 인사를 하는 등 지역민과 함께 향후 2주간의 치열한 선거운동을 펼쳐나간다는 계획이다. 김관영 후보는 ""차창 밖으로 반갑게 손을 흔들어 주시고 바쁜 출근길...",www.pressian.com,2026-05-21T14:47:00,,ETC,,0.9,,,False,김관영 후보가 지역민과 함께 선거운동을 시작합니다.,전민재;고승민,positive,,true,"롯데 vs 한화 (원정) 8-2 승 | 결승타: 전민재(2회) | 홈런: 전민재3호, 고승민2호 | 타자 키플레이어: 전민재(롯데), 레이예스(롯데), 고승민(롯데) | 투수 키플레이어: 나균안(롯데), 현도훈(롯데), 김종수(한화)"
1862,[NQ기자의 쓴소리] 반복되는 논란에 대표 교체 카드…신세계는 무엇을 ...,"신세계는 그간 스타벅스와 SSG랜더스를 연계한 굿즈·이벤트 마케팅 등 화제성 중심 전략을 적극 펼쳐왔다. 정용진 회장 역시 사회관계망서비스(SNS)를 통해 브랜드와 상품, 콘텐츠를 직접 언급하며 그룹의 '바이럴 경영...",www.newsquest.co.kr,2026-05-21T14:44:00,,ETC,,1.0,,,False,신세계의 마케팅 전략에 대한 논의가 이어집니다.,전민재;고승민,positive,,true,"롯데 vs 한화 (원정) 8-2 승 | 결승타: 전민재(2회) | 홈런: 전민재3호, 고승민2호 | 타자 키플레이어: 전민재(롯데), 레이예스(롯데), 고승민(롯데) | 투수 키플레이어: 나균안(롯데), 현도훈(롯데), 김종수(한화)"
1863,목포 원도심 먹거리 '쫀드기' 맛보세요,"롯데백화점 광주점이 지하1층 행사장에서 목포 원도심의 대표 먹거리 ‘목포쫀드기’ 팝업행사를 오는 30일까지 진행한다. 목포쫀드기는 국내산 쌀과 버터, 3년 숙성된 천일염을 재료로 사용해 풍미가 좋다. 해당...",www.jndn.com,2026-05-21T14:44:00,,ETC,,0.9,,,False,롯데백화점에서 목포쫀드기 팝업행사를 진행합니다.,전민재;고승민,positive,,true,"롯데 vs 한화 (원정) 8-2 승 | 결승타: 전민재(2회) | 홈런: 전민재3호, 고승민2호 | 타자 키플레이어: 전민재(롯데), 레이예스(롯데), 고승민(롯데) | 투수 키플레이어: 나균안(롯데), 현도훈(롯데), 김종수(한화)"
1864,"‘동반 하락세’ kt·LG, 요동치는 상위권 판도",시즌 초반 굳건한 2강 체제를 형성하던 kt위즈와 LG트윈스가 최근 동반 하락세를 겪으며 프로야구 상위권 판도가 요동치고 있다. 지난달 26일 선두로 올라선 뒤 내내 순위표 최상단을 차지했던 kt는 지난 19일 포항서...,www.dailian.co.kr,2026-05-21T14:43:00,,ETC,,0.9,,,False,kt와 LG의 하락세로 상위권 판도가 변화하고 있습니다.,전민재;고승민,positive,,true,"롯데 vs 한화 (원정) 8-2 승 | 결승타: 전민재(2회) | 홈런: 전민재3호, 고승민2호 | 타자 키플레이어: 전민재(롯데), 레이예스(롯데), 고승민(롯데) | 투수 키플레이어: 나균안(롯데), 현도훈(롯데), 김종수(한화)"
1865,"'오늘은 야구합니다!' 한화 vs 롯데, 비구름 사라지면서 맞대결 준비 중...",나균안은 최근 등판이었던 지난 14일 사직 NC 다이노스전에서는 4⅔이닝 7피안타 1피홈런 3볼넷 6탈삼진 3실점으로 부진했다. 다만 2025시즌 한화에게 3경기 17⅓이닝 1승무패 평균자책점 2.08로 강했던 데다 엿새 동안...,www.xportsnews.com,2026-05-21T14:42:00,,MATCH_RELATED,,0.9,,,False,나균안이 한화와의 경기를 준비하고 있습니다.,나균안,positive,,true,"롯데 vs 한화 (원정) 8-2 승 | 결승타: 전민재(2회) | 홈런: 전민재3호, 고승민2호 | 타자 키플레이어: 전민재(롯데), 레이예스(롯데), 고승민(롯데) | 투수 키플레이어: 나균안(롯데), 현도훈(롯데), 김종수(한화)"
1866,"롯데백화점, '샤넬 뷰티' 대형 팝업스토어 개최",롯데백화점이 오는 31일까지 잠실점 에비뉴엘 지하 1층에서 글로벌 럭셔리 브랜드 '샤넬 뷰티'의 특별 팝업스토어를 운영한다고 21일 밝혔다. 이번 팝업의 대표 상품은 한정판 신제품 '코코 마드모아젤 펄스 스프레이'다....,www.cnbnews.com,2026-05-21T14:42:00,,ETC,,1.0,,,False,롯데백화점에서 샤넬 뷰티 팝업스토어를 개최합니다.,,positive,,true,"롯데 vs 한화 (원정) 8-2 승 | 결승타: 전민재(2회) | 홈런: 전민재3호, 고승민2호 | 타자 키플레이어: 전민재(롯데), 레이예스(롯데), 고승민(롯데) | 투수 키플레이어: 나균안(롯데), 현도훈(롯데), 김종수(한화)"
1867,"""역대 최고 분양가""...흑석11구역 '써밋더힐' 22일 견본주택 연다","단지 인근에는 흑석동 생활상권이 형성돼 있으며 신세계백화점 강남점, 이마트 용산점, 롯데마트 서초점 등 대형 유통시설도 편리하게 이용할 수 있다. 중앙대학교병원과 가톨릭대학교 서울성모병원 등 대형...",www.fnnews.com,2026-05-21T14:41:00,,ETC,,0.9,,,False,흑석11구역의 대형 유통시설이 소개됩니다.,,positive,,true,"롯데 vs 한화 (원정) 8-2 승 | 결승타: 전민재(2회) | 홈런: 전민재3호, 고승민2호 | 타자 키플레이어: 전민재(롯데), 레이예스(롯데), 고승민(롯데) | 투수 키플레이어: 나균안(롯데), 현도훈(롯데), 김종수(한화)"
1868,"[AI프리뷰] 21일 잠실 두산-NC전, 두산 벤자민 KBO 복귀 첫승 거둘까","2026 KBO 리그 두산 베어스 vs NC 다이노스 잠실 경기 분석 (5월 21일) 5월 21일 오후 6시 30분, 잠실야구장에서 두산 베어스와 NC 다이노스가 맞대결을 펼친다. 선발 투수는 두산 웨스 벤자민, NC 토다 나츠키로 예고됐다....",www.newspim.com,2026-05-21T14:36:00,,INJURY_ROSTER,,1.0,,,False,두산과 NC의 경기가 잠실에서 열립니다.,,positive,,true,"롯데 vs 한화 (원정) 8-2 승 | 결승타: 전민재(2회) | 홈런: 전민재3호, 고승민2호 | 타자 키플레이어: 전민재(롯데), 레이예스(롯데), 고승민(롯데) | 투수 키플레이어: 나균안(롯데), 현도훈(롯데), 김종수(한화)"
1869,"갤러리티 동탄점, 초여름 테마전 '머무는 시간, 흐르는 장면' 개최","갤러리티 동탄점은 2026년 5월 21일부터 6월 17일까지 롯데백화점 동탄점 1층 갤러리티 신관에서 기획전 <머무는 시간, 흐르는 장면>을 개최한다. 이번 전시는 '물'을 중심 매개로 삼아 흐름, 반사, 깊이, 파동이 만들어내는...",www.gokorea.kr,2026-05-21T14:36:00,,ETC,,,gpt_missing_index,,False,롯데가 한화를 상대로 8-2로 승리했습니다.,전민재;고승민,positive,,true,"롯데 vs 한화 (원정) 8-2 승 | 결승타: 전민재(2회) | 홈런: 전민재3호, 고승민2호 | 타자 키플레이어: 전민재(롯데), 레이예스(롯데), 고승민(롯데) | 투수 키플레이어: 나균안(롯데), 현도훈(롯데), 김종수(한화)"
1870,"“1군이 감사할 뿐” 주전 아니라는 김웅빈, 고척 극장의 이틀 연속 주...",키움은 20일 고척스카이돔에서 열린 2026 신한은행 SOL Bank KBO리그 SSG 랜더스와의 홈경기에서 9회말 터진 김웅빈의 끝내기 안타에 힘입어 6-5 짜릿한 한 점 차 승리를 거뒀다. 이틀 연속 고척 극장의 주연은 김웅빈이었다....,www.osen.co.kr,2026-05-21T14:35:00,,ETC,,,gpt_missing_index,,False,롯데가 한화를 상대로 8-2로 승리했습니다.,전민재;고승민,positive,,true,"롯데 vs 한화 (원정) 8-2 승 | 결승타: 전민재(2회) | 홈런: 전민재3호, 고승민2호 | 타자 키플레이어: 전민재(롯데), 레이예스(롯데), 고승민(롯데) | 투수 키플레이어: 나균안(롯데), 현도훈(롯데), 김종수(한화)"
1871,"[AI프리뷰] 21일 고척 키움-SSG전, 2연속 끝내기 키움 스윕도 가능할지","2026 KBO 리그 키움 히어로즈 vs SSG 랜더스 고척 경기 분석 (5월 21일) 5월 21일 오후 6시 30분, 고척스카이돔에서 키움 히어로즈와 SSG 랜더스가 맞대결을 펼친다. 선발 투수는 키움 라울 알칸타라, SSG 히라모토 긴지로로...",www.newspim.com,2026-05-21T14:35:00,,ETC,,,gpt_missing_index,,False,롯데가 한화를 상대로 8-2로 승리했습니다.,전민재;고승민,positive,,true,"롯데 vs 한화 (원정) 8-2 승 | 결승타: 전민재(2회) | 홈런: 전민재3호, 고승민2호 | 타자 키플레이어: 전민재(롯데), 레이예스(롯데), 고승민(롯데) | 투수 키플레이어: 나균안(롯데), 현도훈(롯데), 김종수(한화)"
1872,"키움 이용규 플레잉코치, 1군 타격코치 맡았다…강병식 수석코치는 임시...","키움 히어로즈가 타격 파트 코치진을 개편한다. 키움은 21일 ""최근 김태완 1군 타격코치가 일신상의 사유로 자진 사퇴 의사를 밝혔고, 구단은 이를 수용했다. 빈자리는 이용규 플레잉코치가 채우며, 앞으로 플레잉...",www.mydaily.co.kr,2026-05-21T14:35:00,,ETC,,,gpt_missing_index,,False,롯데가 한화를 상대로 8-2로 승리했습니다.,전민재;고승민,positive,,true,"롯데 vs 한화 (원정) 8-2 승 | 결승타: 전민재(2회) | 홈런: 전민재3호, 고승민2호 | 타자 키플레이어: 전민재(롯데), 레이예스(롯데), 고승민(롯데) | 투수 키플레이어: 나균안(롯데), 현도훈(롯데), 김종수(한화)"
1873,"이러다 한국 오나?…'KBO 22승+WBC 우승' 그 투수, MLB 로스터 정리 대상...","KBO리그 키움 히어로즈와 KT 위즈에서 활약했던 좌완 엔마누엘 데 헤이수스(29·디트로이트 타이거스)가 다시 한 번 미국 메이저리그(MLB) 생존 경쟁의 냉혹한 현실과 마주했다. 현지에서는 ""더 이상 기다려줄 이유가...",www.xportsnews.com,2026-05-21T14:34:00,,ETC,,,gpt_missing_index,,False,롯데가 한화를 상대로 8-2로 승리했습니다.,전민재;고승민,positive,,true,"롯데 vs 한화 (원정) 8-2 승 | 결승타: 전민재(2회) | 홈런: 전민재3호, 고승민2호 | 타자 키플레이어: 전민재(롯데), 레이예스(롯데), 고승민(롯데) | 투수 키플레이어: 나균안(롯데), 현도훈(롯데), 김종수(한화)"
1874,"1위랑 8G 차라니, 키움이?…아무도 달려나가지 못하는 이상한 시즌, 꼴찌...","삼성(3승3패), KT(2승1무3패)에도 밀리지 않는다. 최근 10경기에서는 6승1무3패를 거뒀다. 키움이 정말 강해진 것일까. 지난해 키움은 김혜성까지 해외 진출하자 타선이 약하다며 외국인선수 둘을 모두 타자로 선발했다....",sports.khan.co.kr,2026-05-21T14:34:00,,ETC,,,gpt_missing_index,,False,롯데가 한화를 상대로 8-2로 승리했습니다.,전민재;고승민,positive,,true,"롯데 vs 한화 (원정) 8-2 승 | 결승타: 전민재(2회) | 홈런: 전민재3호, 고승민2호 | 타자 키플레이어: 전민재(롯데), 레이예스(롯데), 고승민(롯데) | 투수 키플레이어: 나균안(롯데), 현도훈(롯데), 김종수(한화)"
1875,"민주당 대전시당 ""이장우 스카이박스 특혜 의혹 수사하라""","민주당 대전시당 법률지원단 채경준 총괄단장은 ""한화이글스가 2025년부터 2029년까지 5년간 28번 스카이박스 연간 이용권을 대전사랑시민협의회에 제공한 것으로 파악된다""며 ""연간 경제적 가치는 약 9400만 원에서 1억원...",www.newstnt.com,2026-05-21T14:30:00,,ETC,,,gpt_missing_index,,False,롯데가 한화를 상대로 8-2로 승리했습니다.,전민재;고승민,positive,,true,"롯데 vs 한화 (원정) 8-2 승 | 결승타: 전민재(2회) | 홈런: 전민재3호, 고승민2호 | 타자 키플레이어: 전민재(롯데), 레이예스(롯데), 고승민(롯데) | 투수 키플레이어: 나균안(롯데), 현도훈(롯데), 김종수(한화)"
1876,서울 아파트값 상승폭 확대…강남·외곽·경기권 동반 강세,서울 송파구 롯데월드타워에서 바라본 강남3구 아파트 모습. 사진=연합뉴스. 다주택자 양도소득세 중과 유예 조치가 종료된 이후 서울 아파트값 상승세가 다시 가팔라지고 있다. 강남권은 물론 외곽 지역과 경기...,www.pinpointnews.co.kr,2026-05-21T14:30:00,,ETC,,,gpt_missing_index,,False,롯데가 한화를 상대로 8-2로 승리했습니다.,전민재;고승민,positive,,true,"롯데 vs 한화 (원정) 8-2 승 | 결승타: 전민재(2회) | 홈런: 전민재3호, 고승민2호 | 타자 키플레이어: 전민재(롯데), 레이예스(롯데), 고승민(롯데) | 투수 키플레이어: 나균안(롯데), 현도훈(롯데), 김종수(한화)"
1877,‘엄궁역 트라비스 하늘채’ 23일부터 일부 타입 선착순 계약,"주변에는 롯데마트, 엄궁전통시장 등 생활 편의시설이 위치하며 엄궁초등학교가 인접해 있다. 인근에 기숙형 중학교와 자율형 공립고 설립도 추진 중이다. 단지는 최고 36층 설계가 적용되며 주차 공간은 세대당 약 1....",www.segye.com,2026-05-21T14:29:00,,ETC,,0.9,,,False,롯데가 한화와의 경기에서 8-2로 승리했다.,전민재;고승민,positive,,true,"롯데 vs 한화 (원정) 8-2 승 | 결승타: 전민재(2회) | 홈런: 전민재3호, 고승민2호 | 타자 키플레이어: 전민재(롯데), 레이예스(롯데), 고승민(롯데) | 투수 키플레이어: 나균안(롯데), 현도훈(롯데), 김종수(한화)"
1878,"백지헌, 튤립 들고 포근한 분위기…월드투어 앞두고 근황",프로미스나인은 KIA 타이거즈 경기 시구·시타 행사에 나서는 등 다양한 무대와 이벤트에서 팀을 대표하는 모습을 보여 왔다. 백지헌은 개인 계정을 통해 일상 사진과 촬영 현장 모습을 꾸준히 공유하며 팬들과 소통하고...,www.topstarnews.net,2026-05-21T14:28:00,,ETC,,0.9,,,False,롯데가 한화와의 경기에서 8-2로 승리했다.,전민재;고승민,positive,,true,"롯데 vs 한화 (원정) 8-2 승 | 결승타: 전민재(2회) | 홈런: 전민재3호, 고승민2호 | 타자 키플레이어: 전민재(롯데), 레이예스(롯데), 고승민(롯데) | 투수 키플레이어: 나균안(롯데), 현도훈(롯데), 김종수(한화)"
1879,유권자들에게 지지를 호소하는 김종훈 시장후보,김종훈 진보당 울산시장 후보가 21일 남구 롯데백화점 광장에서 열린 출정식에서 유권자들에게 지지를 호소하고 있다. 2026.05.21. bbs@newsis.com.,www.newsis.com,2026-05-21T14:26:00,,ETC,,0.9,,,False,롯데가 한화와의 경기에서 8-2로 승리했다.,,positive,,true,"롯데 vs 한화 (원정) 8-2 승 | 결승타: 전민재(2회) | 홈런: 전민재3호, 고승민2호 | 타자 키플레이어: 전민재(롯데), 레이예스(롯데), 고승민(롯데) | 투수 키플레이어: 나균안(롯데), 현도훈(롯데), 김종수(한화)"
1880,승리를 다짐하는 김종훈 시장후보,김종훈 진보당 울산시장 후보가 21일 남구 롯데백화점 광장에서 열린 출정식에서 유권자들에게 지지를 호소하고 있다. 2026.05.21. bbs@newsis.com.,www.newsis.com,2026-05-21T14:26:00,,ETC,,0.9,,,False,롯데가 한화와의 경기에서 8-2로 승리했다.,,positive,,true,"롯데 vs 한화 (원정) 8-2 승 | 결승타: 전민재(2회) | 홈런: 전민재3호, 고승민2호 | 타자 키플레이어: 전민재(롯데), 레이예스(롯데), 고승민(롯데) | 투수 키플레이어: 나균안(롯데), 현도훈(롯데), 김종수(한화)"
1881,김종훈 진보당 울산시장후보 출정식,김종훈 진보당 울산시장 후보가 21일 남구 롯데백화점 광장에서 출정식을 가지고 있다. 2026.05.21. bbs@newsis.com.,www.newsis.com,2026-05-21T14:26:00,,ETC,,0.9,,,False,롯데가 한화와의 경기에서 8-2로 승리했다.,,positive,,true,"롯데 vs 한화 (원정) 8-2 승 | 결승타: 전민재(2회) | 홈런: 전민재3호, 고승민2호 | 타자 키플레이어: 전민재(롯데), 레이예스(롯데), 고승민(롯데) | 투수 키플레이어: 나균안(롯데), 현도훈(롯데), 김종수(한화)"
1882,유권자들에게 지지를 호소하는 윤종오 원내대표,윤종오 진보당 원내대표가 21일 울산 남구 롯데백화점 광장에서 열린 김종훈 울산시장 후보 출정식에서 유권자들에게 지지를 호소하고 있다. 2026.05.21. bbs@newsis.com.,www.newsis.com,2026-05-21T14:26:00,,ETC,,0.9,,,False,롯데가 한화와의 경기에서 8-2로 승리했다.,,positive,,true,"롯데 vs 한화 (원정) 8-2 승 | 결승타: 전민재(2회) | 홈런: 전민재3호, 고승민2호 | 타자 키플레이어: 전민재(롯데), 레이예스(롯데), 고승민(롯데) | 투수 키플레이어: 나균안(롯데), 현도훈(롯데), 김종수(한화)"
1883,'흑석 써밋' vs '노량진 아크로'…서울 하이엔드 분양 맞대결,"단지 인근에는 흑석동 생활상권이 형성돼 있으며, 신세계백화점 강남점, 이마트 용산점, 롯데마트 서초점 등 대형 유통시설도 편리하게 이용할 수 있다. 중앙대학교병원과 가톨릭대학교 서울성모병원 등 대형...",www.asiatime.co.kr,2026-05-21T14:26:00,,ETC,,0.9,,,False,롯데가 한화와의 경기에서 8-2로 승리했다.,,positive,,true,"롯데 vs 한화 (원정) 8-2 승 | 결승타: 전민재(2회) | 홈런: 전민재3호, 고승민2호 | 타자 키플레이어: 전민재(롯데), 레이예스(롯데), 고승민(롯데) | 투수 키플레이어: 나균안(롯데), 현도훈(롯데), 김종수(한화)"
1884,"‘승률 5할+에 7회까지 앞선경기 전승’ 유토 마무리 전환 Before&After, 키...",필승계투조로 올 시즌을 시작한 유토는 지난달 4일 고척 LG 트윈스전부터 19일 수원 KT 위즈전까지 7경기서 한 점도 내주지 않고 4홀드를 따냈다. 시속 150㎞대 직구와 포크볼의 조합이 인상적이었다. 결국 지난달 21일...,sports.donga.com,2026-05-21T14:24:00,,PERFORMANCE_ANALYSIS,,0.9,,,False,롯데가 한화와의 경기에서 8-2로 승리했다.,,positive,,true,"롯데 vs 한화 (원정) 8-2 승 | 결승타: 전민재(2회) | 홈런: 전민재3호, 고승민2호 | 타자 키플레이어: 전민재(롯데), 레이예스(롯데), 고승민(롯데) | 투수 키플레이어: 나균안(롯데), 현도훈(롯데), 김종수(한화)"
1885,"SKT·KT·LG유플러스, '보조금→경험' 마케팅 경쟁 전환 '시동'",KT는 장기 고객 대상 프로야구단 KT위즈 홈경기 초청 행사를 지속한다/사진=KT 제공 5월 멤버십은 해킹 보상 포함이다. ▲투썸플레이스 50% 할인(최대 5000원) ▲배달의민족*노랑통닭 8000원 할인(최소 1만6000원 주문) 중...,www.techm.kr,2026-05-21T14:24:00,,ETC,,,gpt_missing_index,,False,롯데가 한화와의 경기에서 8-2로 승리했다.,전민재;고승민,positive,,true,"롯데 vs 한화 (원정) 8-2 승 | 결승타: 전민재(2회) | 홈런: 전민재3호, 고승민2호 | 타자 키플레이어: 전민재(롯데), 레이예스(롯데), 고승민(롯데) | 투수 키플레이어: 나균안(롯데), 현도훈(롯데), 김종수(한화)"
1886,"“말보단 행동으로”…‘승승승’ 키움, 서건창과 뭉클 동행 가보자고!...","‘낭만’ 키움, 서건창과 2년 비FA 다년계약 3연승 질주→승률도 4할대 복귀 깜짝 계약에 “구단 기대 잘... 후배들과 함께 히어로즈의 새로운 전성기를 만들어보자는 즐거운 상상도 해봤다”고 소감을 밝혔다. 이어...",www.sportsseoul.com,2026-05-21T14:23:00,,INJURY_ROSTER,,1.0,,,False,롯데가 한화와의 경기에서 8-2로 승리했다.,전민재;고승민,positive,,true,"롯데 vs 한화 (원정) 8-2 승 | 결승타: 전민재(2회) | 홈런: 전민재3호, 고승민2호 | 타자 키플레이어: 전민재(롯데), 레이예스(롯데), 고승민(롯데) | 투수 키플레이어: 나균안(롯데), 현도훈(롯데), 김종수(한화)"
1887,"한화 불펜, 이젠 ‘물량전’…윤산흠·조동욱·박준영·이상규·이민우...","사진 | 한화 이글스 [스포츠서울 | 대전=김동영 기자] 당장 ‘고정 마무리’가 없다. 최대 불안요소다. 선발은 잘 막고 내려오는데, 뒤가 부실하다. 금방 해결할 수 있는 일이 아니다. 결국 ‘물량전’ 밖에 없다. 있는...",www.sportsseoul.com,2026-05-21T14:22:00,,ETC,,,gpt_missing_index,,False,롯데가 한화와의 경기에서 8-2로 승리했다.,,positive,,true,"롯데 vs 한화 (원정) 8-2 승 | 결승타: 전민재(2회) | 홈런: 전민재3호, 고승민2호 | 타자 키플레이어: 전민재(롯데), 레이예스(롯데), 고승민(롯데) | 투수 키플레이어: 나균안(롯데), 현도훈(롯데), 김종수(한화)"
1888,"""AI 받아들여라"" 졸업식 야유…그 불안의 뿌리","전남에는 삼성SDS 컨소시엄의 국가AI컴퓨팅센터, 오픈AI·SK그룹의 글로벌 AI 데이터센터 등 대규모 투자가... 광주시는 AI 사관학교 7기 교육생 220명을 선발해 '최고급 AI 인재 양성'으로 방향을 바꿨다. 문제는 인프라...",www.jnilbo.com,2026-05-21T14:22:00,,ETC,,,gpt_missing_index,,False,롯데가 한화와의 경기에서 8-2로 승리했다.,,positive,,true,"롯데 vs 한화 (원정) 8-2 승 | 결승타: 전민재(2회) | 홈런: 전민재3호, 고승민2호 | 타자 키플레이어: 전민재(롯데), 레이예스(롯데), 고승민(롯데) | 투수 키플레이어: 나균안(롯데), 현도훈(롯데), 김종수(한화)"
1889,"현대엔지니어링, ‘힐스테이트 시흥더클래스’ 22일 견본주택 오픈","또한, 롯데마트, 스타필드시티, 신천연합병원 등 다양한 쇼핑·의료시설이 인근에 위치해 생활 편의성이 높고, 시흥ABC행복학습타운, 은계1어울림센터, 은계호수공원, 소래산산림욕장 등도 가까워 문화·여가와 힐링을...",www.dnews.co.kr,2026-05-21T14:22:00,,ETC,,1.0,,,False,롯데가 한화와의 경기에서 8-2로 승리했다.,,positive,,true,"롯데 vs 한화 (원정) 8-2 승 | 결승타: 전민재(2회) | 홈런: 전민재3호, 고승민2호 | 타자 키플레이어: 전민재(롯데), 레이예스(롯데), 고승민(롯데) | 투수 키플레이어: 나균안(롯데), 현도훈(롯데), 김종수(한화)"
1890,“지방대 약대보단 연고대 삼전닉스” ‘반도체 훈풍·취업보장’ 매력...,2027학년도 기준 삼성전자는 연세대와 성균관대 등 7개 대학에서 350명을 모집한다. SK하이닉스는 고려대와 서강대 등 3개 대학에서 110명을 선발한다. 두 기업을 모두 합하면 460명이다.,biz.heraldcorp.com,2026-05-21T14:21:00,,ETC,,,gpt_missing_index,,False,롯데가 한화와의 경기에서 8-2로 승리했다.,,positive,,true,"롯데 vs 한화 (원정) 8-2 승 | 결승타: 전민재(2회) | 홈런: 전민재3호, 고승민2호 | 타자 키플레이어: 전민재(롯데), 레이예스(롯데), 고승민(롯데) | 투수 키플레이어: 나균안(롯데), 현도훈(롯데), 김종수(한화)"
1891,"해례커피, 맨해튼 진출 추진… 5월 19일부터 롯데월드몰 팝업 진행","해례커피는 맨해튼 진출에 앞서 국내 고객 접점을 확대하기 위해 서울 송파구 롯데월드몰 지하 1층에서 팝업스토어를 운영한다. 팝업은 2026년 5월 19일부터 6월 2일까지 약 15일간 진행되며, 플레이스테이션 앞 공간에서...",www.joongang.co.kr,2026-05-21T14:21:00,,ETC,,,gpt_missing_index,,False,롯데가 한화와의 경기에서 8-2로 승리했다.,,positive,,true,"롯데 vs 한화 (원정) 8-2 승 | 결승타: 전민재(2회) | 홈런: 전민재3호, 고승민2호 | 타자 키플레이어: 전민재(롯데), 레이예스(롯데), 고승민(롯데) | 투수 키플레이어: 나균안(롯데), 현도훈(롯데), 김종수(한화)"
1892,"'서브컬처' 품은 테마파크…롯데월드 부산, 23일부터 코스프레 축제",롯데월드 어드벤처 부산(이하 롯데월드 부산)은 주말 연휴가 시작되는 오는 23일부터 이틀간 이색적인 코스프레 데이 '코스프레 페스티벌(코코페스티벌)'을 개최한다고 밝혔다. 마니아층의 전유물로 여겨지던...,www.nocutnews.co.kr,2026-05-21T14:21:00,,ETC,,,gpt_missing_index,,False,롯데가 한화와의 경기에서 8-2로 승리했다.,,positive,,true,"롯데 vs 한화 (원정) 8-2 승 | 결승타: 전민재(2회) | 홈런: 전민재3호, 고승민2호 | 타자 키플레이어: 전민재(롯데), 레이예스(롯데), 고승민(롯데) | 투수 키플레이어: 나균안(롯데), 현도훈(롯데), 김종수(한화)"
1893,추경호 첫 일정은 도매시장⋯‘경제시장’ 이미지 부각,이날 오전에는 추 후보 캠프를 찾은 삼성 라이온즈 출신 야구인들의 지지 선언도 있었다. 이선희·배대웅·장태수 전 감독은 이날 추 후보 선거사무소를 찾아 공개 지지를 선언했다. 주호영 총괄선대위원장은 “이번 선거는...,www.kbmaeil.com,2026-05-21T14:20:00,,ETC,,,gpt_missing_index,,False,롯데가 한화에 8-2로 승리하며 좋은 성과를 거두었다.,전민재;고승민,positive,,true,"롯데 vs 한화 (원정) 8-2 승 | 결승타: 전민재(2회) | 홈런: 전민재3호, 고승민2호 | 타자 키플레이어: 전민재(롯데), 레이예스(롯데), 고승민(롯데) | 투수 키플레이어: 나균안(롯데), 현도훈(롯데), 김종수(한화)"
1894,휴온스랩 합병에 제동걸고 나선 소액주주…비상장 자회사 우회상장 논란...,당시 두산밥캣과 두산로보틱스 합병은 금융감독원의 잇따른 정정신고서 요구와 주주 반발 끝에 철회됐다. 비상장사의 가치가 기업공개를 통한 시장 가격이 아니라 내부 평가를 통해 이전된다는 점에서 휴온스랩 합병...,www.mk.co.kr,2026-05-21T14:19:00,,ETC,,,gpt_missing_index,,False,롯데가 한화에 8-2로 승리하며 좋은 성과를 거두었다.,전민재;고승민,positive,,true,"롯데 vs 한화 (원정) 8-2 승 | 결승타: 전민재(2회) | 홈런: 전민재3호, 고승민2호 | 타자 키플레이어: 전민재(롯데), 레이예스(롯데), 고승민(롯데) | 투수 키플레이어: 나균안(롯데), 현도훈(롯데), 김종수(한화)"
1895,"울산시장 후보, 김상욱 ‘골목출정식’ 김두겸 ‘합동출정식’",김종훈 진보당 후보도 이날 오전 5시 30분 현대자동차 앞과 7시 현대중공업 앞에서 후보자들과 함께 노동계와 청년층 표심을 정조준한 뒤 오전 11시 롯데백화점 광장에서 후보자 합동 출정식을 가졌다. 또 ‘위대한...,biz.heraldcorp.com,2026-05-21T14:18:00,,ETC,,0.9,,,False,롯데가 한화에 8-2로 승리하며 좋은 성과를 거두었다.,전민재;고승민,positive,,true,"롯데 vs 한화 (원정) 8-2 승 | 결승타: 전민재(2회) | 홈런: 전민재3호, 고승민2호 | 타자 키플레이어: 전민재(롯데), 레이예스(롯데), 고승민(롯데) | 투수 키플레이어: 나균안(롯데), 현도훈(롯데), 김종수(한화)"
1896,올인원 인프라 품은 명품 단지… ‘학산 한신더휴 엘리트파크’ 입주 본...,"롯데백화점, 홈플러스, 이마트, 죽도시장 등 대형 상업·유통시설이 인접해 있으며 영일대해수욕장과 우현도시숲 등 여가 공간이 가깝다. 특히 민간공원조성 특례사업을 통해 단지와 맞닿아 조성되는 ‘학산근린공원’은...",biz.heraldcorp.com,2026-05-21T14:14:00,,ETC,,0.9,,,False,롯데가 한화에 8-2로 승리하며 좋은 성과를 거두었다.,전민재;고승민,positive,,true,"롯데 vs 한화 (원정) 8-2 승 | 결승타: 전민재(2회) | 홈런: 전민재3호, 고승민2호 | 타자 키플레이어: 전민재(롯데), 레이예스(롯데), 고승민(롯데) | 투수 키플레이어: 나균안(롯데), 현도훈(롯데), 김종수(한화)"
1897,MZ세대 공략 나선 타이어업계…캐릭터·컬처 마케팅으로 소통 강화,"한국타이어는 지난해 대구 삼성 라이온즈파크, 대전 한화생명 볼파크 등 국내 주요 야구장과 강원도 양양 서피비치 '한국타이어 튜브숍'에서 '타이어 보이'를 운영하며 높은 호응을 얻었다.",www.metroseoul.co.kr,2026-05-21T14:10:00,,ETC,,0.9,,,False,롯데가 한화에 8-2로 승리하며 좋은 성과를 거두었다.,전민재;고승민,positive,,true,"롯데 vs 한화 (원정) 8-2 승 | 결승타: 전민재(2회) | 홈런: 전민재3호, 고승민2호 | 타자 키플레이어: 전민재(롯데), 레이예스(롯데), 고승민(롯데) | 투수 키플레이어: 나균안(롯데), 현도훈(롯데), 김종수(한화)"
1898,"롯데백화점 전주점, 개점 22주년 행사…할인권·사은품 제공",롯데백화점 전주점은 개점 22주년을 맞아 오는 22∼31일 쇼핑 페스티벌을 진행한다고 21일 밝혔다. 백화점은 브랜드별로 특가 상품전을 열고 구매 금액에 따라 최대 10% 사은 혜택을 준다. 식품 매장에서 쓰는 할인권도...,www.yna.co.kr,2026-05-21T14:10:00,,ETC,,1.0,,,False,롯데가 한화에 8-2로 승리하며 좋은 성과를 거두었다.,전민재;고승민,positive,,true,"롯데 vs 한화 (원정) 8-2 승 | 결승타: 전민재(2회) | 홈런: 전민재3호, 고승민2호 | 타자 키플레이어: 전민재(롯데), 레이예스(롯데), 고승민(롯데) | 투수 키플레이어: 나균안(롯데), 현도훈(롯데), 김종수(한화)"
1899,"김성제, 공식 선거운동 돌입…내손1·2동 미래형 주거·교육도시 약속",김 후보는 인덕원~동탄선 계원예대역에 롯데마트와 내손주공아파트 방향 출구를 추가로 설치해 주민 접근성과 이용 편의를 높이겠다고 밝혔다. 출퇴근 시간대와 학생 이동 동선을 고려해 추가 출구 도입의 필요성을...,www.asiatoday.co.kr,2026-05-21T14:10:00,,ETC,,0.9,,,False,롯데가 한화에 8-2로 승리하며 좋은 성과를 거두었다.,전민재;고승민,positive,,true,"롯데 vs 한화 (원정) 8-2 승 | 결승타: 전민재(2회) | 홈런: 전민재3호, 고승민2호 | 타자 키플레이어: 전민재(롯데), 레이예스(롯데), 고승민(롯데) | 투수 키플레이어: 나균안(롯데), 현도훈(롯데), 김종수(한화)"
1900,[엠빅뉴스] “야구를 사랑해서 버텼습니다” ‘울보’ 김웅빈의 감동 반...,이날도 울었을까요? #김웅빈 #키움히어로즈 #KBO #야구 #국내야구 [엠빅뉴스]와 친구가 되어주세요! ▶유튜브 바로가기 ▶네이버TV 엠빅뉴스 바로가기 ▶네이버TV 엠빅스포츠 바로가기 ▶페이스북 바로가기,imnews.imbc.com,2026-05-21T14:06:00,,ETC,,0.9,,,False,롯데가 한화에 8-2로 승리하며 좋은 성과를 거두었다.,전민재;고승민,positive,,true,"롯데 vs 한화 (원정) 8-2 승 | 결승타: 전민재(2회) | 홈런: 전민재3호, 고승민2호 | 타자 키플레이어: 전민재(롯데), 레이예스(롯데), 고승민(롯데) | 투수 키플레이어: 나균안(롯데), 현도훈(롯데), 김종수(한화)"
1901,"[오피셜] 이용규 키움 플레잉코치, 1군 타격코치 맡는다…김태완 코치 ...","키움히어로즈(대표이사 위재민)가 21일 타격 파트 코치진을 개편을 발표했다. 최근 김태완 1군 타격코치가 일신상의 사유로 자진 사퇴 의사를 밝혔고, 구단은 이를 수용했다. 빈자리는 이용규 플레잉코치가 채우며, 앞으로...",www.sportschosun.com,2026-05-21T14:06:00,,ETC,,0.9,,,False,이용규가 키움의 1군 타격코치로 임명되었다.,,neutral,,false,"롯데 vs 한화 (원정) 8-2 승 | 결승타: 전민재(2회) | 홈런: 전민재3호, 고승민2호 | 타자 키플레이어: 전민재(롯데), 레이예스(롯데), 고승민(롯데) | 투수 키플레이어: 나균안(롯데), 현도훈(롯데), 김종수(한화)"
1902,[트라이아웃 회고](3) 2017년 한국에서 열린 트라이아웃…여자부는 서울...,"마지막 트라이아웃 체제 선발이었다. 2015년 여자부가 먼저 도입했던 트라이아웃 제도는 12시즌 동안... 삼성화재도 지난 시즌 지명한 타이스 덜 호스트(네덜란드)와 재계약했다. 타이스는 득점 1위(1,065점), 후위공격 3위...",www.thesportstimes.co.kr,2026-05-21T14:05:00,,TRANSACTION_CONTRACT,,1.0,,,False,트라이아웃 제도에 대한 회고가 진행되었다.,,neutral,,false,"롯데 vs 한화 (원정) 8-2 승 | 결승타: 전민재(2회) | 홈런: 전민재3호, 고승민2호 | 타자 키플레이어: 전민재(롯데), 레이예스(롯데), 고승민(롯데) | 투수 키플레이어: 나균안(롯데), 현도훈(롯데), 김종수(한화)"
1903,"'삼전닉스' 부장 연봉 8억 시대...""승진 보다 억대 성과급이 최고""",삼성전자는 선발 직원에게 국내외 명문대 석·박사 과정이나 미국 MBA 연수를 지원한다. 미국 MBA의 경우 2년간 학비와 생활비로만 약 5억원을 회사가 부담하는 것으로 알려져 있다. 경쟁률도 높아 70명 중 1명꼴로...,www.insightkorea.co.kr,2026-05-21T14:04:00,,ETC,,0.9,,,False,삼성전자의 직원 연수 지원 정책이 소개되었다.,,neutral,,false,"롯데 vs 한화 (원정) 8-2 승 | 결승타: 전민재(2회) | 홈런: 전민재3호, 고승민2호 | 타자 키플레이어: 전민재(롯데), 레이예스(롯데), 고승민(롯데) | 투수 키플레이어: 나균안(롯데), 현도훈(롯데), 김종수(한화)"
1904,"구멍 난 타선, 바닥으로 떨어진 화력… 문보경·문성주만 돌아온다면","LG는 비로 취소된 20일 광주 KIA전 선발 4번 타자로 신예 문정빈을 기용하려 했다. 2022년 입단해 통산... 삼성이 최근 15경기 7할대 승률을 달리며 LG를 제치고 공동 선두로 뛰어올랐다. 아직 경기 차는 있지만 KIA, 두산...",sports.khan.co.kr,2026-05-21T14:03:00,,TRANSACTION_CONTRACT,,1.0,,,False,LG의 타선이 부진하며 화력 저하가 우려된다.,,positive,,true,"롯데 vs 한화 (원정) 8-2 승 | 결승타: 전민재(2회) | 홈런: 전민재3호, 고승민2호 | 타자 키플레이어: 전민재(롯데), 레이예스(롯데), 고승민(롯데) | 투수 키플레이어: 나균안(롯데), 현도훈(롯데), 김종수(한화)"
1905,'샤넬 뷰티'가 잠실에 떴다…코코 마드모아젤 펄스 스프레이로 완성한 ...,롯데백화점이 가정의 달의 마지막을 화려하게 장식한다. 21일부터 31일까지 롯데백화점 잠실점 에비뉴엘 지하 1층 '더 크라운'에서 '샤넬 뷰티(CHANEL Beauty)' 팝업스토어가 열리고 있다. 이번 행사는 샤넬만의 독보적인...,www.thefairnews.co.kr,2026-05-21T14:02:00,,ETC,,0.9,,,False,롯데백화점에서 샤넬 뷰티 팝업스토어가 열렸다.,,neutral,,false,"롯데 vs 한화 (원정) 8-2 승 | 결승타: 전민재(2회) | 홈런: 전민재3호, 고승민2호 | 타자 키플레이어: 전민재(롯데), 레이예스(롯데), 고승민(롯데) | 투수 키플레이어: 나균안(롯데), 현도훈(롯데), 김종수(한화)"
1906,출정식서 발언하는 김종훈 울산시장 후보,6·3 지방선거와 국회의원 재·보궐선거 공식 선거운동이 시작된 21일 울산시 남구 롯데백화점 앞에서 열린 진보당 울산시당 출정식에서 김종훈 울산시장 후보가 발언하고 있다. 2026.5.21,www.yna.co.kr,2026-05-21T14:01:00,,ETC,,1.0,,,False,김종훈 울산시장 후보가 출정식에서 발언했다.,,neutral,,false,"롯데 vs 한화 (원정) 8-2 승 | 결승타: 전민재(2회) | 홈런: 전민재3호, 고승민2호 | 타자 키플레이어: 전민재(롯데), 레이예스(롯데), 고승민(롯데) | 투수 키플레이어: 나균안(롯데), 현도훈(롯데), 김종수(한화)"
1907,승리 다짐하는 김종훈 울산시장 후보,6·3 지방선거와 국회의원 재·보궐선거 공식 선거운동이 시작된 21일 울산시 남구 롯데백화점 앞에서 열린 진보당 울산시당 출정식에서 김종훈 울산시장 후보가 다른 후보들과 함께 승리를 다짐하고 있다. 2026.5.21,www.yna.co.kr,2026-05-21T14:01:00,,ETC,,,gpt_missing_index,,False,김종훈 울산시장 후보가 승리를 다짐했다.,,neutral,,false,"롯데 vs 한화 (원정) 8-2 승 | 결승타: 전민재(2회) | 홈런: 전민재3호, 고승민2호 | 타자 키플레이어: 전민재(롯데), 레이예스(롯데), 고승민(롯데) | 투수 키플레이어: 나균안(롯데), 현도훈(롯데), 김종수(한화)"
1908,지지 호소하는 김종훈 울산시장 후보,6·3 지방선거와 국회의원 재·보궐선거 공식 선거운동이 시작된 21일 울산시 남구 롯데백화점 앞에서 열린 진보당 울산시당 출정식에서 김종훈 울산시장 후보가 지지를 호소하고 있다. 2026.5.21,www.yna.co.kr,2026-05-21T14:01:00,,ETC,,1.0,,,False,김종훈 울산시장 후보가 지지를 호소했다.,,neutral,,false,"롯데 vs 한화 (원정) 8-2 승 | 결승타: 전민재(2회) | 홈런: 전민재3호, 고승민2호 | 타자 키플레이어: 전민재(롯데), 레이예스(롯데), 고승민(롯데) | 투수 키플레이어: 나균안(롯데), 현도훈(롯데), 김종수(한화)"
1909,"""천위페이에 꼭 설욕"" 日 19살 천재, 안세영 없는 말레이시아서 칼 간다...","베테랑 오쿠하라 노조미(12위)와 군지 리코(19위)도 여자 단식 국가대표로 선발됐다. 혼합복식에선 세계랭킹... 미야자키는 ""안세영(삼성생명·1위)과 왕즈이(중국·2위), 야마구치가 결장한 대회이긴 하나 내겐 작은...",www.spotvnews.co.kr,2026-05-21T13:57:00,,INJURY_ROSTER,,1.0,,,False,롯데가 한화에 8-2로 승리하며 좋은 성적을 거두었다.,전민재;고승민,positive,,true,"롯데 vs 한화 (원정) 8-2 승 | 결승타: 전민재(2회) | 홈런: 전민재3호, 고승민2호 | 타자 키플레이어: 전민재(롯데), 레이예스(롯데), 고승민(롯데) | 투수 키플레이어: 나균안(롯데), 현도훈(롯데), 김종수(한화)"
1910,"류선규·홍석만, 야구로 풀어낸 수학의 재미… 인천시교육청 '야구×수학...",1부에서는 전 SSG랜더스 단장 류선규와 『야구×수학』 공동 저자인 인항고등학교 홍석만 교사가 강연자로 나섰다. 이들은 실제 프로야구 현장에서 활용되는 데이터 분석 사례와 학교 교육과정 속 수학 개념을 연결해...,www.lecturernews.com,2026-05-21T13:56:00,,ETC,,,gpt_missing_index,,False,롯데가 한화에 8-2로 승리하며 좋은 성적을 거두었다.,전민재;고승민,positive,,true,"롯데 vs 한화 (원정) 8-2 승 | 결승타: 전민재(2회) | 홈런: 전민재3호, 고승민2호 | 타자 키플레이어: 전민재(롯데), 레이예스(롯데), 고승민(롯데) | 투수 키플레이어: 나균안(롯데), 현도훈(롯데), 김종수(한화)"
1911,"[6·3선거]김관영, 공식 선거운동 돌입…'테러 암시' 경찰 수사","차고지를 방문해 미화원들을 격려했고, 오전 6시에는 송천동 농수산물도매시장을 찾아 상인들의 애환을 들었다. 오전 7시 30분부터는 전주 롯데백화점 사거리에서 출근길 시민들에게 인사를 건네며 지지를 호소했다.",view.asiae.co.kr,2026-05-21T13:55:00,,ETC,,,gpt_missing_index,,False,롯데가 한화에 8-2로 승리하며 좋은 성적을 거두었다.,전민재;고승민,positive,,true,"롯데 vs 한화 (원정) 8-2 승 | 결승타: 전민재(2회) | 홈런: 전민재3호, 고승민2호 | 타자 키플레이어: 전민재(롯데), 레이예스(롯데), 고승민(롯데) | 투수 키플레이어: 나균안(롯데), 현도훈(롯데), 김종수(한화)"
1912,"김관영 후보 ""멈추지 않고 앞으로 나아가는 것이 전북·도민의 힘""","오전 7시 30분엔 전주 롯데백화점 사거리에서 출근 인사를 하며 시민들과 소통했다. 시민들은 차창 밖으로 손을 흔들고 경적을 울리며 응원을 보냈고 김 후보는 이어지는 응원에 감사의 뜻을 표했다. 김 후보는 ""공식...",www.news1.kr,2026-05-21T13:52:00,,ETC,,,gpt_missing_index,,False,롯데가 한화에 8-2로 승리하며 좋은 성적을 거두었다.,전민재;고승민,positive,,true,"롯데 vs 한화 (원정) 8-2 승 | 결승타: 전민재(2회) | 홈런: 전민재3호, 고승민2호 | 타자 키플레이어: 전민재(롯데), 레이예스(롯데), 고승민(롯데) | 투수 키플레이어: 나균안(롯데), 현도훈(롯데), 김종수(한화)"
1913,"현대엔지니어링, '힐스테이트 시흥더클래스' 견본주택 개관","또 롯데마트와 스타필드시티, 신천연합병원 등 쇼핑·의료시설이 인근에 위치했으며 시흥ABC행복학습타운과 은계1어울림센터, 은계호수공원, 소래산산림욕장 등도 가까워 문화·여가를 쉽게 누릴 수 있다. 부천·광명...",www.thefirstmedia.net,2026-05-21T13:52:00,,ETC,,1.0,,,False,롯데가 한화에 8-2로 승리하며 좋은 성적을 거두었다.,전민재;고승민,positive,,true,"롯데 vs 한화 (원정) 8-2 승 | 결승타: 전민재(2회) | 홈런: 전민재3호, 고승민2호 | 타자 키플레이어: 전민재(롯데), 레이예스(롯데), 고승민(롯데) | 투수 키플레이어: 나균안(롯데), 현도훈(롯데), 김종수(한화)"
1914,"대형 방수포가 사라졌다, 한화 포수들이 훈련을 한다…롯데-한화전 오늘...","5월 7일 광주 KIA 타이거즈전 1⅔이닝 1피안타 4사사구 2실점, 5월 14일 고척 키움 히어로즈전 4이닝 1피안타 2사사구 4탈삼진 1실점을 기록했다. 롯데는 나균안이 준비한다. 올 시즌 8경기 1승 4패 평균자책 2.96을 기록...",www.mydaily.co.kr,2026-05-21T13:51:00,,MATCH_RELATED,PERFORMANCE_ANALYSIS,0.9,,,False,롯데가 한화에 8-2로 승리하며 좋은 성적을 거두었다.,전민재;고승민;나균안,positive,,true,"롯데 vs 한화 (원정) 8-2 승 | 결승타: 전민재(2회) | 홈런: 전민재3호, 고승민2호 | 타자 키플레이어: 전민재(롯데), 레이예스(롯데), 고승민(롯데) | 투수 키플레이어: 나균안(롯데), 현도훈(롯데), 김종수(한화)"
1915,"삼성 라이온즈, 22일부터 부산에서 롯데와 주말 3연전","선두 경쟁에 본격적으로 나선 삼성이 22일부터 부산에서 롯데와 주말 3연전을 갖는다. 두 팀은 이번 시즌에 두 차례 대결했지만 삼성이 다 졌다. 지난 3월 개막 직후 벌어진 2연전에서 삼성은 후라도(6이닝, 3자책점)와...",www.idaegu.com,2026-05-21T13:50:00,,MATCH_RELATED,,0.9,,,False,롯데가 한화에 8-2로 승리하며 좋은 성적을 거두었다.,,positive,,true,"롯데 vs 한화 (원정) 8-2 승 | 결승타: 전민재(2회) | 홈런: 전민재3호, 고승민2호 | 타자 키플레이어: 전민재(롯데), 레이예스(롯데), 고승민(롯데) | 투수 키플레이어: 나균안(롯데), 현도훈(롯데), 김종수(한화)"
1916,"KIA 곽도규도 '日 재활의 성지' 찾고 놀랐다?…""처음에는 외면했는데, 이...",올해 2월에는 삼성 라이온즈 투수 원태인이 빠른 재활을 위해 이 곳을 방문했다. KIA 타이거즈 좌완투수 곽도규도 이지마 치료원을 찾은 적이 있다. 곽도규는 지난해 4월 좌측 주관절 굴곡근 및 인대 손상 진단을 받았고...,www.xportsnews.com,2026-05-21T13:50:00,,INJURY_ROSTER,,1.0,,,False,롯데가 한화에 8-2로 승리하며 좋은 성적을 거두었다.,,positive,,true,"롯데 vs 한화 (원정) 8-2 승 | 결승타: 전민재(2회) | 홈런: 전민재3호, 고승민2호 | 타자 키플레이어: 전민재(롯데), 레이예스(롯데), 고승민(롯데) | 투수 키플레이어: 나균안(롯데), 현도훈(롯데), 김종수(한화)"
1917,"키움 히어로즈, 타격 파트 코치진 개편...이용규 플레잉 코치 1군 담당","키움 히어로즈가 타격 파트 코치진을 개편한다. 최근 김태완 1군 타격코치는 일신상의 사유로 자진 사퇴 의사를 밝혔고 구단은 이를 수용했다. 키움은 21일 ""빈자리는 이용규 플레잉코치가 채우며, 앞으로 플레잉...",isplus.com,2026-05-21T13:50:00,,ETC,,,gpt_missing_index,,False,키움 히어로즈가 타격 코치진을 개편한다.,,neutral,,false,"롯데 vs 한화 (원정) 8-2 승 | 결승타: 전민재(2회) | 홈런: 전민재3호, 고승민2호 | 타자 키플레이어: 전민재(롯데), 레이예스(롯데), 고승민(롯데) | 투수 키플레이어: 나균안(롯데), 현도훈(롯데), 김종수(한화)"
1918,"""플로깅부터 런트립까지""...KT, Z세대 크루 문화 담은 'YF 민트크루' 론...",수원 KT위즈파크에서는 야구 응원을 즐기며 쓰레기를 줍는 '다줍자' 크루의 플로깅 행사 '놀로깅'이 개최된다. 지역 사회와 상생을 도모하는 이색 프로젝트도 마련됐다. 강원도 평창의 자연을 달리며 로컬 소비를...,www.the-pr.co.kr,2026-05-21T13:48:00,,ETC,,,gpt_missing_index,,False,KT가 Z세대 크루 문화를 담은 프로젝트를 진행한다.,,neutral,,false,"롯데 vs 한화 (원정) 8-2 승 | 결승타: 전민재(2회) | 홈런: 전민재3호, 고승민2호 | 타자 키플레이어: 전민재(롯데), 레이예스(롯데), 고승민(롯데) | 투수 키플레이어: 나균안(롯데), 현도훈(롯데), 김종수(한화)"
1919,"롯데백화점 전주점, 22주년 쇼핑 페스티벌…최대 10% 혜택","롯데백화점 전주점이 개점 22주년을 맞아 기념행사를 연다. 롯데백화점 전주점은 오는 22일부터 31일까지 '22주년 기념 쇼핑 페스티벌'을 진행한다고 21일 밝혔다. 행사 기간 브랜드별 특가 상품전과 다양한 사은행사, 앱...",www.news1.kr,2026-05-21T13:47:00,,ETC,,1.0,,,False,롯데백화점 전주점이 22주년 기념 행사를 연다.,,neutral,,false,"롯데 vs 한화 (원정) 8-2 승 | 결승타: 전민재(2회) | 홈런: 전민재3호, 고승민2호 | 타자 키플레이어: 전민재(롯데), 레이예스(롯데), 고승민(롯데) | 투수 키플레이어: 나균안(롯데), 현도훈(롯데), 김종수(한화)"
1920,"롯데백화점, '샤넬 뷰티' 팝업스토어 진행",= 롯데백화점이 21일부터 오는 31일까지 잠실점 에비뉴엘 지하 1층에서 '샤넬 뷰티'의 팝업스토어를 진행한다고 밝혔다. 사진은 롯데백화점 에비뉴엘 잠실점 지하 1층 '샤넬 뷰티' 팝업스토어 전경. (롯데백화점...,www.news1.kr,2026-05-21T13:46:00,,ETC,,,gpt_missing_index,,False,롯데백화점이 '샤넬 뷰티' 팝업스토어를 진행한다.,,neutral,,false,"롯데 vs 한화 (원정) 8-2 승 | 결승타: 전민재(2회) | 홈런: 전민재3호, 고승민2호 | 타자 키플레이어: 전민재(롯데), 레이예스(롯데), 고승민(롯데) | 투수 키플레이어: 나균안(롯데), 현도훈(롯데), 김종수(한화)"
1921,"키움, 김태완 타격코치 사퇴…빈자리 이용규 플레잉코치가 채워",키움 히어로즈 코치진이 변화를 꾀한다. 21일 뉴스1에 따르면 키움 구단은 이날 타격 파트 코치진을 개편한다고 밝혔다. 김태완 1군 타격코치가 일신상 사유로 자진 사퇴했다. 1군 타격코치는 이용규 플레잉코치가 맡는다....,www.sidae.com,2026-05-21T13:45:00,,ETC,,,gpt_missing_index,,False,키움이 타격코치진을 개편하며 이용규가 맡는다.,이용규,neutral,,false,"롯데 vs 한화 (원정) 8-2 승 | 결승타: 전민재(2회) | 홈런: 전민재3호, 고승민2호 | 타자 키플레이어: 전민재(롯데), 레이예스(롯데), 고승민(롯데) | 투수 키플레이어: 나균안(롯데), 현도훈(롯데), 김종수(한화)"
1922,"'팀 타격 꼴찌' 키움, 타격 코칭스태프 개편…김태완 코치 사임, 이용규...","프로야구 키움 히어로즈가 타격 코칭스태프를 개편했다. 키움은 21일 “타격 파트 코치진을 개편한다. 최근 김태완 1군 타격코치가 일신상의 사유로 자진 사퇴 의사를 밝혔고, 구단은 이를 수용했다. 빈자리는 이용규...",www.osen.co.kr,2026-05-21T13:45:00,,ETC,,,gpt_missing_index,,False,키움이 타격 코칭스태프를 개편했다.,,neutral,,false,"롯데 vs 한화 (원정) 8-2 승 | 결승타: 전민재(2회) | 홈런: 전민재3호, 고승민2호 | 타자 키플레이어: 전민재(롯데), 레이예스(롯데), 고승민(롯데) | 투수 키플레이어: 나균안(롯데), 현도훈(롯데), 김종수(한화)"
1923,"이용규, 키움히어로즈 1군 타격코치 맡는다...코치진 개편",프로야구 키움히어로즈가 타격 파트 코치진을 개편했다. 김태완 1군 타격코치가 일신상의 이유로 자진 사퇴했다. 빈자리는 이용규 플레잉코치가 맡는다. 키움은 21일 “이용규 플레잉코치가 앞으로 플레잉 타격코치로 1군...,www.edaily.co.kr,2026-05-21T13:45:00,,ETC,,,gpt_missing_index,,False,이용규가 키움히어로즈 1군 타격코치를 맡는다.,이용규,neutral,,false,"롯데 vs 한화 (원정) 8-2 승 | 결승타: 전민재(2회) | 홈런: 전민재3호, 고승민2호 | 타자 키플레이어: 전민재(롯데), 레이예스(롯데), 고승민(롯데) | 투수 키플레이어: 나균안(롯데), 현도훈(롯데), 김종수(한화)"
1924,"강레오 셰프, 대기업 센터장 내려놨다 ""6년 일하고 사표, 잘렸다""","강레오 셰프는 20일 유튜브 채널 '스튜디오 룰루랄라'에 공개된 영상에서 2020년 취임한 롯데마트 푸드이노베이션 센터장직을 내려놨다고 밝혔다. 이날 강레오 셰프는 김도윤 최강록 셰프와 이야기를 나누다 ""최강록의...",www.spotvnews.co.kr,2026-05-21T13:43:00,,ETC,,,gpt_missing_index,,False,강레오 셰프가 롯데마트 센터장직을 내려놨다.,,neutral,,false,"롯데 vs 한화 (원정) 8-2 승 | 결승타: 전민재(2회) | 홈런: 전민재3호, 고승민2호 | 타자 키플레이어: 전민재(롯데), 레이예스(롯데), 고승민(롯데) | 투수 키플레이어: 나균안(롯데), 현도훈(롯데), 김종수(한화)"
1925,"롯데百, '샤넬 뷰티' 팝업스토어 오픈",롯데백화점은 오는 31일까지 잠실점 에비뉴엘 지하 1층에서 '샤넬 뷰티(CHANEL Beauty)' 팝업스토어를 운영한다고 21일 밝혔다. 이번 팝업에서는 선물 수요가 높은 샤넬 뷰티 베스트셀러 제품을 한자리에 모아 소개한다. 기간...,www.etnews.com,2026-05-21T13:42:00,,ETC,,,gpt_missing_index,,False,롯데백화점이 샤넬 뷰티 팝업스토어를 오픈했다.,,neutral,,true,"롯데 vs 한화 (원정) 8-2 승 | 결승타: 전민재(2회) | 홈런: 전민재3호, 고승민2호 | 타자 키플레이어: 전민재(롯데), 레이예스(롯데), 고승민(롯데) | 투수 키플레이어: 나균안(롯데), 현도훈(롯데), 김종수(한화)"
1926,"베리오스, 팔꿈치 인대접합 수술…MLB 토론토 마운드 '비상'","토론토는 베리오스 뿐 아니라 올 시즌을 앞두고 영입한 KBO리그 한화 이글스 출신 코디 폰세도 개막 직후 이탈한 상태다. 여기에 맥스 셔저, 셰인 비버도 빠져있다. 선발진의 공백이 큰 토론토는 22승 27패로...",www.newsis.com,2026-05-21T13:41:00,,INJURY_ROSTER,,1.0,,,False,토론토의 베리오스가 팔꿈치 수술을 받았다.,,neutral,,true,"롯데 vs 한화 (원정) 8-2 승 | 결승타: 전민재(2회) | 홈런: 전민재3호, 고승민2호 | 타자 키플레이어: 전민재(롯데), 레이예스(롯데), 고승민(롯데) | 투수 키플레이어: 나균안(롯데), 현도훈(롯데), 김종수(한화)"
1927,"키움, 타격 지도 시스템 손본다… 이용규 1군 플레잉 타격코치","사진=키움 히어로즈 제공 프로야구 키움이 타격 파트 코치진에 변화를 준다. 1군 타격코치 공백을 내부에서 메우는 동시에, 투수 파트에 이어 타격 파트에도 총괄코치 체제를 도입해 육성 시스템 정비에 나선다. 키움은 21일...",www.sportsworldi.com,2026-05-21T13:40:00,,ETC,,,gpt_missing_index,,False,키움이 타격 지도 시스템을 개편한다.,,neutral,,true,"롯데 vs 한화 (원정) 8-2 승 | 결승타: 전민재(2회) | 홈런: 전민재3호, 고승민2호 | 타자 키플레이어: 전민재(롯데), 레이예스(롯데), 고승민(롯데) | 투수 키플레이어: 나균안(롯데), 현도훈(롯데), 김종수(한화)"
1928,[오피셜] '김태완 사임→이용규 타격코치 선임' 키움 코치진 개편 단행...,"키움 히어로즈가 21일 타격 파트 코치진 개편 소식을 알렸다. 키움 구단은 ""최근 김태완 1군 타격코치가 일신상의 사유로 자진 사퇴 의사를 밝혔고, 구단은 이를 수용했다""라며 ""빈자리는 이용규 플레잉코치가 채우며...",www.sportalkorea.com,2026-05-21T13:38:00,,ETC,,,gpt_missing_index,,False,키움이 김태완 코치 사임 후 이용규를 선임했다.,,neutral,,true,"롯데 vs 한화 (원정) 8-2 승 | 결승타: 전민재(2회) | 홈런: 전민재3호, 고승민2호 | 타자 키플레이어: 전민재(롯데), 레이예스(롯데), 고승민(롯데) | 투수 키플레이어: 나균안(롯데), 현도훈(롯데), 김종수(한화)"
1929,"'솔로지옥5' 이하은, 올블랙 미니룩에 더해진 인형 비주얼… '군체' VIP포...","2026년 5월 20일(수) 오후 7시, 서울 송파구 롯데시네마 월드타워 7층 씨네파크에서는 영화 '군체' VIP시사회 포토월 행사가 진행됐다. 영화 '군체'를 응원하기 위해 VIP시사회를 찾은 '솔로지옥5' 출연진이자 뷰티모델로 활동...",www.job-post.co.kr,2026-05-21T13:38:00,,ETC,,1.0,,,False,이하은이 VIP시사회에서 인형 비주얼을 선보였다.,,neutral,,true,"롯데 vs 한화 (원정) 8-2 승 | 결승타: 전민재(2회) | 홈런: 전민재3호, 고승민2호 | 타자 키플레이어: 전민재(롯데), 레이예스(롯데), 고승민(롯데) | 투수 키플레이어: 나균안(롯데), 현도훈(롯데), 김종수(한화)"
1930,“무더위 입맛 살려라”⋯ 유통가 여름 먹거리 할인전,"롯데마트·슈퍼는 하우스 재배 여름 과일을 예년보다 한 달가량 먼저 내놓으며 시장 선점에 나섰다. 롯데마트·슈퍼는 지난 19일부터 하우스 복숭아와 자두를 비롯해 신비 천도복숭아, 살구 등을 판매한다고 밝혔다....",www.viva100.com,2026-05-21T13:38:00,,ETC,,,gpt_missing_index,,False,롯데마트가 여름 먹거리 할인전을 시작했다.,,neutral,,true,"롯데 vs 한화 (원정) 8-2 승 | 결승타: 전민재(2회) | 홈런: 전민재3호, 고승민2호 | 타자 키플레이어: 전민재(롯데), 레이예스(롯데), 고승민(롯데) | 투수 키플레이어: 나균안(롯데), 현도훈(롯데), 김종수(한화)"
1931,"키움, 코치진 개편…'1군 타격 코치'에 이용규·김태완 사퇴","체계적이고 일원화된 타격 지도 및 육성 시스템을 구축할 계획이다. 키움은 18승1무26패로 10개 구단 중 최하위에 머물러 있다. 팀 타율은 0.230으로 압도적 최하위이며, 9위 두산 베어스(0.256)와도 3푼 가까이 차이가 난다.",www.news1.kr,2026-05-21T13:36:00,,ETC,,,gpt_missing_index,,False,키움이 타격 코치진을 개편하고 있다.,,neutral,,true,"롯데 vs 한화 (원정) 8-2 승 | 결승타: 전민재(2회) | 홈런: 전민재3호, 고승민2호 | 타자 키플레이어: 전민재(롯데), 레이예스(롯데), 고승민(롯데) | 투수 키플레이어: 나균안(롯데), 현도훈(롯데), 김종수(한화)"
1932,최약체 선발진에 줄부상까지 ‘첩첩산중’…SSG의 힘겨운 버티기,4월까지 3위(17승10패)였던 SSG 랜더스가 힘겨운 5월을 보내고 있다. 선발진의 약점이 도드라진 데다 주축 선수들의 부상 공백이 길어지면서 쉽지 않은 싸움을 이어갈 수밖에 없는 현실이다. SSG는 20일까지 5월...,sports.donga.com,2026-05-21T13:36:00,,INJURY_ROSTER,,1.0,,,False,SSG가 부상과 선발진 약점으로 어려움을 겪고 있다.,,positive,,true,"롯데 vs 한화 (원정) 8-2 승 | 결승타: 전민재(2회) | 홈런: 전민재3호, 고승민2호 | 타자 키플레이어: 전민재(롯데), 레이예스(롯데), 고승민(롯데) | 투수 키플레이어: 나균안(롯데), 현도훈(롯데), 김종수(한화)"
1933,[문화 트렌드] 에버랜드서 god 데뷔 1만일 기념 콘서트 열린다 外,"이번 교육은 삼성2동복합문화센터에서 6월 22일부터 5주간 매주 월요일 총 5회에 걸쳐 진행되며, 최대 20명을 선발할 예정이다. 교육과정은 ▲생활문화 이해하기 ▲축제기획의 이해 ▲홍보법 ▲기획안 작성 등으로...",www.ibabynews.com,2026-05-21T13:36:00,,ETC,,,gpt_missing_index,,False,롯데가 한화를 상대로 8-2로 승리했다.,전민재;고승민;나균안,positive,,true,"롯데 vs 한화 (원정) 8-2 승 | 결승타: 전민재(2회) | 홈런: 전민재3호, 고승민2호 | 타자 키플레이어: 전민재(롯데), 레이예스(롯데), 고승민(롯데) | 투수 키플레이어: 나균안(롯데), 현도훈(롯데), 김종수(한화)"
1934,"'수백억 자산가' 김준수, 인생 첫 다이소 방문에 충격…""이게 남나?""","기업 가치가 1000억 원을 넘어섰다는 소식이 전해지기도 했다. 현재 그는 국내 최고가 오피스텔로 알려진 서울 잠실 롯데월드타워 시그니엘 레지던스에 거주 중으로, 이는 매입가 기준 89억 원대인 것으로 알려졌다.",www.spotvnews.co.kr,2026-05-21T13:33:00,,ETC,,,gpt_missing_index,,False,롯데가 한화를 상대로 8-2로 승리했다.,전민재;고승민;나균안,positive,,true,"롯데 vs 한화 (원정) 8-2 승 | 결승타: 전민재(2회) | 홈런: 전민재3호, 고승민2호 | 타자 키플레이어: 전민재(롯데), 레이예스(롯데), 고승민(롯데) | 투수 키플레이어: 나균안(롯데), 현도훈(롯데), 김종수(한화)"
1935,"""불펜 27홀드 14세이브"" 키움, 1년 만에 최하위 구도 뒤집었다","공동 1위에 올라 있는 삼성 라이온즈와 kt wiz와의 승차는 8경기로 줄었다. 공동 4위 SSG 랜더스와 KIA 타이거즈와 격차도 4.5경기 차에 불과해, 상위권과의 거리 자체가 지난해보다 절반 가까이 축소됐다. 포스트시즌 진출을...",www.topstarnews.net,2026-05-21T13:32:00,,ETC,,,gpt_missing_index,,False,롯데가 한화를 상대로 8-2로 승리했다.,전민재;고승민;나균안,positive,,true,"롯데 vs 한화 (원정) 8-2 승 | 결승타: 전민재(2회) | 홈런: 전민재3호, 고승민2호 | 타자 키플레이어: 전민재(롯데), 레이예스(롯데), 고승민(롯데) | 투수 키플레이어: 나균안(롯데), 현도훈(롯데), 김종수(한화)"
1936,"이길여 가천길재단 모교 군산 대야초, 특별 현장체험 진행","둘째 날에는 경복궁과 대한민국역사박물관, 롯데월드타워를 방문해 우리 역사와 문화를 체험하고 수도권의 주요명소를 둘러본다. 마지막 날에는 에버랜드를 찾아 놀이시설을 이용하고 복귀하는 일정으로 여정을...",www.kihoilbo.co.kr,2026-05-21T13:32:00,,INJURY_ROSTER,,1.0,,,False,롯데가 한화를 상대로 8-2로 승리했다.,전민재;고승민;나균안,positive,,true,"롯데 vs 한화 (원정) 8-2 승 | 결승타: 전민재(2회) | 홈런: 전민재3호, 고승민2호 | 타자 키플레이어: 전민재(롯데), 레이예스(롯데), 고승민(롯데) | 투수 키플레이어: 나균안(롯데), 현도훈(롯데), 김종수(한화)"
1937,"키움, 김태완 코치 사임에 보직 개편…이용규, 1군 타격 맡는다",최하위 탈출을 노리는 프로야구 키움 히어로즈가 타격 파트 코치진에 변화를 준다. 키움은 21일 이용규 플레잉코치가 1군 타격코치를 담당한다고 밝혔다. 기존 1군 타격코치를 맡았던 김태완 코치는 최근 일신상의 이유로...,www.newsis.com,2026-05-21T13:30:00,,ETC,,,gpt_missing_index,,False,롯데가 한화를 상대로 8-2로 승리했다.,전민재;고승민;나균안,positive,,true,"롯데 vs 한화 (원정) 8-2 승 | 결승타: 전민재(2회) | 홈런: 전민재3호, 고승민2호 | 타자 키플레이어: 전민재(롯데), 레이예스(롯데), 고승민(롯데) | 투수 키플레이어: 나균안(롯데), 현도훈(롯데), 김종수(한화)"
1938,"키움이 야심 차게 영입한 새 외인 타자 히우라, 1군 바로 기용 계획은 있...",키움이 네이선 와일스의 부상 대체 선수로 로젠버그의 계약을 발표한 날짜는 지난달 21일이었는데 로젠버그는 14일에야 입국했다. 시차 등 적응 기간을 가질 새도 없이 지난 16일 창원 NC전에서 복귀전을 치렀다. KBO리그...,sports.khan.co.kr,2026-05-21T13:26:00,,INJURY_ROSTER,,1.0,,,False,롯데가 한화를 상대로 8-2로 승리했다.,전민재;고승민;나균안,positive,,true,"롯데 vs 한화 (원정) 8-2 승 | 결승타: 전민재(2회) | 홈런: 전민재3호, 고승민2호 | 타자 키플레이어: 전민재(롯데), 레이예스(롯데), 고승민(롯데) | 투수 키플레이어: 나균안(롯데), 현도훈(롯데), 김종수(한화)"
1939,"""플레잉 타격코치 체제""…키움, 이용규 1군 타격코치 선임","2024년 시즌 도중 코칭스태프 재편에 나선 키움 히어로즈가 타격 파트의 핵심 퍼즐을 맞추고 있다. 선수 겸 지도자로 뛰고 있는 이용규가 1군 타격코치 보직을 맡으면서, 키움 타선 운영에 새로운 색깔이 더해질 전망이다....",www.topstarnews.net,2026-05-21T13:22:00,,ETC,,,gpt_missing_index,,False,롯데가 한화를 상대로 8-2로 승리했다.,전민재;고승민;나균안,positive,,true,"롯데 vs 한화 (원정) 8-2 승 | 결승타: 전민재(2회) | 홈런: 전민재3호, 고승민2호 | 타자 키플레이어: 전민재(롯데), 레이예스(롯데), 고승민(롯데) | 투수 키플레이어: 나균안(롯데), 현도훈(롯데), 김종수(한화)"
1940,"KT, 대학생 크루 프로그램 'YF 민트크루' 운영... 참여자 모집","'다줍자' 크루는 20대 야구 팬덤 문화 확산을 위한 캠페인으로, 6월 말 수원 KT위즈파크에서 야구 응원과 플로깅을 결합한 '놀로깅' 활동을 진행할 예정이다. 러닝을 하며 국내 소도시를 체험하는 '와이웨이' 크루도 6월...",www.sisacast.kr,2026-05-21T13:22:00,,ETC,,,gpt_missing_index,,False,롯데가 한화를 상대로 8-2로 승리했다.,전민재;고승민;나균안,positive,,true,"롯데 vs 한화 (원정) 8-2 승 | 결승타: 전민재(2회) | 홈런: 전민재3호, 고승민2호 | 타자 키플레이어: 전민재(롯데), 레이예스(롯데), 고승민(롯데) | 투수 키플레이어: 나균안(롯데), 현도훈(롯데), 김종수(한화)"
1941,1년 전 '승패 차 -19' 압도적 꼴찌였던 프로야구 키움의 급반등,20일 현재 공동 1위 삼성 라이온즈·kt wiz와의 격차는 8경기에 불과하다. 공동 4위 SSG·KIA 타이거즈와 승차는 4.5경기로 줄어 '해볼 만하다'는 자신감을 회복했다. 가장 달라진 점은 불펜이 강해졌다는 사실이다. 만 39세...,www.yna.co.kr,2026-05-21T13:16:00,,ETC,,,gpt_missing_index,,False,롯데가 한화에 8-2로 승리하며 좋은 성적을 이어갔다.,전민재;고승민,positive,,true,"롯데 vs 한화 (원정) 8-2 승 | 결승타: 전민재(2회) | 홈런: 전민재3호, 고승민2호 | 타자 키플레이어: 전민재(롯데), 레이예스(롯데), 고승민(롯데) | 투수 키플레이어: 나균안(롯데), 현도훈(롯데), 김종수(한화)"
1942,한화가 100만 달러 투자했던 이유 있었다…ML서 153km 강속구로 또 무실...,"스미스는 2023년 한화 이글스에 입단, KBO 리그와 인연을 맺었고 개막전 선발투수로 낙점을 받으며 많은 기대를 모았다. 당시 한화가 스미스와 합의한 계약 내용은 총액 100만 달러(약 15억원)에 달했다. 그러나 그...",www.spotvnews.co.kr,2026-05-21T13:14:00,,TRANSACTION_CONTRACT,,1.0,,,False,한화의 스미스가 100만 달러 계약으로 기대를 모았다.,,negative,,true,"롯데 vs 한화 (원정) 8-2 승 | 결승타: 전민재(2회) | 홈런: 전민재3호, 고승민2호 | 타자 키플레이어: 전민재(롯데), 레이예스(롯데), 고승민(롯데) | 투수 키플레이어: 나균안(롯데), 현도훈(롯데), 김종수(한화)"
1943,"프로야구 키움, 김태완 후임으로 이용규 1군 타격코치 선임",프로야구 키움 히어로즈가 최근 일신상의 이유로 사임한 김태완 1군 타격코치 자리에 이용규 플레잉코치를 앉혔다. 키움 구단은 21일 이 코치가 앞으로 플레잉 타격코치로 1군 타격을 담당하기로 했다고 전했다. 이 코치는...,www.yna.co.kr,2026-05-21T13:13:00,,ETC,,,gpt_missing_index,,False,키움이 이용규를 1군 타격코치로 선임했다.,,neutral,,true,"롯데 vs 한화 (원정) 8-2 승 | 결승타: 전민재(2회) | 홈런: 전민재3호, 고승민2호 | 타자 키플레이어: 전민재(롯데), 레이예스(롯데), 고승민(롯데) | 투수 키플레이어: 나균안(롯데), 현도훈(롯데), 김종수(한화)"
1944,"[오피셜] '키움 코치진 개편' 이용규 플레잉코치, 1군 타격 파트도 담당...","이용규 코치는 2004년 LG 트윈스에 입단, KIA 타이거즈와 한화 이글스를 거쳐 2021년 키움에 합류했다. 지난해 4월 플레잉코치로 선임된 이용규 코치는 올 시즌 선수로 뛴 기록은 없다. 이와 함께 투수 파트에 이어 타격...",www.spotvnews.co.kr,2026-05-21T13:10:00,,TRANSACTION_CONTRACT,,1.0,,,False,이용규가 키움의 1군 타격 파트를 맡게 되었다.,,neutral,,true,"롯데 vs 한화 (원정) 8-2 승 | 결승타: 전민재(2회) | 홈런: 전민재3호, 고승민2호 | 타자 키플레이어: 전민재(롯데), 레이예스(롯데), 고승민(롯데) | 투수 키플레이어: 나균안(롯데), 현도훈(롯데), 김종수(한화)"
1945,[공식발표] 키움 파격 행보! 이용규가 1군 플레잉 타격코치행→'퇴단' 김...,"키움 히어로즈가 타격 파트 코치진을 전면 개편하는 파격적인 결단을 내렸다. 베테랑 외야수 이용규(41)가 이제는 1군 플레잉 타격코치로서 팀의 방망이를 직접 지휘할 예정이다. 키움 구단은 21일 오후 ""김태완 1군...",www.starnewskorea.com,2026-05-21T13:08:00,,ETC,,,gpt_missing_index,,False,키움이 타격 코치진을 개편하며 이용규를 선임했다.,,neutral,,true,"롯데 vs 한화 (원정) 8-2 승 | 결승타: 전민재(2회) | 홈런: 전민재3호, 고승민2호 | 타자 키플레이어: 전민재(롯데), 레이예스(롯데), 고승민(롯데) | 투수 키플레이어: 나균안(롯데), 현도훈(롯데), 김종수(한화)"
1946,"AG 탁구 국가대표 1차 선발전, 김민혁-장한재-유한나-김서윤 통과…29일...","주천희(삼성생명), 김나영(포스코인터내셔널), 이은혜(대한항공) 등이다. 다만 여자부는 귀화 선수인 주천희가 아시아선수권에 출전할 수 없어 1명을 추가 선발한다. 주천희는 ITTF 귀화 규정에 따라 아시안게임에는 나설...",www.nocutnews.co.kr,2026-05-21T13:08:00,,ETC,,,gpt_missing_index,,False,AG 탁구 국가대표 선발전에서 여러 선수가 통과했다.,,neutral,,true,"롯데 vs 한화 (원정) 8-2 승 | 결승타: 전민재(2회) | 홈런: 전민재3호, 고승민2호 | 타자 키플레이어: 전민재(롯데), 레이예스(롯데), 고승민(롯데) | 투수 키플레이어: 나균안(롯데), 현도훈(롯데), 김종수(한화)"
1947,"[유통소식] LF 헤지스, 글로벌 사이트 1주년…19만명 유입",샤넬 뷰티 팝업스토어 전경./사진=롯데백화점 롯데百 잠실점 '샤넬 뷰티' 팝업스토어 오픈 롯데백화점이 오는 5월 21일부터 31일까지 잠실점 에비뉴엘 지하 1층 특설 매장에서 프리미엄 화장품 브랜드 '샤넬 뷰티(CHANEL...,www.4th.kr,2026-05-21T13:08:00,,ETC,,1.0,,,False,롯데백화점이 샤넬 뷰티 팝업스토어를 오픈했다.,,neutral,,true,"롯데 vs 한화 (원정) 8-2 승 | 결승타: 전민재(2회) | 홈런: 전민재3호, 고승민2호 | 타자 키플레이어: 전민재(롯데), 레이예스(롯데), 고승민(롯데) | 투수 키플레이어: 나균안(롯데), 현도훈(롯데), 김종수(한화)"
1948,LG의 승리를 노래하라…에이티즈 여상·먼작귀·엘린이 출격,사진=LG트윈스 제공 ‘LG의 승리를 노래하라!’ 프로야구 LG가 22일부터 24일까지 잠실구장서 열리는 키움과의 주말 3연전서 승리기원 시구를 진행한다. 22일 보이그룹 에이티즈(ATEEZ) 멤버 여상이 출격한다. 시구자로...,www.sportsworldi.com,2026-05-21T13:07:00,,ETC,,,gpt_missing_index,,False,LG가 키움과의 3연전에서 시구 이벤트를 진행한다.,,neutral,,true,"롯데 vs 한화 (원정) 8-2 승 | 결승타: 전민재(2회) | 홈런: 전민재3호, 고승민2호 | 타자 키플레이어: 전민재(롯데), 레이예스(롯데), 고승민(롯데) | 투수 키플레이어: 나균안(롯데), 현도훈(롯데), 김종수(한화)"
1949,‘최고령 2000안타+현역 최고포수’ 두산 양의지는 다짐했다 “은퇴는 ...,"최형우(43), 강민호(40·이상 삼성 라이온즈) 등이다. 강민호는 양의지에 앞서 역대 포수 2호 2000안타의 주인공이다. 포수 최초 2000안타는 홍성흔(은퇴)이 달성했다. 양의지는 “내년에는 내가 엄청나게 잘할지도...",sports.donga.com,2026-05-21T13:06:00,,ETC,,,gpt_missing_index,,False,롯데가 한화를 상대로 8-2로 승리했다.,전민재;고승민,positive,,true,"롯데 vs 한화 (원정) 8-2 승 | 결승타: 전민재(2회) | 홈런: 전민재3호, 고승민2호 | 타자 키플레이어: 전민재(롯데), 레이예스(롯데), 고승민(롯데) | 투수 키플레이어: 나균안(롯데), 현도훈(롯데), 김종수(한화)"
1950,"""서건창의 걸음이 곧 역사"" 키움, '낭만 야구' 서건창과 2년 더 동행한다",결국 다시 한 번 방출을 겪은 그는 2024시즌부터 고향 팀인 KIA 타이거즈와 총액 1억 2천만 원 규모의 계약을 맺고 새 출발에 나섰다. 그리고 올 시즌 다시 키움으로 돌아온 서건창은 여전한 존재감을 보여주고 있다....,m.sports.naver.com,2026-05-21T13:06:00,,TRANSACTION_CONTRACT,,1.0,,,False,롯데가 한화를 상대로 8-2로 승리했다.,전민재;고승민,positive,,true,"롯데 vs 한화 (원정) 8-2 승 | 결승타: 전민재(2회) | 홈런: 전민재3호, 고승민2호 | 타자 키플레이어: 전민재(롯데), 레이예스(롯데), 고승민(롯데) | 투수 키플레이어: 나균안(롯데), 현도훈(롯데), 김종수(한화)"
1951,“하던대로 하자” KIA 슬러브 마스터는 정말 바꾼 게 없나…KKKKKKKKKK 부...,올러는 본래 17일 대구 삼성 라이온즈전에 나가야 했으나 최근 주춤하면서 이틀 더 쉬고 19일에 1주일만에 나갔다. KIA 출신 윤석민은 자신의 유튜브 채널 ‘사이버 윤석민’을 통해 선발투수가 잘 안 풀리면 감독이...,www.mydaily.co.kr,2026-05-21T13:00:00,,ETC,,,gpt_missing_index,,False,롯데가 한화를 상대로 8-2로 승리했다.,전민재;고승민,positive,,true,"롯데 vs 한화 (원정) 8-2 승 | 결승타: 전민재(2회) | 홈런: 전민재3호, 고승민2호 | 타자 키플레이어: 전민재(롯데), 레이예스(롯데), 고승민(롯데) | 투수 키플레이어: 나균안(롯데), 현도훈(롯데), 김종수(한화)"
1952,지방선거 출정식 개최한 진보당 울산시당,6·3 지방선거와 국회의원 재·보궐선거 공식 선거운동이 시작된 21일 울산시 남구 롯데백화점 앞에서 열린 진보당 울산시당 출정식에서 후보들이 지지자들과 함께 만세를 하고 있다. 2026.5.21,www.yna.co.kr,2026-05-21T12:52:00,,ETC,,1.0,,,False,롯데가 한화를 상대로 8-2로 승리했다.,전민재;고승민,positive,,true,"롯데 vs 한화 (원정) 8-2 승 | 결승타: 전민재(2회) | 홈런: 전민재3호, 고승민2호 | 타자 키플레이어: 전민재(롯데), 레이예스(롯데), 고승민(롯데) | 투수 키플레이어: 나균안(롯데), 현도훈(롯데), 김종수(한화)"
1953,"진보당 울산시당, 지방선거 출정식",6·3 지방선거와 국회의원 재·보궐선거 공식 선거운동이 시작된 21일 울산시 남구 롯데백화점 앞에서 열린 진보당 울산시당 출정식에서 후보들이 인사하고 있다. 2026.5.21,www.yna.co.kr,2026-05-21T12:52:00,,ETC,,1.0,,,False,롯데가 한화를 상대로 8-2로 승리했다.,전민재;고승민,positive,,true,"롯데 vs 한화 (원정) 8-2 승 | 결승타: 전민재(2회) | 홈런: 전민재3호, 고승민2호 | 타자 키플레이어: 전민재(롯데), 레이예스(롯데), 고승민(롯데) | 투수 키플레이어: 나균안(롯데), 현도훈(롯데), 김종수(한화)"
1954,"이정현, 밝은 미소",20일 오후 서울 송파구 롯데시네마 월드타워에서 영화 ‘군체’ vip시사회가 진행되었다. 이정현이 VIP시사회에서 포즈를 취하고 있다. 최수영 더파워 기자,www.thepowernews.co.kr,2026-05-21T12:52:00,,ETC,,,gpt_missing_index,,False,롯데가 한화를 상대로 8-2로 승리했다.,전민재;고승민,positive,,true,"롯데 vs 한화 (원정) 8-2 승 | 결승타: 전민재(2회) | 홈런: 전민재3호, 고승민2호 | 타자 키플레이어: 전민재(롯데), 레이예스(롯데), 고승민(롯데) | 투수 키플레이어: 나균안(롯데), 현도훈(롯데), 김종수(한화)"
1955,"안소희, 편안한 표정",20일 오후 서울 송파구 롯데시네마 월드타워에서 영화 ‘군체’ vip시사회가 진행되었다. 안소희가 VIP시사회에서 포즈를 취하고 있다. 최수영 더파워 기자,www.thepowernews.co.kr,2026-05-21T12:52:00,,ETC,,0.9,,,False,롯데가 한화를 상대로 8-2로 승리했다.,전민재;고승민,positive,,true,"롯데 vs 한화 (원정) 8-2 승 | 결승타: 전민재(2회) | 홈런: 전민재3호, 고승민2호 | 타자 키플레이어: 전민재(롯데), 레이예스(롯데), 고승민(롯데) | 투수 키플레이어: 나균안(롯데), 현도훈(롯데), 김종수(한화)"
1956,"오중기, 경산서 청년·교육 공약 발표…“인재가 경북 대전환의 핵심”",한편 오 후보는 이날 경산 5일장과 경산시청 방문에 이어 영덕 영해 5일장과 포항 삼성라이온즈 야구장 등을 잇달아 찾으며 민생 현장 행보를 이어갔다. <구글...,www.breaknews.com,2026-05-21T12:48:00,,ETC,,0.9,,,False,롯데가 한화를 상대로 8-2로 승리했다.,전민재;고승민,positive,,true,"롯데 vs 한화 (원정) 8-2 승 | 결승타: 전민재(2회) | 홈런: 전민재3호, 고승민2호 | 타자 키플레이어: 전민재(롯데), 레이예스(롯데), 고승민(롯데) | 투수 키플레이어: 나균안(롯데), 현도훈(롯데), 김종수(한화)"
1957,"권나라, 시원스러운 미모",20일 오후 서울 송파구 롯데시네마 월드타워에서 영화 ‘군체’ vip시사회가 진행되었다. 권나라가 VIP시사회에서 포즈를 취하고 있다. 최수영 더파워 기자,www.thepowernews.co.kr,2026-05-21T12:48:00,,ETC,,0.9,,,False,롯데가 한화와의 경기에서 8-2로 승리했다.,전민재;고승민,positive,,true,"롯데 vs 한화 (원정) 8-2 승 | 결승타: 전민재(2회) | 홈런: 전민재3호, 고승민2호 | 타자 키플레이어: 전민재(롯데), 레이예스(롯데), 고승민(롯데) | 투수 키플레이어: 나균안(롯데), 현도훈(롯데), 김종수(한화)"
1958,"[야구] 최형우, KBO 첫 1천 장타 눈앞",최형우(42·삼성 라이온즈)가 또 하나의 새 역사를 쓸 준비를 하고 있다. 최형우는  프로야구 KBO 리그 사상 첫 1천 안타 달성에 단 3개만을 남겨 두고 있다. 최형우는 지금까지 4507루타를 쌓았다. 20일 현재...,www.newscj.com,2026-05-21T12:46:00,,PERFORMANCE_ANALYSIS,,0.9,,,False,롯데가 한화와의 경기에서 8-2로 승리했다.,전민재;고승민,positive,,true,"롯데 vs 한화 (원정) 8-2 승 | 결승타: 전민재(2회) | 홈런: 전민재3호, 고승민2호 | 타자 키플레이어: 전민재(롯데), 레이예스(롯데), 고승민(롯데) | 투수 키플레이어: 나균안(롯데), 현도훈(롯데), 김종수(한화)"
1959,"롯데백화점 자존심 영등포점의 위기…'선택과 집중'인가, '불가피한 퇴...",롯데백화점 영등포점 전경. 사진=롯데백화점 한국금융경제신문=허지현 기자 | 서울 서남권 유통 상권의 핵심 요충지이자 하루 수십만 명의 유동 인구가 교차하는 영등포역사 상업 시설이 거대한 존폐 기로에 섰다. 21일...,www.kfenews.co.kr,2026-05-21T12:46:00,,ETC,,1.0,,,False,롯데가 한화와의 경기에서 8-2로 승리했다.,전민재;고승민,positive,,true,"롯데 vs 한화 (원정) 8-2 승 | 결승타: 전민재(2회) | 홈런: 전민재3호, 고승민2호 | 타자 키플레이어: 전민재(롯데), 레이예스(롯데), 고승민(롯데) | 투수 키플레이어: 나균안(롯데), 현도훈(롯데), 김종수(한화)"
1960,"정해인, 부드러운 표정",20일 오후 서울 송파구 롯데시네마 월드타워에서 영화 ‘군체’ vip시사회가 진행되었다. 정해인이 VIP시사회에서 포즈를 취하고 있다. 최수영 더파워 기자,www.thepowernews.co.kr,2026-05-21T12:46:00,,ETC,,0.9,,,False,롯데가 한화와의 경기에서 8-2로 승리했다.,전민재;고승민,positive,,true,"롯데 vs 한화 (원정) 8-2 승 | 결승타: 전민재(2회) | 홈런: 전민재3호, 고승민2호 | 타자 키플레이어: 전민재(롯데), 레이예스(롯데), 고승민(롯데) | 투수 키플레이어: 나균안(롯데), 현도훈(롯데), 김종수(한화)"
1961,"차준환, 무표정",20일 오후 서울 송파구 롯데시네마 월드타워에서 영화 ‘군체’ vip시사회가 진행되었다. 차준환이 VIP시사회에서 포즈를 취하고 있다. 최수영 더파워 기자,www.thepowernews.co.kr,2026-05-21T12:46:00,,ETC,,0.9,,,False,롯데가 한화와의 경기에서 8-2로 승리했다.,전민재;고승민,positive,,true,"롯데 vs 한화 (원정) 8-2 승 | 결승타: 전민재(2회) | 홈런: 전민재3호, 고승민2호 | 타자 키플레이어: 전민재(롯데), 레이예스(롯데), 고승민(롯데) | 투수 키플레이어: 나균안(롯데), 현도훈(롯데), 김종수(한화)"
1962,"김관영, 전주 풍남문서 출정식 개최...본격 선거운동 돌입",김관영 전북지사 무소속 후보 선거운동을 벌이고 있는 자원봉사자들[사진=김관영 캠프]2026.05.21 lbs0964@newspim.com 또 오전 7시 30분에는 전주 롯데백화점 사거리에서 출근길 시민들에게 인사를 전하며 지지를 호소했다....,www.newspim.com,2026-05-21T12:45:00,,ETC,,0.9,,,False,롯데가 한화와의 경기에서 8-2로 승리했다.,전민재;고승민,positive,,true,"롯데 vs 한화 (원정) 8-2 승 | 결승타: 전민재(2회) | 홈런: 전민재3호, 고승민2호 | 타자 키플레이어: 전민재(롯데), 레이예스(롯데), 고승민(롯데) | 투수 키플레이어: 나균안(롯데), 현도훈(롯데), 김종수(한화)"
1963,"정해인, 멋짐",20일 오후 서울 송파구 롯데시네마 월드타워에서 영화 ‘군체’ vip시사회가 진행되었다. 정해인이 VIP시사회에서 포즈를 취하고 있다. 최수영 더파워 기자,www.thepowernews.co.kr,2026-05-21T12:44:00,,ETC,,0.9,,,False,롯데가 한화와의 경기에서 8-2로 승리했다.,전민재;고승민,positive,,true,"롯데 vs 한화 (원정) 8-2 승 | 결승타: 전민재(2회) | 홈런: 전민재3호, 고승민2호 | 타자 키플레이어: 전민재(롯데), 레이예스(롯데), 고승민(롯데) | 투수 키플레이어: 나균안(롯데), 현도훈(롯데), 김종수(한화)"
1964,"장다아, 예쁨",20일 오후 서울 송파구 롯데시네마 월드타워에서 영화 ‘군체’ vip시사회가 진행되었다. 장다아가 VIP시사회에서 포즈를 취하고 있다. 최수영 더파워 기자,www.thepowernews.co.kr,2026-05-21T12:42:00,,ETC,,,gpt_missing_index,,False,롯데가 한화와의 경기에서 8-2로 승리했다.,전민재;고승민,positive,,true,"롯데 vs 한화 (원정) 8-2 승 | 결승타: 전민재(2회) | 홈런: 전민재3호, 고승민2호 | 타자 키플레이어: 전민재(롯데), 레이예스(롯데), 고승민(롯데) | 투수 키플레이어: 나균안(롯데), 현도훈(롯데), 김종수(한화)"
1965,"‘10G 3승7패’ 또또 끝내기 악몽인데…SSG “필승조 고민 NO, 신경 쓸 것...",17일 인천SSG랜더스필드에서 열린 2026 KBO리그 삼성과 시범경기. 문학 | 박진업 기자 upandup@sportseoul.com 가장 큰 고민거리는 외국인 투수들의 잇따른 부진이다. 공교롭게도 이번 키움과 3연전에선 타케타 쇼타-앤서니...,www.sportsseoul.com,2026-05-21T12:40:00,,ETC,,,gpt_missing_index,,False,롯데가 한화에 8-2로 승리하며 좋은 성적을 거두었다.,전민재;고승민;나균안,positive,,true,"롯데 vs 한화 (원정) 8-2 승 | 결승타: 전민재(2회) | 홈런: 전민재3호, 고승민2호 | 타자 키플레이어: 전민재(롯데), 레이예스(롯데), 고승민(롯데) | 투수 키플레이어: 나균안(롯데), 현도훈(롯데), 김종수(한화)"
1966,"정영주, 깜찍 하트",20일 오후 서울 송파구 롯데시네마 월드타워에서 영화 ‘군체’ vip시사회가 진행되었다. 정영주가 VIP시사회에서 포즈를 취하고 있다. 최수영 더파워 기자,www.thepowernews.co.kr,2026-05-21T12:40:00,,ETC,,1.0,,,False,롯데가 한화에 8-2로 승리하며 좋은 성적을 거두었다.,전민재;고승민;나균안,positive,,true,"롯데 vs 한화 (원정) 8-2 승 | 결승타: 전민재(2회) | 홈런: 전민재3호, 고승민2호 | 타자 키플레이어: 전민재(롯데), 레이예스(롯데), 고승민(롯데) | 투수 키플레이어: 나균안(롯데), 현도훈(롯데), 김종수(한화)"
1967,"[패션엔 포토] '두딸 엄마' 이정현, 46세 동안 끝판왕! 잠실 뒤흔든 멋스...","영화 '군체'(감독 연상호) VIP 시사회가 20일 오후 서울 롯데시네마 월드타워점에서 열렸다. 이번 시사회에는 전지현, 설현, 권나라, 이정현, 도지원, 엄지원, 노정의, 김소현, 장다아, 안소희, 전소영 등이 참석했다....",www.fashionn.com,2026-05-21T12:38:00,,ETC,,,gpt_missing_index,,False,롯데가 한화에 8-2로 승리하며 좋은 성적을 거두었다.,전민재;고승민;나균안,positive,,true,"롯데 vs 한화 (원정) 8-2 승 | 결승타: 전민재(2회) | 홈런: 전민재3호, 고승민2호 | 타자 키플레이어: 전민재(롯데), 레이예스(롯데), 고승민(롯데) | 투수 키플레이어: 나균안(롯데), 현도훈(롯데), 김종수(한화)"
1968,"유아, 시크하게",20일 오후 서울 송파구 롯데시네마 월드타워에서 영화 ‘군체’ vip시사회가 진행되었다. 유아가 VIP시사회에서 포즈를 취하고 있다. 최수영 더파워 기자,www.thepowernews.co.kr,2026-05-21T12:36:00,,ETC,,,gpt_missing_index,,False,롯데가 한화에 8-2로 승리하며 좋은 성적을 거두었다.,전민재;고승민;나균안,positive,,true,"롯데 vs 한화 (원정) 8-2 승 | 결승타: 전민재(2회) | 홈런: 전민재3호, 고승민2호 | 타자 키플레이어: 전민재(롯데), 레이예스(롯데), 고승민(롯데) | 투수 키플레이어: 나균안(롯데), 현도훈(롯데), 김종수(한화)"
1969,"유아, 여유롭게",20일 오후 서울 송파구 롯데시네마 월드타워에서 영화 ‘군체’ vip시사회가 진행되었다. 유아가 VIP시사회에서 포즈를 취하고 있다. 최수영 더파워 기자,www.thepowernews.co.kr,2026-05-21T12:36:00,,ETC,,,gpt_missing_index,,False,롯데가 한화에 8-2로 승리하며 좋은 성적을 거두었다.,전민재;고승민;나균안,positive,,true,"롯데 vs 한화 (원정) 8-2 승 | 결승타: 전민재(2회) | 홈런: 전민재3호, 고승민2호 | 타자 키플레이어: 전민재(롯데), 레이예스(롯데), 고승민(롯데) | 투수 키플레이어: 나균안(롯데), 현도훈(롯데), 김종수(한화)"
1970,"황인엽, 젠틀한 비주얼",20일 오후 서울 송파구 롯데시네마 월드타워에서 영화 ‘군체’ vip시사회가 진행되었다. 황인엽이 VIP시사회에서 포즈를 취하고 있다. 최수영 더파워 기자,www.thepowernews.co.kr,2026-05-21T12:32:00,,ETC,,,gpt_missing_index,,False,롯데가 한화에 8-2로 승리하며 좋은 성적을 거두었다.,전민재;고승민;나균안,positive,,true,"롯데 vs 한화 (원정) 8-2 승 | 결승타: 전민재(2회) | 홈런: 전민재3호, 고승민2호 | 타자 키플레이어: 전민재(롯데), 레이예스(롯데), 고승민(롯데) | 투수 키플레이어: 나균안(롯데), 현도훈(롯데), 김종수(한화)"
1971,"""폐배터리 재활용 판 바꾼다""…기보벤처캠프 달군 딥테크 열전","선발 기업에는 보증·투자 등 금융 지원과 함께 R&D(연구개발), 기술이전, 사업화 연계 등 비금융 지원도... 박기남 코파 대표는 ""한국은 삼성전자와 SK하이닉스와 같은 세계적인 반도체 기업을 보유하고 있지만 실제 반도체...",www.mt.co.kr,2026-05-21T12:30:00,,INJURY_ROSTER,,1.0,,,False,롯데가 한화에 8-2로 승리하며 좋은 성적을 거두었다.,전민재;고승민;나균안,positive,,true,"롯데 vs 한화 (원정) 8-2 승 | 결승타: 전민재(2회) | 홈런: 전민재3호, 고승민2호 | 타자 키플레이어: 전민재(롯데), 레이예스(롯데), 고승민(롯데) | 투수 키플레이어: 나균안(롯데), 현도훈(롯데), 김종수(한화)"
1972,"배현성, 영화 대박 나세요",20일 오후 서울 송파구 롯데시네마 월드타워에서 영화 ‘군체’ vip시사회가 진행되었다. 배현성이 VIP시사회에서 포즈를 취하고 있다. 최수영 더파워 기자,www.thepowernews.co.kr,2026-05-21T12:30:00,,ETC,,,gpt_missing_index,,False,롯데가 한화에 8-2로 승리하며 좋은 성적을 거두었다.,전민재;고승민;나균안,positive,,true,"롯데 vs 한화 (원정) 8-2 승 | 결승타: 전민재(2회) | 홈런: 전민재3호, 고승민2호 | 타자 키플레이어: 전민재(롯데), 레이예스(롯데), 고승민(롯데) | 투수 키플레이어: 나균안(롯데), 현도훈(롯데), 김종수(한화)"
1973,"[산업소식] LG전자, 동남아 '집들이' 콘셉트 마케팅","6월 말에는 수원 KT위즈파크에서 야구 응원과 플로깅을 결합한 '다줍자' 크루 활동을 진행한다. 평창에서는 러닝과 로컬 소비를 연계한 '와이웨이(런트립)'을, 인천 동구 배다리 헌책방 거리에서는 지역 역사·문화를...",www.4th.kr,2026-05-21T12:28:00,,ETC,,,gpt_missing_index,,False,롯데가 한화에 8-2로 승리하며 좋은 성과를 거두었다.,전민재;고승민,positive,,true,"롯데 vs 한화 (원정) 8-2 승 | 결승타: 전민재(2회) | 홈런: 전민재3호, 고승민2호 | 타자 키플레이어: 전민재(롯데), 레이예스(롯데), 고승민(롯데) | 투수 키플레이어: 나균안(롯데), 현도훈(롯데), 김종수(한화)"
1974,"꽃감독은 2군도 꼼꼼하게 체크한다…""추천하는 선수들 바로 쓸 수 있도...","3위 LG 트윈스와 3경기 차, 공동 선두 삼성 라이온즈, KT 위즈와 3.5경기 차에 불과한 만큼 더 높은 곳까지도 바라볼 수 있는 상황이다. 2군에서 올라온 선수들이 팀에 큰 보탬이 되고 있다는 게 눈에 띈다. 대표적인...",www.xportsnews.com,2026-05-21T12:27:00,,ETC,,0.9,,,False,롯데가 한화에 8-2로 승리하며 좋은 성과를 거두었다.,전민재;고승민,positive,,true,"롯데 vs 한화 (원정) 8-2 승 | 결승타: 전민재(2회) | 홈런: 전민재3호, 고승민2호 | 타자 키플레이어: 전민재(롯데), 레이예스(롯데), 고승민(롯데) | 투수 키플레이어: 나균안(롯데), 현도훈(롯데), 김종수(한화)"
1975,"전소영, 미소",20일 오후 서울 송파구 롯데시네마 월드타워에서 영화 ‘군체’ vip시사회가 진행되었다. 전소영이 VIP시사회에서 포즈를 취하고 있다. 최수영 더파워 기자,www.thepowernews.co.kr,2026-05-21T12:26:00,,ETC,,0.9,,,False,롯데가 한화에 8-2로 승리하며 좋은 성과를 거두었다.,,positive,,true,"롯데 vs 한화 (원정) 8-2 승 | 결승타: 전민재(2회) | 홈런: 전민재3호, 고승민2호 | 타자 키플레이어: 전민재(롯데), 레이예스(롯데), 고승민(롯데) | 투수 키플레이어: 나균안(롯데), 현도훈(롯데), 김종수(한화)"
1976,"전소영, 예쁨",20일 오후 서울 송파구 롯데시네마 월드타워에서 영화 ‘군체’ vip시사회가 진행되었다. 전소영이 VIP시사회에서 포즈를 취하고 있다. 최수영 더파워 기자,www.thepowernews.co.kr,2026-05-21T12:24:00,,ETC,,0.9,,,False,롯데가 한화에 8-2로 승리하며 좋은 성과를 거두었다.,,positive,,true,"롯데 vs 한화 (원정) 8-2 승 | 결승타: 전민재(2회) | 홈런: 전민재3호, 고승민2호 | 타자 키플레이어: 전민재(롯데), 레이예스(롯데), 고승민(롯데) | 투수 키플레이어: 나균안(롯데), 현도훈(롯데), 김종수(한화)"
1977,"'40세 회춘 투수' 키움 원종현의 화려한 반등…""올해 잘할 줄 알았다""","원종현은 지난 20일 서울 고척스카이돔에서 열린 2026 신한 쏠 KBO리그 SSG 랜더스와의 경기를 앞두고 ""작년보다 올해 더 잘할 수 있을 거라는 생각이 있었다""고 밝혔다. 키움 유니폼을 4번째 시즌을 맞는 원종현은 올해...",www.newsis.com,2026-05-21T12:22:00,,PERFORMANCE_ANALYSIS,,0.9,,,False,롯데가 한화에 8-2로 승리하며 좋은 성과를 거두었다.,,positive,,true,"롯데 vs 한화 (원정) 8-2 승 | 결승타: 전민재(2회) | 홈런: 전민재3호, 고승민2호 | 타자 키플레이어: 전민재(롯데), 레이예스(롯데), 고승민(롯데) | 투수 키플레이어: 나균안(롯데), 현도훈(롯데), 김종수(한화)"
1978,"김소현, 미소 천사",20일 오후 서울 송파구 롯데시네마 월드타워에서 영화 ‘군체’ vip시사회가 진행되었다. 김소현이 VIP시사회에서 포즈를 취하고 있다. 최수영 더파워 기자,www.thepowernews.co.kr,2026-05-21T12:18:00,,ETC,,0.9,,,False,롯데가 한화에 8-2로 승리하며 좋은 성과를 거두었다.,,positive,,true,"롯데 vs 한화 (원정) 8-2 승 | 결승타: 전민재(2회) | 홈런: 전민재3호, 고승민2호 | 타자 키플레이어: 전민재(롯데), 레이예스(롯데), 고승민(롯데) | 투수 키플레이어: 나균안(롯데), 현도훈(롯데), 김종수(한화)"
1979,"김소현, 사랑스러워",20일 오후 서울 송파구 롯데시네마 월드타워에서 영화 ‘군체’ vip시사회가 진행되었다. 김소현이 VIP시사회에서 포즈를 취하고 있다. 최수영 더파워 기자,www.thepowernews.co.kr,2026-05-21T12:18:00,,ETC,,0.9,,,False,롯데가 한화에 8-2로 승리하며 좋은 성과를 거두었다.,,positive,,true,"롯데 vs 한화 (원정) 8-2 승 | 결승타: 전민재(2회) | 홈런: 전민재3호, 고승민2호 | 타자 키플레이어: 전민재(롯데), 레이예스(롯데), 고승민(롯데) | 투수 키플레이어: 나균안(롯데), 현도훈(롯데), 김종수(한화)"
1980,"'한화 출신' 김태완 키움 타격코치, 전격 사임 ""건강 문제는 아냐"" 구단...","한화 이글스 출신의 김태완(42) 키움 히어로즈 1군 타격코치가 사임했다. 최근 불거진 건강 이상설을 일축하며 지도자 자리를 내려놓겠다는 뜻을 전격적으로 밝혔다. 김 코치는 21일 오전 자신의 SNS에 ""건강상의 문제가 있는...",www.starnewskorea.com,2026-05-21T12:16:00,,TRANSACTION_CONTRACT,,0.9,,,False,롯데가 한화에 8-2로 승리하며 좋은 성과를 거두었다.,,positive,,true,"롯데 vs 한화 (원정) 8-2 승 | 결승타: 전민재(2회) | 홈런: 전민재3호, 고승민2호 | 타자 키플레이어: 전민재(롯데), 레이예스(롯데), 고승민(롯데) | 투수 키플레이어: 나균안(롯데), 현도훈(롯데), 김종수(한화)"
1981,"김소현, 사뿐사뿐",20일 오후 서울 송파구 롯데시네마 월드타워에서 영화 ‘군체’ vip시사회가 진행되었다. 김소현이 VIP시사회에서 포즈를 취하고 있다. 최수영 더파워 기자,www.thepowernews.co.kr,2026-05-21T12:16:00,,ETC,,0.9,,,False,롯데가 한화에 8-2로 승리하며 좋은 성과를 거두었다.,전민재;고승민,positive,,true,"롯데 vs 한화 (원정) 8-2 승 | 결승타: 전민재(2회) | 홈런: 전민재3호, 고승민2호 | 타자 키플레이어: 전민재(롯데), 레이예스(롯데), 고승민(롯데) | 투수 키플레이어: 나균안(롯데), 현도훈(롯데), 김종수(한화)"
1982,"""야구 포기하려고 했다"" 최형우 스윙으로 184.7km 괴력 데뷔 홈런, 리틀...",삼성라이온즈 최고령타자 최형우(43)와 타격폼이 거의 똑같다. 일부러 고교시절 배운 것이었다. 프로 지명을 받지 못해 야구를 포기하려다 KIA가 내민 손을 잡아 다시 시작했다. 6년만에 괴력의 데뷔홈런으로 보답했다....,www.osen.co.kr,2026-05-21T12:12:00,,ETC,,,gpt_missing_index,,False,롯데가 한화에 8-2로 승리하며 좋은 성과를 거두었다.,전민재;고승민,positive,,true,"롯데 vs 한화 (원정) 8-2 승 | 결승타: 전민재(2회) | 홈런: 전민재3호, 고승민2호 | 타자 키플레이어: 전민재(롯데), 레이예스(롯데), 고승민(롯데) | 투수 키플레이어: 나균안(롯데), 현도훈(롯데), 김종수(한화)"
1983,"""축구 이관우? 배구 하면 김관우!"" 20살 세터, 대표팀 깜짝 발탁…196cm ...","이상 삼성화재) 등이다. 특히 프로 2년차인 김관우는 대표팀 막내로 전격 발탁됐다. 통합 우승팀 대한항공에 1985년생 동갑내기 한선수, 유광우 등 베테랑 세터들에 밀려 출전이 많지 않았던 점을 감안하면 의외의 선발이...",www.nocutnews.co.kr,2026-05-21T12:10:00,,ETC,,,gpt_missing_index,,False,롯데가 한화에 8-2로 승리하며 좋은 성과를 거두었다.,전민재;고승민,positive,,true,"롯데 vs 한화 (원정) 8-2 승 | 결승타: 전민재(2회) | 홈런: 전민재3호, 고승민2호 | 타자 키플레이어: 전민재(롯데), 레이예스(롯데), 고승민(롯데) | 투수 키플레이어: 나균안(롯데), 현도훈(롯데), 김종수(한화)"
1984,"이열음, 영화 나들이",20일 오후 서울 송파구 롯데시네마 월드타워에서 영화 ‘군체’ vip시사회가 진행되었다. 이열음이 VIP시사회에서 포즈를 취하고 있다. 최수영 더파워 기자,www.thepowernews.co.kr,2026-05-21T12:10:00,,ETC,,,gpt_missing_index,,False,롯데가 한화에 8-2로 승리하며 좋은 성과를 거두었다.,전민재;고승민,positive,,true,"롯데 vs 한화 (원정) 8-2 승 | 결승타: 전민재(2회) | 홈런: 전민재3호, 고승민2호 | 타자 키플레이어: 전민재(롯데), 레이예스(롯데), 고승민(롯데) | 투수 키플레이어: 나균안(롯데), 현도훈(롯데), 김종수(한화)"
1985,"[패션엔 포토] 엄지원, 화이트 티셔츠와 청바지 조합! 49세 믿기지 않는...","영화 '군체'(감독 연상호) VIP 시사회가 20일 오후 서울 롯데시네마 월드타워점에서 열렸다. 이번시사회에는 전지현, 설현, 권나라, 이정현, 도지원, 엄지원, 노정의, 김소현, 장다아, 안소희, 전소영 등이 참석했다....",www.fashionn.com,2026-05-21T12:10:00,,ETC,,,gpt_missing_index,,False,롯데가 한화에 8-2로 승리하며 좋은 성과를 거두었다.,전민재;고승민,positive,,true,"롯데 vs 한화 (원정) 8-2 승 | 결승타: 전민재(2회) | 홈런: 전민재3호, 고승민2호 | 타자 키플레이어: 전민재(롯데), 레이예스(롯데), 고승민(롯데) | 투수 키플레이어: 나균안(롯데), 현도훈(롯데), 김종수(한화)"
1986,[경제소식] 신한은행 '나라사랑카드' 발급 30만좌 돌파,"현장에는 신한은행 강남영동본부, 강남삼성본부, 서초본부 임직원 총 33명이 함께했다. 참가자들은 먼저... 선발된 장학생들에게는 정보기술 자격증 취득과 프로그래밍 교육을 위한 장학금과 학업 장려금 등이...",www.4th.kr,2026-05-21T12:08:00,,ETC,,,gpt_missing_index,,False,롯데가 한화에 8-2로 승리하며 좋은 성과를 거두었다.,전민재;고승민,positive,,true,"롯데 vs 한화 (원정) 8-2 승 | 결승타: 전민재(2회) | 홈런: 전민재3호, 고승민2호 | 타자 키플레이어: 전민재(롯데), 레이예스(롯데), 고승민(롯데) | 투수 키플레이어: 나균안(롯데), 현도훈(롯데), 김종수(한화)"
1987,"우찬, 시크함",20일 오후 서울 송파구 롯데시네마 월드타워에서 영화 ‘군체’ vip시사회가 진행되었다. 우찬이 VIP시사회에서 포즈를 취하고 있다. 최수영 더파워 기자,www.thepowernews.co.kr,2026-05-21T12:08:00,,ETC,,,gpt_missing_index,,False,롯데가 한화에 8-2로 승리하며 좋은 성과를 거두었다.,전민재;고승민,positive,,true,"롯데 vs 한화 (원정) 8-2 승 | 결승타: 전민재(2회) | 홈런: 전민재3호, 고승민2호 | 타자 키플레이어: 전민재(롯데), 레이예스(롯데), 고승민(롯데) | 투수 키플레이어: 나균안(롯데), 현도훈(롯데), 김종수(한화)"
1988,"""태극마크 단 한 자리"" 남녀 탁구, AG 대표 2차 선발전 돌입","남자부에서는 장우진(세아), 안재현, 오준성(이상 한국거래소)이 50위 이내 규정에 들어가 자동 선발 대상이 됐다. 여자부에서는 주천희(삼성생명), 김나영(포스코인터내셔널), 이은혜(대한항공)가 같은 방식으로 대표팀...",www.topstarnews.net,2026-05-21T12:06:00,,ETC,,,gpt_missing_index,,False,롯데가 한화에 8-2로 승리하며 좋은 성과를 거두었다.,전민재;고승민,positive,,true,"롯데 vs 한화 (원정) 8-2 승 | 결승타: 전민재(2회) | 홈런: 전민재3호, 고승민2호 | 타자 키플레이어: 전민재(롯데), 레이예스(롯데), 고승민(롯데) | 투수 키플레이어: 나균안(롯데), 현도훈(롯데), 김종수(한화)"
1989,"설현, 애교 손인사",20일 오후 서울 송파구 롯데시네마 월드타워에서 영화 ‘군체’ vip시사회가 진행되었다. 설현이 VIP시사회에서 포즈를 취하고 있다. 최수영 더파워 기자,www.thepowernews.co.kr,2026-05-21T12:06:00,,ETC,,,gpt_missing_index,,False,롯데가 한화와의 경기에서 8-2로 승리했다.,전민재;고승민,positive,,true,"롯데 vs 한화 (원정) 8-2 승 | 결승타: 전민재(2회) | 홈런: 전민재3호, 고승민2호 | 타자 키플레이어: 전민재(롯데), 레이예스(롯데), 고승민(롯데) | 투수 키플레이어: 나균안(롯데), 현도훈(롯데), 김종수(한화)"
1990,"김시아, 인형 미모",20일 오후 서울 송파구 롯데시네마 월드타워에서 영화 ‘군체’ vip시사회가 진행되었다. 김시아가 VIP시사회에서 포즈를 취하고 있다. 최수영 더파워 기자,www.thepowernews.co.kr,2026-05-21T12:04:00,,ETC,,,gpt_missing_index,,False,롯데가 한화와의 경기에서 8-2로 승리했다.,전민재;고승민,positive,,true,"롯데 vs 한화 (원정) 8-2 승 | 결승타: 전민재(2회) | 홈런: 전민재3호, 고승민2호 | 타자 키플레이어: 전민재(롯데), 레이예스(롯데), 고승민(롯데) | 투수 키플레이어: 나균안(롯데), 현도훈(롯데), 김종수(한화)"
1991,“한강변 초고층 하이퍼엔드 시대”…롯데월드타워 DNA에 ‘르엘’ 더해,"21일 관련업계에 따르면 롯데건설이 시공한 롯데월드타워는 555m·123층 규모로, 국내 최고층이자 세계 6위를 기록했다. 롯데건설은 롯데월드타워를 통해 초고층 영역에서 국내 유일의 실전 노하우를 축적했다는 평가다....",www.mk.co.kr,2026-05-21T12:04:00,,ETC,,1.0,,,False,롯데가 한화와의 경기에서 8-2로 승리했다.,전민재;고승민,positive,,true,"롯데 vs 한화 (원정) 8-2 승 | 결승타: 전민재(2회) | 홈런: 전민재3호, 고승민2호 | 타자 키플레이어: 전민재(롯데), 레이예스(롯데), 고승민(롯데) | 투수 키플레이어: 나균안(롯데), 현도훈(롯데), 김종수(한화)"
1992,"이수현, 수려한 미모",20일 오후 서울 송파구 롯데시네마 월드타워에서 영화 ‘군체’ vip시사회가 진행되었다. 이수현이 VIP시사회에서 포즈를 취하고 있다. 최수영 더파워 기자,www.thepowernews.co.kr,2026-05-21T12:02:00,,ETC,,,gpt_missing_index,,False,롯데가 한화와의 경기에서 8-2로 승리했다.,전민재;고승민,positive,,true,"롯데 vs 한화 (원정) 8-2 승 | 결승타: 전민재(2회) | 홈런: 전민재3호, 고승민2호 | 타자 키플레이어: 전민재(롯데), 레이예스(롯데), 고승민(롯데) | 투수 키플레이어: 나균안(롯데), 현도훈(롯데), 김종수(한화)"
1993,"'홈런 2위+타율 3위' 2군 박살낸 25세 파워 히터 전역 임박…""제대하면 ...",SSG 랜더스 최고의 파워 히터가 곧 돌아온다. 타선 공백을 메우기 위해 곧바로 1군에 올라올 것으로 보인다. 내야수 전의산의 이야기다. 2000년생인 전의산은 부산수영초-개성중-경남고를 졸업하고 2020 신인...,www.mydaily.co.kr,2026-05-21T12:01:00,,ETC,,,gpt_missing_index,,False,롯데가 한화와의 경기에서 8-2로 승리했다.,전민재;고승민,positive,,true,"롯데 vs 한화 (원정) 8-2 승 | 결승타: 전민재(2회) | 홈런: 전민재3호, 고승민2호 | 타자 키플레이어: 전민재(롯데), 레이예스(롯데), 고승민(롯데) | 투수 키플레이어: 나균안(롯데), 현도훈(롯데), 김종수(한화)"
1994,"""150㎞ 강속구 필승조 합류""…키움 원종현, 38세 베테랑의 반등",원종현은 자신보다 나이가 많은 불펜 투수 노경은(42·SSG 랜더스)과 김진성(41·LG 트윈스)의 꾸준한 활약을 언급하며 존경심을 나타냈다. 매 시즌 마운드에 서기 위해 남다른 노력을 기울이는 선배들의 루틴과 자기 관리가...,www.topstarnews.net,2026-05-21T12:00:00,,ETC,,,gpt_missing_index,,False,롯데가 한화와의 경기에서 8-2로 승리했다.,전민재;고승민,positive,,true,"롯데 vs 한화 (원정) 8-2 승 | 결승타: 전민재(2회) | 홈런: 전민재3호, 고승민2호 | 타자 키플레이어: 전민재(롯데), 레이예스(롯데), 고승민(롯데) | 투수 키플레이어: 나균안(롯데), 현도훈(롯데), 김종수(한화)"
1995,‘클로저 손주영’ 유일한 ‘약점’ 사라진다…주말부터 ‘연투’ 시작...,사진 | LG 트윈스 [스포츠서울 | 광주=강윤식 기자] “이번 주말부터 연투 시작한다.” 팀 마무리 보직에 공백이 생겼다. 그러면서 선발에서 마무리로 이동했다. 처음에는 새 역할에 적응하는 기간을 가졌다. 어느 정도...,www.sportsseoul.com,2026-05-21T12:00:00,,ETC,,,gpt_missing_index,,False,롯데가 한화와의 경기에서 8-2로 승리했다.,전민재;고승민,positive,,true,"롯데 vs 한화 (원정) 8-2 승 | 결승타: 전민재(2회) | 홈런: 전민재3호, 고승민2호 | 타자 키플레이어: 전민재(롯데), 레이예스(롯데), 고승민(롯데) | 투수 키플레이어: 나균안(롯데), 현도훈(롯데), 김종수(한화)"
1996,"[떠먹는 스포츠] 키움 김웅빈, 이틀 연속 '국대 마무리' 조병현 털었다","▶ 키움 김웅빈, 이틀 연속 국대 마무리 조병현 털었다 프로야구 최하위 키움 히어로즈가 막강 불펜의 팀 SSG랜더스를 끝내기로 울렸습니다. 그 서사에서 우뚝 선건 무명의 장타자 김웅빈이었습니다. 김웅빈은 어제...",www.yonhapnewstv.co.kr,2026-05-21T12:00:00,,ETC,,,gpt_missing_index,,False,롯데가 한화와의 경기에서 8-2로 승리했다.,전민재;고승민,positive,,true,"롯데 vs 한화 (원정) 8-2 승 | 결승타: 전민재(2회) | 홈런: 전민재3호, 고승민2호 | 타자 키플레이어: 전민재(롯데), 레이예스(롯데), 고승민(롯데) | 투수 키플레이어: 나균안(롯데), 현도훈(롯데), 김종수(한화)"
1997,"장규리, 청순함",20일 오후 서울 송파구 롯데시네마 월드타워에서 영화 ‘군체’ vip시사회가 진행되었다. 장규리가 VIP시사회에서 포즈를 취하고 있다. 최수영 더파워 기자,www.thepowernews.co.kr,2026-05-21T11:58:00,,ETC,,,gpt_missing_index,,False,롯데가 한화와의 경기에서 8-2로 승리했다.,전민재;고승민,positive,,true,"롯데 vs 한화 (원정) 8-2 승 | 결승타: 전민재(2회) | 홈런: 전민재3호, 고승민2호 | 타자 키플레이어: 전민재(롯데), 레이예스(롯데), 고승민(롯데) | 투수 키플레이어: 나균안(롯데), 현도훈(롯데), 김종수(한화)"
1998,"서현우, 잘 생김",20일 오후 서울 송파구 롯데시네마 월드타워에서 영화 ‘군체’ vip시사회가 진행되었다. 서현우가 VIP시사회에서 포즈를 취하고 있다. 최수영 더파워 기자,www.thepowernews.co.kr,2026-05-21T11:58:00,,ETC,,,gpt_missing_index,,False,롯데가 한화와의 경기에서 8-2로 승리했다.,전민재;고승민,positive,,true,"롯데 vs 한화 (원정) 8-2 승 | 결승타: 전민재(2회) | 홈런: 전민재3호, 고승민2호 | 타자 키플레이어: 전민재(롯데), 레이예스(롯데), 고승민(롯데) | 투수 키플레이어: 나균안(롯데), 현도훈(롯데), 김종수(한화)"
1999,"KIA에 최형우가 또 있네? 눈물젖은 사연도 '닮은꼴' 못지 않다 ""야구 그...","비록 최형우(삼성 라이온즈)는 떠났지만, 새로운 최형우를 찾은 것 같다. 박상준(25)이 그 주인공이다. 20일 광주에서 만난 박상준은 거듭 ""운이 좋았다""고 말했다. 하지만 그 행운은 실력으로 입증할 준비도 만반이었다....",www.sportschosun.com,2026-05-21T11:56:00,,ETC,,,gpt_missing_index,,False,롯데가 한화와의 경기에서 8-2로 승리했다.,전민재;고승민,positive,,true,"롯데 vs 한화 (원정) 8-2 승 | 결승타: 전민재(2회) | 홈런: 전민재3호, 고승민2호 | 타자 키플레이어: 전민재(롯데), 레이예스(롯데), 고승민(롯데) | 투수 키플레이어: 나균안(롯데), 현도훈(롯데), 김종수(한화)"
2000,"""반드시 흐름 바꿔야 하는데.."" SSG, 차포 떼고 임하는 '운명의 최종전'","지난 10일 두산 베어스전에서 KBO리그 최초 통산 1만 타석을 달성했고, 이어 12일 KT 위즈전에서는 리그 최초 21시즌 연속 두 자릿수 홈런 기록까지 세웠다. 해당 홈런으로 아시아 프로야구 타이기록도 함께 달성했다....",m.sports.naver.com,2026-05-21T11:56:00,,ETC,,,gpt_missing_index,,False,롯데가 한화와의 경기에서 8-2로 승리했다.,전민재;고승민,positive,,true,"롯데 vs 한화 (원정) 8-2 승 | 결승타: 전민재(2회) | 홈런: 전민재3호, 고승민2호 | 타자 키플레이어: 전민재(롯데), 레이예스(롯데), 고승민(롯데) | 투수 키플레이어: 나균안(롯데), 현도훈(롯데), 김종수(한화)"
2001,베트남 축구대표팀 훈련지로 문학경기장 거론…체육시설 활용 변화 주목,현재 문학경기장 소유권은 SSG 랜더스 측이 보유하고 있지만 인천시 체육시설 관리·운영 조례에 따라 해외 전지훈련팀이 인천에 숙박할 경우 체육시설 사용료 전액 감면이 가능하다. 체육계 안팎에서는 이번 베트남...,www.kihoilbo.co.kr,2026-05-21T11:56:00,,ETC,,,gpt_missing_index,,False,롯데가 한화와의 경기에서 8-2로 승리했다.,전민재;고승민,positive,,true,"롯데 vs 한화 (원정) 8-2 승 | 결승타: 전민재(2회) | 홈런: 전민재3호, 고승민2호 | 타자 키플레이어: 전민재(롯데), 레이예스(롯데), 고승민(롯데) | 투수 키플레이어: 나균안(롯데), 현도훈(롯데), 김종수(한화)"
2002,"키움 히어로즈, 이틀 연속 끝내기 승리","키움 히어로즈, 이틀 연속 끝내기 승리 (출처: 키움 히어로즈 SNS) 키움 히어로즈가 이틀 연속 끝내기 승리를 거두며 SSG 랜더스를 상대로 위닝시리즈를 완성했다. 키움은 지난 20일 서울 고척스카이돔에서 열린 2026...",www.bntnews.co.kr,2026-05-21T11:56:00,,ETC,,,gpt_missing_index,,False,롯데가 한화와의 경기에서 8-2로 승리했다.,전민재;고승민,positive,,true,"롯데 vs 한화 (원정) 8-2 승 | 결승타: 전민재(2회) | 홈런: 전민재3호, 고승민2호 | 타자 키플레이어: 전민재(롯데), 레이예스(롯데), 고승민(롯데) | 투수 키플레이어: 나균안(롯데), 현도훈(롯데), 김종수(한화)"
2003,"롯데 수호신, 아직 100% 아니다…김태형 감독 ""김원중 페이스 더 끌어올...","롯데는 지난 19일 대전 한화생명 볼파크에서 열린 2026 신한 SOL KBO리그 한화 이글스와의 팀 간 4차전에서 6-4 역전승을 거뒀다. 선발투수 제레미 비슬리의 5이닝 4실점 난조에도 불펜진의 릴레이 호투, 타선의 집중력을...",www.xportsnews.com,2026-05-21T11:55:00,,MATCH_RELATED,PERFORMANCE_ANALYSIS,0.9,,,False,롯데가 한화와의 경기에서 8-2로 승리했다.,전민재;고승민,positive,,true,"롯데 vs 한화 (원정) 8-2 승 | 결승타: 전민재(2회) | 홈런: 전민재3호, 고승민2호 | 타자 키플레이어: 전민재(롯데), 레이예스(롯데), 고승민(롯데) | 투수 키플레이어: 나균안(롯데), 현도훈(롯데), 김종수(한화)"
2004,“가슴 띠가 없네?”…멸종위기 아기 훔볼트 펭귄 첫 공개,"롯데월드 아쿠아리움이 유엔(UN)이 정한 ‘생물다양성의 날’을 맞아 올해 2월 태어난 아기 훔볼트 펭귄을 관람객에게 처음 공개한다. 흔히 펭귄이라고 하면 가슴을 가로지르는 선명한 검은 띠를 떠올리지만, 이제 막...",www.donga.com,2026-05-21T11:55:00,,ETC,,,gpt_missing_index,,False,롯데가 한화와의 경기에서 8-2로 승리했다.,전민재;고승민,positive,,true,"롯데 vs 한화 (원정) 8-2 승 | 결승타: 전민재(2회) | 홈런: 전민재3호, 고승민2호 | 타자 키플레이어: 전민재(롯데), 레이예스(롯데), 고승민(롯데) | 투수 키플레이어: 나균안(롯데), 현도훈(롯데), 김종수(한화)"
2005,"최형우, 전설적 타자들 넘어선 금자탑...KBO 최초 ‘1천 장타’ 대기록...","▲ (사진= 제공) 삼성 라이온즈의 최형우(42)가 한국프로야구(KBO) 역사상 최초로 ‘1천 장타’ 고지 점령을 눈앞에 두고 있다. 20일 기준 최형우는 통산 2루타 551개, 3루타 20개, 홈런 426개를 기록하며 총 997개의...",mdtoday.co.kr,2026-05-21T11:54:00,,ETC,,,gpt_missing_index,,False,최형우가 KBO 최초로 1천 장타에 근접하고 있다.,최형우,neutral,,true,"롯데 vs 한화 (원정) 8-2 승 | 결승타: 전민재(2회) | 홈런: 전민재3호, 고승민2호 | 타자 키플레이어: 전민재(롯데), 레이예스(롯데), 고승민(롯데) | 투수 키플레이어: 나균안(롯데), 현도훈(롯데), 김종수(한화)"
2006,"최종 티켓 잡아라! 아시안게임 파견 탁구 국가대표 선발전, 1차 토너먼트...","주천희(삼성생명), 김나영(포스코인터내셔널), 이은혜(대한항공)는 이미 태극마크를 확정하고 늦게 합류할 동료를 기다리는 중이다. 이번 선발전은 두 차례의 토너먼트로 구성돼 있다. 20일 하루 동안 치러진 예선에는...",www.thepingpong.co.kr,2026-05-21T11:54:00,,ETC,,,gpt_missing_index,,False,아시안게임 탁구 국가대표 선발전이 진행 중이다.,,neutral,,true,"롯데 vs 한화 (원정) 8-2 승 | 결승타: 전민재(2회) | 홈런: 전민재3호, 고승민2호 | 타자 키플레이어: 전민재(롯데), 레이예스(롯데), 고승민(롯데) | 투수 키플레이어: 나균안(롯데), 현도훈(롯데), 김종수(한화)"
2007,"노정의, 예쁜 손인사",20일 오후 서울 송파구 롯데시네마 월드타워에서 영화 ‘군체’ vip시사회가 진행되었다. 노정의가 VIP시사회에서 포즈를 취하고 있다. 최수영 더파워 기자,www.thepowernews.co.kr,2026-05-21T11:54:00,,ETC,,,gpt_missing_index,,False,노정의가 VIP시사회에서 포즈를 취했다.,노정의,neutral,,true,"롯데 vs 한화 (원정) 8-2 승 | 결승타: 전민재(2회) | 홈런: 전민재3호, 고승민2호 | 타자 키플레이어: 전민재(롯데), 레이예스(롯데), 고승민(롯데) | 투수 키플레이어: 나균안(롯데), 현도훈(롯데), 김종수(한화)"
2008,"엄지원, 모델 포즈",20일 오후 서울 송파구 롯데시네마 월드타워에서 영화 ‘군체’ vip시사회가 진행되었다. 엄지원이 VIP시사회에서 포즈를 취하고 있다. 최수영 더파워 기자,www.thepowernews.co.kr,2026-05-21T11:52:00,,ETC,,,gpt_missing_index,,False,엄지원이 VIP시사회에서 포즈를 취했다.,엄지원,neutral,,true,"롯데 vs 한화 (원정) 8-2 승 | 결승타: 전민재(2회) | 홈런: 전민재3호, 고승민2호 | 타자 키플레이어: 전민재(롯데), 레이예스(롯데), 고승민(롯데) | 투수 키플레이어: 나균안(롯데), 현도훈(롯데), 김종수(한화)"
2009,"김민혁·장한재·유한나·김서윤, AG탁구 국가대표 1차관문 통과","자동 선발됐다. 이에 따라 혼합복식 랭킹 규정에 해당하는 남자 임종훈(한국거래소), 여자 신유빈(대한항공), 단식 세계랭킹 규정에 해당하는 남자 장우진(세아), 안재현, 오준성(이상 한국거래소), 여자 주천희(삼성생명)...",www.yna.co.kr,2026-05-21T11:51:00,,ETC,,,gpt_missing_index,,False,김민혁과 장한재가 AG탁구 국가대표 1차관문을 통과했다.,김민혁;장한재,neutral,,true,"롯데 vs 한화 (원정) 8-2 승 | 결승타: 전민재(2회) | 홈런: 전민재3호, 고승민2호 | 타자 키플레이어: 전민재(롯데), 레이예스(롯데), 고승민(롯데) | 투수 키플레이어: 나균안(롯데), 현도훈(롯데), 김종수(한화)"
2010,6·3 지방선거 공식 선거운동 개막···'열전 13일' 표심 잡기 총력전,"하는 한화 이글스의 응원가 '나는 행복합니다'(윤항기), 부산을 겨냥한 '부산바캉스'(하하·스컬) 등 세곡을 비롯해 '니가 왜 거기서 나와', '찐이야'(이상 영탁)와 '한잔해'(박군), '평행선'(문희옥), '오늘부터 우리는...",www.cnbnews.com,2026-05-21T11:50:00,,ETC,,,gpt_missing_index,,False,지방선거 공식 선거운동이 시작되었다.,,neutral,,true,"롯데 vs 한화 (원정) 8-2 승 | 결승타: 전민재(2회) | 홈런: 전민재3호, 고승민2호 | 타자 키플레이어: 전민재(롯데), 레이예스(롯데), 고승민(롯데) | 투수 키플레이어: 나균안(롯데), 현도훈(롯데), 김종수(한화)"
2011,"""제발 다시 와라"" '대전 예수' 와이스 아내, '한화 복귀 기원' SNS 공유에...",한화 이글스 마운드의 전설적인 에이스로 활약한 뒤 메이저리그(MLB)에 재입성했으나 고전 중인 라이언 와이스(29)를 두고 '한화 복귀설'이 뜨겁게 타오르고 있다. 이번에는 와이스의 아내가 팬들의 복귀 염원에 직접...,www.sportschosun.com,2026-05-21T11:48:00,,INJURY_ROSTER,,1.0,,,False,라이언 와이스의 한화 복귀설이 화제가 되고 있다.,라이언 와이스,negative,,true,"롯데 vs 한화 (원정) 8-2 승 | 결승타: 전민재(2회) | 홈런: 전민재3호, 고승민2호 | 타자 키플레이어: 전민재(롯데), 레이예스(롯데), 고승민(롯데) | 투수 키플레이어: 나균안(롯데), 현도훈(롯데), 김종수(한화)"
2012,"외국인·VIP 잡은 백화점 빅3, 1분기 '폭풍 성장'…2분기 전망도 '맑음'","롯데쇼핑 롯데백화점은 매출 8723억원·영업이익 1912억원을 달성하고, 현대백화점은 매출 6325억원에 영업이익 1358억원을 올렸다. 전년 동기 대비 현대백화점의 매출은 7.4% 증가하면서, 1분기 기준 역대 최대 성과를...",www.ebn.co.kr,2026-05-21T11:48:00,,ETC,,,gpt_missing_index,,False,롯데백화점이 1분기 폭풍 성장을 기록했다.,,positive,,true,"롯데 vs 한화 (원정) 8-2 승 | 결승타: 전민재(2회) | 홈런: 전민재3호, 고승민2호 | 타자 키플레이어: 전민재(롯데), 레이예스(롯데), 고승민(롯데) | 투수 키플레이어: 나균안(롯데), 현도훈(롯데), 김종수(한화)"
2013,"도지원, 도도함",20일 오후 서울 송파구 롯데시네마 월드타워에서 영화 ‘군체’ vip시사회가 진행되었다. 도지원이 VIP시사회에서 포즈를 취하고 있다. 최수영 더파워 기자,www.thepowernews.co.kr,2026-05-21T11:48:00,,ETC,,,gpt_missing_index,,False,롯데가 한화와의 경기에서 8-2로 승리했다.,전민재;고승민,positive,,true,"롯데 vs 한화 (원정) 8-2 승 | 결승타: 전민재(2회) | 홈런: 전민재3호, 고승민2호 | 타자 키플레이어: 전민재(롯데), 레이예스(롯데), 고승민(롯데) | 투수 키플레이어: 나균안(롯데), 현도훈(롯데), 김종수(한화)"
2014,"'회춘' 아닌 '불사조'…키움 원종현 ""46세까지 던질 것""","이런 점에서 자기보다 선배이면서 KBO리그에서 좋은 활약을 이어가는 구원 투수 노경은(42·SSG)과 김진성(41·LG 트윈스)에게 존경심을 표했다. 원종현은 ""선배들을 보면 대단하다는 생각만 든다. 정말 노력을 많이 한다....",www.yna.co.kr,2026-05-21T11:47:00,,ETC,,,gpt_missing_index,,False,롯데가 한화와의 경기에서 8-2로 승리했다.,전민재;고승민,positive,,true,"롯데 vs 한화 (원정) 8-2 승 | 결승타: 전민재(2회) | 홈런: 전민재3호, 고승민2호 | 타자 키플레이어: 전민재(롯데), 레이예스(롯데), 고승민(롯데) | 투수 키플레이어: 나균안(롯데), 현도훈(롯데), 김종수(한화)"
2015,"3번의 트레이드 후 타율 4위-4번타자까지, NC 이우성의 반전 [IS 피플]","1년 뒤엔 NC에서 KIA 타이거즈로 유니폼을 갈아입었다. 지난해 7월에는 3대3 트레이드를 통해 6년 만에 NC로 돌아왔다. 당시 팬들 사이에선 최원준의 NC행이 큰 화제였지만, NC로서는 이우성 재영입도 중요했다. 임선남 NC...",isplus.com,2026-05-21T11:46:00,,TRANSACTION_CONTRACT,,1.0,,,False,롯데가 한화와의 경기에서 8-2로 승리했다.,전민재;고승민,positive,,true,"롯데 vs 한화 (원정) 8-2 승 | 결승타: 전민재(2회) | 홈런: 전민재3호, 고승민2호 | 타자 키플레이어: 전민재(롯데), 레이예스(롯데), 고승민(롯데) | 투수 키플레이어: 나균안(롯데), 현도훈(롯데), 김종수(한화)"
2016,"바디프랜드 '건강수명 충전소' 뭐길래?, 3만 명 찾았다","오늘의집 북촌, 신세계백화점 센텀시티점, 강동 아이파크 더리버몰, 롯데백화점 광복점·인천점 등에서도 각각 1000~2000명 이상의 방문객이 찾았다. 고객 방문, 구매로 이어졌다 판매 성과도 뒤따랐다. 바디프랜드에...",www.economytalk.kr,2026-05-21T11:46:00,,ETC,,,gpt_missing_index,,False,롯데가 한화와의 경기에서 8-2로 승리했다.,전민재;고승민,positive,,true,"롯데 vs 한화 (원정) 8-2 승 | 결승타: 전민재(2회) | 홈런: 전민재3호, 고승민2호 | 타자 키플레이어: 전민재(롯데), 레이예스(롯데), 고승민(롯데) | 투수 키플레이어: 나균안(롯데), 현도훈(롯데), 김종수(한화)"
2017,BTS 공연 맞춰 ‘부산 우수 제품 판매전’ 마련,공연 첫날인 다음 달 12일부터 7일간 롯데백화점에서는 부산을 대표하는 디저트 업체가 참여하는 '디저트 박람회'가 열립니다. 신세계 센텀시티에서도 다음 달 13일부터 18일까지 지역 기업 우수 제품을 전시하고...,news.kbs.co.kr,2026-05-21T11:46:00,,ETC,,,gpt_missing_index,,False,롯데가 한화와의 경기에서 8-2로 승리했다.,전민재;고승민,positive,,true,"롯데 vs 한화 (원정) 8-2 승 | 결승타: 전민재(2회) | 홈런: 전민재3호, 고승민2호 | 타자 키플레이어: 전민재(롯데), 레이예스(롯데), 고승민(롯데) | 투수 키플레이어: 나균안(롯데), 현도훈(롯데), 김종수(한화)"
2018,"위하준, 밝은 표정",20일 오후 서울 송파구 롯데시네마 월드타워에서 영화 ‘군체’ vip시사회가 진행되었다. 위하준이 VIP시사회에서 포즈를 취하고 있다. 최수영 더파워 기자,www.thepowernews.co.kr,2026-05-21T11:46:00,,ETC,,,gpt_missing_index,,False,롯데가 한화와의 경기에서 8-2로 승리했다.,전민재;고승민,positive,,true,"롯데 vs 한화 (원정) 8-2 승 | 결승타: 전민재(2회) | 홈런: 전민재3호, 고승민2호 | 타자 키플레이어: 전민재(롯데), 레이예스(롯데), 고승민(롯데) | 투수 키플레이어: 나균안(롯데), 현도훈(롯데), 김종수(한화)"
2019,끝 모를 ‘왕’의 침묵…양의지·디아즈 시즌 초반 부진한 이유,두산 김원형 감독은 “양의지는 클래스가 다른 선수”라며 “시간이 지나면 올라올 것”이라고 무한 신뢰를 보냈다. 삼성 디아즈. 박진업 기자 upandup@sportsseoul.com 삼성 4번 타자 르윈 디아즈(30)는 시즌 초반...,www.sportsseoul.com,2026-05-21T11:44:00,,ETC,,,gpt_missing_index,,False,롯데가 한화와의 경기에서 8-2로 승리했다.,전민재;고승민,positive,,true,"롯데 vs 한화 (원정) 8-2 승 | 결승타: 전민재(2회) | 홈런: 전민재3호, 고승민2호 | 타자 키플레이어: 전민재(롯데), 레이예스(롯데), 고승민(롯데) | 투수 키플레이어: 나균안(롯데), 현도훈(롯데), 김종수(한화)"
2020,"김환희, 다소곳함",20일 오후 서울 송파구 롯데시네마 월드타워에서 영화 ‘군체’ vip시사회가 진행되었다. 김환희가 VIP시사회에서 포즈를 취하고 있다. 최수영 더파워 기자,www.thepowernews.co.kr,2026-05-21T11:44:00,,ETC,,,gpt_missing_index,,False,롯데가 한화와의 경기에서 8-2로 승리했다.,전민재;고승민,positive,,true,"롯데 vs 한화 (원정) 8-2 승 | 결승타: 전민재(2회) | 홈런: 전민재3호, 고승민2호 | 타자 키플레이어: 전민재(롯데), 레이예스(롯데), 고승민(롯데) | 투수 키플레이어: 나균안(롯데), 현도훈(롯데), 김종수(한화)"
2021,"달감독, 허인서 칭찬 아낀 이유 있었다…""너무 잘하고 있지만 포수는 침...",김경문 한화 이글스 감독이 도루 저지에서 수차례 아쉬운 플레이를 보였던 허인서를 감쌌다. 유망주 포수가 아닌 베테랑 포수라도 겪을 수 있는 상황이라고 강조했다. 김경문 감독은 지난 20일 대전 한화생명...,www.xportsnews.com,2026-05-21T11:43:00,,ETC,,,gpt_missing_index,,False,김경문 감독이 허인서를 감쌌다.,허인서,positive,,true,"롯데 vs 한화 (원정) 8-2 승 | 결승타: 전민재(2회) | 홈런: 전민재3호, 고승민2호 | 타자 키플레이어: 전민재(롯데), 레이예스(롯데), 고승민(롯데) | 투수 키플레이어: 나균안(롯데), 현도훈(롯데), 김종수(한화)"
2022,번트안타→안타→뜬공 이후 사구에 포효…이 악물고 달린 37세 베테랑의...,"이후 LG와 KIA 타이거즈를 거쳐 히어로즈로 돌아왔다. 설종진 감독은 “팀이 공격 부분에서 좋지 않았는데, 서건창이 합류하는 시점부터 다시 살아나고 있다. 시너지 효과가 있다고 생각한다”며 서건창의 활약을...",www.osen.co.kr,2026-05-21T11:41:00,,ETC,,,gpt_missing_index,,False,서건창의 활약이 팀에 긍정적인 영향을 미치고 있다.,서건창,positive,,true,"롯데 vs 한화 (원정) 8-2 승 | 결승타: 전민재(2회) | 홈런: 전민재3호, 고승민2호 | 타자 키플레이어: 전민재(롯데), 레이예스(롯데), 고승민(롯데) | 투수 키플레이어: 나균안(롯데), 현도훈(롯데), 김종수(한화)"
2023,"강설, 무표정",20일 오후 서울 송파구 롯데시네마 월드타워에서 영화 ‘군체’ vip시사회가 진행되었다. 강설이 VIP시사회에서 포즈를 취하고 있다. 최수영 더파워 기자,www.thepowernews.co.kr,2026-05-21T11:40:00,,ETC,,,gpt_missing_index,,False,강설이 VIP시사회에서 포즈를 취했다.,,positive,,true,"롯데 vs 한화 (원정) 8-2 승 | 결승타: 전민재(2회) | 홈런: 전민재3호, 고승민2호 | 타자 키플레이어: 전민재(롯데), 레이예스(롯데), 고승민(롯데) | 투수 키플레이어: 나균안(롯데), 현도훈(롯데), 김종수(한화)"
2024,"'1할 부진' KIA 亞쿼터 야수 2군행, 1R 출신 이 선수에게는 기회였다…""...","그런데 경기에 출전하다 보니..."" KIA 타이거즈는 올 시즌을 앞두고 아시아쿼터 제도를 활용해 호주 국가대표 출신 내야수 제리드 데일을 영입했다. 10개 구단 가운데 유일하게 아시아쿼터로 야수를 품었다. 지난해 11월...",www.xportsnews.com,2026-05-21T11:38:00,,TRANSACTION_CONTRACT,,1.0,,,False,KIA가 아시아쿼터 제도를 활용해 선수를 영입했다.,,neutral,,true,"롯데 vs 한화 (원정) 8-2 승 | 결승타: 전민재(2회) | 홈런: 전민재3호, 고승민2호 | 타자 키플레이어: 전민재(롯데), 레이예스(롯데), 고승민(롯데) | 투수 키플레이어: 나균안(롯데), 현도훈(롯데), 김종수(한화)"
2025,"윤재찬, 미소 인사",20일 오후 서울 송파구 롯데시네마 월드타워에서 영화 ‘군체’ vip시사회가 진행되었다. 윤재찬이 VIP시사회에서 포즈를 취하고 있다. 최수영 더파워 기자,www.thepowernews.co.kr,2026-05-21T11:38:00,,ETC,,,gpt_missing_index,,False,윤재찬이 VIP시사회에서 포즈를 취했다.,,positive,,true,"롯데 vs 한화 (원정) 8-2 승 | 결승타: 전민재(2회) | 홈런: 전민재3호, 고승민2호 | 타자 키플레이어: 전민재(롯데), 레이예스(롯데), 고승민(롯데) | 투수 키플레이어: 나균안(롯데), 현도훈(롯데), 김종수(한화)"
2026,"[패션엔 포토] 권나라, 잘록한 허리라인! 볼레로 카디건으로 끝낸 걸크...","영화 '군체'(감독 연상호) VIP 시사회가 20일 오후 서울 롯데시네마 월드타워점에서 열렸다. 이번시사회에는 전지현, 설현, 권나라, 이정현, 도지원, 엄지원, 노정의, 김소현, 장다아, 안소희, 전소영 등이 참석했다. 권나라는...",www.fashionn.com,2026-05-21T11:38:00,,ETC,,,gpt_missing_index,,False,권나라가 VIP시사회에서 멋진 모습을 보였다.,권나라,positive,,true,"롯데 vs 한화 (원정) 8-2 승 | 결승타: 전민재(2회) | 홈런: 전민재3호, 고승민2호 | 타자 키플레이어: 전민재(롯데), 레이예스(롯데), 고승민(롯데) | 투수 키플레이어: 나균안(롯데), 현도훈(롯데), 김종수(한화)"
2027,"차서원, 시크함",20일 오후 서울 송파구 롯데시네마 월드타워에서 영화 ‘군체’ vip시사회가 진행되었다. 차서원이 VIP시사회에서 포즈를 취하고 있다. 최수영 더파워 기자,www.thepowernews.co.kr,2026-05-21T11:36:00,,ETC,,,gpt_missing_index,,False,차서원이 VIP시사회에서 포즈를 취했다.,,positive,,true,"롯데 vs 한화 (원정) 8-2 승 | 결승타: 전민재(2회) | 홈런: 전민재3호, 고승민2호 | 타자 키플레이어: 전민재(롯데), 레이예스(롯데), 고승민(롯데) | 투수 키플레이어: 나균안(롯데), 현도훈(롯데), 김종수(한화)"
2028,리그 최고 마무리 SSG 조병현에게 무슨 일이? 키움 김웅빈에게 이틀 연...,"조병현의 WAR는 3.37(스탯티즈 기준)으로 리그 불펜 통틀어 단연 1위였다. 박영현의 WAR은 0.95에 불과했다.... 지난 15일 인천 LG전에서도 7-7 동점 상황에 마운드에 올랐던 조병현은 피안타 2개, 4사구 2개로 한 점을...",www.segye.com,2026-05-21T11:35:00,,ETC,,,gpt_missing_index,,False,조병현이 최근 부진을 겪고 있다.,조병현,negative,,true,"롯데 vs 한화 (원정) 8-2 승 | 결승타: 전민재(2회) | 홈런: 전민재3호, 고승민2호 | 타자 키플레이어: 전민재(롯데), 레이예스(롯데), 고승민(롯데) | 투수 키플레이어: 나균안(롯데), 현도훈(롯데), 김종수(한화)"
2029,"유재필, 미소 하트",20일 오후 서울 송파구 롯데시네마 월드타워에서 영화 ‘군체’ vip시사회가 진행되었다. 유재필이 VIP시사회에서 포즈를 취하고 있다. 최수영 더파워 기자,www.thepowernews.co.kr,2026-05-21T11:34:00,,ETC,,,gpt_missing_index,,False,롯데가 한화에 8-2로 승리하며 좋은 성적을 거두었다.,전민재;고승민,positive,,true,"롯데 vs 한화 (원정) 8-2 승 | 결승타: 전민재(2회) | 홈런: 전민재3호, 고승민2호 | 타자 키플레이어: 전민재(롯데), 레이예스(롯데), 고승민(롯데) | 투수 키플레이어: 나균안(롯데), 현도훈(롯데), 김종수(한화)"
2030,01년생 내야수 홈런 폭발→호주 유격수 진짜 위기인가…2군에서도 2G 3실...,KIA 타이거즈 박민은 지난 19일 광주-기아챔피언스필드에서 열린 2026 신한 SOL KBO리그 LG 트윈스와의 홈 경기에 9번 타자-유격수로 선발 출전해 4타수 1안타(1홈런) 1볼넷 3타점을 기록했다. 첫 두 타석에서 연달아...,www.sportalkorea.com,2026-05-21T11:32:00,,ETC,,,gpt_missing_index,,False,롯데가 한화에 8-2로 승리하며 좋은 성적을 거두었다.,전민재;고승민,positive,,true,"롯데 vs 한화 (원정) 8-2 승 | 결승타: 전민재(2회) | 홈런: 전민재3호, 고승민2호 | 타자 키플레이어: 전민재(롯데), 레이예스(롯데), 고승민(롯데) | 투수 키플레이어: 나균안(롯데), 현도훈(롯데), 김종수(한화)"
2031,"이정후 공백 이렇게 컸나…SF, 6~9회 1볼넷 무안타 치욕 속 애리조나 원...",선발 마운드에는 KBO리그 SK 와이번스(현 SSG 랜더스) 출신 우완 메릴 켈리가 올랐다. 무엇보다 이날 경기에서는 이정후의 결장이 큰 관심을 모았다. 지난 19일 경기 도중 허리 상태 이상으로 교체됐던 이정후는 결국 2경기...,www.xportsnews.com,2026-05-21T11:31:00,,INJURY_ROSTER,,1.0,,,False,롯데가 한화에 8-2로 승리하며 좋은 성적을 거두었다.,전민재;고승민,positive,,true,"롯데 vs 한화 (원정) 8-2 승 | 결승타: 전민재(2회) | 홈런: 전민재3호, 고승민2호 | 타자 키플레이어: 전민재(롯데), 레이예스(롯데), 고승민(롯데) | 투수 키플레이어: 나균안(롯데), 현도훈(롯데), 김종수(한화)"
2032,"LG·기아·고려아연 등 기업들, 생태계 보전부터 인재 양성까지 ESG 상생...","올해 처음 시작된 이 행사에는 롯데백화점, 롯데호텔, 롯데이노베이트 등 10개 계열사 임직원과 유기견 봉사 동아리 회원 등 60명이 참석했다. 볼링 점수 1점당 3000원씩 기부금을 적립하는 방식으로 진행되어 총 5706점을...",www.dailypop.kr,2026-05-21T11:30:00,,ETC,,,gpt_missing_index,,False,롯데가 한화에 8-2로 승리하며 좋은 성적을 거두었다.,전민재;고승민,positive,,true,"롯데 vs 한화 (원정) 8-2 승 | 결승타: 전민재(2회) | 홈런: 전민재3호, 고승민2호 | 타자 키플레이어: 전민재(롯데), 레이예스(롯데), 고승민(롯데) | 투수 키플레이어: 나균안(롯데), 현도훈(롯데), 김종수(한화)"
2033,"한지현, 성큼성큼",20일 오후 서울 송파구 롯데시네마 월드타워에서 영화 ‘군체’ vip시사회가 진행되었다. 한지현이 VIP시사회에서 포즈를 취하고 있다. 최수영 더파워 기자,www.thepowernews.co.kr,2026-05-21T11:30:00,,ETC,,,gpt_missing_index,,False,롯데가 한화에 8-2로 승리하며 좋은 성적을 거두었다.,전민재;고승민,positive,,true,"롯데 vs 한화 (원정) 8-2 승 | 결승타: 전민재(2회) | 홈런: 전민재3호, 고승민2호 | 타자 키플레이어: 전민재(롯데), 레이예스(롯데), 고승민(롯데) | 투수 키플레이어: 나균안(롯데), 현도훈(롯데), 김종수(한화)"
2034,[위클리오늘] KT 소식(5.21),"▲ 모델이 KT위즈파크 대표 먹거리인 진미통닭과 보영만두를 즐기며 홈경기를 관람하고 있다. KT, 장기고객 위한 6월 '초대드림' 혜택 공개 KT는 장기 이용 고객을 위한 6월 '초대드림' 혜택을 20일 공개했다. 초대드림은 KT...",www.weeklytoday.com,2026-05-21T11:28:00,,ETC,,,gpt_missing_index,,False,롯데가 한화에 8-2로 승리하며 좋은 성적을 거두었다.,전민재;고승민,positive,,true,"롯데 vs 한화 (원정) 8-2 승 | 결승타: 전민재(2회) | 홈런: 전민재3호, 고승민2호 | 타자 키플레이어: 전민재(롯데), 레이예스(롯데), 고승민(롯데) | 투수 키플레이어: 나균안(롯데), 현도훈(롯데), 김종수(한화)"
2035,"찬희, 영화 대박 나세요",20일 오후 서울 송파구 롯데시네마 월드타워에서 영화 ‘군체’ vip시사회가 진행되었다. 찬희가 VIP시사회에서 포즈를 취하고 있다. 최수영 더파워 기자,www.thepowernews.co.kr,2026-05-21T11:28:00,,ETC,,0.9,,,False,롯데가 한화에 8-2로 승리하며 좋은 성적을 거두었다.,전민재;고승민,positive,,true,"롯데 vs 한화 (원정) 8-2 승 | 결승타: 전민재(2회) | 홈런: 전민재3호, 고승민2호 | 타자 키플레이어: 전민재(롯데), 레이예스(롯데), 고승민(롯데) | 투수 키플레이어: 나균안(롯데), 현도훈(롯데), 김종수(한화)"
2036,"‘홈런 1위’ 김도영, 공격만 잘하는 게 아니다→“수비 집중력 좋아졌...",KIA 김도영이 대구삼성라이온즈파크에서 열린 2026 KBO리그 정규시즌 삼성전에서 홈런을 친 후 베이스를 돌고 있다. 사진 | KIA 타이거즈 절치부심 올해를 준비했다. 그리고 무사히 시즌을 치러내는 중이다. 아니 그...,www.sportsseoul.com,2026-05-21T11:27:00,,PERFORMANCE_ANALYSIS,,0.9,,,False,롯데가 한화에 8-2로 승리하며 좋은 성적을 거두었다.,전민재;고승민,positive,,true,"롯데 vs 한화 (원정) 8-2 승 | 결승타: 전민재(2회) | 홈런: 전민재3호, 고승민2호 | 타자 키플레이어: 전민재(롯데), 레이예스(롯데), 고승민(롯데) | 투수 키플레이어: 나균안(롯데), 현도훈(롯데), 김종수(한화)"
2037,키움 끝내기로 이겼는데 ‘SSG 승리투수’ 자막…KBS N 스포츠 야구 방송...,KBS 자회사 스포츠채널 KBS N 스포츠가 프로야구 중계도중 경기 결과 자막을 잘못 송출하는 방송사고를 내며 야구 팬들의 비판을 받고 있다.지난 20일 서울 구로구 고척스카이돔에서 열린 2026 신한 쏠 KBO리그 SSG 랜더스...,www.asiatoday.co.kr,2026-05-21T11:26:00,,ETC,,0.9,,,False,KBS N 스포츠가 중계 중 자막 오류로 비판받고 있다.,,neutral,,true,"롯데 vs 한화 (원정) 8-2 승 | 결승타: 전민재(2회) | 홈런: 전민재3호, 고승민2호 | 타자 키플레이어: 전민재(롯데), 레이예스(롯데), 고승민(롯데) | 투수 키플레이어: 나균안(롯데), 현도훈(롯데), 김종수(한화)"
2038,"[WT포토] 재재, '트라이앵글 포인트 안무' ('와일드 씽' 쇼케이스)",▲ 영화 '와일드 씽' 쇼케이스에서 방송인 재재 / 사진=양용은 기자 방송인 재재가 지난 18일 오후 서울 송파구 신천동 롯데시네마 월드타워점에서 열린 영화 '와일드 씽' 쇼케이스에서 진행을 하고 있다. 이날...,www.weeklytoday.com,2026-05-21T11:26:00,,ETC,,0.9,,,False,재재가 영화 '와일드 씽' 쇼케이스에서 진행을 맡았다.,,neutral,,true,"롯데 vs 한화 (원정) 8-2 승 | 결승타: 전민재(2회) | 홈런: 전민재3호, 고승민2호 | 타자 키플레이어: 전민재(롯데), 레이예스(롯데), 고승민(롯데) | 투수 키플레이어: 나균안(롯데), 현도훈(롯데), 김종수(한화)"
2039,"유태오, 싱글벙글",20일 오후 서울 송파구 롯데시네마 월드타워에서 영화 ‘군체’ vip시사회가 진행되었다. 배우 유태오가 VIP시사회에서 포즈를 취하고 있다. 최수영 더파워 기자,www.thepowernews.co.kr,2026-05-21T11:26:00,,ETC,,0.9,,,False,유태오가 영화 '군체' VIP시사회에서 포즈를 취했다.,,neutral,,true,"롯데 vs 한화 (원정) 8-2 승 | 결승타: 전민재(2회) | 홈런: 전민재3호, 고승민2호 | 타자 키플레이어: 전민재(롯데), 레이예스(롯데), 고승민(롯데) | 투수 키플레이어: 나균안(롯데), 현도훈(롯데), 김종수(한화)"
2040,청량리인데 ‘토허제 미적용’ 주상복합…“갭투자 몰려 20억 돌파”,"동대문구 전농동 ‘엘65부동산중개법인’ 대표는 “지난해 10·15 대책 발표 이후부터 갭투자가 가능하냐는 문의가 쭉 이어졌고, 실제 거래가 계속 이어져 가격이 올랐다”며 “오는 10월 청량리역 롯데백화점 신관...",biz.heraldcorp.com,2026-05-21T11:24:00,,ETC,,0.9,,,False,청량리 지역의 부동산 가격이 상승하고 있다.,,neutral,,true,"롯데 vs 한화 (원정) 8-2 승 | 결승타: 전민재(2회) | 홈런: 전민재3호, 고승민2호 | 타자 키플레이어: 전민재(롯데), 레이예스(롯데), 고승민(롯데) | 투수 키플레이어: 나균안(롯데), 현도훈(롯데), 김종수(한화)"
2041,스타벅스 갔다가 사과까지…KT위즈 안현민 이슈에 시민들 갑론을박,KT위즈 외야수 안현민은 20일 자신의 인스타그램에 수원KT위즈파크 전경 사진을 게재했다. 이날 경기는 우천으로 취소돼 선수들이 비교적 여유로운 시간을 보낸 것으로 알려졌다. 문제는 일부 팬들이 사진 촬영 위치가...,www.newsworker.co.kr,2026-05-21T11:22:00,,ETC,,0.9,,,False,KT위즈 안현민의 인스타그램 사진이 논란이 되고 있다.,,neutral,,true,"롯데 vs 한화 (원정) 8-2 승 | 결승타: 전민재(2회) | 홈런: 전민재3호, 고승민2호 | 타자 키플레이어: 전민재(롯데), 레이예스(롯데), 고승민(롯데) | 투수 키플레이어: 나균안(롯데), 현도훈(롯데), 김종수(한화)"
2042,"KT, 대학생 캠페인 ‘YF 민트크루’ 참여자 모집",'다줍자' 크루는 야구 응원과 플로깅을 결합한 '놀로깅' 활동으로 구성되며 6월 말 수원 KT위즈파크에서 진행됩니다. '와이웨이(런트립)' 크루는 평창 일대를 달리며 지역 상권을 이용하는 등 로컬 소비 활동과 연계해...,www.inthenews.co.kr,2026-05-21T11:18:00,,ETC,,0.9,,,False,KT가 대학생 캠페인 참여자를 모집하고 있다.,,neutral,,true,"롯데 vs 한화 (원정) 8-2 승 | 결승타: 전민재(2회) | 홈런: 전민재3호, 고승민2호 | 타자 키플레이어: 전민재(롯데), 레이예스(롯데), 고승민(롯데) | 투수 키플레이어: 나균안(롯데), 현도훈(롯데), 김종수(한화)"
2043,"잠 못 이루는 염경엽 감독, 집단 슬럼프에 부상은 또 왜이리 많나 ""2024년...","25승 18패 승률 0.581, 공동 1위 삼성 KT와 0.5경기 차이다. 그런데도 염경엽 감독은 ""그래도 지금이 더 힘들다""며 부상 선수까지 많아 선발 라인업 구성부터 어렵다고 밝혔다. LG는 20일 경기가 비로 취소되지 않았다면...",www.spotvnews.co.kr,2026-05-21T11:18:00,,INJURY_ROSTER,,1.0,,,False,염경엽 감독이 부상 선수 문제로 어려움을 토로했다.,,negative,,true,"롯데 vs 한화 (원정) 8-2 승 | 결승타: 전민재(2회) | 홈런: 전민재3호, 고승민2호 | 타자 키플레이어: 전민재(롯데), 레이예스(롯데), 고승민(롯데) | 투수 키플레이어: 나균안(롯데), 현도훈(롯데), 김종수(한화)"
2044,[서울&] 서울에서 물멍하기 가장 좋은 곳,"한강의 선셋 명소로 인기가 많고, 특히 롯데월드타워가 보이는 야경으로 유명하다. 달리는 사람들, 강아지와 산책 나온 시민들, 한강 라면과 치맥을 즐기는 외국인 관광객들까지 가세해 한강은 어디를 가도 활기가...",www.seouland.com,2026-05-21T11:18:00,,ETC,,,gpt_missing_index,,False,한강에서 물멍하기 좋은 장소로 롯데월드타워가 유명하다.,,neutral,,true,"롯데 vs 한화 (원정) 8-2 승 | 결승타: 전민재(2회) | 홈런: 전민재3호, 고승민2호 | 타자 키플레이어: 전민재(롯데), 레이예스(롯데), 고승민(롯데) | 투수 키플레이어: 나균안(롯데), 현도훈(롯데), 김종수(한화)"
2045,"넥슨, 임직원에게 '메이플 아일랜드' 쏜다 … 롯데월드 통대관",뉴데일리 곽예지 기자 = 넥슨이 롯데월드 어드벤처를 통째로 빌려 임직원과 가족들을 위한 ‘메이플스토리’ 테마 행사를 연다. 작년 창사이래 사상 최대 규모 매출을 기록하면서 과감한 임직원 행사에 나섰다는...,biz.newdaily.co.kr,2026-05-21T11:18:00,,ETC,,,gpt_missing_index,,False,넥슨이 롯데월드를 임직원 행사로 대관했다.,전민재;고승민,positive,,true,"롯데 vs 한화 (원정) 8-2 승 | 결승타: 전민재(2회) | 홈런: 전민재3호, 고승민2호 | 타자 키플레이어: 전민재(롯데), 레이예스(롯데), 고승민(롯데) | 투수 키플레이어: 나균안(롯데), 현도훈(롯데), 김종수(한화)"
2046,"'우리가 꼴찌 후보?' 뒷심 강해진 키움, 판도 뒤흔드는 태풍의 눈","독주 체제를 굳히지 못한 KT는 삼성 라이온즈, LG 트윈스와 '3강' 구도를 이뤘고 SSG는 '3강'과 거리가 멀어지면서 이제 4위 자리조차 위태로워졌다. NC는 최하위 추락까지 걱정해야 할 처지다. 흐름이 좋은 키움은...",www.news1.kr,2026-05-21T11:17:00,,ETC,,,gpt_missing_index,,False,키움의 상승세가 롯데에 긍정적 영향을 미칠 수 있다.,전민재;고승민,positive,,true,"롯데 vs 한화 (원정) 8-2 승 | 결승타: 전민재(2회) | 홈런: 전민재3호, 고승민2호 | 타자 키플레이어: 전민재(롯데), 레이예스(롯데), 고승민(롯데) | 투수 키플레이어: 나균안(롯데), 현도훈(롯데), 김종수(한화)"
2047,"“졸업하면 하이닉스 입사?”…지방대 약대 vs 연고대 삼전닉스학과, 수...","2027학년도에는 대기업 반도체 계약학과에서 총 460명을 선발한다. 삼성전자 반도체 계약학과는 연세대 100명, 성균관대 70명, 한국과기원 40명, 울산과기원 40명, 광주과기원 30명, 대구경북과기원 30명, 포항공대 40명 등...",www.seoul.co.kr,2026-05-21T11:17:00,,TRANSACTION_CONTRACT,,1.0,,,False,대기업 반도체 계약학과에서 460명 선발 예정이다.,전민재;고승민,positive,,true,"롯데 vs 한화 (원정) 8-2 승 | 결승타: 전민재(2회) | 홈런: 전민재3호, 고승민2호 | 타자 키플레이어: 전민재(롯데), 레이예스(롯데), 고승민(롯데) | 투수 키플레이어: 나균안(롯데), 현도훈(롯데), 김종수(한화)"
2048,"“내가 흔들리지 않겠다”…1선발도, 마무리도 없이 싸우는 두산, 중요...","버티자니 첩첩산중, 여러 구단에서 한숨이 쏟아지는 요즘 김원형 두산 감독의 속도 실은 쓰리기만 하다. 매일 경기 전 주요 부상 선수에 대한 질문이 나오고 그 상태와 추후 계획에 대해 재차 알려주는 것은 두산...",sports.khan.co.kr,2026-05-21T11:17:00,,INJURY_ROSTER,,1.0,,,False,두산 감독이 부상 선수에 대한 질문에 답변하고 있다.,,positive,,true,"롯데 vs 한화 (원정) 8-2 승 | 결승타: 전민재(2회) | 홈런: 전민재3호, 고승민2호 | 타자 키플레이어: 전민재(롯데), 레이예스(롯데), 고승민(롯데) | 투수 키플레이어: 나균안(롯데), 현도훈(롯데), 김종수(한화)"
2049,"오중기 경북도지사 후보, 청년·일자리 공약 발표...""인재가 경북의 미...","이날 오중기 경북도지사 후보는 오전 경산 5일장 방문과 경산시청 기자회견을 시작으로, 오후에는 영덕 영해 5일장과 포항 삼성 라이온즈 야구장을 잇달아 찾는 등 '경북 대전환'을 위한 광폭의 민생 현장 일정을...",www.sentv.co.kr,2026-05-21T11:16:00,,ETC,,,gpt_missing_index,,False,오중기 후보가 청년 일자리 공약을 발표했다.,,positive,,true,"롯데 vs 한화 (원정) 8-2 승 | 결승타: 전민재(2회) | 홈런: 전민재3호, 고승민2호 | 타자 키플레이어: 전민재(롯데), 레이예스(롯데), 고승민(롯데) | 투수 키플레이어: 나균안(롯데), 현도훈(롯데), 김종수(한화)"
2050,"다이나핏, 국민체육진흥공단과 MOU 체결","올해 육상 400m 김지은 선수와 3년 장기 모델 계약을 체결한 것을 비롯해 프로야구 SSG 랜더스, 프로배구 우리카드 우리WON 배구단 등등 다양한 파트너들과 함께 대한민국 스포츠의 저변을 넓히고 있다.",www.ktnews.com,2026-05-21T11:16:00,,TRANSACTION_CONTRACT,,1.0,,,False,다이나핏이 국민체육진흥공단과 MOU를 체결했다.,,positive,,true,"롯데 vs 한화 (원정) 8-2 승 | 결승타: 전민재(2회) | 홈런: 전민재3호, 고승민2호 | 타자 키플레이어: 전민재(롯데), 레이예스(롯데), 고승민(롯데) | 투수 키플레이어: 나균안(롯데), 현도훈(롯데), 김종수(한화)"
2051,‘두산위브 더센트럴 수원’ 분양 ‘완판’,"인근에는 스타필드 수원, 이마트 트레이더스 등이 인접해 있으며 수원월드컵경기장, 수원 KT위즈파크, 아주대학교병원, 가톨릭대학교 성빈센트병원 등 문화·체육·의료시설 이용도 편리하다. 단지는 남향 위주 배치와...",biz.heraldcorp.com,2026-05-21T11:16:00,,ETC,,,gpt_missing_index,,False,수원에서 ‘두산위브 더센트럴’이 완판됐다.,,positive,,true,"롯데 vs 한화 (원정) 8-2 승 | 결승타: 전민재(2회) | 홈런: 전민재3호, 고승민2호 | 타자 키플레이어: 전민재(롯데), 레이예스(롯데), 고승민(롯데) | 투수 키플레이어: 나균안(롯데), 현도훈(롯데), 김종수(한화)"
2052,Z세대 ‘크루 문화’ 올라탄 KT…대학생 참여 캠페인 출격,"6월 말 수원 KT위즈파크에서 운영되며, 야구 팬덤 문화를 친환경 활동과 연결한 점이 특징이다. ‘와이웨이(런트립)’ 크루는 평창 지역을 배경으로 러닝과 로컬 소비를 결합한 체험형 프로그램이다. 참가자들은 지역...",www.dizzotv.com,2026-05-21T11:12:00,,ETC,,,gpt_missing_index,,False,KT가 대학생 참여 캠페인을 시작했다.,,positive,,true,"롯데 vs 한화 (원정) 8-2 승 | 결승타: 전민재(2회) | 홈런: 전민재3호, 고승민2호 | 타자 키플레이어: 전민재(롯데), 레이예스(롯데), 고승민(롯데) | 투수 키플레이어: 나균안(롯데), 현도훈(롯데), 김종수(한화)"
2053,오션뷰에 리버뷰까지…부산 ‘알티에로 광안’ 6월 분양 돌입,"도보로 이용이 가능한 광안리 상권은 물론 신세계백화점, 롯데백화점, 홈플러스 등이 위치한 센텀 생활권도 동시에 누릴 수 있다. 사업지 주변으로 ‘드파인 광안’, ‘래미안 수영 더퍼스트’ 등 약 1만 2000가구 규모의...",www.sedaily.com,2026-05-21T11:12:00,,ETC,,,gpt_missing_index,,False,롯데가 한화에 8-2로 승리하며 좋은 성적을 거두었다.,전민재;고승민,positive,,true,"롯데 vs 한화 (원정) 8-2 승 | 결승타: 전민재(2회) | 홈런: 전민재3호, 고승민2호 | 타자 키플레이어: 전민재(롯데), 레이예스(롯데), 고승민(롯데) | 투수 키플레이어: 나균안(롯데), 현도훈(롯데), 김종수(한화)"
2054,피천득의 문학 정신 잇는다…'제1회 피천득문학상' 시상식 개최,금아피천득선생기념사업회(회장 정정호)가 오는 29일 서울 잠실 롯데월드타워 내 금아피천득기념관 앞 화랑 다목적실에서 '제1회 피천득문학상 시상식 및 후원회 출범식'을 개최한다. 이번 행사는 수필가 피천득 선생의...,www.kyosu.net,2026-05-21T11:12:00,,ETC,,,gpt_missing_index,,False,롯데가 한화에 8-2로 승리하며 좋은 성적을 거두었다.,전민재;고승민,positive,,true,"롯데 vs 한화 (원정) 8-2 승 | 결승타: 전민재(2회) | 홈런: 전민재3호, 고승민2호 | 타자 키플레이어: 전민재(롯데), 레이예스(롯데), 고승민(롯데) | 투수 키플레이어: 나균안(롯데), 현도훈(롯데), 김종수(한화)"
2055,"박진만 이례적 큰 목소리…50홈런→5홈런 디아즈? ""홈런 못 쳐도 괜찮다...","""홈런 못 쳐도 괜찮습니다."" 삼성 라이온즈 박진만 감독은 20일 제2 홈구장인 포항야구장에서 취재진과 인터뷰하며 르윈 디아즈에게 힘을 실었다. 디아즈는 2024년 삼성의 세 번째 외인 타자로 한국 무대에 입성했다....",www.spotvnews.co.kr,2026-05-21T11:10:00,,ETC,,0.9,,,False,롯데가 한화에 8-2로 승리하며 좋은 성적을 거두었다.,전민재;고승민,positive,,true,"롯데 vs 한화 (원정) 8-2 승 | 결승타: 전민재(2회) | 홈런: 전민재3호, 고승민2호 | 타자 키플레이어: 전민재(롯데), 레이예스(롯데), 고승민(롯데) | 투수 키플레이어: 나균안(롯데), 현도훈(롯데), 김종수(한화)"
2056,"0.114→0.350. ""손아섭, 확실히 달라졌다...원래 모습 나온다""","손아섭은 2군에 머무르는 동안 '현역 최고령 타자' 최형우(삼성 라이온즈)에게 개인 최다안타 1위 자리를 뺏겼다. 김원형 감독은 ""아섭이는 승부욕이 강한 선수""라며 ""이전과 분명히 달라졌다""고 앞으로의 활약을...",isplus.com,2026-05-21T11:09:00,,PERFORMANCE_ANALYSIS,,0.9,,,False,손아섭이 이전보다 확실히 달라진 모습을 보이고 있다.,손아섭,positive,,true,"롯데 vs 한화 (원정) 8-2 승 | 결승타: 전민재(2회) | 홈런: 전민재3호, 고승민2호 | 타자 키플레이어: 전민재(롯데), 레이예스(롯데), 고승민(롯데) | 투수 키플레이어: 나균안(롯데), 현도훈(롯데), 김종수(한화)"
2057,"간절함이 만든 기적! 키움 '히어로' 김웅빈, 9회말 극적 끝내기로 SSG 침...","키움 히어로즈는 지난 20일 서울 고척스카이돔에서 열린 2026 신한 SOL Bank KBO리그 정규시즌 SSG 랜더스와의 경기에서 9회말 극적인 끝내기로 6-5 승리를 거뒀다. 키움은 경기 초반 먼저 흐름을 잡았다. 1회말 2사 1, 2루에서...",mhnse.com,2026-05-21T11:09:00,,MATCH_RELATED,,0.9,,,False,롯데가 한화에 8-2로 승리하며 좋은 성적을 거두었다.,,positive,,true,"롯데 vs 한화 (원정) 8-2 승 | 결승타: 전민재(2회) | 홈런: 전민재3호, 고승민2호 | 타자 키플레이어: 전민재(롯데), 레이예스(롯데), 고승민(롯데) | 투수 키플레이어: 나균안(롯데), 현도훈(롯데), 김종수(한화)"
2058,[데스크 칼럼] '스벅 악재'와 '랜더스 부진' 깨부술 열쇠...정용진식 '정...,프로야구 SSG 랜더스는 지난 19일과 20일 이틀 연속으로 9회말 마무리 투수 조병현이 키움 히어로즈의 상대 타자 김웅빈에게 끝내기 홈런과 안타를 허용하며 충격적인 대역전패를 당했다. 창단 2년 만에 '통합 우승'을...,www.youthdaily.co.kr,2026-05-21T11:08:00,,ETC,,0.9,,,False,롯데가 한화에 8-2로 승리하며 좋은 성적을 거두었다.,,positive,,true,"롯데 vs 한화 (원정) 8-2 승 | 결승타: 전민재(2회) | 홈런: 전민재3호, 고승민2호 | 타자 키플레이어: 전민재(롯데), 레이예스(롯데), 고승민(롯데) | 투수 키플레이어: 나균안(롯데), 현도훈(롯데), 김종수(한화)"
2059,야구장 다녀오면 살찌는 이유...각 구장 '최애 푸드' 공유 트렌드 확산,대구 삼성 라이온즈 파크에서는 자몽 맥주와 떡볶이가 유명하다. 특히 해피 치즈 스마일 떡볶이는 대구 구장을 방문하는 팬들이 반드시 찾는 메뉴 중 하나다. 수원 KT 위즈파크는 먹거리 이상형 월드컵에서 1위를 차지한...,www.slist.kr,2026-05-21T11:04:00,,ETC,,0.9,,,False,롯데가 한화에 8-2로 승리하며 좋은 성적을 거두었다.,,positive,,true,"롯데 vs 한화 (원정) 8-2 승 | 결승타: 전민재(2회) | 홈런: 전민재3호, 고승민2호 | 타자 키플레이어: 전민재(롯데), 레이예스(롯데), 고승민(롯데) | 투수 키플레이어: 나균안(롯데), 현도훈(롯데), 김종수(한화)"
2060,"“열심히 응원하겠다”…LG, 22일 잠실 키움전 시구자로 에이티즈 여상...",LG 트윈스는 “22일부터 24일까지 잠실야구장에서 열리는 키움 히어로즈와의 2026 프로야구 KBO리그 주말 홈 3연전에 앞서 승리 기원 시구를 진행한다”고 21일 밝혔다. 먼저 3연전의 첫 날인 22일에는 여상이 시구에...,www.mk.co.kr,2026-05-21T11:03:00,,ETC,,0.9,,,False,롯데가 한화에 8-2로 승리하며 좋은 성적을 거두었다.,,positive,,true,"롯데 vs 한화 (원정) 8-2 승 | 결승타: 전민재(2회) | 홈런: 전민재3호, 고승민2호 | 타자 키플레이어: 전민재(롯데), 레이예스(롯데), 고승민(롯데) | 투수 키플레이어: 나균안(롯데), 현도훈(롯데), 김종수(한화)"
2061,"KT, 대학생 참여형 공익 캠페인 'YF 민트크루' 참여자 모집","20대 야구 팬덤 문화 확산을 위해 6월 말 수원 KT위즈파크에서 진행되는 '다줍자', 국내 소도시를 러닝하며 지역 매력을 발견하는 '와이웨이(런트립)', 인천 동구 배다리 헌책방 거리를 중심으로 지역 역사와 문화를...",www.lcnews.co.kr,2026-05-21T11:02:00,,ETC,,0.9,,,False,KT가 대학생 참여형 공익 캠페인 참여자를 모집합니다.,전민재;고승민,positive,,true,"롯데 vs 한화 (원정) 8-2 승 | 결승타: 전민재(2회) | 홈런: 전민재3호, 고승민2호 | 타자 키플레이어: 전민재(롯데), 레이예스(롯데), 고승민(롯데) | 투수 키플레이어: 나균안(롯데), 현도훈(롯데), 김종수(한화)"
2062,"투수 운용 지켜가는 삼성라이온즈···'불운의 에이스' 후라도, 3승 챙...",우천 취소로 선발진 운용에 여유가 생긴 삼성라이온즈가 에이스 아리엘 후라도의 3번째 선발승에 도전합니다. 5월 21일 저녁 포항야구장에서 펼쳐지는 2026 신한 SOL KBO리그 KT위즈와의 맞대결에서 삼성은 필승 카드...,dgmbc.com,2026-05-21T11:00:00,,ETC,,0.9,,,False,삼성라이온즈가 에이스 후라도의 선발승에 도전합니다.,,positive,,true,"롯데 vs 한화 (원정) 8-2 승 | 결승타: 전민재(2회) | 홈런: 전민재3호, 고승민2호 | 타자 키플레이어: 전민재(롯데), 레이예스(롯데), 고승민(롯데) | 투수 키플레이어: 나균안(롯데), 현도훈(롯데), 김종수(한화)"
2063,"""다시 한화로 와라"" 팬들에 반응한 와이스 아내…'대전 예수' 복귀하나...","한화 이글스에서 KBO를 대표하는 에이스로 활약했던 라이언 와이스. 올해 미국 메이저리그(MLB)에 입성했으나 최근 트리플A로 강등되는 등 고전 중인 가운데, 한화로 복귀하는 게 어떻겠냐는 팬들의 바람이 커지고...",news.jtbc.co.kr,2026-05-21T11:00:00,,INJURY_ROSTER,,1.0,,,False,팬들이 라이언 와이스의 한화 복귀를 바라고 있습니다.,,positive,,true,"롯데 vs 한화 (원정) 8-2 승 | 결승타: 전민재(2회) | 홈런: 전민재3호, 고승민2호 | 타자 키플레이어: 전민재(롯데), 레이예스(롯데), 고승민(롯데) | 투수 키플레이어: 나균안(롯데), 현도훈(롯데), 김종수(한화)"
2064,NC 줄부상 악재 속 박민우 빛났다,"NC 다이노스 박민우가 지난 3일 열린 LG 트윈스와의 원정 경기에서 도루를 하고 있다./NC 다이노스/ NC는 올 시즌 주축 타선들의 줄부상 속에 힘겨운 싸움을 이어가고 있다. 20일 오전 기준 NC의 팀 타율은 0.260, 득점권...",www.knnews.co.kr,2026-05-21T10:58:00,,INJURY_ROSTER,,1.0,,,False,NC 박민우가 도루로 빛나는 활약을 보였습니다.,박민우,positive,,true,"롯데 vs 한화 (원정) 8-2 승 | 결승타: 전민재(2회) | 홈런: 전민재3호, 고승민2호 | 타자 키플레이어: 전민재(롯데), 레이예스(롯데), 고승민(롯데) | 투수 키플레이어: 나균안(롯데), 현도훈(롯데), 김종수(한화)"
2065,"해긴 '2026 프로야구GO!', 구단 운영 콘텐츠 개편…방치형 매니지먼트 재...","해태 타이거즈, 현대 유니콘스, 넥센 히어로즈의 마스코트와 과거 한화 이글스가 사용했던 한밭 야구장'이 구현됐다. 해긴 관계자는 ""이번 업데이트는 유저분들이 구단을 운영하고 선수를 키워나가는 방치형 매니지먼트...",zdnet.co.kr,2026-05-21T10:56:00,,ETC,,0.9,,,False,해긴이 구단 운영 콘텐츠를 개편했습니다.,,positive,,true,"롯데 vs 한화 (원정) 8-2 승 | 결승타: 전민재(2회) | 홈런: 전민재3호, 고승민2호 | 타자 키플레이어: 전민재(롯데), 레이예스(롯데), 고승민(롯데) | 투수 키플레이어: 나균안(롯데), 현도훈(롯데), 김종수(한화)"
2066,"롯데백화점 전주점, 22주년 쇼핑 페스티벌…""도민 성원 보답""",롯데백화점 전주점./롯데 | 전주=한스경제 이인호 기자 | 롯데백화점 전주점(최동희 점장)이 개점 22주년을 맞아 5월 22일부터 31일까지 10일간 쇼핑 페스티벌을 연다. 이번 행사는 전북도민의 성원에 보답하기 위해...,www.hansbiz.co.kr,2026-05-21T10:54:00,,ETC,,0.9,,,False,롯데백화점 전주점이 22주년 쇼핑 페스티벌을 개최합니다.,,positive,,true,"롯데 vs 한화 (원정) 8-2 승 | 결승타: 전민재(2회) | 홈런: 전민재3호, 고승민2호 | 타자 키플레이어: 전민재(롯데), 레이예스(롯데), 고승민(롯데) | 투수 키플레이어: 나균안(롯데), 현도훈(롯데), 김종수(한화)"
2067,"잠못드는 염갈량의 스페셜 미션 ""이영빈-문정빈 한번 써보자""…LG 코치진...","""라인업까지 내가 짜다간 잠잘 시간이 없겠더라고."" LG 트윈스 라인업에 구멍이 숭숭 났다. '문문듀오(문성주 문보경)'의 부상에 홍창기 신민재 등 기존 선수들의 부진, 베테랑들의 휴식까지 모두 고려하다보니 생긴 일이다....",www.sportschosun.com,2026-05-21T10:51:00,,INJURY_ROSTER,,1.0,,,False,LG 코치진이 라인업 문제로 고민하고 있습니다.,,positive,,true,"롯데 vs 한화 (원정) 8-2 승 | 결승타: 전민재(2회) | 홈런: 전민재3호, 고승민2호 | 타자 키플레이어: 전민재(롯데), 레이예스(롯데), 고승민(롯데) | 투수 키플레이어: 나균안(롯데), 현도훈(롯데), 김종수(한화)"
2068,[6·3전북]지사 후보 5명 공식선거운동 첫날부터 전력투구,"김관영 무소속 후보는 전주 롯데백화점 사거리를 택했다. 김 후보는 연신 손을 흔들면서 ""민주당, 정청래 대표가 아닌 전북도민이 도지사를 뽑아야 한다""고 했다. 이에 도민들은 차량 경적을 울리고, 창문을 내려 손을...",www.newsis.com,2026-05-21T10:51:00,,ETC,,0.9,,,False,지사 후보들이 공식선거운동을 시작했습니다.,,positive,,true,"롯데 vs 한화 (원정) 8-2 승 | 결승타: 전민재(2회) | 홈런: 전민재3호, 고승민2호 | 타자 키플레이어: 전민재(롯데), 레이예스(롯데), 고승민(롯데) | 투수 키플레이어: 나균안(롯데), 현도훈(롯데), 김종수(한화)"
2069,전남광주 교육감 후보 4인 광주·목포서 선거운동 돌입,출정식 후에는 KIA타이거즈와 LG트윈스의 야구 경기가 열리는 광주 기아챔피언스필드를 찾아 시민과 인사를 나누고 현장 소통을 할 예정이다. 강숙영 김대중재단 전남지부 탄소중립위원장은 광주 광산구 월계동 고교생...,www.yna.co.kr,2026-05-21T10:45:00,,ETC,,0.9,,,False,전남광주 교육감 후보들이 선거운동을 시작했다.,,neutral,,true,"롯데 vs 한화 (원정) 8-2 승 | 결승타: 전민재(2회) | 홈런: 전민재3호, 고승민2호 | 타자 키플레이어: 전민재(롯데), 레이예스(롯데), 고승민(롯데) | 투수 키플레이어: 나균안(롯데), 현도훈(롯데), 김종수(한화)"
2070,"롯데월드 아쿠아리움, 귀염뽀짝 펭귄 출격",롯데월드 아쿠아리움이 22일 ‘생물다양성의 날’을 기념해 자체 부화한 아기 훔볼트 펭귄을 일반에 선보인다. 이번에 공개하는 아기 펭귄은 수컷 ‘펭돌’(14세)과 암컷 ‘펭순’(18세) 사이에서 2월에 태어났다. ​아기...,sports.donga.com,2026-05-21T10:45:00,,ETC,,0.9,,,False,롯데월드 아쿠아리움에서 아기 펭귄을 공개한다.,,neutral,,true,"롯데 vs 한화 (원정) 8-2 승 | 결승타: 전민재(2회) | 홈런: 전민재3호, 고승민2호 | 타자 키플레이어: 전민재(롯데), 레이예스(롯데), 고승민(롯데) | 투수 키플레이어: 나균안(롯데), 현도훈(롯데), 김종수(한화)"
2071,"롯데건설, 설계사 DCA와 디자인 워크숍… 하이퍼엔드 주거 방향 논의",롯데건설은 최근 서울 송파구 롯데월드타워와 광진구 르엘캐슬갤러리에 DCA 밀라노 디렉터이자 파트너인 주세페 잠피에리(Giuseppe Zampieri) 및 시니어 설계진을 초청해 이번 워크숍을 진행했다. 이번 워크숍에서 양사는...,www.polinews.co.kr,2026-05-21T10:42:00,,ETC,,1.0,,,False,롯데건설이 DCA와 디자인 워크숍을 진행했다.,,neutral,,true,"롯데 vs 한화 (원정) 8-2 승 | 결승타: 전민재(2회) | 홈런: 전민재3호, 고승민2호 | 타자 키플레이어: 전민재(롯데), 레이예스(롯데), 고승민(롯데) | 투수 키플레이어: 나균안(롯데), 현도훈(롯데), 김종수(한화)"
2072,"국가대표 마무리가 이상하다, ‘한만두’ 아닌 ‘한끝두’ 허용…역대...",프로야구 SSG 랜더스 마무리투수 조병현(24)이 3경기 연속 실점을 허용하며 불안한 모습을 노출했다. 조병현은 지난 20일 서울 고척스카이돔에서 열린 ‘2026 신한은행 SOL Bank KBO리그’ 키움 히어로즈와의 경기에...,www.osen.co.kr,2026-05-21T10:41:00,,PERFORMANCE_ANALYSIS,,0.9,,,False,조병현이 3경기 연속 실점을 허용했다.,,negative,,true,"롯데 vs 한화 (원정) 8-2 승 | 결승타: 전민재(2회) | 홈런: 전민재3호, 고승민2호 | 타자 키플레이어: 전민재(롯데), 레이예스(롯데), 고승민(롯데) | 투수 키플레이어: 나균안(롯데), 현도훈(롯데), 김종수(한화)"
2073,"'1천 장타 눈앞'…최형우, KBO 최초 대기록 3개 남았다","삼성 라이온즈 베테랑 타자 최형우가 개인 통산 장타 1천 개에 3개 차이로 다가서며 리그 최초 기록을 향해 전진하고 있다. 최형우는 20일 기준 2루타 551개, 3루타 20개, 홈런 426개를 합작해 총 997개의 장타를 때렸다....",www.topstarnews.net,2026-05-21T10:40:00,,PERFORMANCE_ANALYSIS,,0.9,,,False,최형우가 장타 1천 개에 3개 차이로 다가섰다.,최형우,negative,,true,"롯데 vs 한화 (원정) 8-2 승 | 결승타: 전민재(2회) | 홈런: 전민재3호, 고승민2호 | 타자 키플레이어: 전민재(롯데), 레이예스(롯데), 고승민(롯데) | 투수 키플레이어: 나균안(롯데), 현도훈(롯데), 김종수(한화)"
2074,“1군 올라와서 심해졌다 vs 괜찮은데 왜 자꾸 그래?” 최형우 닮은 KIA...,"“1군 올라와서 심해졌다.” KIA 타이거즈의 새로운 주전 1루수 박상준(25)이 기대이상의 활약을 펼친다. 15경기서 45타수 14안타 타율 0.311 1홈런 4타점 8득점 OPS 0.870이다. 아직 표본은 적지만, 1군 데뷔 후 2군에 다시 한번...",www.mydaily.co.kr,2026-05-21T10:40:00,,PERFORMANCE_ANALYSIS,,0.9,,,False,KIA의 박상준이 기대 이상의 활약을 보이고 있다.,박상준,negative,,true,"롯데 vs 한화 (원정) 8-2 승 | 결승타: 전민재(2회) | 홈런: 전민재3호, 고승민2호 | 타자 키플레이어: 전민재(롯데), 레이예스(롯데), 고승민(롯데) | 투수 키플레이어: 나균안(롯데), 현도훈(롯데), 김종수(한화)"
2075,"“조병현 또 무너졌다!” 키움 김웅빈, 연이틀 기적의 끝내기 안타 작렬...",고척 | 최승섭 기자 thunder@sportsseoul.com 키움은 20일 서울 고척스카이돔에서 열린 2026 KBO리그 정규시즌 SSG 랜더스와의 주중 3연전 두 번째 경기에서 9회말 터진 김웅빈의 극적인 끝내기 안타에 힘입어 6-5로 짜릿한...,www.sportsseoul.com,2026-05-21T10:40:00,,ETC,,,gpt_missing_index,,False,김웅빈이 끝내기 안타로 팀을 승리로 이끌었다.,,negative,,true,"롯데 vs 한화 (원정) 8-2 승 | 결승타: 전민재(2회) | 홈런: 전민재3호, 고승민2호 | 타자 키플레이어: 전민재(롯데), 레이예스(롯데), 고승민(롯데) | 투수 키플레이어: 나균안(롯데), 현도훈(롯데), 김종수(한화)"
2076,13일 승부 시작…대구시장 선거 '박빙 표심' 어디로,추 후보는 자신의 선거사무소에서 삼성라이온즈 출신 야구인들 지지 선언을 받은 뒤 정보통신산업(ICT) 기업들이 밀집한 수성알파시티 지식산업센터에서 ICT협회 회원들과 정책간담회를 하고 청년 ICT 종사자들과도...,www.yna.co.kr,2026-05-21T10:39:00,,ETC,,,gpt_missing_index,,False,대구시장 선거가 박빙으로 진행되고 있다.,,neutral,,true,"롯데 vs 한화 (원정) 8-2 승 | 결승타: 전민재(2회) | 홈런: 전민재3호, 고승민2호 | 타자 키플레이어: 전민재(롯데), 레이예스(롯데), 고승민(롯데) | 투수 키플레이어: 나균안(롯데), 현도훈(롯데), 김종수(한화)"
2077,"[핌in고척] 'FA로이드' 문승원, SSG 필승조 유일한 '믿을맨'","[사진=SSG 랜더스] 2026.05.21 willowdy@newspim.com 순위도 순위지만, SSG는 최근 2경기 연속 끝내기 패배를 당하며 분위기가 많이 가라앉았다. 특히 마무리 조병현이 김웅빈에게 이틀 연속 끝내기 홈런, 끝내기 안타를...",www.newspim.com,2026-05-21T10:39:00,,TRANSACTION_CONTRACT,,1.0,,,False,롯데가 한화에 8-2로 승리하며 좋은 분위기를 이어갔다.,전민재;고승민,positive,,true,"롯데 vs 한화 (원정) 8-2 승 | 결승타: 전민재(2회) | 홈런: 전민재3호, 고승민2호 | 타자 키플레이어: 전민재(롯데), 레이예스(롯데), 고승민(롯데) | 투수 키플레이어: 나균안(롯데), 현도훈(롯데), 김종수(한화)"
2078,"WKBL 강이슬·윤예빈 FA 보상선수 지명 완료… KB는 이다연, 삼성생명은...",WKBL 제공 용인 삼성생명은 KB로 이적한 가드 윤예빈의 보상 선수로 가드 성수연을 지명했다. 춘천여자고를 졸업한 성수연은 2023년 신입선수 선발회 2라운드 6순위로 KB에 지명돼 프로에 입문했다. 이후 3시즌...,www.segye.com,2026-05-21T10:39:00,,TRANSACTION_CONTRACT,,1.0,,,False,롯데가 한화에 8-2로 승리하며 좋은 분위기를 이어갔다.,전민재;고승민,positive,,true,"롯데 vs 한화 (원정) 8-2 승 | 결승타: 전민재(2회) | 홈런: 전민재3호, 고승민2호 | 타자 키플레이어: 전민재(롯데), 레이예스(롯데), 고승민(롯데) | 투수 키플레이어: 나균안(롯데), 현도훈(롯데), 김종수(한화)"
2079,[게시판] 롯데월드 부산서 23∼24일 코스프레 페스티벌,▲ 롯데월드 어드벤처 부산은 오는 23∼24일 '코스프레 페스티벌(코코페스티벌)'을 개최한다고 21일 밝혔다. 정문 광장에서 영화나 애니메이션 주인공 캐릭터가 방문객과 포토 타임을 갖는다. 특히 23일에는 파크 전역에서...,www.yna.co.kr,2026-05-21T10:39:00,,ETC,,,gpt_missing_index,,False,롯데가 한화에 8-2로 승리하며 좋은 분위기를 이어갔다.,전민재;고승민,positive,,true,"롯데 vs 한화 (원정) 8-2 승 | 결승타: 전민재(2회) | 홈런: 전민재3호, 고승민2호 | 타자 키플레이어: 전민재(롯데), 레이예스(롯데), 고승민(롯데) | 투수 키플레이어: 나균안(롯데), 현도훈(롯데), 김종수(한화)"
2080,"[NC전시관] 노이즈가 깨운 감각, 시간은 흔들리고 공간은 울린다","감독은 과거의 계획을 떠올리면서 현재의 우연을 읽는다. 미래의 편집과 결과를 상상한다. 오민은 복잡한... 에르메스 재단 미술상, 송은미술대상 우수상, 두산연강예술상 등을 받았다. '연습곡', '토마', '노래해야 한다면...",www.nc.press,2026-05-21T10:38:00,,ETC,,,gpt_missing_index,,False,롯데가 한화에 8-2로 승리하며 좋은 분위기를 이어갔다.,전민재;고승민,positive,,true,"롯데 vs 한화 (원정) 8-2 승 | 결승타: 전민재(2회) | 홈런: 전민재3호, 고승민2호 | 타자 키플레이어: 전민재(롯데), 레이예스(롯데), 고승민(롯데) | 투수 키플레이어: 나균안(롯데), 현도훈(롯데), 김종수(한화)"
2081,"레벨투, 롯데월드몰 잠실 팝업 성료…키덜트 공략","▲레벨투 제공 키덜트 전문 커머스 플랫폼 레벨투(LEVEL.2)가 4월 30일부터 5월 13일까지 잠실 롯데월드몰에서 운영한 오프라인 팝업스토어를 성공적으로 마쳤다고 밝혔다. 이번 행사는 고해상도 피규어, 애니메이션 굿즈...",www.gosiweek.com,2026-05-21T10:36:00,,ETC,,,gpt_missing_index,,False,롯데가 한화에 8-2로 승리하며 좋은 분위기를 이어갔다.,전민재;고승민,positive,,true,"롯데 vs 한화 (원정) 8-2 승 | 결승타: 전민재(2회) | 홈런: 전민재3호, 고승민2호 | 타자 키플레이어: 전민재(롯데), 레이예스(롯데), 고승민(롯데) | 투수 키플레이어: 나균안(롯데), 현도훈(롯데), 김종수(한화)"
2082,"롯데백화점 전주점, 개점 22주년…대규모 쇼핑 페스티벌","롯데백화점 전주점은 개점 22주년을 맞아 22일부터 31일까지 '22주년 기념 쇼핑 페스티벌'을 연다고 21일 밝혔다. 이번 행사는 전북지역 고객 성원에 보답하기 위해 다양한 할인 행사와 사은 이벤트, 신규 매장 오픈 등을...",www.newsis.com,2026-05-21T10:35:00,,ETC,,,gpt_missing_index,,False,롯데가 한화에 8-2로 승리하며 좋은 분위기를 이어갔다.,전민재;고승민,positive,,true,"롯데 vs 한화 (원정) 8-2 승 | 결승타: 전민재(2회) | 홈런: 전민재3호, 고승민2호 | 타자 키플레이어: 전민재(롯데), 레이예스(롯데), 고승민(롯데) | 투수 키플레이어: 나균안(롯데), 현도훈(롯데), 김종수(한화)"
2083,11년 만에 백업 생활 청산…‘리그 최상급 중견수’로 자리 잡은 김호령...,김호령(34·KIA 타이거즈)이 11년의 기다림을 뒤로하고 KBO리그 최정상급 중견수로 도약했다. 김호령에게 2026시즌은 특별한 한 해다. 2015년 프로에 데뷔한 뒤 11년 만에 처음으로 주전으로 한 시즌을 치르고 있기...,sports.donga.com,2026-05-21T10:33:00,,ETC,,,gpt_missing_index,,False,롯데가 한화에 8-2로 승리하며 좋은 분위기를 이어갔다.,전민재;고승민,positive,,true,"롯데 vs 한화 (원정) 8-2 승 | 결승타: 전민재(2회) | 홈런: 전민재3호, 고승민2호 | 타자 키플레이어: 전민재(롯데), 레이예스(롯데), 고승민(롯데) | 투수 키플레이어: 나균안(롯데), 현도훈(롯데), 김종수(한화)"
2084,"이길여 회장, 군산 대야초 후배들 초청…""27년째 이어진 모교 사랑""","21일에는 경복궁과 대한민국역사박물관, 롯데월드타워를 찾아 역사와 문화를 체험했다. 마지막 날인 22일에는 에버랜드를 방문해 2박 3일 일정을 마무리할 예정이다. 이 회장의 모교 사랑은 이번 체험 프로그램에...",www.hankyung.com,2026-05-21T10:33:00,,ETC,,,gpt_missing_index,,False,롯데가 한화에 8-2로 승리하며 좋은 분위기를 이어갔다.,전민재;고승민,positive,,true,"롯데 vs 한화 (원정) 8-2 승 | 결승타: 전민재(2회) | 홈런: 전민재3호, 고승민2호 | 타자 키플레이어: 전민재(롯데), 레이예스(롯데), 고승민(롯데) | 투수 키플레이어: 나균안(롯데), 현도훈(롯데), 김종수(한화)"
2085,"""선수도 놀랐다"" 예고 없이 갑자기 다년 계약 제시 → 당일 계약 끝, 왜...","키움은 19일 고척스카이돔에서 SSG 랜더스와의 홈 경기를 치른 후, 베테랑 내야수 서건창에게 다년 계약을 제시했다. 그리고 발표는 바로 다음날 오전인 20일 이뤄졌다. 키움 구단은 ""계약 기간 2년(2027~2028년), 총액 최대...",www.sportschosun.com,2026-05-21T10:32:00,,TRANSACTION_CONTRACT,,1.0,,,False,키움이 서건창과 다년 계약을 체결했다.,,neutral,,true,"롯데 vs 한화 (원정) 8-2 승 | 결승타: 전민재(2회) | 홈런: 전민재3호, 고승민2호 | 타자 키플레이어: 전민재(롯데), 레이예스(롯데), 고승민(롯데) | 투수 키플레이어: 나균안(롯데), 현도훈(롯데), 김종수(한화)"
2086,"'렛미플라이', 한국 최초 美 '페스티벌 오브 뉴 뮤지컬즈' 입성","음악감독, 스태프들과 함께 일주일간의 수정 및 보완 작업을 함께한다. 제작사 프로스랩 측은... 한편, 미국 페스티벌 참가를 마친 뮤지컬 '렛미플라이'는 오는 10월 서울 종로구 두산아트센터 연강홀에서 새로운 시즌의...",www.mediapen.com,2026-05-21T10:32:00,,ETC,,,gpt_missing_index,,False,'렛미플라이'가 미국 페스티벌에 참가했다.,,neutral,,true,"롯데 vs 한화 (원정) 8-2 승 | 결승타: 전민재(2회) | 홈런: 전민재3호, 고승민2호 | 타자 키플레이어: 전민재(롯데), 레이예스(롯데), 고승민(롯데) | 투수 키플레이어: 나균안(롯데), 현도훈(롯데), 김종수(한화)"
2087,"철강協, 6월 9일 '제27회 철의 날' 개최예정…韓 첫 쇳물의 감동 이어간...","한국철강협회(회장 장인화)가 오는 6월 9일 롯데호텔 월드 3층 크리스탈 볼룸에서 '제27회 철의 날' 기념행사를 연다. 행사는 오후 4시 30분부터 진행된다. '철의 날'은 우리나라 철강산업의 출발점을 기리는 날로, 1973년...",www.snmnews.com,2026-05-21T10:28:00,,ETC,,,gpt_missing_index,,False,한국철강협회가 '철의 날' 기념행사를 개최한다.,,neutral,,true,"롯데 vs 한화 (원정) 8-2 승 | 결승타: 전민재(2회) | 홈런: 전민재3호, 고승민2호 | 타자 키플레이어: 전민재(롯데), 레이예스(롯데), 고승민(롯데) | 투수 키플레이어: 나균안(롯데), 현도훈(롯데), 김종수(한화)"
2088,"양준혁도, 장훈도 못했던 1천 장타…최형우, KBO 첫 이정표 눈앞","2루타 551개, 3루타 20개, 홈런 426개로 합계 997개 나이를 잊은 활약으로 한국프로야구를 대표하는 '전설'의 길을 걷는 최형우(42·삼성 라이온즈)가 또 하나의 값진 이정표를 앞뒀다. 최형우는 20일 기준 2루타...",www.yna.co.kr,2026-05-21T10:25:00,,ETC,,,gpt_missing_index,,False,최형우가 KBO 첫 1천 장타에 가까워졌다.,,neutral,,true,"롯데 vs 한화 (원정) 8-2 승 | 결승타: 전민재(2회) | 홈런: 전민재3호, 고승민2호 | 타자 키플레이어: 전민재(롯데), 레이예스(롯데), 고승민(롯데) | 투수 키플레이어: 나균안(롯데), 현도훈(롯데), 김종수(한화)"
2089,"""언젠가는 내 시간도 온다"" 하필이면 20세 후배가 터졌다…버티니 찾아...","""초반에 힘든 시간을 많이 보냈는데…."" 오명진(25·두산 베어스)은 지난 19일 잠실구장에서 열린 NC 다이노스와의 경기에 8번타자 겸 2루수로 선발 출전해 4타수 3안타를 기록했다. 두산은 지난 16일 주전 2루수로 자리매김한...",www.sportschosun.com,2026-05-21T10:24:00,,ETC,,,gpt_missing_index,,False,오명진이 NC 다이노스와의 경기에서 좋은 성적을 냈다.,,neutral,,true,"롯데 vs 한화 (원정) 8-2 승 | 결승타: 전민재(2회) | 홈런: 전민재3호, 고승민2호 | 타자 키플레이어: 전민재(롯데), 레이예스(롯데), 고승민(롯데) | 투수 키플레이어: 나균안(롯데), 현도훈(롯데), 김종수(한화)"
2090,"전지현·구교환·지창욱·신현빈·김신록·고수, 개봉 전야 팬들과 만나...","영화 '군체' VIP시사회가 20일 오후 서울 송파구 롯데시네마 월드타워점에서 진행됐다. 이날 배우 전지현, 구교환, 지창욱, 신현빈, 김신록, 고수가 참석하고 있다.",www.the-biz.co.kr,2026-05-21T10:24:00,,ETC,,,gpt_missing_index,,False,영화 '군체' VIP시사회가 열렸다.,,neutral,,true,"롯데 vs 한화 (원정) 8-2 승 | 결승타: 전민재(2회) | 홈런: 전민재3호, 고승민2호 | 타자 키플레이어: 전민재(롯데), 레이예스(롯데), 고승민(롯데) | 투수 키플레이어: 나균안(롯데), 현도훈(롯데), 김종수(한화)"
2091,"찬희X산하X차준환, 영화관에 뜬 청춘만화 비주얼","SF9 찬희, 올데이프로젝트 우찬, 아스트로 윤산하, 차준환, 유나이트 형석, 경문, 시온이 20일 오후 서울 송파구 롯데시네마 월드타워점에서 진행된 영화 '군체' VIP시사회 포토월에 참석해 포즈를 취하고 있다.",www.the-biz.co.kr,2026-05-21T10:24:00,,ETC,,,gpt_missing_index,,False,SF9과 아스트로가 VIP시사회에 참석했다.,,neutral,,true,"롯데 vs 한화 (원정) 8-2 승 | 결승타: 전민재(2회) | 홈런: 전민재3호, 고승민2호 | 타자 키플레이어: 전민재(롯데), 레이예스(롯데), 고승민(롯데) | 투수 키플레이어: 나균안(롯데), 현도훈(롯데), 김종수(한화)"
2092,"정해인→유연석, 힘 뺀 패션이 더 멋있다 '센스 있는 영화관룩'","배우 유태오, 위하준, 서현우,이현우, 배현성, 황인엽, 정해인, 박성웅, 박희순, 유연석이 20일 오후 서울 송파구 롯데시네마 월드타워점에서 진행된 영화 '군체' VIP시사회 포토월에 참석해 포즈를 취하고 있다.",www.the-biz.co.kr,2026-05-21T10:24:00,,ETC,,,gpt_missing_index,,False,유연석이 영화 '군체' VIP시사회에 참석했다.,,neutral,,true,"롯데 vs 한화 (원정) 8-2 승 | 결승타: 전민재(2회) | 홈런: 전민재3호, 고승민2호 | 타자 키플레이어: 전민재(롯데), 레이예스(롯데), 고승민(롯데) | 투수 키플레이어: 나균안(롯데), 현도훈(롯데), 김종수(한화)"
2093,"김소현·유아→권나라·안소희, 심플한데 왜 이렇게 예뻐? '꾸안꾸 영화...","배우 한지현, 엄지원, 노정의, 장규리, 김지은, 설현, 이열음, 김소현, 전소영, 유아, 정영주, 장다아, 권나라, 정윤아, 안소희, 이정현이 20일 오후 서울 송파구 롯데시네마 월드타워점에서 진행된 영화 '군체' VIP시사회...",www.the-biz.co.kr,2026-05-21T10:24:00,,ETC,,,gpt_missing_index,,False,롯데가 한화와의 경기에서 8-2로 승리했다.,전민재;고승민,positive,,true,"롯데 vs 한화 (원정) 8-2 승 | 결승타: 전민재(2회) | 홈런: 전민재3호, 고승민2호 | 타자 키플레이어: 전민재(롯데), 레이예스(롯데), 고승민(롯데) | 투수 키플레이어: 나균안(롯데), 현도훈(롯데), 김종수(한화)"
2094,[굿모닝! 21일 유통가 소식] 갤러리아백화점·롯데하이마트·이디야커피...,갤러리아백화점은 서울 압구정동 명품관에서 디자인 거울 브랜드 '분더바 컬렉션'을 선보인다. 분더바... 롯데하이마트는 가전 PB PLUX(플럭스)가 출시 1주년 만에 시장 불황 속에서도 매출이 15% 늘었다. PB 'PLUX는 1~2인...,www.goodkyung.com,2026-05-21T10:22:00,,ETC,,1.0,,,False,롯데가 한화와의 경기에서 8-2로 승리했다.,전민재;고승민,positive,,true,"롯데 vs 한화 (원정) 8-2 승 | 결승타: 전민재(2회) | 홈런: 전민재3호, 고승민2호 | 타자 키플레이어: 전민재(롯데), 레이예스(롯데), 고승민(롯데) | 투수 키플레이어: 나균안(롯데), 현도훈(롯데), 김종수(한화)"
2095,[식음료소식] 오뚜기 순살 고등어구이 간편식 출시 / 배스킨라빈스 그래...,"한편 롯데그룹은 오는 22일부터 내달 21일까지 잠실 롯데월드타워 일대에서 '메이플 어택 위드 롯데' 축제도 개최한다. ◼︎ 삼립 하이면, 여름 막국수 2종 출시 삼립의 면 브랜드 하이면이 '홍비빔 막국수'와 '들기름...",www.webeconomy.co.kr,2026-05-21T10:16:00,,ETC,,1.0,,,False,롯데가 한화와의 경기에서 8-2로 승리했다.,전민재;고승민,positive,,true,"롯데 vs 한화 (원정) 8-2 승 | 결승타: 전민재(2회) | 홈런: 전민재3호, 고승민2호 | 타자 키플레이어: 전민재(롯데), 레이예스(롯데), 고승민(롯데) | 투수 키플레이어: 나균안(롯데), 현도훈(롯데), 김종수(한화)"
2096,"김웅빈, KBO 리그 새 역사 썼다…사상 첫 동일 투수 상대 2경기 연속 끝...",김웅빈은 지난 19일 서울 고척 스카이돔에서 열린 2026 신한 SOL KBO 리그 SSG 랜더스와의 홈경기에서 양 팀이 6-6으로 맞선 9회말 1사 주자 없는 상황에서 끝내기 홈런을 쏘아 올리며 키움의 7-6 승리를 이끌었다. 그동안...,www.stoo.com,2026-05-21T10:14:00,,MATCH_RELATED,INTERVIEW,0.9,,,False,롯데가 한화와의 경기에서 8-2로 승리했다.,전민재;고승민,positive,,true,"롯데 vs 한화 (원정) 8-2 승 | 결승타: 전민재(2회) | 홈런: 전민재3호, 고승민2호 | 타자 키플레이어: 전민재(롯데), 레이예스(롯데), 고승민(롯데) | 투수 키플레이어: 나균안(롯데), 현도훈(롯데), 김종수(한화)"
2097,"'자신감보다 나를 믿었다' 키움 김웅빈, 이틀 연속 끝내기로 키움 3연승...","김웅빈은 20일 고척스카이돔 SSG 랜더스전 6번·3루수로 4타수 2안타 1득점 1타점, 5-5로 맞선 9회말 2사 1·2루에서 좌전 끝내기 적시타로 팀의 3연승을 견인했다. 전날 끝내기 솔로 홈런에 이은 이틀 연속 끝내기 결승타로...",www.maniareport.com,2026-05-21T10:12:00,,MATCH_RELATED,INTERVIEW,0.9,,,False,롯데가 한화와의 경기에서 8-2로 승리했다.,전민재;고승민,positive,,true,"롯데 vs 한화 (원정) 8-2 승 | 결승타: 전민재(2회) | 홈런: 전민재3호, 고승민2호 | 타자 키플레이어: 전민재(롯데), 레이예스(롯데), 고승민(롯데) | 투수 키플레이어: 나균안(롯데), 현도훈(롯데), 김종수(한화)"
2098,"“칭찬만 아낄뿐, 잘하고 있죠” 얼마만의 20대 대형 포수인가…갈 길 ...",한화 이글스는 포수 세대교체의 선두주자다. 허인서(23)가 최재훈(37)을 제치고 주전으로 나서는 빈도가 많아지고 있다. 올해 35경기(21선발)에 나서고 있다. 타율 3할1푼9리(91타수 29안타) 9홈런 28타점 OPS 1.033의 성적을...,www.osen.co.kr,2026-05-21T10:12:00,,ETC,,0.9,,,False,롯데가 한화와의 경기에서 8-2로 승리했다.,전민재;고승민,positive,,true,"롯데 vs 한화 (원정) 8-2 승 | 결승타: 전민재(2회) | 홈런: 전민재3호, 고승민2호 | 타자 키플레이어: 전민재(롯데), 레이예스(롯데), 고승민(롯데) | 투수 키플레이어: 나균안(롯데), 현도훈(롯데), 김종수(한화)"
2099,"마크앤컴퍼니·삼성웰스토리, 'W.I.T 7기' 4개사 선발…6개월 공동 PoC 착...","홍경표 마크앤컴퍼니 대표는 ""오픈이노베이션에서 중요한 것은 스타트업의 기술력만큼이나 현업 부서와의 실질적 연결""이라며 ""선발 기업들이 이번 PoC를 발판으로 삼성웰스토리와 실질적인 사업 성과를 만들 수...",platum.kr,2026-05-21T10:12:00,,ETC,,0.9,,,False,롯데가 한화와의 경기에서 8-2로 승리했다.,전민재;고승민,positive,,true,"롯데 vs 한화 (원정) 8-2 승 | 결승타: 전민재(2회) | 홈런: 전민재3호, 고승민2호 | 타자 키플레이어: 전민재(롯데), 레이예스(롯데), 고승민(롯데) | 투수 키플레이어: 나균안(롯데), 현도훈(롯데), 김종수(한화)"
2100,AI가 바꾼 쇼핑…네이버의 '에이전틱 커머스' 전략[CMTS26],주류로 부상하는 추세다. 정경화 네이버플러스 스토어 프로덕트 리더는 이달 20일 서울 서초구 양재동... NC AI·카페24·LG CNS·컬리·데이터라이즈·애피어코리아·크몽·씽킹AI·초인마케팅랩·누리하우스·구글코리아 등은...,www.bloter.net,2026-05-21T10:11:00,,INJURY_ROSTER,,1.0,,,False,롯데가 한화와의 경기에서 8-2로 승리했다.,전민재;고승민,positive,,true,"롯데 vs 한화 (원정) 8-2 승 | 결승타: 전민재(2회) | 홈런: 전민재3호, 고승민2호 | 타자 키플레이어: 전민재(롯데), 레이예스(롯데), 고승민(롯데) | 투수 키플레이어: 나균안(롯데), 현도훈(롯데), 김종수(한화)"
2101,청량리 주상복합도 국평 20억?…알고 보니 토허제 피했다 [부동산360],"동대문구 전농동 ‘엘65부동산중개법인’ 대표는 “지난해 10·15 대책 발표 이후부터 갭투자가 가능하냐는 문의가 쭉 이어졌고, 실제 거래가 계속 이어져 가격이 올랐다”며 “오는 10월 청량리역 롯데백화점 신관...",biz.heraldcorp.com,2026-05-21T10:08:00,,ETC,,0.9,,,False,롯데가 한화에 8-2로 승리하며 좋은 성적을 거두었다.,전민재;고승민,positive,,true,"롯데 vs 한화 (원정) 8-2 승 | 결승타: 전민재(2회) | 홈런: 전민재3호, 고승민2호 | 타자 키플레이어: 전민재(롯데), 레이예스(롯데), 고승민(롯데) | 투수 키플레이어: 나균안(롯데), 현도훈(롯데), 김종수(한화)"
2102,"다이나핏, 비인기 종목 선수들 경기력 끌어 올린다…의류·용품 지원","올해 육상 400m 김지은 선수와 3년 장기 모델 계약을 체결한 것을 비롯해 프로야구 SSG 랜더스, 프로배구 우리카드 우리WON 배구단 등등 다양한 파트너들과 함께하고 있다.",www.newsis.com,2026-05-21T10:07:00,,TRANSACTION_CONTRACT,,1.0,,,False,롯데가 한화에 8-2로 승리하며 좋은 성적을 거두었다.,전민재;고승민,positive,,true,"롯데 vs 한화 (원정) 8-2 승 | 결승타: 전민재(2회) | 홈런: 전민재3호, 고승민2호 | 타자 키플레이어: 전민재(롯데), 레이예스(롯데), 고승민(롯데) | 투수 키플레이어: 나균안(롯데), 현도훈(롯데), 김종수(한화)"
2103,“야구장 가기 전 들른다”⋯ KBO 팬덤 공략 나선 편의점,"지난해 서울 잠실 인근 CU 신천올림픽점을 두산베어스 팝업스토어 형태로 운영하며 팬덤 전용 상품과 체험 콘텐츠를 함께 선보였다. 매장 외부는 두산베어스 마스코트 ‘철웅이’로 꾸몄고, 내부에는 구단 협업 상품과...",www.viva100.com,2026-05-21T10:04:00,,ETC,,0.9,,,False,롯데가 한화에 8-2로 승리하며 좋은 성적을 거두었다.,전민재;고승민,positive,,true,"롯데 vs 한화 (원정) 8-2 승 | 결승타: 전민재(2회) | 홈런: 전민재3호, 고승민2호 | 타자 키플레이어: 전민재(롯데), 레이예스(롯데), 고승민(롯데) | 투수 키플레이어: 나균안(롯데), 현도훈(롯데), 김종수(한화)"
2104,"'前 SSG' 콧수염 기른 앤더슨, 5년 만에 MLB 선발 복귀전서 4⅔이닝 7K 무...",지난 2025시즌까지 SSG 랜더스에서 뛰었던 드류 앤더슨(32·디트로이트 타이거즈)이 무려 5년 만에 메이저리그 선발 복귀전을 성공적으로 마쳤다. 앤더슨은 21일(한국시간) 미국 미시간주 디트로이트에 위치한 코메리카...,www.starnewskorea.com,2026-05-21T10:03:00,,INJURY_ROSTER,,1.0,,,False,롯데가 한화에 8-2로 승리하며 좋은 성적을 거두었다.,,positive,,true,"롯데 vs 한화 (원정) 8-2 승 | 결승타: 전민재(2회) | 홈런: 전민재3호, 고승민2호 | 타자 키플레이어: 전민재(롯데), 레이예스(롯데), 고승민(롯데) | 투수 키플레이어: 나균안(롯데), 현도훈(롯데), 김종수(한화)"
2105,대전 한화야구장 스카이박스 28번방의 진짜 주인,"구단이 특정 공간을 공공에 맡겨 활용하게끔 지원한 대표적인 사례는 대구시와 삼성라이온즈입니다. 대구시는 구단과의 사용 계약을 통해 30인용, 15인용 각각 1곳의 스위트박스 관람권을 보유하고 있습니다. 보유한...",www.dtnews24.com,2026-05-21T10:02:00,,TRANSACTION_CONTRACT,,1.0,,,False,롯데가 한화에 8-2로 승리하며 좋은 성적을 거두었다.,전민재;고승민,positive,,true,"롯데 vs 한화 (원정) 8-2 승 | 결승타: 전민재(2회) | 홈런: 전민재3호, 고승민2호 | 타자 키플레이어: 전민재(롯데), 레이예스(롯데), 고승민(롯데) | 투수 키플레이어: 나균안(롯데), 현도훈(롯데), 김종수(한화)"
2106,"강릉도매시장·미스터아빠, 기후변화 대응 '강원 사과 출하 거점' 구축...","한편 미스터아빠는 최근 롯데백화점과 갤러리아백화점 전점 점포 확대에 이어, 신세계백화점 과일·채소 전 코너 운영 매장 및 수도권 AK플라자 식품관까지 진출했다. 기존 골목상권 중심의 신선 농산물 공급을 넘어...",www.eroun.net,2026-05-21T10:02:00,,ETC,,0.9,,,False,롯데가 한화에 8-2로 승리하며 좋은 성적을 거두었다.,,positive,,true,"롯데 vs 한화 (원정) 8-2 승 | 결승타: 전민재(2회) | 홈런: 전민재3호, 고승민2호 | 타자 키플레이어: 전민재(롯데), 레이예스(롯데), 고승민(롯데) | 투수 키플레이어: 나균안(롯데), 현도훈(롯데), 김종수(한화)"
2107,"롯데백·아울렛대구권 점포, 경북 지자체 협력 강화",[롯데백화점 제공] 롯데백화점과 아울렛대구권 점포들이 경북 주요 지자체와 연이어 손을 잡고 지역 경제 활성화를 위한 ‘광역 상생 플랫폼’으로 거듭나며 단순한 협력을 넘어선 진정성 있는 동행을 이어가고 있다. 20일...,biz.heraldcorp.com,2026-05-21T10:01:00,,ETC,,0.9,,,False,롯데가 한화에 8-2로 승리하며 좋은 성적을 거두었다.,,positive,,true,"롯데 vs 한화 (원정) 8-2 승 | 결승타: 전민재(2회) | 홈런: 전민재3호, 고승민2호 | 타자 키플레이어: 전민재(롯데), 레이예스(롯데), 고승민(롯데) | 투수 키플레이어: 나균안(롯데), 현도훈(롯데), 김종수(한화)"
2108,"""평생 안 울던 남편이…"" 키움 김웅빈, 눈물 마르기도 전에 또 끝내기",김웅빈에 달려가 축하하는 동료들 김웅빈 전날(19일)도 끝내기 홈런 시즌 첫 홈런을 끝내기로 장식 연이틀 끝내기 쇼 KBO에서 딱 5번만 나온 대기록 첫날은 가족들 생각에 엉엉 울었던 김웅빈 [김웅빈/키움 히어로즈]...,news.jtbc.co.kr,2026-05-21T10:00:00,,MATCH_RELATED,INTERVIEW,0.9,,,False,롯데가 한화에 8-2로 승리하며 좋은 성적을 거두었다.,,positive,,true,"롯데 vs 한화 (원정) 8-2 승 | 결승타: 전민재(2회) | 홈런: 전민재3호, 고승민2호 | 타자 키플레이어: 전민재(롯데), 레이예스(롯데), 고승민(롯데) | 투수 키플레이어: 나균안(롯데), 현도훈(롯데), 김종수(한화)"
2109,지큐 에디터들의 8인 8색 스포츠 관전 포인트,"④ Eagles TV ‘입덕 제조기’라 불리는 구독자 약 54만 명의 한화 이글스 공식 유튜브 채널. 밈, 챌린지, 패러디와 치어리딩 안무 등을 적극 활용해 야구를 잘 모르는 사람도 보게 만드는 콘텐츠 구조를 갖췄다. ⑤ KE_JUMBOS...",www.gqkorea.co.kr,2026-05-21T10:00:00,,ETC,,0.9,,,False,롯데가 한화에 8-2로 승리하며 좋은 성과를 거두었다.,전민재;고승민;나균안,positive,,true,"롯데 vs 한화 (원정) 8-2 승 | 결승타: 전민재(2회) | 홈런: 전민재3호, 고승민2호 | 타자 키플레이어: 전민재(롯데), 레이예스(롯데), 고승민(롯데) | 투수 키플레이어: 나균안(롯데), 현도훈(롯데), 김종수(한화)"
2110,"전북지사 후보 5명 선거운동 본격 시작…""내가 적임자"" 호소",민주당에서 제명돼 무소속으로 출마한 김관영 후보도 이날 롯데백화점 전주점 사거리에서 유세차에 올라 선거운동의 첫발을 뗐다. 김 후보는 대로를 지나는 운전자들과 일일이 눈을 맞추고 손을 흔들면서 한표를...,www.yna.co.kr,2026-05-21T10:00:00,,ETC,,0.9,,,False,롯데가 한화에 8-2로 승리하며 좋은 성과를 거두었다.,전민재;고승민;나균안,positive,,true,"롯데 vs 한화 (원정) 8-2 승 | 결승타: 전민재(2회) | 홈런: 전민재3호, 고승민2호 | 타자 키플레이어: 전민재(롯데), 레이예스(롯데), 고승민(롯데) | 투수 키플레이어: 나균안(롯데), 현도훈(롯데), 김종수(한화)"
2111,"고우석, 트리플A 진입 후 시즌 첫 승…1이닝 2K 무실점","올해로 미국 도전 3년 차를 맞은 고우석은 최근 유영찬(LG 트윈스)이 부상으로 수술대에 오르며 원소속팀인 LG의 구애를 받기도 했으나, 고우석은 빅리그 도전을 향한 강한 의지를 내비쳤다. 지난 9일 다시 트리플A의...",www.newsis.com,2026-05-21T09:58:00,,INJURY_ROSTER,,1.0,,,False,롯데가 한화에 8-2로 승리하며 좋은 성과를 거두었다.,전민재;고승민;나균안,positive,,true,"롯데 vs 한화 (원정) 8-2 승 | 결승타: 전민재(2회) | 홈런: 전민재3호, 고승민2호 | 타자 키플레이어: 전민재(롯데), 레이예스(롯데), 고승민(롯데) | 투수 키플레이어: 나균안(롯데), 현도훈(롯데), 김종수(한화)"
2112,"""Z세대 크루 모여라""...KT, 대학생 캠페인 'YF 민트크루' 운영","야구 응원과 플로깅을 결합한 '놀로깅' 활동으로 구성되며, 6월 말 수원 KT위즈파크에서 진행된다. '와이웨이(런트립)' 크루는 국내 소도시를 러닝으로 경험하며 지역의 매력을 발견하는 체험 프로그램이다. 평창 일대를...",www.financialreview.co.kr,2026-05-21T09:58:00,,ETC,,0.9,,,False,롯데가 한화에 8-2로 승리하며 좋은 성과를 거두었다.,전민재;고승민;나균안,positive,,true,"롯데 vs 한화 (원정) 8-2 승 | 결승타: 전민재(2회) | 홈런: 전민재3호, 고승민2호 | 타자 키플레이어: 전민재(롯데), 레이예스(롯데), 고승민(롯데) | 투수 키플레이어: 나균안(롯데), 현도훈(롯데), 김종수(한화)"
2113,"[금융권 이모저모]하나은행, HD현대로보틱스·신보와 '로봇산업 성장' 상...","그래픽=삼성증권 ◇삼성증권, 7월 31일까지 순입금·이전 고객 대상 '연금저축 파워-업!' 이벤트 삼성증권은... 장학생이 선발됐다. 선정된 학생들에게는 IT 자격증 취득과 프로그래밍 교육을 위한 장학금 및 학업...",www.businessplus.kr,2026-05-21T09:58:00,,ETC,,0.9,,,False,롯데가 한화에 8-2로 승리하며 좋은 성과를 거두었다.,전민재;고승민;나균안,positive,,true,"롯데 vs 한화 (원정) 8-2 승 | 결승타: 전민재(2회) | 홈런: 전민재3호, 고승민2호 | 타자 키플레이어: 전민재(롯데), 레이예스(롯데), 고승민(롯데) | 투수 키플레이어: 나균안(롯데), 현도훈(롯데), 김종수(한화)"
2114,'디아즈의 홈런 숫자는 고민 아냐' 삼성 라이온즈 박진만 감독의 믿음,삼성 라이온즈의 르윈 디아즈 얘기다. 지난 시즌 프로야구 홈런왕답진 않다. 하지만 타점왕답게 꾸준히 주자를 불러들이고 있다. 디아즈의 홈런 소식이 뜸하다. 21일 경기 전까지 13경기째 조용하다. 3일 한화...,www.imaeil.com,2026-05-21T09:53:00,,PERFORMANCE_ANALYSIS,,0.9,,,False,롯데가 한화에 8-2로 승리하며 좋은 성과를 거두었다.,전민재;고승민;나균안,positive,,true,"롯데 vs 한화 (원정) 8-2 승 | 결승타: 전민재(2회) | 홈런: 전민재3호, 고승민2호 | 타자 키플레이어: 전민재(롯데), 레이예스(롯데), 고승민(롯데) | 투수 키플레이어: 나균안(롯데), 현도훈(롯데), 김종수(한화)"
2115,"울산 웨일즈발 외국인 선수 이적, 다음달로 미뤄져",유일하게 타자를 잡은 KIA 타이거즈(제리드 데일)도 마찬가지 신세. 다들 울산의 외국인 투수들에게 주목한 이유다. 최초의 시민 구단 울산은 올 시즌부터 퓨처스리그에서 뛰고 있다. 울산 선수 중 KBO리그에서 통할...,www.imaeil.com,2026-05-21T09:52:00,,TRANSACTION_CONTRACT,,1.0,,,False,롯데가 한화에 8-2로 승리하며 좋은 성과를 거두었다.,전민재;고승민;나균안,positive,,true,"롯데 vs 한화 (원정) 8-2 승 | 결승타: 전민재(2회) | 홈런: 전민재3호, 고승민2호 | 타자 키플레이어: 전민재(롯데), 레이예스(롯데), 고승민(롯데) | 투수 키플레이어: 나균안(롯데), 현도훈(롯데), 김종수(한화)"
2116,"'이럴수가' 어제도, 오늘도 김웅빈이 조병현 울렸다. 45년 최초 이틀 연...",두번째는 삼성 라이온즈의 박한이로 2018년 7월 21일 한화 김범수에게서 끝내기 안타를 치고 다음날인 22일엔 정우람에게서 끝내기 안타를 때려냈다. 세번째는 키움 히어로즈의 주효상으로 2020년 6월 18일 롯데...,www.sportschosun.com,2026-05-21T09:48:00,,MATCH_RELATED,,0.9,,,False,롯데가 한화에 8-2로 승리하며 좋은 성과를 거두었다.,전민재;고승민;나균안,positive,,true,"롯데 vs 한화 (원정) 8-2 승 | 결승타: 전민재(2회) | 홈런: 전민재3호, 고승민2호 | 타자 키플레이어: 전민재(롯데), 레이예스(롯데), 고승민(롯데) | 투수 키플레이어: 나균안(롯데), 현도훈(롯데), 김종수(한화)"
2117,"“내가 얘기를 많이 했잖아요, 공 잘 못 잡는다고…지금 많이 좋아졌어...","공 잘 못 잡는다고…” 롯데 자이언츠 김태형 감독은 앞으로 손성빈(24)이 롯데 주전포수를 꾸준히 맡아야 한다고 본다. 3일 광주 KIA 타이거즈전을 앞두고 분명하게 밝혔다. 박재엽과 함께 안방을 꾸려 나가야 되며, 다른...",www.mydaily.co.kr,2026-06-04T13:00:00,,INTERVIEW,PERFORMANCE_ANALYSIS,0.9,,,true,김태형 감독이 손성빈의 주전 포수 기용을 강조했다.,손성빈,positive,,false,해당 날짜 경기 없음
2118,‘토종 1위’ 이닝 이터 거듭난 롯데 실질적 에이스 김진욱의 책임감,"롯데 자이언츠 김진욱(24)의 이닝 소화 페이스가 예사롭지 않다. 김진욱은 올 시즌 11경기에 선발등판해 3승3패, 평균자책점(ERA) 3.48, 이닝당출루허용(WHIP) 1.19로 역투했다. 투구 내용과 이닝 소화력 모두 출중했다....",sports.donga.com,2026-06-04T12:57:00,,PERFORMANCE_ANALYSIS,,0.9,,,true,김진욱이 롯데의 실질적 에이스로 자리매김하고 있다.,김진욱,positive,,false,해당 날짜 경기 없음
2119,"체육공단, 찾아가는 스포츠산업 일자리 센터 운영",롯데 자이언츠 프로야구단 실무자가 직접 참여해 프로 스포츠 구단 현장 실무와 채용 준비 노하우를 상세히 전달해 참가자들의 큰 호응을 얻었다. 체육공단 관계자는 “지역 스포츠산업 현직자와 취업 준비생을 직접...,www.hankyung.com,2026-06-04T12:09:00,,CLUB_OPERATION,,0.9,,,true,롯데 자이언츠가 스포츠산업 일자리 센터에 참여했다.,,neutral,,false,해당 날짜 경기 없음
2120,"스포츠 현직자와 지역 인재의 만남, 스포츠산업 일자리 센터 전국 순회...",우선 동아대학교에서 경상권 스포츠 전공 대학생들을 대상으로 롯데 자이언츠 프로야구단 소속 현직자가 참여하는 실무 강의와 채용 노하우 공유가 이루어졌다. 이어 지난 1일(월)에는 제주대학교를 방문해 제주대 및 인근...,www.globalepic.co.kr,2026-06-04T11:34:00,,CLUB_OPERATION,,0.9,,,true,롯데 자이언츠가 대학생을 위한 실무 강의를 진행했다.,,neutral,,false,해당 날짜 경기 없음
2121,"'찾아가는 일자리 센터'…체육공단, 스포츠산업 취업 지원 확대","동아대 현장에서는 롯데 자이언츠 프로야구단 소속 현직자가 참여해 프로구단 업무 구조, 경기 운영 지원, 구단 사무 분야 역할 등 세부 직무를 소개했다. 이어 채용 과정에서 요구되는 준비 사항과 실질적인 지원 전략을...",www.topstarnews.net,2026-06-04T11:04:00,,CLUB_OPERATION,,0.9,,,true,롯데 자이언츠가 프로구단 업무를 소개하는 자리를 마련했다.,,neutral,,false,해당 날짜 경기 없음
2122,"체육공단, 지역 대학생 위한 '찾아가는 일자리 센터' 운영",앞서 지난달에는 동아대에서 경상권 스포츠 전공 대학생들을 대상으로 롯데 자이언츠 프로야구단 현직자를 통해 현장 실무와 채용 준비 노하우를 공유하는 시간을 갖기도 했다. 체육공단은 스포츠산업 분야 취업...,www.yna.co.kr,2026-06-04T10:54:00,,CLUB_OPERATION,,0.9,,,true,롯데 자이언츠가 스포츠 전공 대학생과 소통하는 시간을 가졌다.,,neutral,,false,해당 날짜 경기 없음
2123,"체육공단, 2026 찾아가는 스포츠산업 일자리 센터 성료 ""스포츠산업 일...","앞서 지난 5월 하순에는 동아대학교에서 경상권 대학생들을 대상으로 롯데 자이언츠 프로야구단 현직자가 참여한 프로그램을 진행, 스포츠산업 현장 실무와 채용 준비 노하우를 전한 바 있다. 체육공단 관계자는 ""지역...",www.queen.co.kr,2026-06-04T10:10:00,,CLUB_OPERATION,ETC,0.9,,,true,롯데 자이언츠가 스포츠산업 일자리 센터 프로그램을 진행했다.,,neutral,,false,해당 날짜 경기 없음
2124,"국민체육진흥공단, 지역 대학생 위한 스포츠산업 취업 멘토링",이날에는 롯데 자이언츠 현직자가 참여해 프로스포츠 구단의 업무 환경과 채용 준비 노하우를 공유했다. 국민체육진흥공단 관계자는 “지역 스포츠산업 현직자와 취업 준비생을 연결해 진로 설계에 실질적인 도움을...,www.segye.com,2026-06-04T10:09:00,,CLUB_OPERATION,ETC,0.9,,,true,롯데 자이언츠가 지역 대학생을 위한 멘토링에 참여했다.,,neutral,,false,해당 날짜 경기 없음
2125,"""100점 만점에 75점"" 롯데 마운드에 태극마크 노리는 선수 있다?…""계속...",한 달 넘게 승리와 인연을 맺지 못했던 롯데 자이언츠 좌완투수 김진욱이 오랜만에 웃었다. 김진욱은 3일 광주-KIA챔피언스필드에서 열린 2026 신한 SOL KBO리그 KIA 타이거즈와의 정규시즌 8차전에 선발 등판했다. 6이닝...,www.xportsnews.com,2026-06-04T10:00:00,,PERFORMANCE_ANALYSIS,MATCH_RELATED,0.9,,,true,김진욱이 KIA 타이거즈와의 경기에서 좋은 성적을 냈다.,김진욱,positive,,true,해당 날짜 경기 없음
2126,목나경 치어리더 ‘기분 좋아지는 미소’[엑's HD포토],롯데 자이언츠 목나경 치어리더가 지난 5월 27일 오후 부산 동래구 사직야구장에서 진행된 엑스포츠뉴스와의 단독 인터뷰 전 사진 촬영에 임하고 있다.,www.xportsnews.com,2026-06-04T09:11:00,,INTERVIEW,,0.9,,,true,목나경 치어리더가 인터뷰를 통해 기분 좋은 미소를 보였다.,목나경,neutral,,false,해당 날짜 경기 없음
2127,박담비 치어리더 ‘청순 매력 가득’[엑's HD포토],롯데 자이언츠 박담비 치어리더가 지난 5월 27일 오후 부산 동래구 사직야구장에서 진행된 엑스포츠뉴스와의 단독 인터뷰 전 사진 촬영에 임하고 있다.,www.xportsnews.com,2026-06-04T09:11:00,,INTERVIEW,,0.9,,,true,박담비 치어리더가 청순한 매력을 발산했다.,박담비,neutral,,false,해당 날짜 경기 없음
2128,박담비 치어리더 ‘뒤돌아보면 심쿵’[엑's HD포토],롯데 자이언츠 박담비 치어리더가 지난 5월 27일 오후 부산 동래구 사직야구장에서 진행된 엑스포츠뉴스와의 단독 인터뷰 전 사진 촬영에 임하고 있다.,www.xportsnews.com,2026-06-04T09:11:00,,INTERVIEW,,0.9,,,true,박담비 치어리더가 뒤돌아보는 모습이 심쿵을 유발했다.,박담비,neutral,,false,해당 날짜 경기 없음
2129,박담비 치어리더 ‘출구 없는 매력’[엑's HD포토],롯데 자이언츠 박담비 치어리더가 지난 5월 27일 오후 부산 동래구 사직야구장에서 진행된 엑스포츠뉴스와의 단독 인터뷰 전 사진 촬영에 임하고 있다.,www.xportsnews.com,2026-06-04T09:11:00,,INTERVIEW,,0.9,,,true,박담비 치어리더가 출구 없는 매력을 뽐냈다.,박담비,neutral,,false,해당 날짜 경기 없음
2130,목나경 치어리더 ‘반갑게 인사해요’[엑's HD포토],롯데 자이언츠 목나경 치어리더가 지난 5월 27일 오후 부산 동래구 사직야구장에서 진행된 엑스포츠뉴스와의 단독 인터뷰 전 사진 촬영에 임하고 있다.,www.xportsnews.com,2026-06-04T09:11:00,,INTERVIEW,,0.9,,,true,목나경 치어리더가 반갑게 인사하는 모습이 인상적이다.,목나경,neutral,,false,해당 날짜 경기 없음
2131,목나경 치어리더 ‘롯데에 진심인 목팀장’[엑's HD포토],롯데 자이언츠 목나경 치어리더가 지난 5월 27일 오후 부산 동래구 사직야구장에서 진행된 엑스포츠뉴스와의 단독 인터뷰 전 사진 촬영에 임하고 있다.,www.xportsnews.com,2026-06-04T09:11:00,,INTERVIEW,,0.9,,,true,목나경 치어리더가 롯데에 대한 진심을 드러냈다.,목나경,neutral,,false,해당 날짜 경기 없음
2132,목나경 치어리더 ‘심쿵 하트’[엑's HD포토],롯데 자이언츠 목나경 치어리더가 지난 5월 27일 오후 부산 동래구 사직야구장에서 진행된 엑스포츠뉴스와의 단독 인터뷰 전 사진 촬영에 임하고 있다.,www.xportsnews.com,2026-06-04T09:11:00,,INTERVIEW,,0.9,,,true,목나경 치어리더가 심쿵 하트를 날렸다.,목나경,neutral,,false,해당 날짜 경기 없음
2133,박담비 치어리더 ‘그렇게 바라보면 두근두근’[엑's HD포토],롯데 자이언츠 박담비 치어리더가 지난 5월 27일 오후 부산 동래구 사직야구장에서 진행된 엑스포츠뉴스와의 단독 인터뷰 전 사진 촬영에 임하고 있다.,www.xportsnews.com,2026-06-04T09:11:00,,INTERVIEW,,0.9,,,true,박담비 치어리더가 인터뷰 전 사진 촬영에 임했다.,박담비,neutral,,false,해당 날짜 경기 없음
2134,박담비 치어리더 ‘거부 불가한 하트’’[엑's HD포토],롯데 자이언츠 박담비 치어리더가 지난 5월 27일 오후 부산 동래구 사직야구장에서 진행된 엑스포츠뉴스와의 단독 인터뷰 전 사진 촬영에 임하고 있다.,www.xportsnews.com,2026-06-04T09:11:00,,INTERVIEW,,0.9,,,true,박담비 치어리더가 인터뷰 전 사진 촬영에 임했다.,박담비,neutral,,false,해당 날짜 경기 없음
2135,목나경 치어리더 ‘반짝이는 눈망울’[엑's HD포토],롯데 자이언츠 목나경 치어리더가 지난 5월 27일 오후 부산 동래구 사직야구장에서 진행된 엑스포츠뉴스와의 단독 인터뷰 전 사진 촬영에 임하고 있다.,www.xportsnews.com,2026-06-04T09:10:00,,INTERVIEW,,0.9,,,true,목나경 치어리더가 인터뷰 전 사진 촬영에 임했다.,목나경,neutral,,false,해당 날짜 경기 없음
2136,목나경 치어리더 ‘예쁨 가득’[엑's HD포토],롯데 자이언츠 목나경 치어리더가 지난 5월 27일 오후 부산 동래구 사직야구장에서 진행된 엑스포츠뉴스와의 단독 인터뷰 전 사진 촬영에 임하고 있다.,www.xportsnews.com,2026-06-04T09:10:00,,INTERVIEW,,0.9,,,true,목나경 치어리더가 인터뷰 전 사진 촬영에 임했다.,목나경,neutral,,false,해당 날짜 경기 없음
2137,"[경기장 안전 현주소]③ 노후화된 사직·잠실, 전문가가 본 대응책",▲구도 부산에 어울리지 않는 사직구장 롯데 자이언츠의 홈구장인 부산사직구장은 '구도 부산'을 대표하는 장소다. 그러나 이번 경기장 조사에서는 프로야구장 9곳 중 최하점에 머물렀다. 관리주체에서는 유지관리를...,www.hansbiz.co.kr,2026-06-04T09:00:00,,CLUB_OPERATION,,0.9,,,true,부산사직구장이 프로야구장 중 최하점에 머물렀다.,,negative,,false,해당 날짜 경기 없음
2138,"""3강 3중 4약 유지되나""…KBO, 올스타 브레이크 앞두고 분수령","이에 비해 NC 다이노스, SSG 랜더스, 롯데 자이언츠, 키움 히어로즈는 승률 5할에 미치지 못하며 하위권에 머무르고 있어 조기 승부수 필요성이 커졌다. 연합뉴스 보도에 따르면 아직 시즌 일정의 40％도 소화하지...",www.topstarnews.net,2026-06-04T08:54:00,,PERFORMANCE_ANALYSIS,,0.9,,,true,롯데 자이언츠가 하위권에 머물고 있다.,롯데 자이언츠,negative,,false,해당 날짜 경기 없음
2139,"롯데, 남은 90경기서 50승 할 수 있나? 지금 승률로는 가을야구 턱도 없...","롯데 자이언츠의 가을야구 전선에 빨간불이 켜졌다. 현재의 팀 페이스로는 포스트시즌 진출이 사실상 불가능하다는 냉정한 지적이 쏟아지고 있다. 3일 기준 롯데는 22승 1무 31패, 승률 0.415로 리그 9위에 처져 있다. 5위...",www.maniareport.com,2026-06-04T08:52:00,,PERFORMANCE_ANALYSIS,,0.9,,,true,롯데 자이언츠의 가을야구 전선에 빨간불이 켜졌다.,롯데 자이언츠,negative,,false,해당 날짜 경기 없음
2140,"진격하는 SSG 박성한, 추격하는 NC 김주원…유격수 경쟁도 '후끈'",그는 개막전이었던 지난 3월28일 문학 KIA 타이거즈전부터 지난 4월21일 대구 삼성 라이온즈전까지 19경기 연속 안타 질주를 펼치며 1982년 김용희(전 롯데 자이언츠)의 종전 기록(18경기)을 44년 만에 넘어섰다. 이에...,www.newsis.com,2026-06-04T08:43:00,,PERFORMANCE_ANALYSIS,,0.9,,,true,유격수 경쟁이 치열해지고 있다.,,neutral,,false,해당 날짜 경기 없음
2141,"""내가 어떻게든 끝낸다"" 13연패에 위궤양까지, 캡틴의 오열 '무려 8번째...","2010년 롯데 자이언츠에서 선수 생활을 시작해 KT 위즈를 거쳐 2020년 SK 와이번스(SSG 전신)로 팀을 옮겼던 오태곤이지만 이토록 힘든 연패는 처음이었다. ""그땐 이렇게 힘들지 않았다. 나이가 어려서 이런 무게를 잘...",www.starnewskorea.com,2026-06-04T08:30:00,,INTERVIEW,PERFORMANCE_ANALYSIS,0.9,,,true,오태곤이 13연패의 고통을 토로했다.,오태곤,negative,,false,해당 날짜 경기 없음
2142,“고참이 힘든 게 뭐냐면…잘하면 본전이고 못하면 욕 많이 먹잖아” 롯...,"“고참이 힘든 게 뭐냐면…” 롯데 자이언츠 주장 전준우(40)은 올 시즌이 참 쉽지 않다. 2월 대만 타이난 스프링캠프에서 불법도박 사태가 터졌을 때 팀을 다잡느라 애썼고, 겨우 수습해 시즌에 들어갔더니 성적이 안...",www.mydaily.co.kr,2026-06-04T08:10:00,,INTERVIEW,PERFORMANCE_ANALYSIS,0.9,,,true,전준우가 올 시즌의 어려움을 이야기했다.,전준우,negative,,false,해당 날짜 경기 없음
2143,전재수 부산 시대 열렸다 “시민이 원하는 시장 되겠다”,부산 야구팬들의 관심이 집중된 사직야구장 재건축 사업도 대상에 오를 전망이다. 전 당선인은 선거 과정에서 북항 재개발지에 개폐식 돔구장을 건립하고 기존 사직야구장은 생활체육 중심 공간으로 활용하겠다는...,www.sedaily.com,2026-06-04T07:11:00,,CLUB_OPERATION,,0.9,,,false,부산 시장 전재수가 야구장 재건축을 약속했다.,,neutral,,false,해당 날짜 경기 없음
2144,"롯데 김진욱, '상무 입대 취소' 신의 한 수되나! ERA 10.00→AG 차출 1순...",롯데 자이언츠 좌완 김진욱(24)이 인상적인 활약으로 2026 아이치·나고야 아시안게임(AG) 승선 가능성을 높였다. 김진욱은 3일 광주-기아챔피언스필드에서 열린 2026 신한 SOL KBO리그 정규시즌 KIA 타이거즈와 방문경기에서...,www.starnewskorea.com,2026-06-04T06:41:00,,PERFORMANCE_ANALYSIS,INTERVIEW,0.9,,,true,김진욱이 아시안게임 출전 가능성을 높였다.,김진욱,positive,,false,해당 날짜 경기 없음
2145,"""캠프때 일본과 대만전 좋았다"" '49일만의 승리' 김진욱 亞태극마크 맹...",롯데자이언츠 좌완 김진욱(24)이 쾌투 함께 아시안게임 태극마크에 강력하게 어필했다. 3일 KIA타이거즈와의 광주경기에 선발등판해 6이닝 6피안타 1볼넷 3탈삼진 3실점을 기록했다. 타선의 8점 지원을 받아 시즌 3승을...,www.osen.co.kr,2026-06-04T06:11:00,,PERFORMANCE_ANALYSIS,,0.9,,,true,김진욱이 KIA전에서 뛰어난 성적을 기록했다.,김진욱,positive,,false,해당 날짜 경기 없음
2146,"1·2위 곽빈·올러냐, 이닝당 1위 고영표냐… 불붙는 삼진왕 대결","11경기에서 각각 69개, 66개의 삼진을 솎아낸 제레미 비슬리(롯데 자이언츠)와 라울 알칸타라(키움 히어로즈)도 삼진왕 경쟁에 뛰어들었다. 다만 비슬리는 평균자책점이 4.50으로 높은데다 11경기에서 실점이 31이나...",www.seoul.co.kr,2026-06-04T05:03:00,,PERFORMANCE_ANALYSIS,,0.9,,,true,롯데 비슬리와 키움 알칸타라의 삼진왕 경쟁이 뜨겁다.,제레미 비슬리,neutral,,false,해당 날짜 경기 없음
2147,"'5월 ERA 1.89' 前 롯데 160km 좌완 이렇게 잘하는데, 절망스러운 전망 ""...",롯데 자이언츠에서 뛰었던 알렉 감보아(보스턴 레드삭스)에 대한 이야기다. 감보아는 지난 2019년 메이저리그 신인드래프트 9라운드 전체 281순위로 LA 다저스의 지명을 받고 프로 커리어를 시작했다. 하지만 감보아는...,www.spotvnews.co.kr,2026-06-04T04:40:00,,PERFORMANCE_ANALYSIS,,0.9,,,true,알렉 감보아의 불확실한 미래에 대한 우려가 제기되었다.,,neutral,,false,해당 날짜 경기 없음
2148,전재수 부산시장 당선에 퐁피두·야구장 등 박형준 사업 기로,"박 시장이 추진한 또 다른 사업인 사직야구장 재건축 사업도 기로에 놓였다. 현재 사직야구장 재건축은 국비 299억원이 확보돼 2028년 착공할 계획이고, 대체 시설로 사용할 아시아드주경기장의 야구장 변경안도 확정돼...",www.yna.co.kr,2026-06-04T03:50:00,,CLUB_OPERATION,,0.9,,,true,전재수 당선으로 사직야구장 재건축이 기로에 놓였다.,,neutral,,false,해당 날짜 경기 없음
2149,"""롯데 후배 선수들 뻔뻔해질 실력도 없다"" 전 롯데 레전드 이대호, 개인...",프로야구 롯데 자이언츠를 대표하는 '레전드' 중 한 명이고 현역 선수 시절 KBO리그를 대표하는 우타 거포였던 이대호가 후배 선수들에 대해 쓴소리를 했다. 이대호는 지난 1일 자신의 유튜브 채널인 '이대호[RE:DAEHO]'를...,www.mydaily.co.kr,2026-06-04T01:30:00,,INTERVIEW,PERFORMANCE_ANALYSIS,0.9,,,true,이대호가 후배 선수들에 대한 쓴소리를 했다.,이대호,negative,,false,해당 날짜 경기 없음
2150,"롯데 ‘에이스’로 거듭난 ‘사직 스쿠발’, AG 정조준 “뽑히면 너무 ...",사진 | 롯데 자이언츠 “뽑히면 너무 좋을 것 같다.” 오랫동안 롯데 ‘아픈 손가락’으로 불렸다. 올해는 다르다. 개막 후 꾸준히 좋은 모습을 보여준다. 이제는 롯데 ‘에이스’라고 해도 과언이 아니다. ‘사직...,www.sportsseoul.com,2026-06-04T01:05:00,,PERFORMANCE_ANALYSIS,CLUB_OPERATION,0.9,,,true,롯데의 '사직 스쿠발'이 에이스로 성장하고 있다.,사직 스쿠발,positive,,false,해당 날짜 경기 없음
2151,“(김)도영이 잘 치더라고요” 롯데 김진욱은 쿨하게 인정했고 김태형은...,“(김)도영이 잘 치더라고요.” 롯데 자이언츠 좌완 김진욱이 4월15일 LG 트윈스전 이후 49일만에 승리투수가 됐다. 3일 광주 KIA 타이거즈전서 6이닝 6피안타(1피홈런) 3탈삼진 1사사구 3실점으로 시즌 3승(3패)을 따냈다....,www.mydaily.co.kr,2026-06-04T00:30:00,,PERFORMANCE_ANALYSIS,,0.9,,,true,김진욱이 49일 만에 승리투수가 되었다.,김진욱,positive,,false,해당 날짜 경기 없음
2152,[IS 포커스] 롯데 6.3 초강수 핵심은 고승민 외야 활용...키플레이어는...,현재 시점 타선 강화를 위한 롯데 자이언츠의 궁여지책. 고승민(24)을 외야수로 활용하는 것이다. 롯데는 3일 광주 기아챔피언스필드에서 열린 2026 KBO리그 정규시즌 KIA 타이거즈와의 원정 주중 3연전 2차전에서 8-3으로...,isplus.com,2026-06-04T00:10:00,,PERFORMANCE_ANALYSIS,MATCH_RELATED,0.9,,,true,롯데가 고승민을 외야수로 활용하기로 했다.,고승민,neutral,,false,해당 날짜 경기 없음
2153,"이대호 ""롯데 선수들 실력 비해 뻔뻔""…박용택 ""내년 우승도 어렵다"" 쓴...","롯데 자이언츠의 부진에 두 명의 레전드가 뼈아픈 쓴소리를 날렸습니다. 롯데 프랜차이즈 스타 이대호와 LG... LG였다"" ""지금 롯데에서 나오는 이야기들은 당시 LG에서도 똑같이 나왔던 이야기"" 감독 교체가 답이 아니었던...",news.jtbc.co.kr,2026-06-03T16:09:00,,INTERVIEW,PERFORMANCE_ANALYSIS,0.9,,,true,이대호와 박용택이 롯데의 부진에 대해 쓴소리를 했다.,이대호;박용택,negative,,false,해당 날짜 경기 없음
2154,"""뻔뻔해, 벌써 슈퍼스타 같은 행동하고 있어"" 이대호, 롯데 작심 질책…...","""벌써 슈퍼스타 같은 행동을 하고 있다"" 1일 유튜브 '이대호 [RE:DAEHO]'에서 이대호는 롯데 자이언츠 부진을... 연습을 많이 안 해서 성적을 못 냈다. 애들이 스타병이 걸렸니 어쩌니 이런 이야기만 나오는 것이다. 그래서 센...",www.spotvnews.co.kr,2026-06-03T11:00:00,,INTERVIEW,CLUB_OPERATION,0.9,,,true,이대호가 롯데 선수들의 태도를 질책했다.,이대호,negative,,false,해당 날짜 경기 없음
2155,"[단독] 박담비 ""'나는 솔로' 즐겨봐…옥순 대신 '담순' 생겼으면"" (인터...",최근 엑스포츠뉴스는 부산 동래구 사직야구장에서 롯데 자이언츠 응원단 부팀장 박담비 치어리더와 만나 단독 인터뷰를 진행했다. 2023년 이단비 치어리더가 팀장을 맡을 당시 롯데 차이언츠와 울산 현대모비스 피버스...,www.xportsnews.com,2026-06-03T09:11:00,,INTERVIEW,,0.9,,,true,박담비 치어리더와의 인터뷰가 진행되었다.,박담비,neutral,,false,해당 날짜 경기 없음
2156,"[단독] 목나경 ""'골때녀'서 골 못 넣고 오열해…어르신도 알아봐주신다...",최근 엑스포츠뉴스는 부산 동래구 사직야구장에서 롯데 자이언츠 응원단 목나경 치어리더와 단독 인터뷰를 진행했다. 어린 시절 운동부 활동을 했을 정도로 스포츠와 뗄레야 뗄 수 없는 관계였던 목나경은 SBS '골 때리는...,www.xportsnews.com,2026-06-03T09:10:00,,INTERVIEW,,0.9,,,true,목나경 치어리더와의 인터뷰가 진행되었다.,목나경,neutral,,false,해당 날짜 경기 없음
2157,"[단독] 목나경·박담비 ""KBO리그 징크스 깨졌지만…그래도 가을야구 갔...","최근 엑스포츠뉴스는 부산 동래구 사직야구장에서 롯데 자이언츠 응원단 목나경, 박담비 치어리더와 만나 단독 인터뷰를 진행했다. 2000년생으로 만 26세인 목나경은 2016년 치어리더로 데뷔했으며, 지난 2022년 SSG 랜더스...",www.xportsnews.com,2026-06-03T09:10:00,,INTERVIEW,,0.9,,,true,롯데 자이언츠 응원단과의 인터뷰가 진행됐다.,,neutral,,false,해당 날짜 경기 없음
2158,‘원정 도박’ 고나김김 우여곡절 끝에 1군 재결합…롯데에 아직 91G가 ...,"“지금 있는 선수들이 더 분발해야죠.” 롯데 자이언츠의 대만 타이난 원정도박 4인방(고승민, 나승엽... 불펜 역시 나쁘지는 않지만, 그렇다고 막강한 수준은 아니다. 그러나 마운드에 비해 타선이 더 고민이다....",www.mydaily.co.kr,2026-06-03T08:10:00,,INTERVIEW,PERFORMANCE_ANALYSIS,0.9,,,true,롯데 선수들이 더 분발해야 한다고 강조했다.,,neutral,,false,해당 날짜 경기 없음
2159,"양창섭 깜짝 고백 ""아내가 집안일 일절 금지해→도와주려 하면 혼내더라...",특히 양창섭은 5월 24일 사직 롯데 자이언츠전에서 9이닝 동안 단 1개의 피안타만 허용하고 4사구는 단 하나도... 결혼 후 두 아이의 아버지가 된 양창섭은 가족이라는 울타리 안에서 심리적 안정감을 찾은 것이 야구에도...,www.starnewskorea.com,2026-06-03T08:01:00,,INTERVIEW,,0.9,,,true,양창섭이 가족의 안정감이 야구에 도움이 됐다고 밝혔다.,양창섭,positive,,false,해당 날짜 경기 없음
2160,“(불법도박 그 후)조금 더 성숙해지길 바란다” 롯데 김동혁 향한 진심...,그러면서 “사직 팬들 앞에서 야구를 했는데 긴장도 되고 그냥 잘해야 한다는 생각밖에 없었다”라고 했다. 김태형 감독은 김동혁을 작년처럼 외야 백업으로 쓰겠다고 했다. 김동혁은 “몸 상태는 되게 좋다. 이렇게...,www.mydaily.co.kr,2026-06-03T00:30:00,,INTERVIEW,CLUB_OPERATION,0.9,,,true,김동혁이 긴장감을 느끼며 야구를 하고 있다고 전했다.,김동혁,neutral,,false,해당 날짜 경기 없음
2161,롯데 신구장 돔구장으로 확정! 1조원 쏟아부어 밀폐형으로 짓는다...NPB ...,부산 사직야구장 역시 재건축이 확정돼 2029시즌 개장을 목표로 공사 준비 절차를 밟고 있다. 하지만 부산의 새 사직구장은 현재 개방형 구장으로 계획된 상태다. 다만 하루 앞으로 다가온 지방선거에서 여당 전재수 시장...,www.spochoo.com,2026-06-02T19:55:00,,CLUB_OPERATION,,0.9,,,true,롯데 신구장이 돔구장으로 재건축된다.,,neutral,,false,해당 날짜 경기 없음
2162,"""너무 죄송합니다"" 롯데 징계 최후의 1인, 석고대죄 → ""다신 그런 일 없...","롯데 자이언츠 외야수 김동혁이 긴 징계를 마치고 돌아왔다. 롯데는 2일 광주 KIA챔피언스필드에서 열리는 KIA... 성적으로 만회하는 방법 밖에 없다. 김동혁은 ""제 과오가 잊혀지지는 않겠지만 그래도 좋은 선수로 기억에...",www.sportschosun.com,2026-06-02T17:37:00,,INTERVIEW,MATCH_RELATED,0.9,,,true,김동혁이 징계를 마치고 돌아왔다고 사과했다.,김동혁,positive,,false,해당 날짜 경기 없음
2163,"[인터뷰] 1300억 사업 본궤도… 장준용 ""동래 성장엔진 가동""","향후 핵심 성장 전략으로는 사직야구장 재건축과 동래온천을 연계한 웰니스 복합도시 조성을 제시했습니다. 그는 ""관광 산업은 단순 방문형에서 체류형으로 변화하고 있다""며 ""스포츠와 의료, 온천, 관광을 결합한 복합...",www.paxetv.com,2026-06-02T16:48:00,,INTERVIEW,CLUB_OPERATION,0.9,,,true,장준용이 사직야구장 재건축 계획을 밝혔다.,,neutral,,false,해당 날짜 경기 없음
2164,사직야구장 대체구장 밑그림 확정…2028년 초 완공,부산 사직야구장 재건축 기간에 대체구장으로 사용될 아시아드주경기장의 리모델링 밑그림이 확정됐습니다. 부산시는 사직야구장 임시구장 조성사업 설계 공모를 통해 상지엔지니어링의 설계안을 최종 선정했다고...,news.lghellovision.net,2026-06-02T16:10:00,,CLUB_OPERATION,,0.9,,,false,사직야구장 대체구장 리모델링 계획이 확정됐다.,,neutral,,false,해당 날짜 경기 없음
2165,"이대호 ""롯데 선수들, 실력비해 뻔뻔""…박용택 ""육성 시스템 구축"" 쓴소...","전 LG 트윈스(LG) 간판타자 박용택 야구 해설위원이 롯데 자이언츠(롯데)의 장기적인 경쟁력 강화를 위해서는... LG였다""며 ""지금 롯데에서 나오는 이야기들은 당시 LG에서도 똑같이 나왔던 이야기""라고 말했다.그는 성적...",www.asiatoday.co.kr,2026-06-02T11:04:00,,INTERVIEW,CLUB_OPERATION,0.9,,,true,박용택이 롯데의 경쟁력 강화를 위한 조언을 했다.,,neutral,,false,해당 날짜 경기 없음
2166,부산 사직야구장 임시구장 설계안 확정…캠핑석도 조성,"부산 사직야구장 재건축 기간 임시구장으로 쓸 아시아드주경기장의 야구장 변경안이 확정됐습니다. 임시구장은 현 사직구장에 버금가는 2만 3천여 석으로 조성되며, 내야에는 근거리 관람이 가능한 익사이팅존이, 외야...",www.mbn.co.kr,2026-06-02T09:42:00,,CLUB_OPERATION,,0.9,,,true,부산 사직야구장 임시구장 설계안이 확정되었다.,,neutral,,false,해당 날짜 경기 없음
2167,사직야구장 임시구장 설계안 확정…캠핑석 조성,"사직야구장 재건축 기간, 롯데자이언츠 임시 구장으로 사용되는 아시아드 주경기장 변경안이 확정됐습니다. 부산시 공모를 통해 선정된 설계안에는 외야 담장 뒤편에 캠핑 좌석을 조성하는 등 2만 3천3백여 석을...",news.kbs.co.kr,2026-06-02T08:23:00,,CLUB_OPERATION,,0.9,,,true,사직야구장 재건축 기간 임시구장 설계안이 확정되었다.,,neutral,,false,해당 날짜 경기 없음
2168,D-1 부산시장 선택의 시간…전재수·박형준·정이한 공약 비교해보니,"이미 국비가 확정되어 집행 중인 사업인 만큼, 계획을 변경해 시간을 끄는 대신 사직구장을 국내 최고급 명품 야구장으로 재건축하겠다는 방침이다. 정이한 후보는 '사직 개폐형 돔구장'을 대안으로 제시했다. 기존...",www.nocutnews.co.kr,2026-06-02T05:01:00,,CLUB_OPERATION,,0.9,,,true,부산시장 선거 공약 비교가 진행되고 있다.,,neutral,,false,해당 날짜 경기 없음
2169,"사직구장 대신 쓸 아시아드, 2만3359석 야구장으로 바뀐다",부산 사직야구장 재건축 기간 롯데 자이언츠가 임시 홈구장으로 사용할 부산아시아드주경기장의 야구장... 기존 사직야구장에는 별도 불펜 연습장이 없어 구원 투수들이 1루 파울라인 안쪽에서 몸을 풀어야 했다. 새...,www.edaily.co.kr,2026-06-01T12:07:00,,CLUB_OPERATION,,0.9,,,true,사직구장 재건축 기간 아시아드가 임시 홈구장으로 사용된다.,,negative,,true,"롯데 vs NC (원정) 2-8 패 | 결승타: 데이비슨(1회) | 홈런: 김주원8호, 레이예스9호 | 타자 키플레이어: 김주원(NC), 데이비슨(NC), 박시원(NC) | 투수 키플레이어: 테일러(NC), 배재환(NC), 임지민(NC)"
2170,"롯데 사직야구장 임시구장 설계안 확정, 포스트시즌 진출 시 최대 3만여...",롯데 자이언츠가 부산 사직야구장 재건축 기간 임시구장으로 3년간 사용하게 되는 아시아드주경기장의... 야외에 불펜 투구를 할 수 있는 공간을 별도로 만든다. 기자실과 인터뷰실을 필드에서 접근이 용이한 곳에...,isplus.com,2026-06-01T11:43:00,,CLUB_OPERATION,,0.9,,,true,롯데가 아시아드주경기장을 임시구장으로 사용한다.,,negative,,true,"롯데 vs NC (원정) 2-8 패 | 결승타: 데이비슨(1회) | 홈런: 김주원8호, 레이예스9호 | 타자 키플레이어: 김주원(NC), 데이비슨(NC), 박시원(NC) | 투수 키플레이어: 테일러(NC), 배재환(NC), 임지민(NC)"
2171,"'2만석 이상, 최대 3만석' 부산 사직 임시구장 설계안 확정...'6·3 선거'...",롯데 자이언츠가 사직구장 재건축 기간인 3년간 홈으로 쓸 아시아드주경기장의 변경 청사진이다. 사직 규모... 야외와 실내에 별도 불펜을 마련해 타격 훈련실과 겸용으로 쓴다. 기자실과 인터뷰실은 필드와 가장...,www.spochoo.com,2026-06-01T11:03:00,,CLUB_OPERATION,,0.9,,,true,부산 사직 임시구장 설계안이 확정되었다.,,negative,,true,"롯데 vs NC (원정) 2-8 패 | 결승타: 데이비슨(1회) | 홈런: 김주원8호, 레이예스9호 | 타자 키플레이어: 김주원(NC), 데이비슨(NC), 박시원(NC) | 투수 키플레이어: 테일러(NC), 배재환(NC), 임지민(NC)"
2172,"[IS 인터뷰] 야구 잘해 '사위 노릇' 톡톡히...장두성 ""장모님, 더 바쁘게...","장두성(27·롯데 자이언츠)는 5월 소속팀이 치른 22경기 중 11경기에 선발 리드오프(1번 타자)로 나섰다. 이... 장두성은 최근 중계방송사 수훈 선수 인터뷰를 하며 자신이 활약한 날, 장모님이 운영하는 치킨집이 유독 많은...",isplus.com,2026-05-29T05:00:00,,INTERVIEW,,0.9,,,true,장두성이 최근 활약에 대해 인터뷰를 진행했다.,장두성,positive,,true,"롯데 vs LG (홈) 8-5 승 | 결승타: 황성빈(6회) | 홈런: 박동원5호, 문정빈2호 | 타자 키플레이어: 박동원(LG), 문정빈(LG), 황성빈(롯데) | 투수 키플레이어: 박정민(롯데), 김원중(롯데), 최준용(롯데)"
2173,"'47일 만에 승리' KIA 네일 ""승리가 어렵다는 것 다시 한 번 느낀 시간""","특히 이달 9일 사직 롯데 자이언츠전과 15일 대구 삼성 라이온즈전에서는 연달아 6이닝 1실점으로... 인터뷰를 마친 뒤 네일은 취재진을 향해 ""다음 주에 또 만날 수 있었으면 좋겠다""고 말했다. 또 승리 투수가 돼 수훈...",www.newsis.com,2026-05-27T22:20:00,,INTERVIEW,,0.9,,,true,KIA 네일이 롯데전에서 좋은 투구를 선보였다.,네일,negative,,true,"롯데 vs LG (홈) 6-8 패 | 결승타: 문정빈(7회) | 홈런: 김동현1호, 레이예스8호, 박동원4호 | 타자 키플레이어: 문정빈(LG), 박동원(LG), 레이예스(롯데) | 투수 키플레이어: 손주영(LG), 김진성(LG), 김윤식(LG)"
2174,"[스포츠머그] ""팬들과 우승 함께하고파""…'20주년' 맞은 롯데 조지훈 응...",롯데 자이언츠의 조지훈 응원단장이 지난 4월 22일 사직야구장에서 롯데 팬들의 뜨거운 축하 속에 단상 20주년을 맞이했습니다. 이후 SBS와의 인터뷰에서 조지훈 단장은 20대 초짜 시절 사직 '아재 팬'들에게 혼나며...,news.sbs.co.kr,2026-05-27T17:40:00,,INTERVIEW,,0.9,,,true,조지훈 단장이 롯데 팬들과의 우승을 기원했다.,,neutral,,true,"롯데 vs LG (홈) 6-8 패 | 결승타: 문정빈(7회) | 홈런: 김동현1호, 레이예스8호, 박동원4호 | 타자 키플레이어: 문정빈(LG), 박동원(LG), 레이예스(롯데) | 투수 키플레이어: 손주영(LG), 김진성(LG), 김윤식(LG)"
2175,"""책으로 희망 전한다""…롯데자이언츠·아람북스, 하남 보바스병원에 아...","사진=롯데의료재단 제공 롯데 자이언츠와 아람북스가 재활치료 중인 어린이 환아들을 위해 아동 도서 1,100권을 기부했다. 롯데의료재단 하남 보바스병원은 지난 23일 롯데자이언츠와 아람북스로부터 어린이재활센터...",www.thefirstmedia.net,2026-05-25T22:32:00,,CLUB_OPERATION,,0.9,,,true,롯데가 어린이 환아를 위해 도서를 기부했다.,,positive,,true,"롯데 vs 삼성 (홈) 0-10 패 | 결승타: 구자욱(1회) | 홈런: 구자욱6호 | 타자 키플레이어: 구자욱(삼성), 전병우(삼성), 김지찬(삼성) | 투수 키플레이어: 양창섭(삼성), 이민석(롯데), 정철원(롯데)"
2176,"롯데, 대한출판문화협회와 독서문화 캠페인 업무협약 체결","추가로 약 1,000 권의 도서는 롯데의료재단을 통해 보바스병원 어린이재활센터 도서관과 치료 중인 발달장애·발달지연·희귀난치성 질환 아동에게 전달했다. 한편, 롯데 자이언츠와 아람북스는 2017 년부터 도서 기부와...",www.sportalkorea.com,2026-05-25T08:24:00,,CLUB_OPERATION,,0.9,,,true,롯데가 도서 기부 캠페인을 진행했다.,,positive,,true,"롯데 vs 삼성 (홈) 0-10 패 | 결승타: 구자욱(1회) | 홈런: 구자욱6호 | 타자 키플레이어: 구자욱(삼성), 전병우(삼성), 김지찬(삼성) | 투수 키플레이어: 양창섭(삼성), 이민석(롯데), 정철원(롯데)"
2177,[도청도설] 롯데의 리빌딩,지난 시즌 ‘드라마틱’한 추락으로 가을야구 진출에 실패한 프로야구 롯데 자이언츠가 올 시즌을 앞두고... 최저 방어율 1위를 달성했다. 센트럴리그 우승에도 기여했다. 현역 시절에는 1995년 닛폰햄 파이터스에 전체...,www.kookje.co.kr,2026-02-08T20:11:00,,CLUB_OPERATION,,0.9,,,true,롯데가 리빌딩을 통해 재도약을 노린다.,,neutral,,false,해당 날짜 경기 없음
2178,'롯데 필승카드' 감보아·홍민기… 부산 가을잔치 무르익는다,"롯데자이언츠 팬들이 기다려온 그 가을 말이다. 지난 1992년 한국시리즈 우승 이후 33년, 마지막 가을야구는 2017년 준플레이오프였다. NC 다이노스에 무릎 꿇은 뒤로 8년간 롯데는 가을을 잊은 채 방황했다....",www.fnnews.com,2025-07-20T18:45:00,,CLUB_OPERATION,ETC,0.9,,,true,롯데가 가을야구를 목표로 하고 있다.,,positive,,false,해당 날짜 경기 없음
2179,5강 탈락 롯데 첫 번째 고민은 외인…반즈‧레이예스 대만족인데 윌커슨...,"롯데 자이언츠가 전력 새 판짜기에 대한 장고에 들어갔다. 롯데는 잠시 휴식을 취한 이후 오는 9일부터... 팀방어율이 절대적인 수치는 아니다. 하지만 1위 KIA, 2위 LG, 3위 삼성, 4위 두산이 팀방어율 상위를 차지한 것만...",www.fnnews.com,2024-10-04T20:00:00,,CLUB_OPERATION,,0.9,,,true,롯데가 외인 선수에 대한 고민에 빠졌다.,,neutral,,false,해당 날짜 경기 없음
2180,"한국타이어, 부산 사직 종합운동장서 '타이어보이' 팝업 운영",또 한국타이어와 티스테이션 공식 인스타그램 계정을 팔로우하고 지정 해시태그와 함께 SNS 게시물을 올린 고객을 대상으로 롯데 자이언츠 홈·어웨이 유니폼 추첨 이벤트도 진행한다. 한국타이어는 앞으로 전국 주요...,www.insightkorea.co.kr,2026-06-04T10:52:00,,CLUB_OPERATION,,0.9,,,true,한국타이어가 롯데 유니폼 이벤트를 진행한다.,,neutral,,false,해당 날짜 경기 없음
2181,"한국타이어, 사직구장 야구팬 대상 무상 점검 제공",-'타이어보이' 서비스 운영..타이어 점검 -각종 체험형 이벤트 강화 한국타이어앤테크놀로지(한국타이어)가 5일부터 7일까지 부산 사직종합운동장 일대에서 야구팬을 대상으로 한 체험형 마케팅 행사 '타이어보이'와...,autotimes.co.kr,2026-06-04T10:52:00,,CLUB_OPERATION,,0.9,,,true,한국타이어가 사직구장에서 야구팬을 위한 점검 서비스를 제공한다.,,neutral,,false,해당 날짜 경기 없음
2182,"한국타이어, 부산서 ‘타이어보이·스트라이크존’ 운영","또한, 한국타이어와 티스테이션 공식 인스타그램 채널을 팔로우한 뒤 지정 해시태그와 함께 SNS 게시물을 업로드한 고객을 대상으로 ‘롯데 자이언츠 홈, 어웨이 유니폼’ 추첨 이벤트도 진행한다. 이를 통해 현장 방문...",www.busan.com,2026-06-04T10:41:00,,CLUB_OPERATION,,0.9,,,true,한국타이어가 부산에서 유니폼 추첨 이벤트를 진행한다.,,neutral,,false,해당 날짜 경기 없음
2183,[마케팅 인사이트] 야구 팬덤도 '구단별 소비성향' 뚜렷...'두산 헬스·롯...,"삼성 라이온즈와 롯데 자이언츠도 40대 여성이 핵심 팬층을 형성했다. 같은 여성 직관러라도 구단에 따라 소비 맥락은 달라진다. 2030 여성 팬덤이 강한 구단은 뷰티, 패션, 헬스케어, 여행 등 라이프스타일 업종과...",www.banronbodo.com,2026-06-04T08:00:00,,CLUB_OPERATION,ETC,0.9,,,true,여성 팬층의 소비 성향이 구단별로 다르다는 분석이 있다.,,neutral,,false,해당 날짜 경기 없음
2184,"""경쟁보단 잘해야겠다 생각밖에..."" 롯데 '50G 징계' 사나이, 1루 땅볼에...","지난달 29일 50경기 징계가 끝났고 부산 사직야구장에서 열린 울산 웨일즈와 퓨처스리그 2경기를 뛴 뒤 1군에 올라왔다. 경기 전 취재진과 만난 김동혁은 ""이렇게 응원해 주시는 팬분들이 있는데도 그런 행동을 해 너무...",www.starnewskorea.com,2026-06-03T10:09:00,,INTERVIEW,MATCH_RELATED,0.9,,,true,김동혁이 50경기 징계 후 1군에 복귀했다.,김동혁,neutral,,false,해당 날짜 경기 없음
2185,돈 먹는 하마? No…K베이스볼 역전 홈런 [스페셜리포트],"롯데자이언츠가 165억6000만원으로 가장 많은 영업이익을 냈다. 두산베어스(87억1000만원), 키움히어로즈... 단순 기록을 넘어 승리에 직결되는 기여도를 다양한 수치로 계산하는 게 핵심이다. 앞으로는 콘텐츠 제작, MD...",www.mk.co.kr,2026-06-03T09:01:00,,CLUB_OPERATION,,0.9,,,true,롯데가 가장 많은 영업이익을 기록했다.,,positive,,false,해당 날짜 경기 없음
2186,"""롯데 당장 내년에 우승? 말이 안 된다"" 박용택 따끔한 지적, 암흑기 산...","말이 안 된다"" 이 말을 롯데 자이언츠 팬이 듣는다면 가슴이 찢어질 듯 아플 것이다. 가뜩이나 롯데는 마지막 한국시리즈 우승과 가장 멀어져 있는 팀인데 ""내년 우승도 말이 안 된다""라는 말을 들었으니 말이다. 이런...",www.spotvnews.co.kr,2026-06-02T07:34:00,,INTERVIEW,PERFORMANCE_ANALYSIS,0.9,,,true,박용택이 롯데의 내년 우승 가능성에 대해 비판했다.,,negative,,false,해당 날짜 경기 없음
2187,선거 끝나면 공약대로 돔구장 9개 생겨? [경기장의 안과 밖],"부산시는 ‘사직야구장 임시구장 조성 사업’을 진행 중이다. 지난 5월14일 4개 업체가 건축설계 작품을 제출했고, 두 차례 심사를 거쳐 6월2일에 당선작이 발표된다. 사직야구장은 1985년 10월 개장했다. KBO리그 1군 구장...",www.sisain.co.kr,2026-06-02T06:48:00,,CLUB_OPERATION,,0.9,,,false,부산시가 사직야구장 임시구장 조성 사업을 진행 중이다.,,neutral,,false,해당 날짜 경기 없음
2188,[IS 인터뷰] 선발 투수는 오직 이닝...나균안이 후라도를 롤모델 삼은 이...,"나균안(28·롯데 자이언츠)은 올 시즌 첫 9경기에서 평균자책점 2.65를 기록하며 이 부문 국내 선발 투수... 롯데도 6-8로 패했다. 올 시즌 최다 실점에 패전 투수까지 기록했고 팀까지 패배까지 당한 경기였지만, 나균안은...",isplus.com,2026-06-02T00:03:00,,INTERVIEW,MATCH_RELATED,0.9,,,true,나균안이 평균자책점 2.65로 좋은 성적을 기록했다.,나균안,negative,,true,해당 날짜 경기 없음
2189,사직구장 임시구장 최대 3만 석 규모 조성 추진,"부산MBC)부산 사직야구장 재건축 기간동안 사용할 임시구장으로, 부산아시아드주경기장에 천900여 석을 새로 조성해 모두 2만3천여 석을 확보하고 포스트시즌에는 최대 3만석까지 늘리는 설계안이 선정됐습니다....",busanmbc.co.kr,2026-06-01T21:24:00,,CLUB_OPERATION,,0.9,,,true,사직야구장 임시구장 규모가 최대 3만 석으로 확대됩니다.,,neutral,,true,"롯데 vs NC (원정) 2-8 패 | 결승타: 데이비슨(1회) | 홈런: 김주원8호, 레이예스9호 | 타자 키플레이어: 김주원(NC), 데이비슨(NC), 박시원(NC) | 투수 키플레이어: 테일러(NC), 배재환(NC), 임지민(NC)"
2190,"사직 임시 대체구장 아시아드, 2만3359석 규모 밑그림 나와",- 내년 5월 착공… 2028년 초 완공 사직야구장 재건축 기간 대체구장으로 활용할 부산 아시아드주경기장 리모델링 밑그림(국제신문 지난달 8일 자 2면 보도)이 확정됐다. 기존 경기장 틀을 최대한 유지하면서도 다채로운...,www.kookje.co.kr,2026-06-01T19:21:00,,CLUB_OPERATION,,0.9,,,true,사직 임시 대체구장 아시아드의 리모델링 계획이 확정되었습니다.,,neutral,,true,"롯데 vs NC (원정) 2-8 패 | 결승타: 데이비슨(1회) | 홈런: 김주원8호, 레이예스9호 | 타자 키플레이어: 김주원(NC), 데이비슨(NC), 박시원(NC) | 투수 키플레이어: 테일러(NC), 배재환(NC), 임지민(NC)"
2191,"롯데자이언츠, 프로야구상 5개월 연속 최정상…지속되는 거인 열풍 [5월...",5월 네티즌 어워즈 스포츠부문 프로야구상에서 롯데자이언츠가 다시 한번 강력한 팬덤의 화력을 결집시키며 5개월 연속 우승이라는 기록을 세웠다. 지난 1월 처음 왕좌에 오른 이후 단 한 차례도 선두 자리를...,www.cbci.co.kr,2026-06-01T18:24:00,,CLUB_OPERATION,,0.9,,,true,롯데자이언츠가 5개월 연속 프로야구상에서 우승했습니다.,,positive,,true,"롯데 vs NC (원정) 2-8 패 | 결승타: 데이비슨(1회) | 홈런: 김주원8호, 레이예스9호 | 타자 키플레이어: 김주원(NC), 데이비슨(NC), 박시원(NC) | 투수 키플레이어: 테일러(NC), 배재환(NC), 임지민(NC)"
2192,사직야구장 임시구장 설계안 확정…익사이팅존·캠핑석 조성,"부산 사직야구장 재건축 기간 임시구장으로 사용될 아시아드주경기장의 야구장 변경안이 확정됐습니다. 설계 공모 심사를 통해 선정된 설계안에는 현 사직야구장 좌석 수에 버금가는 2만3천여석을 확보하고, 포스트...",news.knn.co.kr,2026-06-01T17:44:00,,CLUB_OPERATION,,0.9,,,true,사직야구장 임시구장 설계안이 확정되었습니다.,,neutral,,true,"롯데 vs NC (원정) 2-8 패 | 결승타: 데이비슨(1회) | 홈런: 김주원8호, 레이예스9호 | 타자 키플레이어: 김주원(NC), 데이비슨(NC), 박시원(NC) | 투수 키플레이어: 테일러(NC), 배재환(NC), 임지민(NC)"
2193,"야구장의 함성, 노래방으로 이어졌다","두산 베어스 박준순 선수는 최근 인터뷰에서 자신의 응원가가 생긴 것만으로도 큰 힘이 된다고 밝힌 바... LG 트윈스의 '거짓말이야', 롯데 자이언츠의 '부산 갈매기', KIA 타이거즈의 '남행열차', SSG 랜더스의 '연안부두...",www.beyondpost.co.kr,2026-06-01T10:32:00,,INTERVIEW,,0.9,,,true,야구장의 응원가가 선수들에게 큰 힘이 되고 있습니다.,,neutral,,true,"롯데 vs NC (원정) 2-8 패 | 결승타: 데이비슨(1회) | 홈런: 김주원8호, 레이예스9호 | 타자 키플레이어: 김주원(NC), 데이비슨(NC), 박시원(NC) | 투수 키플레이어: 테일러(NC), 배재환(NC), 임지민(NC)"
2194,시장·야구장 누비며 강행군… 쉰 목소리로 “제대로 해볼게예”,PM 13:50 김 후보가 창원 부부도계시장에서 본지 김현미 기자와 인터뷰하고 있다./김승권 기자/ 오후 4시께 창원NC파크 마산구장을 찾았다. 박홍배 국회의원과 이기영 배우가 합류했다. 오후 5시 NC 다이노스-롯데 자이언츠...,www.knnews.co.kr,2026-05-31T21:30:00,,INTERVIEW,,0.9,,,true,김 후보가 NC파크를 방문하며 인터뷰를 진행했습니다.,,neutral,,true,"롯데 vs NC (원정) 2-8 패 | 결승타: 데이비슨(1회) | 홈런: 김주원8호, 레이예스9호 | 타자 키플레이어: 김주원(NC), 데이비슨(NC), 박시원(NC) | 투수 키플레이어: 테일러(NC), 배재환(NC), 임지민(NC)"
2195,"""희생정신이 없어서 그래"" 김태형 감독 쓴소리, 왜 고참 타자들에 아쉬...",프로야구 롯데 자이언츠 김태형 감독은 타자들의 희생정신을 아쉬워했다. 롯데는 27일 부산 사직구장에서 LG... 김태형 감독은 경기 전 취재진과 인터뷰를 하다 지난 24일 삼성 투수 양창섭에게 1안타 완봉패를 당한 것은...,www.osen.co.kr,2026-05-27T18:43:00,,INTERVIEW,PERFORMANCE_ANALYSIS,0.9,,,true,김태형 감독이 타자들의 희생정신 부족을 아쉬워했습니다.,김태형,negative,,true,"롯데 vs LG (홈) 6-8 패 | 결승타: 문정빈(7회) | 홈런: 김동현1호, 레이예스8호, 박동원4호 | 타자 키플레이어: 문정빈(LG), 박동원(LG), 레이예스(롯데) | 투수 키플레이어: 손주영(LG), 김진성(LG), 김윤식(LG)"
2196,“비 예보 믿고 일요일 투수 다 썼는데…” 염갈량의 믿는 구석 “필승...,프로야구 LG 트윈스와 롯데 자이언츠가 맞붙는 부산 사직구장은 26일 오후 약간의 구름만 있을 뿐 비는 내리지 않았다. 밤 9시쯤 비가 내린다는 예보다. 염경엽 LG 감독은 26일 사직구장에서 경기에 앞서 취재진 인터뷰에서...,www.osen.co.kr,2026-05-26T18:42:00,,INTERVIEW,,0.9,,,true,염경엽 감독이 비 예보에 대한 우려를 표명했습니다.,,neutral,,true,"롯데 vs LG (홈) 1-2 패 | 결승타: 천성호(7회) | 홈런: 박동원3호 | 타자 키플레이어: 고승민(롯데), 장두성(롯데), 천성호(LG) | 투수 키플레이어: 비슬리(롯데), 톨허스트(LG), 김진성(LG)"
2197,[김기자의 V토크] 이쯤 되면 직업이 주장… 3번째 캡틴 맡은 전광인,프로야구 롯데 자이언츠 홈구장인 사직구장보다 크기는 작지만 열기는 그대로 강서체육관에 옮겨졌다.... 인터뷰 말미 장난스럽게 ‘우승하면 부산 앞 바다에 뛰어들 수도 있느냐’고 묻자 대답이 돌아왔다. “우승만...,www.joongang.co.kr,2026-05-26T10:50:00,,INTERVIEW,,0.9,,,true,전광인이 3번째 주장으로서의 소감을 밝혔다.,전광인,negative,,true,"롯데 vs LG (홈) 1-2 패 | 결승타: 천성호(7회) | 홈런: 박동원3호 | 타자 키플레이어: 고승민(롯데), 장두성(롯데), 천성호(LG) | 투수 키플레이어: 비슬리(롯데), 톨허스트(LG), 김진성(LG)"
2198,"[단독] 주예지 ""치어리더 데뷔, '대학 동기' 목나경 덕분…두산 팬으로...","((인터뷰①)에 이어) 두산 베어스의 팬으로 '성덕'이 된 주예지가 치어리더로 데뷔하게 된 특별한 계기를... 현재 롯데 자이언츠 치어리더 목나경이다. 그는 ""저 같은 경우는 원래부터 조용한 '관종' 느낌이었다. 학교 다닐...",www.xportsnews.com,2026-05-25T06:50:00,,INTERVIEW,,0.9,,,true,주예지가 치어리더로 데뷔한 계기를 이야기했다.,주예지,negative,,true,"롯데 vs 삼성 (홈) 0-10 패 | 결승타: 구자욱(1회) | 홈런: 구자욱6호 | 타자 키플레이어: 구자욱(삼성), 전병우(삼성), 김지찬(삼성) | 투수 키플레이어: 양창섭(삼성), 이민석(롯데), 정철원(롯데)"
2199,"[기획보도] ① ""광고도 끝까지 본다""...레이예스·쯔양 만난 칠성사이다...",롯데 자이언츠 구단에 속한 외국인이 자사 계열사 광고를 찍는 경우는 과거 제리 로이스터 감독 이후 레이예스가 처음이다. 레이예스는 지난 5월 초 경기 후 인터뷰를 통해 광고 촬영 당시 떡볶이와 칠성사이다 조합이...,www.newswhoplus.com,2026-05-25T00:00:00,,CLUB_OPERATION,INTERVIEW,0.9,,,true,레이예스가 광고 촬영에 참여한 소식을 전했다.,레이예스,neutral,,true,"롯데 vs 삼성 (홈) 0-10 패 | 결승타: 구자욱(1회) | 홈런: 구자욱6호 | 타자 키플레이어: 구자욱(삼성), 전병우(삼성), 김지찬(삼성) | 투수 키플레이어: 양창섭(삼성), 이민석(롯데), 정철원(롯데)"
2200,"한화 새 수호신 이민우의 고백 ""지난해 야구 내려놓을까 고민했다""","후 인터뷰에서 ""22일은 좀 부담스러운 상황이었는데 수비를 믿고 던졌다. 스트라이크를 많이 던지다 보면 좋은 결과가 있을 거라 생각해 이날도 그렇게 임했다""고 고백했다. 그러면서 ""사실 kt wiz전이랑 롯데 자이언츠전...",sports.hankooki.com,2026-05-23T21:18:00,,INTERVIEW,,0.9,,,true,이민우가 롯데전에서의 부담감을 털어놓았다.,,positive,,true,"롯데 vs 삼성 (홈) 7-5 승 | 결승타: 장두성(8회) | 타자 키플레이어: 구자욱(삼성), 장두성(롯데), 김동현(롯데) | 투수 키플레이어: 박세웅(롯데), 최준용(롯데), 홍민기(롯데)"
2201,"“얼른 선배 편히 치게 해줘야지” 타선 무게감 필요한 롯데, 한동희-윤...",“우리 팀서 해줘야 할 선수들이잖아.” 김태형 롯데 자이언츠 감독(59)은 올 시즌 전준우(40)를 중심타순에 배치하고 있다. 전준우는 36경기 중 35경기를 3~5번타자로 뛰었다. 김 감독은 그의 여전한 신체 능력을 높이...,sports.donga.com,2026-05-14T14:29:00,,INTERVIEW,MATCH_RELATED,0.9,,,true,김태형 감독이 전준우의 역할에 대해 언급했다.,전준우,positive,,true,"롯데 vs NC (홈) 10-5 승 | 결승타: 손호영(2회) | 타자 키플레이어: 손호영(롯데), 한석현(NC), 고승민(롯데) | 투수 키플레이어: 비슬리(롯데), 현도훈(롯데), 김원중(롯데)"
2202,"“다행이다. 서로 좋게 끝났잖아” 김태형 롯데 감독, 박세웅 280일 만의...",서로 좋게 끝났잖아.” 김태형 롯데 자이언츠 감독(59)은 12일 사직 NC 다이노스전을 앞두고 박세웅(31)의 시즌 첫 승을 반겼다. 박세웅은 10일 사직 KIA 타이거즈전서 6이닝 4안타 3볼넷 4탈삼진 2실점의 퀄리티스타트(QS...,sports.donga.com,2026-05-12T16:44:00,,INTERVIEW,MATCH_RELATED,0.9,,,true,박세웅의 시즌 첫 승을 김태형 감독이 축하했다.,박세웅,negative,,true,"롯데 vs NC (홈) 1-8 패 | 결승타: 한석현(4회) | 홈런: 전민재1호, 김주원5호 | 타자 키플레이어: 한석현(NC), 박민우(NC), 김주원(NC) | 투수 키플레이어: 라일리(NC), 김영규(NC), 전사민(NC)"
2203,"“볼넷 주면 2군 간다” 염갈량 자신했다, LG 마운드 진짜 최소볼넷 1위...",염경엽 감독은 지난 16일 잠실 롯데 자이언츠전을 앞두고 “작년 마무리훈련부터 볼넷을 줄이기 위해... 지금 최소 볼넷이니까 방어율이 내려가는 거예요”라고 했다. 염경엽 감독은 아무리 KBO리그가 타고 성향이라고...,www.mydaily.co.kr,2026-04-21T13:00:00,,INTERVIEW,MATCH_RELATED,0.9,,,true,염경엽 감독이 볼넷 감소에 대한 자신감을 보였다.,,negative,,true,"롯데 vs 두산 (홈) 2-6 패 | 결승타: 정수빈(3회) | 홈런: 정수빈1호 | 타자 키플레이어: 정수빈(두산), 노진혁(롯데), 박준순(두산) | 투수 키플레이어: 벤자민(두산), 김택연(두산), 나균안(롯데)"
2204,"타이난으로 향한 단 한 명의 신인 거인은? “고졸보다는 완성도 있어, 구...","롯데 자이언츠의 1차 스프링캠프가 25일부터 대만 타이난에서 진행 중인 가운데, 김태형 감독도 27일... 1패 방어율 0.72를 기록했다. 과거 야구 예능 프로그램에도 한일장신대 소속으로 등장해 눈길을 끈 바 있다. 다음...",www.mydaily.co.kr,2026-01-27T15:00:00,,CLUB_OPERATION,,0.9,,,true,롯데의 신인이 대만에서 스프링캠프를 진행 중이다.,,neutral,,false,해당 날짜 경기 없음
2205,"한국 투수 슈퍼스타는 선동열? 박동희 기자, ""AI는 모르는 게 있다”",■박동희: 자체 흔히 방어율이라고 하잖아요. 투수를 평가하는 건데 이닝당 출루 허용률은 한마디로 투수가... ■박동희: 올 시즌 연패를 당하면서도 롯데 자이언츠를 연호해 줬잖아요. 롯데는 부산 시민들에게 애증의...,radio.ytn.co.kr,2025-09-30T18:00:00,,INTERVIEW,PERFORMANCE_ANALYSIS,0.9,,,true,박동희 기자가 롯데 자이언츠에 대한 애정을 표현했다.,,neutral,,false,해당 날짜 경기 없음
2206,"한국 투수 슈퍼스타는 선동열? 박동희 기자, ""AI는 모르는 게 있다""",■박동희: 자체 흔히 방어율이라고 하잖아요. 투수를 평가하는 건데 이닝당 출루 허용률은 한마디로 투수가... ■박동희: 올 시즌 연패를 당하면서도 롯데 자이언츠를 연호해 줬잖아요. 롯데는 부산 시민들에게 애증의...,www.ytn.co.kr,2025-09-30T17:53:00,,INTERVIEW,PERFORMANCE_ANALYSIS,0.9,,,true,박동희 기자가 롯데 자이언츠에 대한 애정을 표현했다.,,neutral,,false,해당 날짜 경기 없음
